Gnrc_Name,Brnd_Name,PMPM_2023,Predicted_2024_PMPM,PMPM_Growth,PMPM_Growth_Flag,Plausible_Prediction
Asfotase Alfa,Strensiq,37731.05918996416,37844.894286581664,0.3017013014248591,MODERATE_INCREASE,True
Metreleptin,Myalept,33566.84375,35922.2225,7.01698011151258,MODERATE_INCREASE,True
Ecallantide,Kalbitor,31881.61498484849,34727.8400141243,8.927480714601362,MODERATE_INCREASE,True
"C1 Esterase Inhibitor, Recomb",Ruconest,31313.01041666667,34364.47654371584,9.745042352826596,MODERATE_INCREASE,True
Glycerol Phenylbutyrate,Ravicti,30602.13831720429,31976.03410218254,4.489541778869274,MODERATE_INCREASE,True
Eteplirsen,Exondys-51,26351.043797619044,25080.675381526104,-4.820941537836634,STABLE,True
Elosulfase Alfa,Vimizim,23453.108900000003,24182.51067610063,3.1100430190755017,MODERATE_INCREASE,True
Ustekinumab,Stelara,10005.238011956772,22216.454195933187,122.04823282947778,HIGH_INCREASE,True
Alglucosidase Alfa,Lumizyme,19614.07169047619,21809.193645833333,11.191566901547558,HIGH_INCREASE,True
Corticotropin,Acthar,18710.35433194316,20645.50457471265,10.34267020515862,HIGH_INCREASE,True
Carglumic Acid,Carbaglu,25415.504166666666,17703.84494623656,-30.342342098978385,DECREASE,True
Pegloticase,Krystexxa,15559.502380952375,17675.897238625363,13.60194436721726,HIGH_INCREASE,True
Elexacaftor/Tezacaftor/Ivacaft,Trikafta,16336.478111888116,17437.045516274684,6.736870681972023,MODERATE_INCREASE,True
"Interferon Gamma-1b,recomb.",Actimmune,16545.12535087719,16890.073203124997,2.0848911382198576,MODERATE_INCREASE,True
Cysteamine Bitartrate,Procysbi,16760.342537878783,16847.137117737006,0.5178568377231217,MODERATE_INCREASE,True
Laronidase,Aldurazyme,14730.579541666668,16344.48414473684,10.956151443363845,HIGH_INCREASE,True
Tafamidis,Vyndamax,11034.74761848805,15774.248755261053,42.95069810959931,HIGH_INCREASE,True
Teduglutide,Gattex,15025.86658135928,15248.48798000548,1.4815877503023978,MODERATE_INCREASE,True
Icatibant Acetate,Firazyr,14751.025297001152,15105.408035947714,2.4024278435656092,MODERATE_INCREASE,True
Cladribine,Mavenclad,13709.484644992524,14465.494587585035,5.514503004083734,MODERATE_INCREASE,True
C1 Esterase Inhibitor,Cinryze,13934.615399193552,14229.501411533814,2.116212065367294,MODERATE_INCREASE,True
Lanadelumab-Flyo,Takhzyro,13543.75280078895,13674.368540683963,0.9643984338477001,MODERATE_INCREASE,True
Amifampridine Phosphate,Firdapse,12609.360817460316,13481.78184931507,6.918836287456405,MODERATE_INCREASE,True
Eculizumab,Soliris,13467.114937788016,13424.978712047014,-0.31288235034491224,STABLE,True
Selexipag,Uptravi,11823.578560246351,13345.237753510946,12.869700873648954,HIGH_INCREASE,True
Cenegermin-Bkbj,Oxervate,11136.955110134004,12661.76436384571,13.691437548529,HIGH_INCREASE,True
Lomitapide Mesylate,Juxtapid,12047.185566666669,12616.625660377358,4.726747924314139,MODERATE_INCREASE,True
Mifepristone,Korlym,11311.031447058826,11952.147401678658,5.668059165254464,MODERATE_INCREASE,True
Metyrosine,Demser,8362.9090625,11447.36209876543,36.88253708385256,HIGH_INCREASE,True
Velaglucerase Alfa,Vpriv,10424.14003030303,11210.849027777776,7.546991839977012,MODERATE_INCREASE,True
Taliglucerase Alfa,Elelyso,10252.316055555557,10911.991805555555,6.434407078608656,MODERATE_INCREASE,True
Agalsidase Beta,Fabrazyme,9402.576303278687,9983.33300595238,6.1765699521223985,MODERATE_INCREASE,True
Cabozantinib S-Malate,Cabometyx,8344.020627453901,9969.616363738587,19.482163442118917,HIGH_INCREASE,True
Idursulfase,Elaprase,12381.13061111111,9951.689615384616,-19.622125571846066,DECREASE,True
Chenodiol,Chenodal,10175.211879629627,9446.911529411764,-7.157593953162706,DECREASE,True
Eliglustat Tartrate,Cerdelga,9204.82784591195,9417.843216845878,2.314170069226583,MODERATE_INCREASE,True
Migalastat Hcl,Galafold,8844.230610000004,9374.43965375587,5.994970813587426,MODERATE_INCREASE,True
"Patisiran Sodium,lipid Complex",Onpattro,8893.974833333332,9125.78855721393,2.606413085539586,MODERATE_INCREASE,True
Imiglucerase,Cerezyme,8972.361308333333,9122.286456043958,1.67096645530065,MODERATE_INCREASE,True
Nitisinone,Orfadin,7090.8775,9115.39472222222,28.551011101548717,HIGH_INCREASE,True
Burosumab-Twza,Crysvita,8077.195147222222,8912.298330670927,10.339024478514673,HIGH_INCREASE,True
Enasidenib Mesylate,Idhifa,8054.976185897435,8513.642345238095,5.694196342177739,MODERATE_INCREASE,True
Macitentan,Opsumit,7145.031358101503,8431.54283362538,18.00567990601114,HIGH_INCREASE,True
Osimertinib Mesylate,Tagrisso,6579.163416056631,8419.682247834318,27.97496756632994,HIGH_INCREASE,True
Treprostinil Diolamine,Orenitram Er,7077.694516208252,8326.510385353811,17.64438781987146,HIGH_INCREASE,True
Riociguat,Adempas,7187.853943732636,8004.937804283802,11.36756348901068,HIGH_INCREASE,True
Ivosidenib,Tibsovo,7327.041881756755,7901.629131433823,7.842008534272267,MODERATE_INCREASE,True
Edaravone,Radicava,7029.923181176946,7866.798411109438,11.904471903381214,HIGH_INCREASE,True
Ivacaftor,Kalydeco,7527.982271428572,7861.874835329341,4.435352686310287,MODERATE_INCREASE,True
Apomorphine Hcl,Apokyn,6907.391560606061,7842.174087481147,13.533075672245037,HIGH_INCREASE,True
Lenvatinib Mesylate,Lenvima,6764.115422718213,7679.282750225683,13.529741441634105,HIGH_INCREASE,True
Duvelisib,Copiktra,5947.855807017543,7592.781398148149,27.655774526172095,HIGH_INCREASE,True
Pomalidomide,Pomalyst,7398.116616411131,7550.482289765217,2.059519756908064,MODERATE_INCREASE,True
Selinexor,Xpovio,6689.568037518038,7472.355484972678,11.701614260658141,HIGH_INCREASE,True
Pegvaliase-Pqpz,Palynziq,7079.157243902439,7246.776273247498,2.367782259525809,MODERATE_INCREASE,True
Ruxolitinib Phosphate,Jakafi,5522.65691692942,7148.720880698576,29.443508590666596,HIGH_INCREASE,True
Ledipasvir/Sofosbuvir,Harvoni,7136.957034120735,6984.131766304347,-2.1413225144239076,STABLE,True
Canakinumab/Pf,Ilaris,6718.816697916667,6939.643947784811,3.2866985333387118,MODERATE_INCREASE,True
Deferiprone,Ferriprox,6439.593291666667,6856.707335784314,6.477335217076901,MODERATE_INCREASE,True
Apalutamide,Erleada,5807.532201109286,6819.025734077583,17.416925088682145,HIGH_INCREASE,True
Ocrelizumab,Ocrevus,6459.034480214621,6799.624107344633,5.273073369917891,MODERATE_INCREASE,True
Palbociclib,Ibrance,6490.656833126362,6571.619784098188,1.247376853427461,MODERATE_INCREASE,True
Tafamidis Meglumine,Vyndaqel,6469.107464196205,6560.349304584305,1.4104239401352576,MODERATE_INCREASE,True
Dichlorphenamide,Keveyis,5377.567037037039,6473.421648148148,20.37826034642813,HIGH_INCREASE,True
Nintedanib Esylate,Ofev,5681.59283241174,6400.674070339198,12.65633175656869,HIGH_INCREASE,True
Enzalutamide,Xtandi,5845.945141133241,6390.005045193572,9.30662007469445,MODERATE_INCREASE,True
Miglustat,Miglustat,6542.50453125,6367.238625541126,-2.67888092200355,STABLE,True
Ipilimumab,Yervoy,5997.797448717949,6336.110610561056,5.640623324407574,MODERATE_INCREASE,True
Abemaciclib,Verzenio,5095.734212098218,6306.28149536836,23.75609152447704,HIGH_INCREASE,True
Immun Glob G(Igg)-Ifas/Glycine,Panzyga,5932.051426746945,6295.970796418474,6.134797955908764,MODERATE_INCREASE,True
Tezacaftor/Ivacaftor,Symdeko,5993.935103174602,6212.261814236111,3.642460375419734,MODERATE_INCREASE,True
Gilteritinib Fumarate,Xospata,6111.3501164658655,6204.209304461942,1.5194545595724496,MODERATE_INCREASE,True
Dacomitinib,Vizimpro,5534.870583333333,5979.877589285715,8.040061628403592,MODERATE_INCREASE,True
Darolutamide,Nubeqa,5189.078528141544,5841.089512274785,12.565062960547596,HIGH_INCREASE,True
Axitinib,Inlyta,5515.2684915421605,5831.418183704413,5.732262946891497,MODERATE_INCREASE,True
Tasimelteon,Hetlioz,5571.847535971221,5784.07237020649,3.8088772685391867,MODERATE_INCREASE,True
Immun Globg(Igg)/Malt/Iga Ov50,Octagam,5612.016765206486,5773.352617477477,2.874828408768221,MODERATE_INCREASE,True
Sofosbuvir/Velpatas/Voxilaprev,Vosevi,5948.563041666665,5763.458333333333,-3.1117550076676976,STABLE,True
Immun Glob G(Igg)/Gly/Iga 0-50,Gammaplex,5646.007028140547,5692.11220103044,0.8165978657146147,MODERATE_INCREASE,True
Pembrolizumab,Keytruda,5307.298559224318,5664.343031659207,6.72742391351491,MODERATE_INCREASE,True
Fedratinib Dihydrochloride,Inrebic,5301.401464401294,5502.358547297296,3.790640724823828,MODERATE_INCREASE,True
Neratinib Maleate,Nerlynx,5008.556252252254,5453.286982905983,8.879419702109596,MODERATE_INCREASE,True
Lumacaftor/Ivacaftor,Orkambi,5137.972666666667,5351.850555555556,4.162690282033857,MODERATE_INCREASE,True
Deflazacort,Emflaza,4453.124211111111,5246.674711413749,17.82008456720403,HIGH_INCREASE,True
Nivolumab,Opdivo,4998.100685967659,5154.893921443737,3.1370563605547255,MODERATE_INCREASE,True
Ribociclib Succinate,Kisqali,4482.869213877339,5129.63498395651,14.427495856381869,HIGH_INCREASE,True
Alpelisib,Piqray,4795.538376262627,5124.332661009574,6.8562538540915705,MODERATE_INCREASE,True
Treprostinil/Neb Accessories,Tyvaso Refill Kit,4953.778916666666,5043.729322916667,1.8157937155283344,MODERATE_INCREASE,True
Ponatinib Hcl,Iclusig,5462.871939473684,5035.064628301457,-7.83117956840562,DECREASE,True
Tildrakizumab-Asmn,Ilumya,4627.738374485597,4969.817083333333,7.391919792478776,MODERATE_INCREASE,True
Etanercept,Enbrel,3612.107614435125,4926.895330364351,36.39946137470872,HIGH_INCREASE,True
Midostaurin,Rydapt,4767.855938271604,4897.033458702065,2.709341936981625,MODERATE_INCREASE,True
Lorlatinib,Lorbrena,4579.135142642643,4864.305779342723,6.2276090968458995,MODERATE_INCREASE,True
Sofosbuvir/Velpatasvir,Epclusa,5508.983582943317,4849.984768589012,-11.96225772744485,DECREASE,True
Daratumumab,Darzalex,4613.472569105691,4849.2255237003055,5.110097677253873,MODERATE_INCREASE,True
Immune Globul G/Gly/Iga Avg 46,Gamunex-C,4582.023782689349,4819.631945519563,5.1856597455448625,MODERATE_INCREASE,True
Crizotinib,Xalkori,4508.946540650407,4752.446060996564,5.40036387991933,MODERATE_INCREASE,True
Brigatinib,Alunbrig,4375.834245098041,4747.62992639327,8.496566836637541,MODERATE_INCREASE,True
Niraparib Tosylate,Zejula,4482.68770196759,4730.0688719093405,5.518590327699315,MODERATE_INCREASE,True
Immun Glob G(Igg)/Gly/Iga Ov50,Gammagard Liquid,4369.07605818009,4674.390007318315,6.9880667004318955,MODERATE_INCREASE,True
Amikacin Liposomal/Neb.Accessr,Arikayce,4383.627647983237,4618.002526421023,5.346596409610975,MODERATE_INCREASE,True
Alectinib Hcl,Alecensa,4434.003091133007,4571.501505560021,3.100999516711642,MODERATE_INCREASE,True
Durvalumab,Imfinzi,4038.5021338797815,4532.354664280846,12.228606399834222,HIGH_INCREASE,True
Immun Glob G(Igg)/Pro/Iga 0-50,Hizentra,4194.901148847517,4513.34233222825,7.5911486845934215,MODERATE_INCREASE,True
Ribociclib Succinate/Letrozole,Kisqali Femara Co-Pack,4071.0917606060607,4466.424488062443,9.710729963933048,MODERATE_INCREASE,True
Regorafenib,Stivarga,4203.946365000001,4461.16683598351,6.118547875039542,MODERATE_INCREASE,True
Adalimumab,Humira,3760.232692814624,4389.066904440736,16.723279195666333,HIGH_INCREASE,True
Encorafenib,Braftovi,4108.814660919539,4370.694914992272,6.373620513078217,MODERATE_INCREASE,True
"Abiraterone Acet,submicronized",Yonsa,4151.827529761905,4305.599624183006,3.7037206704470167,MODERATE_INCREASE,True
Olaparib,Lynparza,4296.30069343406,4286.8872191448845,-0.2191065048952931,STABLE,True
Eltrombopag Olamine,Promacta,3929.848321686803,4280.119248640952,8.91309023356409,MODERATE_INCREASE,True
Nilotinib Hcl,Tasigna,4104.891690894408,4273.671408311995,4.111672855875315,MODERATE_INCREASE,True
Guselkumab,Tremfya,3928.117389141128,4193.85058274484,6.764899499650989,MODERATE_INCREASE,True
Sodium Oxybate,Xyrem,4304.140876445847,4080.564124733759,-5.1944571083999325,DECREASE,True
Bosutinib,Bosulif,3970.476489451476,4077.49949524346,2.6954700796319084,MODERATE_INCREASE,True
Cabazitaxel,Jevtana,3864.114925925926,4069.663376068376,5.319418652984187,MODERATE_INCREASE,True
Pegvisomant,Somavert,3812.552080952381,4035.856803030303,5.8570930268352,MODERATE_INCREASE,True
Vigabatrin,Sabril,4198.792278455286,4020.5468118686863,-4.245160388171786,STABLE,True
Erdafitinib,Balversa,3759.4003333333335,3999.839242424243,6.395671856466543,MODERATE_INCREASE,True
Ixazomib Citrate,Ninlaro,4149.937200520833,3971.5248999140895,-4.299156637463151,STABLE,True
Binimetinib,Mektovi,3712.024167989419,3940.433767038414,6.153235774127807,MODERATE_INCREASE,True
Atezolizumab,Tecentriq,3758.176556179775,3912.2958608490567,4.100906446661074,MODERATE_INCREASE,True
Pyrimethamine,Daraprim,4368.906642857143,3909.0040643274847,-10.526720209999613,DECREASE,True
Aztreonam Lysine,Cayston,3576.663491620111,3897.813581382386,8.979041235349893,MODERATE_INCREASE,True
Pitolisant Hcl,Wakix,3667.3310069682434,3863.196713960413,5.340824338463259,MODERATE_INCREASE,True
Dasatinib,Sprycel,3848.465920808289,3758.274923184673,-2.343557133661025,STABLE,True
Azacitidine,Azacitidine,3863.273375375375,3729.781394314236,-3.455411204188167,STABLE,True
Pasireotide Pamoate,Signifor Lar,3406.106177777778,3695.7451917404137,8.50352275722663,MODERATE_INCREASE,True
Ibrutinib,Imbruvica,6761.553439854816,3688.259085381765,-45.45248931048958,DECREASE,True
Avatrombopag Maleate,Doptelet,3514.852791033984,3669.678861473205,4.404909099868019,MODERATE_INCREASE,True
Sonidegib Phosphate,Odomzo,3476.2232978142074,3664.4121502732246,5.413600805717725,MODERATE_INCREASE,True
Treprostinil Sodium,Remodulin,3963.0728809523807,3658.560812086874,-7.683736282748556,DECREASE,True
Trametinib Dimethyl Sulfoxide,Mekinist,3552.3277848041976,3633.416713274642,2.2826983708349995,MODERATE_INCREASE,True
Sacrosidase,Sucraid,3507.316556787244,3614.7533660295103,3.06321962967267,MODERATE_INCREASE,True
Siponimod,Mayzent,3422.269670407637,3601.9285779816514,5.249700487589415,MODERATE_INCREASE,True
Bictegrav/Emtricit/Tenofov Ala,Biktarvy,2301.2490123378234,3555.020382956455,54.4822122202644,HIGH_INCREASE,True
Acalabrutinib,Calquence,3480.590995024876,3534.5516287878786,1.5503296377004179,MODERATE_INCREASE,True
Talazoparib Tosylate,Talzenna,3267.68635,3494.6543030303037,6.945830435356924,MODERATE_INCREASE,True
Lenalidomide,Revlimid,6320.355179264102,3468.949268147538,-45.11464672858087,DECREASE,True
Ibalizumab-Uiyk,Trogarzo,3118.2141638418084,3439.197060961969,10.293805372389567,HIGH_INCREASE,True
Ethacrynate Sodium,Ethacrynate Sodium,3344.480833333333,3411.0086666666666,1.989182675836341,MODERATE_INCREASE,True
Dabrafenib Mesylate,Tafinlar,3283.6558940524005,3403.6605014275515,3.6546036261750854,MODERATE_INCREASE,True
Vandetanib,Caprelsa,3195.908261904762,3401.4240694444447,6.430591578282509,MODERATE_INCREASE,True
Valbenazine Tosylate,Ingrezza,2743.4376113171743,3398.0609886142065,23.861427524234298,HIGH_INCREASE,True
Carfilzomib,Kyprolis,3401.007513157894,3372.350965207632,-0.8425899631034419,STABLE,True
Ado-Trastuzumab Emtansine,Kadcyla,2887.7467407407407,3336.469345238095,15.538848963682025,HIGH_INCREASE,True
Sapropterin Dihydrochloride,Kuvan,3700.972489451477,3316.009402035623,-10.401673844187624,DECREASE,True
Methyltestosterone,Methitest,2094.657833333333,3269.533706140351,56.08915471112432,HIGH_INCREASE,True
Upadacitinib,Rinvoq,2948.5870333392163,3251.471152390923,10.272178356176811,HIGH_INCREASE,True
Idelalisib,Zydelig,2971.084888888889,3231.579708333333,8.767666666766383,MODERATE_INCREASE,True
Elotuzumab,Empliciti,3141.1650952380955,3226.865795454545,2.7283093253000006,MODERATE_INCREASE,True
Trifluridine/Tipiracil Hcl,Lonsurf,3174.077818229167,3203.9392479300823,0.9407907244559983,MODERATE_INCREASE,True
Pazopanib Hcl,Votrient,3198.932433398311,3196.1087867795245,-0.0882684044622579,STABLE,True
Sodium Phenylbutyrate,Sodium Phenylbutyrate,3278.1772971014493,3195.5100368731564,-2.5217446384424336,STABLE,True
Vorinostat,Zolinza,2569.9131666666667,3187.734094202898,24.040537071436646,HIGH_INCREASE,True
Deutetrabenazine,Austedo,2634.537804831422,3151.275570532187,19.61398180558012,HIGH_INCREASE,True
Vismodegib,Erivedge,3184.027164376323,3136.405825471698,-1.4956323060752876,STABLE,True
Alpha-1-Proteinase Inhibitor,Prolastin C,3253.050924490842,3134.2017540585744,-3.6534678734200785,STABLE,True
Romiplostim,Nplate,2949.723205673758,3132.758440972222,6.205166469396112,MODERATE_INCREASE,True
Venetoclax,Venclexta,2986.540209219643,3089.1643254679407,3.436220812681181,MODERATE_INCREASE,True
Panitumumab,Vectibix,3219.927222222222,3042.469556451613,-5.511232196364286,DECREASE,True
Immun Glob G/Gly/Gluc/Iga 0-50,Gammagard S-D,2925.944106837607,3038.8725242718447,3.859554841472764,MODERATE_INCREASE,True
Rucaparib Camsylate,Rubraca,3121.076450000001,3033.808516214178,-2.7960844658522555,STABLE,True
Bendamustine Hcl,Treanda,2760.0701875,2999.268859649123,8.666398167424248,MODERATE_INCREASE,True
Fostamatinib Disodium,Tavalisse,2831.14809,2989.843393847706,5.605333907054854,MODERATE_INCREASE,True
Tolvaptan,Samsca,3176.26985207824,2967.654991817229,-6.567919917903507,DECREASE,True
Cetuximab,Erbitux,2921.6434705882352,2919.0499757281555,-0.08876835542009531,STABLE,True
Natalizumab,Tysabri,2788.92275843308,2863.426097222222,2.6714020158450156,MODERATE_INCREASE,True
Bexarotene,Bexarotene,3355.76783773862,2844.2484870030585,-15.24298984521717,DECREASE,True
Lanreotide Acetate,Somatuline Depot,2820.241983557549,2815.4115199081166,-0.17127833985858523,STABLE,True
Obeticholic Acid,Ocaliva,2680.259230831974,2783.597713317959,3.8555405871658124,MODERATE_INCREASE,True
Cemiplimab-Rwlc,Libtayo,2721.083383333333,2754.588701550387,1.2313227305813021,MODERATE_INCREASE,True
Rituximab,Rituxan,2630.044354288499,2745.8857808641974,4.404542698559799,MODERATE_INCREASE,True
Afatinib Dimaleate,Gilotrif,2640.0593575063617,2738.810168526267,3.7404769229574844,MODERATE_INCREASE,True
Obinutuzumab,Gazyva,2647.9541964285704,2713.524686761229,2.4762698093908457,MODERATE_INCREASE,True
Thioguanine,Tabloid,1348.7815,2700.681071428572,100.23117691253714,HIGH_INCREASE,True
Secukinumab,Cosentyx Pen (2 Pens),2501.1512745079312,2695.3760648672,7.765415564377648,MODERATE_INCREASE,True
Darunavir/Cob/Emtri/Tenof Alaf,Symtuza,2327.1375066179403,2671.779268366404,14.809686181773415,HIGH_INCREASE,True
Ceritinib,Zykadia,2545.6950520833334,2629.239862637363,3.28180747673051,MODERATE_INCREASE,True
Tofacitinib Citrate,Xeljanz Xr,2375.887328206852,2622.0603692475447,10.36130956708651,HIGH_INCREASE,True
Ramucirumab,Cyramza,2658.2055833333334,2558.391071428572,-3.754958327173326,STABLE,True
Pegfilgrastim,Neulasta,2548.2378587898907,2530.9360150774246,-0.6789728695374758,STABLE,True
Ixekizumab,Taltz Autoinjector,2224.250228365385,2513.076082524888,12.985313004632717,HIGH_INCREASE,True
Glecaprevir/Pibrentasvir,Mavyret,2642.9451804038404,2488.218994252873,-5.854309324998004,DECREASE,True
Interferon Beta-1a/Albumin,Rebif Rebidose,2822.0452754837656,2483.8485999066293,-11.984098147368009,DECREASE,True
Vedolizumab,Entyvio,2393.8421335998064,2479.7051566519663,3.586828966162483,MODERATE_INCREASE,True
Tesamorelin Acetate,Egrifta,2299.725412855691,2438.608762291052,6.039127482741599,MODERATE_INCREASE,True
Pertuzumab,Perjeta,2227.827836805556,2415.077742474916,8.405043808854368,MODERATE_INCREASE,True
Mechlorethamine Hcl,Valchlor,2272.005056894244,2400.171992234169,5.6411377673219265,MODERATE_INCREASE,True
Abatacept,Orencia Clickject,2265.7697542752703,2399.225616628513,5.890089321804446,MODERATE_INCREASE,True
Interferon Beta-1b,Betaseron,2444.078797894896,2395.3457191358025,-1.9939242057607867,STABLE,True
Letermovir,Prevymis,2351.552905569008,2385.752056542952,1.4543219883742515,MODERATE_INCREASE,True
Cannabidiol (Cbd),Epidiolex,2181.6035319609964,2376.767231477475,8.9458830010717,MODERATE_INCREASE,True
Telotristat Etiprate,Xermelo,2138.547845771144,2323.025545361876,8.626306863113978,MODERATE_INCREASE,True
Phenoxybenzamine Hcl,Phenoxybenzamine Hcl,1996.134409090909,2312.9638666666665,15.872150499126448,HIGH_INCREASE,True
"Igg/Hyaluronidase,recombinant",Hyqvia,2261.9064182692314,2311.6612194055942,2.199684334174811,MODERATE_INCREASE,True
Infliximab,Remicade,2329.431068789308,2259.918661278736,-2.9840937747387404,STABLE,True
Omadacycline Tosylate,Nuzyra,2094.6668440396293,2251.8979504146814,7.506258421116129,MODERATE_INCREASE,True
Pimavanserin Tartrate,Nuplazid,1796.2161948540568,2216.329780977156,23.388809616942225,HIGH_INCREASE,True
Ambrisentan,Letairis,2376.642532108133,2215.619292198787,-6.7752401858479985,DECREASE,True
Interferon Beta-1a,Avonex Pen,2501.5583494503967,2203.864182188446,-11.900348729717027,DECREASE,True
Cysteamine Hcl,Cystaran,2097.6914500000003,2175.566294871795,3.7124070306810237,MODERATE_INCREASE,True
Golimumab,Simponi,2118.192442459584,2149.4442536667207,1.4753999958024537,MODERATE_INCREASE,True
Peginterferon Beta-1a,Plegridy Pen,2170.359783643893,2128.5101612903227,-1.928234326352451,STABLE,True
Bevacizumab,Avastin,2134.3876826826827,2123.3485830212235,-0.517202181732248,STABLE,True
Certolizumab Pegol,Cimzia,2075.920700452658,2110.074318486831,1.6452274899867767,MODERATE_INCREASE,True
Penicillamine,Cuprimine,2120.0971559139784,2091.872152777777,-1.331307060974455,STABLE,True
Paclitaxel Protein-Bound,Abraxane,2085.034977011494,2042.2480916030536,-2.0520943715662447,STABLE,True
Oritavancin Diphosphate,Orbactiv,1516.341617647059,2033.8960897435895,34.13178574493203,HIGH_INCREASE,True
Immun Glob G/Sorb/Gly/Iga 0-50,Gammaplex,2410.9325128205123,2003.373677156177,-16.904614023705644,DECREASE,True
Isavuconazonium Sulfate,Cresemba,1912.910193377852,1999.7569513365825,4.540033204871728,MODERATE_INCREASE,True
Apremilast,Otezla,1667.308284779281,1964.1761309135595,17.805216278498733,HIGH_INCREASE,True
Elviteg/Cob/Emtri/Tenof Alafen,Genvoya,1996.297448965105,1938.389225817676,-2.9007813027787535,STABLE,True
Dolutegravir Sodium/Lamivudine,Dovato,1596.6096159021863,1931.4917607890163,20.97457897982158,HIGH_INCREASE,True
Somatropin,Genotropin,2008.552865775437,1926.2463395926573,-4.097802332477018,STABLE,True
Dolutegravir/Rilpivirine,Juluca,1749.6780996323453,1911.9437675449271,9.274029774201226,MODERATE_INCREASE,True
Belimumab,Benlysta,1771.603073618434,1905.328188118604,7.548254825898515,MODERATE_INCREASE,True
Albendazole,Albendazole,1044.9160266159697,1902.61328539823,82.08288866618018,HIGH_INCREASE,True
Abatacept/Maltose,Orencia,1816.938550884956,1901.0200739136412,4.627648138553318,MODERATE_INCREASE,True
Tedizolid Phosphate,Sivextro,1782.5886666666663,1895.60302259887,6.339900956709981,MODERATE_INCREASE,True
Abacavir/Dolutegravir/Lamivudi,Triumeq,1901.0068074256255,1844.565871991724,-2.969002278867945,STABLE,True
Plerixafor,Mozobil,2082.407169312169,1842.773458333333,-11.507533901642702,DECREASE,True
Sargramostim,Leukine,1544.7402777777772,1832.5669494047615,18.63269028247546,HIGH_INCREASE,True
Emtricitab/Rilpiviri/Tenof Ala,Odefsey,1762.612546843376,1830.6189880384948,3.858275110823981,MODERATE_INCREASE,True
Tiopronin,Thiola,1892.2665258799173,1783.811442743764,-5.731490868376529,DECREASE,True
Gefitinib,Iressa,1822.3582592592595,1775.9479427083334,-2.5467174917510853,STABLE,True
Thalidomide,Thalomid,1823.9905992509373,1770.7182323943662,-2.9206492006290286,STABLE,True
Teriflunomide,Aubagio,2704.584020375389,1770.6738904191232,-34.53063846123892,DECREASE,True
Vemurafenib,Zelboraf,1636.6572555555558,1762.4979824561406,7.688886996554981,MODERATE_INCREASE,True
Benralizumab,Fasenra,1727.1980595002697,1751.910193600742,1.4307643506513898,MODERATE_INCREASE,True
Dupilumab,Dupixent,1478.4781086306243,1736.5406217801226,17.454604951068053,HIGH_INCREASE,True
Trastuzumab,Herceptin,1774.0701379310349,1685.1008775811208,-5.014979872986998,DECREASE,True
Bosentan,Bosentan,1737.4338272270118,1660.4098512761466,-4.433203425870751,STABLE,True
Infliximab-Dyyb,Inflectra,1588.9234997316162,1624.8315683557666,2.259899147455222,MODERATE_INCREASE,True
Brodalumab,Siliq,1433.9788833333334,1603.5877541666666,11.827849963806406,HIGH_INCREASE,True
Sarilumab,Kevzara,1500.3859119458132,1571.670551207092,4.751086949945541,MODERATE_INCREASE,True
Mepolizumab,Nucala,1468.0811677206736,1570.6893374252438,6.98927089051067,MODERATE_INCREASE,True
Anakinra,Kineret,1509.1953304924243,1551.4106470893971,2.7972069449220114,MODERATE_INCREASE,True
Sunitinib Malate,Sutent,1920.1375717322,1550.6831690140843,-19.241038150449942,DECREASE,True
Dornase Alfa,Pulmozyme,1411.4401666666663,1520.8305208333334,7.750265066142284,MODERATE_INCREASE,True
Sorafenib Tosylate,Nexavar,1927.049569310897,1493.7198559397164,-22.486692624421543,DECREASE,True
Pegfilgrastim-Cbqv,Udenyca,1342.687712314225,1475.4242314814812,9.885881724386572,MODERATE_INCREASE,True
Fingolimod Hcl,Gilenya,2111.4915538573514,1470.9100414241518,-30.33786762078027,DECREASE,True
Paliperidone Palmitate,Invega Sustenna,1572.257153527432,1462.5010042274469,-6.980801394590067,DECREASE,True
Dalbavancin Hcl,Dalvance,1331.5058132798574,1416.7904570413436,6.405127406196385,MODERATE_INCREASE,True
Tocilizumab,Actemra,1393.7372391739316,1407.2532441772669,0.9697670854619795,MODERATE_INCREASE,True
"Octreotide Acetate,mi-Spheres",Sandostatin Lar Depot,1474.1536748804322,1397.4504290759833,-5.203205548476502,DECREASE,True
Everolimus,Zortress,1850.5601130638552,1382.6607795966784,-25.2842007219374,DECREASE,True
"Rituximab/Hyaluronidase,human",Rituxan Hycela,1385.158666666667,1382.3918333333331,-0.19974847646819327,STABLE,True
Omalizumab,Xolair,1328.4262706445115,1373.5741846858173,3.3986014157489794,MODERATE_INCREASE,True
Esketamine Hcl,Spravato,1177.7273846395972,1366.8929190777992,16.06191185713913,HIGH_INCREASE,True
Prenatal 147/Iron/Folic Acid,Azesco,1196.3981159420289,1358.7647023809525,13.571284029570558,HIGH_INCREASE,True
Cobimetinib Fumarate,Cotellic,1304.02475862069,1354.902061403509,3.901559571356116,MODERATE_INCREASE,True
Methylergonovine Maleate,Methylergonovine Maleate,777.1633333333333,1316.2233783783784,69.36251646522761,HIGH_INCREASE,True
Fidaxomicin,Dificid,1190.6328599605522,1311.9092251461989,10.185874190442282,HIGH_INCREASE,True
Emtricitabine/Tenofov Alafenam,Descovy,1138.398465283526,1279.973460850946,12.436330501566477,HIGH_INCREASE,True
Teriparatide,Forteo,1403.6640031701584,1273.9640493869856,-9.240099731149831,DECREASE,True
Nilutamide,Nilutamide,1318.335923076923,1267.415761904762,-3.862457229665439,STABLE,True
Fentanyl Citrate,Fentanyl Citrate,1263.1075,1267.28400390625,0.33065308425846496,MODERATE_INCREASE,True
Bedaquiline Fumarate,Sirturo,1236.614794117647,1262.3878903903903,2.084165286986798,MODERATE_INCREASE,True
Darunavir/Cobicistat,Prezcobix,1204.913962008353,1251.261791320713,3.846567537080175,MODERATE_INCREASE,True
Pegfilgrastim-Jmdb,Fulphila,1235.537813620072,1236.2489782608698,0.057559115792178935,MODERATE_INCREASE,True
Ceftazidime/Avibactam,Avycaz,1070.19868872549,1218.310692675159,13.839673465312979,HIGH_INCREASE,True
Glatiramer Acetate,Copaxone,1735.4729196173437,1202.0161568580404,-30.738408921812837,DECREASE,True
Peginterferon Alfa-2a,Pegasys,1225.56342910102,1197.304690821256,-2.3057752547734256,STABLE,True
Glutamine,Endari,1106.0542907227618,1184.2644212962964,7.071093275396763,MODERATE_INCREASE,True
Erythromycin Lactobionate,Erythrocin Lactobionate,442.91,1172.824375,164.79970535774757,HIGH_INCREASE,True
Abaloparatide,Tymlos,1061.6903053358549,1147.3781407893728,8.070888000282853,MODERATE_INCREASE,True
Infliximab-Abda,Renflexis,1135.851509259259,1136.4003014184398,0.048315484436747665,MODERATE_INCREASE,True
Leuprolide Acetate,Lupron Depot,1070.7307266994032,1133.6726226261214,5.878405686623065,MODERATE_INCREASE,True
Dolutegravir Sodium,Tivicay,1302.352322417834,1123.5035194498362,-13.73275110654871,DECREASE,True
Bupropion Hbr,Aplenzin,1104.5913774509806,1123.085666884247,1.6743105016757354,MODERATE_INCREASE,True
Levorphanol Tartrate,Levorphanol Tartrate,1223.4171267361112,1122.9211997354498,-8.21436326208454,DECREASE,True
Elviteg/Cob/Emtri/Tenofo Disop,Stribild,1088.9008346938774,1078.3752485380116,-0.9666248588031273,STABLE,True
Delafloxacin Meglumine,Baxdela,737.5949444444444,1056.3978787878789,43.221952203530414,HIGH_INCREASE,True
Lapatinib Ditosylate,Tykerb,1100.1183989071037,1052.3009943502825,-4.346568933337056,STABLE,True
Aripiprazole Lauroxil,Aristada,1095.5754889355078,1040.0280737523688,-5.070158628421898,DECREASE,True
Omeprazole/Sodium Bicarbonate,Omeprazole-Sodium Bicarbonate,904.4460068431678,1037.6887635256724,14.731974675588244,HIGH_INCREASE,True
Telavancin Hcl,Vibativ,1142.1598333333334,1035.419074074074,-9.345518564397608,DECREASE,True
Crofelemer,Mytesi,926.1116077235772,1004.4973440409684,8.463962190266331,MODERATE_INCREASE,True
Minocycline Hcl Microspheres,Arestin,1062.632547961631,991.7836520947176,-6.667299623262769,DECREASE,True
Trientine Hcl,Trientine Hcl,1165.4086510416666,982.74658436214,-15.673649454743579,DECREASE,True
Levodopa,Inbrija,912.0829947016814,944.6355157626334,3.5690305871341343,MODERATE_INCREASE,True
Romosozumab-Aqqg,Evenity (2 Syringes),880.6202944302722,930.9669837265492,5.717184763366072,MODERATE_INCREASE,True
Reslizumab,Cinqair,885.3023888888888,929.504797979798,4.992916504651712,MODERATE_INCREASE,True
Darbepoetin Alfa In Polysorbat,Aranesp,931.9304187979542,927.086967851289,-0.519722379371675,STABLE,True
Emtricita/Rilpivirine/Tenof Df,Complera,926.1083759541988,918.0570771685524,-0.8693689631465527,STABLE,True
Betaine,Cystadane,889.8560595238097,896.4039035087718,0.7358318140201335,MODERATE_INCREASE,True
Baricitinib,Olumiant,839.9015247933886,874.1057233072917,4.072405812373912,MODERATE_INCREASE,True
Sucroferric Oxyhydroxide,Velphoro,1046.817166693457,873.2518575405944,-16.580288772020904,DECREASE,True
Dihydroergotamine Mesylate,Dihydroergotamine Mesylate,914.0112170097652,860.0590462646948,-5.902790878385254,DECREASE,True
Doravirine/Lamivu/Tenofov Diso,Delstrigo,826.1513082259659,846.9261851190477,2.514657628236731,MODERATE_INCREASE,True
Aflibercept,Eylea,860.4937739616613,843.876915860004,-1.9310840594644003,STABLE,True
Enfuvirtide,Fuzeon,814.2221666666666,832.1258571428571,2.1988704323153194,MODERATE_INCREASE,True
Doravirine,Pifeltro,779.5148923850102,831.5263092237315,6.672280074032548,MODERATE_INCREASE,True
Tobramycin In 0.225% Sod Chlor,Tobramycin,648.0440625,830.2908333333334,28.122589400830034,HIGH_INCREASE,True
Ceftaroline Fosamil Acetate,Teflaro,700.3056504629631,820.000278503046,17.091769566753374,HIGH_INCREASE,True
"Dalteparin Sodium,porcine",Fragmin,762.6817738095237,807.7274425287357,5.90622068942503,MODERATE_INCREASE,True
Praziquantel,Praziquantel,778.6661666666668,806.3434166666667,3.554443635130753,MODERATE_INCREASE,True
Ranibizumab,Lucentis,774.2750852585259,802.3827446651949,3.6301903473084103,MODERATE_INCREASE,True
Brivaracetam,Briviact,717.9556946515276,797.7566830138393,11.115029653890348,HIGH_INCREASE,True
Rifaximin,Xifaxan,906.87458427609,783.8684952165512,-13.563737609619753,DECREASE,True
Meropenem/Vaborbactam,Vabomere,672.8745476190476,769.7644819819819,14.399405462099487,HIGH_INCREASE,True
Tenofovir Alafenamide,Vemlidy,717.859861285795,761.377148089739,6.062086648221003,MODERATE_INCREASE,True
Raltegravir Potassium,Isentress,802.8498065405523,735.8911400648973,-8.340123635848808,DECREASE,True
Abiraterone Acetate,Abiraterone Acetate,1273.4589422876818,730.920850806604,-42.603500864067534,DECREASE,True
Lipase/Protease/Amylase,Creon,612.5796547783913,729.8251986379114,19.13964052592234,HIGH_INCREASE,True
Filgrastim,Neupogen,707.7820925925926,726.6924257759784,2.6717733298560424,MODERATE_INCREASE,True
Dimethyl Fumarate,Tecfidera,1290.7094482978046,717.2068220947559,-44.43313148124757,DECREASE,True
Belatacept,Nulojix,706.5437874149658,716.9721338083928,1.4759660447346379,MODERATE_INCREASE,True
Iloperidone,Fanapt,710.9507304391608,713.4004714292128,0.3445725400041064,MODERATE_INCREASE,True
Deferasirox,Jadenu,913.396117467582,710.1206457456756,-22.254908668266925,DECREASE,True
Pirfenidone,Esbriet,1436.222276033137,703.9906926498487,-50.98316573989652,DECREASE,True
Eslicarbazepine Acetate,Aptiom,682.9979933463161,700.373830081117,2.544053848484804,MODERATE_INCREASE,True
Zileuton,Zileuton Er,793.8011626103552,698.7254461498438,-11.977271001702999,DECREASE,True
Doxorubicin Hcl Peg-Liposomal,Doxorubicin Hcl Liposome,605.1382380952382,691.2234795321638,14.225715054446328,HIGH_INCREASE,True
Safinamide Mesylate,Xadago,603.3984307116104,662.8364901697945,9.85054922799294,MODERATE_INCREASE,True
Ferric Citrate,Auryxia,639.4335924747421,648.4793329101681,1.414648923966763,MODERATE_INCREASE,True
Methylnaltrexone Bromide,Relistor,643.071890102615,646.2559943559097,0.4951397040207394,MODERATE_INCREASE,True
Pemetrexed Disodium,Alimta,909.9773576388887,612.9903236607144,-32.636749858124425,DECREASE,True
Cariprazine Hcl,Vraylar,601.9504773775061,612.5773646919367,1.7654089021954718,MODERATE_INCREASE,True
Posaconazole,Noxafil,748.7279670153715,598.5660627676733,-20.055602416760713,DECREASE,True
Tetrabenazine,Tetrabenazine,727.7544765426392,586.8309537957361,-19.36415745821198,DECREASE,True
Amphotericin B Liposome,Ambisome,461.12118888888887,580.942130952381,25.984696637387454,HIGH_INCREASE,True
Calcifediol,Rayaldee,578.6602052689731,560.512770256917,-3.136112496904954,STABLE,True
Risperidone Microspheres,Risperdal Consta,571.2048464771758,543.8746211507636,-4.784662716881254,STABLE,True
Mitotane,Lysodren,487.972265625,534.9499045138889,9.62711248122257,MODERATE_INCREASE,True
Lofexidine Hcl,Lucemyra,454.1461634615384,526.5977803379417,15.953369797109215,HIGH_INCREASE,True
Granisetron,Sancuso,505.3685670731707,524.5977669270833,3.8049853328389616,MODERATE_INCREASE,True
Tbo-Filgrastim,Granix,538.0437751004017,523.3264437984496,-2.735340874300747,STABLE,True
Filgrastim-Sndz,Zarxio,524.6274006813416,520.9918188202247,-0.6929836025330123,STABLE,True
Nitrofurantoin,Nitrofurantoin,513.1847007722007,510.7382142857143,-0.4767263098071893,STABLE,True
Triptorelin Pamoate,Trelstar,540.2943374009848,508.8844059601343,-5.8134852184355355,DECREASE,True
Mitomycin,Mitomycin,475.8671256038647,508.1714939024391,6.788526998493735,MODERATE_INCREASE,True
Perampanel,Fycompa,497.0411164581328,502.958697662044,1.190561707667026,MODERATE_INCREASE,True
Tipranavir,Aptivus,472.5682638888889,499.88422743055554,5.7803211999206985,MODERATE_INCREASE,True
Imatinib Mesylate,Imatinib Mesylate,723.7268675304032,498.4937496964546,-31.12128731692923,DECREASE,True
Methoxsalen,Methoxsalen,419.8407,494.3722435897436,17.752338825117143,HIGH_INCREASE,True
Selegiline,Emsam,486.33273274161735,492.3635577303282,1.2400615016622656,MODERATE_INCREASE,True
Sulfadiazine,Sulfadiazine,307.3391388888889,491.40961111111113,59.89164702149065,HIGH_INCREASE,True
Atazanavir Sulfate/Cobicistat,Evotaz,497.8843291917669,471.1338049490539,-5.372839166506412,DECREASE,True
Droxidopa,Northera,811.5961725007884,466.9056307758435,-42.47069582189411,DECREASE,True
Olanzapine Pamoate,Zyprexa Relprevv,469.62698347107454,466.7143993710692,-0.6201909605955894,STABLE,True
Insulin Degludec/Liraglutide,Xultophy 100-3.6,464.12664250369954,451.23905310383503,-2.7767398420274447,STABLE,True
Rufinamide,Banzel,653.2900426902812,450.4515453326768,-31.048766107364088,DECREASE,True
Rilpivirine Hcl,Edurant,451.9854211830289,450.228580450302,-0.38869411498462725,STABLE,True
Brexpiprazole,Rexulti,584.5070614800749,449.2587632038629,-23.13886472709833,DECREASE,True
Efavirenz/Lamivu/Tenofov Disop,Symfi,470.74125862068985,444.73705128205125,-5.524097763351578,DECREASE,True
Naltrexone Microspheres,Vivitrol,443.26503539375545,441.8962084584189,-0.30880552853003396,STABLE,True
Erenumab-Aooe,Aimovig Autoinjector,385.4884916911581,433.797362152112,12.531858019683112,HIGH_INCREASE,True
Epoetin Alfa,Procrit,498.41649937879305,430.41265360785246,-13.64397965470604,DECREASE,True
Abobotulinumtoxina,Dysport,409.1227809706257,429.60649270482605,5.006739464764996,MODERATE_INCREASE,True
Albumin Human,Flexbumin,425.2285833333333,426.2568518518519,0.24181547497538178,MODERATE_INCREASE,True
Dextromethorphan Hbr/Quinidine,Nuedexta,439.6438013953736,417.627219950461,-5.007822554312101,DECREASE,True
Netupitant/Palonosetron Hcl,Akynzeo,358.36699771689496,407.6889057239057,13.762960406854866,HIGH_INCREASE,True
Naproxen/Esomeprazole Mag,Vimovo,542.2224332943814,404.69706888737824,-25.36327454610097,DECREASE,True
Tolcapone,Tasmar,679.3155416666666,403.06535714285707,-40.66595971675307,DECREASE,True
Dronedarone Hcl,Multaq,393.2572742759312,402.1467478234732,2.2604727563932294,MODERATE_INCREASE,True
Pramlintide Acetate,Symlinpen 60,373.16494318181816,399.115641627543,6.954216605786797,MODERATE_INCREASE,True
Maraviroc,Selzentry,471.76308484349255,396.3473954091077,-15.985924260988755,DECREASE,True
Fulvestrant,Fulvestrant,436.6555883285759,394.99578966789664,-9.540653955705467,DECREASE,True
Bortezomib,Velcade,653.6457517730497,392.9354087719298,-39.88557139611615,DECREASE,True
Tapentadol Hcl,Nucynta,355.4393353705118,390.3812414047151,9.830624401145615,MODERATE_INCREASE,True
Auranofin,Ridaura,348.6088095238095,383.7939835858586,10.09302493247693,HIGH_INCREASE,True
Irinotecan Hcl,Irinotecan Hcl,340.71499238964986,382.13647569444447,12.157223553410294,HIGH_INCREASE,True
Fondaparinux Sodium,Fondaparinux Sodium,372.65650557103055,375.0319960383269,0.6374477385431185,MODERATE_INCREASE,True
Semaglutide,Ozempic,468.0802656488049,374.562249261686,-19.979055570200938,DECREASE,True
Olsalazine Sodium,Dipentum,351.3920277777777,372.9362054263566,6.13109460246593,MODERATE_INCREASE,True
Dulaglutide,Trulicity,545.265263311236,372.3557628965864,-31.711079367979718,DECREASE,True
Insulin Glargine/Lixisenatide,Soliqua 100-33,362.95916496959416,366.22135714554383,0.8987766368216543,MODERATE_INCREASE,True
Eluxadoline,Viberzi,374.56342427385897,365.1916217693836,-2.5020602379006665,STABLE,True
Efinaconazole,Jublia,348.00870993061454,357.84849384401963,2.827453346028876,MODERATE_INCREASE,True
Galcanezumab-Gnlm,Emgality Pen,335.8221613606101,355.524634796898,5.866936641840958,MODERATE_INCREASE,True
Rotigotine,Neupro,360.0567961916797,347.7113979594513,-3.4287363446005448,STABLE,True
Fosphenytoin Sodium,Fosphenytoin Sodium,331.6370833333333,345.6969791666667,4.239542723031858,MODERATE_INCREASE,True
Meperidine Hcl,Meperidine Hcl,222.04344098883573,339.1838668430335,52.755634362596446,HIGH_INCREASE,True
Empagliflozin/Linagliptin,Glyxambi,309.36273870790666,337.5205925028546,9.101889229631476,MODERATE_INCREASE,True
Calcipotriene/Betamethasone,Enstilar,333.51489715494046,337.5152777777778,1.1994608507633997,MODERATE_INCREASE,True
Nitazoxanide,Alinia,372.000287037037,332.94177902621726,-10.49959082610359,DECREASE,True
Evolocumab,Repatha Sureclick,331.7841596678135,327.4657940151737,-1.301558717258667,STABLE,True
Revefenacin,Yupelri,277.6120512820513,324.4456587403599,16.870163684186046,HIGH_INCREASE,True
Patiromer Calcium Sorbitex,Veltassa,324.68858553345854,321.84273912752786,-0.8764848943657777,STABLE,True
Sacubitril/Valsartan,Entresto,346.6272229797851,320.919265841352,-7.416600726692586,DECREASE,True
Ketoprofen,Ketoprofen,362.8747972508591,320.89584415584415,-11.568439972422354,DECREASE,True
Fluticasone/Umeclidin/Vilanter,Trelegy Ellipta,304.5109016114958,319.3824589716209,4.883752036929926,MODERATE_INCREASE,True
Ibuprofen/Famotidine,Duexis,462.09731013703134,317.2028006436314,-31.355843523614666,DECREASE,True
Empagliflozin/Metformin Hcl,Synjardy Xr,315.8830136570636,313.7269061239801,-0.682565202896373,STABLE,True
Decitabine,Decitabine,421.0749166666666,313.6325,-25.51622345904795,DECREASE,True
Onabotulinumtoxina,Botox,323.4326780939296,310.54275070830863,-3.985350973681625,STABLE,True
Rolapitant Hcl,Varubi,249.8655833333333,308.68886363636364,23.541969853670132,HIGH_INCREASE,True
Adapalene,Adapalene,144.59340859332244,308.6244587628866,113.44296518447203,HIGH_INCREASE,True
Sitagliptin Phosphate,Januvia,362.54379684349055,307.93810635227777,-15.061819004114957,DECREASE,True
Empagliflozin,Jardiance,348.5520778787882,307.65410932509616,-11.73367515195668,DECREASE,True
Insulin Aspart (Niacinamide),Fiasp Flextouch,284.3130821336692,303.88756738870967,6.884834531053194,MODERATE_INCREASE,True
Octreotide Acetate,Octreotide Acetate,292.937555342699,299.72245506291193,2.3161590572692123,MODERATE_INCREASE,True
Sitagliptin Phos/Metformin Hcl,Janumet Xr,299.74908544804674,296.9298048827773,-0.9405468447235906,STABLE,True
Rivaroxaban,Xarelto,334.85791735075765,294.65177608596883,-12.006925678473237,DECREASE,True
Erlotinib Hcl,Tarceva,406.1206003236247,294.57831558485464,-27.465310710632647,DECREASE,True
Molindone Hcl,Molindone Hcl,271.0053728070175,293.8576225490196,8.432397300947654,MODERATE_INCREASE,True
Dalfampridine,Dalfampridine Er,335.0483944639055,291.06301233388416,-13.128068319921418,DECREASE,True
Alosetron Hcl,Alosetron Hcl,314.9990553567879,290.3008401599376,-7.8407267503947065,DECREASE,True
Solriamfetol Hcl,Sunosi,276.79307738095247,288.1239063914539,4.093609969481538,MODERATE_INCREASE,True
Eravacycline Di-Hydrochloride,Xerava,213.35334126984128,287.91782369146006,34.94882338276222,HIGH_INCREASE,True
Tigecycline,Tygacil,318.9934256756757,287.1810853658537,-9.97272600287569,DECREASE,True
Etravirine,Intelence,362.2677518296741,286.46192902176125,-20.925357673998587,DECREASE,True
Oxymorphone Hcl,Oxymorphone Hcl Er,236.54632180434305,284.8294664013328,20.41170804461998,HIGH_INCREASE,True
Lamivudine/Tenofovir Disop Fum,Cimduo,282.7814761904762,278.8778968253968,-1.3804225855480075,STABLE,True
Lanthanum Carbonate,Lanthanum Carbonate,337.014524426133,278.4039718390805,-17.39110582454994,DECREASE,True
Dapagliflozin Propanediol,Farxiga,325.2269416875988,278.070595835454,-14.499520121995758,DECREASE,True
Incobotulinumtoxina,Xeomin,272.6583043672013,276.3984054962436,1.3717172993217581,MODERATE_INCREASE,True
Nelfinavir Mesylate,Viracept,271.0319615384616,275.16930952380955,1.5265166373231724,MODERATE_INCREASE,True
Daptomycin,Daptomycin,346.4288014787175,275.1566279125746,-20.57339726429225,DECREASE,True
Fosamprenavir Calcium,Fosamprenavir Calcium,271.0652701149425,270.5094230769231,-0.20506021954922762,STABLE,True
Gabapentin Enacarbil,Horizant,274.21600122894523,270.37549217731424,-1.4005415564442263,STABLE,True
Halcinonide,Halog,272.15628205128206,268.5018781725888,-1.3427593334055945,STABLE,True
Elagolix Sodium,Orilissa,250.4890718390804,264.92477118644064,5.763005643868587,MODERATE_INCREASE,True
Pentosan Polysulfate Sodium,Elmiron,280.8305660448893,263.7655912592839,-6.0766087630495464,DECREASE,True
Streptomycin Sulfate,Streptomycin Sulfate,335.46925034153,263.7356999178982,-21.383047880126803,DECREASE,True
Lifitegrast,Xiidra,267.31363580712826,263.0541535226078,-1.5934399573966191,STABLE,True
Aztreonam,Azactam,244.64198430493275,255.35445054945052,4.378833941751091,MODERATE_INCREASE,True
Vortioxetine Hydrobromide,Trintellix,224.1411085764321,252.57444549896303,12.685462788650023,HIGH_INCREASE,True
Insulin Degludec,Tresiba Flextouch U-200,279.8939848208525,252.48773370545496,-9.791654198263334,DECREASE,True
"Aripiprazole Lauroxil,submicr.",Aristada Initio,238.82365,251.8446505376344,5.45214032933272,MODERATE_INCREASE,True
Difenoxin Hcl/Atropine Sulfate,Motofen,233.4516666666667,248.6535380116959,6.511785313889036,MODERATE_INCREASE,True
Memantine Hcl/Donepezil Hcl,Namzaric,220.2181705947168,248.41428073717117,12.803716453691585,HIGH_INCREASE,True
Fremanezumab-Vfrm,Ajovy Syringe,276.28004656439947,247.5034556350884,-10.415732618824288,DECREASE,True
Nafcillin Sodium,Nafcillin Sodium,230.88334972677595,244.48812174479167,5.892487281614467,MODERATE_INCREASE,True
Goserelin Acetate,Zoladex,231.26958974358976,243.57695,5.321650922655031,MODERATE_INCREASE,True
Omeprazole Magnesium,Prilosec,206.80554040404047,241.50329814814816,16.777963335178512,HIGH_INCREASE,True
Linagliptin/Metformin Hcl,Jentadueto,242.2603769927931,237.8793870467899,-1.808380718458776,STABLE,True
Degarelix Acetate,Firmagon,233.57596743295016,237.1376495726496,1.5248495720013822,MODERATE_INCREASE,True
Aminocaproic Acid,Amicar,257.70144444444446,235.42069314641745,-8.645955146297336,DECREASE,True
Testosterone Enanthate,Xyosted,229.13514498050685,235.38677623197268,2.7283598297405085,MODERATE_INCREASE,True
Anidulafungin,Eraxis (Water Diluent),234.86936666666665,232.5477380952381,-0.9884765324562244,STABLE,True
Micafungin Sodium,Mycamine,251.87484019204388,231.31882575757572,-8.161201975868277,DECREASE,True
Colistin (Colistimethate Na),Colistimethate,230.3990003695492,229.5758908647141,-0.35725393925967014,STABLE,True
Linaclotide,Linzess,241.54860796305687,229.50799480054013,-4.984757835722349,STABLE,True
Diclofenac Epolamine,Diclofenac Epolamine,217.19175904043104,229.30098027241092,5.5753594360482674,MODERATE_INCREASE,True
Nicardipine Hcl,Nicardipine Hcl,190.392963483146,228.37043543543544,19.946888402549234,HIGH_INCREASE,True
Methotrexate/Pf,Otrexup,227.62555594993955,227.73814079083309,0.04946054515877504,MODERATE_INCREASE,True
Exenatide Microspheres,Bydureon Bcise,330.16612242115553,227.4538153615985,-31.109281081400162,DECREASE,True
Denosumab,Prolia,245.92189185334564,226.7223653718379,-7.807164436160606,DECREASE,True
Oxycodone Myristate,Xtampza Er,247.05268424818564,226.37915304419948,-8.368065810294059,DECREASE,True
Toremifene Citrate,Fareston,232.42843421052635,226.05982695810565,-2.740029323026897,STABLE,True
Vorapaxar Sulfate,Zontivity,200.42712500000005,225.4217028985507,12.470656303906297,HIGH_INCREASE,True
Prucalopride Succinate,Motegrity,219.91872073475244,222.13187315675256,1.0063501709203921,MODERATE_INCREASE,True
Erythromycin Ethylsuccinate,Erythromycin Ethylsuccinate,201.06042975040265,218.71698228882835,8.78171431362433,MODERATE_INCREASE,True
Estradiol Acetate,Femring,197.33953020134228,217.9435744047619,10.440910740183504,HIGH_INCREASE,True
Sumatriptan Succ/Naproxen Sod,Sumatriptan Succ-Naproxen Sod,250.17960905349787,217.50763037634408,-13.059409118417515,DECREASE,True
Alirocumab,Praluent Pen,305.0205294982868,215.9801795735129,-29.19159247124512,DECREASE,True
Linagliptin,Tradjenta,301.66922606018096,215.5133430674159,-28.55971890734972,DECREASE,True
"Sub-Q Insulin Device, 40 Unit",V-Go 40,209.34633767010624,214.3392154356061,2.3849845290189746,MODERATE_INCREASE,True
Plecanatide,Trulance,213.3088358585859,211.41208210909733,-0.8892054292331469,STABLE,True
Atovaquone,Atovaquone,235.93097246436264,210.41642559016248,-10.814411778027209,DECREASE,True
Docetaxel,Docetaxel,207.38834053794423,208.8367617313916,0.6984101370840338,MODERATE_INCREASE,True
Crisaborole,Eucrisa,206.94650180180184,208.5585809792844,0.7789835360572913,MODERATE_INCREASE,True
Diazoxide,Proglycem,214.0911321381142,207.69202777777775,-2.9889628292536043,STABLE,True
Ivabradine Hcl,Corlanor,205.497595361646,205.1657589998404,-0.1614794378599078,STABLE,True
"Sub-Q Insulin Device, 20 Unit",V-Go 20,199.43579975124376,205.13967567321689,2.8600060415871,MODERATE_INCREASE,True
Levoleucovorin Calcium,Levoleucovorin Calcium,314.5011666666667,203.72666666666663,-35.2222858738733,DECREASE,True
Oxacillin Sodium,Oxacillin Sodium,193.48649584487532,203.48853973765435,5.169375696791783,MODERATE_INCREASE,True
Halobetasol Propion/Tazarotene,Duobrii,175.72272435897438,200.83234848484847,14.289343747356778,HIGH_INCREASE,True
"Sub-Q Insulin Device, 30 Unit",V-Go 30,193.58447222222227,198.2229725573693,2.3961117758568644,MODERATE_INCREASE,True
Sodium Zirconium Cyclosilicate,Lokelma,210.5509396452387,197.25594680479787,-6.314383048036655,DECREASE,True
Mirabegron,Myrbetriq,229.7271808466957,196.36283484029968,-14.523464695569091,DECREASE,True
Sevelamer Hcl,Sevelamer Hcl,222.08190677561151,192.6098576546003,-13.270801547462115,DECREASE,True
Parenteral Amino Acid 20% No.1,Prosol,139.81199014998876,192.4321751572327,37.636389376042494,HIGH_INCREASE,True
Rimabotulinumtoxinb,Myobloc,183.434990942029,191.0387037037037,4.145181201594031,MODERATE_INCREASE,True
"Insulin Regular, Human",Novolin R,254.15756299534925,186.85785511138897,-26.479522029880247,DECREASE,True
Flurandrenolide,Cordran,172.31089015151517,186.41282142857145,8.184004658472992,MODERATE_INCREASE,True
Tiotropium Br/Olodaterol Hcl,Stiolto Respimat,204.0695750738528,184.67126105476729,-9.50573548852898,DECREASE,True
Adefovir Dipivoxil,Adefovir Dipivoxil,185.415658436214,181.070574516496,-2.3434287893289008,STABLE,True
Immune Globul G (Igg)/Glycine,Gamastan,162.95921428571427,177.4007103825137,8.862031005794702,MODERATE_INCREASE,True
Umeclidinium Brm/Vilanterol Tr,Anoro Ellipta,207.5250083530251,175.20943016617443,-15.5718958612824,DECREASE,True
Canagliflozin/Metformin Hcl,Invokamet,187.34892595139843,174.8690769173713,-6.661286671728567,DECREASE,True
Ticagrelor,Brilinta,204.4715668809254,172.29682034016287,-15.735560220702755,DECREASE,True
Sirolimus,Sirolimus,196.9540631107492,171.28216348180413,-13.034460535353107,DECREASE,True
Dapagliflozin/Saxagliptin Hcl,Qtern,175.17390015015016,170.79846124031008,-2.4977687350054323,STABLE,True
Mesna,Mesnex,123.15144444444444,170.5809722222222,38.51317212862571,HIGH_INCREASE,True
Lopinavir/Ritonavir,Lopinavir-Ritonavir,202.80344132817535,170.10377029067573,-16.12382453835446,DECREASE,True
Efavirenz/Emtricit/Tenofovr Df,Atripla,275.43909967479675,169.50391830787785,-38.460473292278984,DECREASE,True
Diflorasone Diacetate,Diflorasone Diacetate,197.13665340494663,168.76936031916802,-14.38965945491028,DECREASE,True
Isocarboxazid,Marplan,138.95758333333333,166.18513157894736,19.59414347348012,HIGH_INCREASE,True
Hydrocodone Bitartrate,Hysingla Er,178.37891212748028,165.8039104658197,-7.049601049631759,DECREASE,True
Penciclovir,Denavir,170.92272807017545,164.60584415584415,-3.6957542075608503,STABLE,True
Icosapent Ethyl,Vascepa,169.8635119071893,164.48963973984846,-3.1636412711618918,STABLE,True
Cyclosporine,Restasis,218.5770831317659,164.46873650948947,-24.754812282703043,DECREASE,True
Exenatide,Byetta,186.71240410958907,164.44826334208224,-11.924296553130507,DECREASE,True
Aprepitant,Aprepitant,173.38931704846502,163.765258102822,-5.550548966608444,DECREASE,True
Abacavir Sulfate/Lamivudine,Abacavir-Lamivudine,143.43103532506578,161.8788993388053,12.861835635453717,HIGH_INCREASE,True
Insulin Lispro Protamin/Lispro,Humalog Mix 75-25,292.4533417136138,160.94348057923943,-44.96780934825356,DECREASE,True
Levomilnacipran Hcl,Fetzima,163.66848228193146,160.05153540535102,-2.209922659605272,STABLE,True
Oxiconazole Nitrate,Oxiconazole Nitrate,174.81515428553192,158.78050360006546,-9.172345927903072,DECREASE,True
Gr Pol-Orc/Sw Ver/Rye/Kent/Tim,Oralair,154.33875,158.72238095238097,2.840265942532882,MODERATE_INCREASE,True
Natamycin,Natacyn,139.22722222222222,158.30056306306304,13.699433585191858,HIGH_INCREASE,True
Felbamate,Felbamate,193.98564895926927,158.25019958214207,-18.42169746517202,DECREASE,True
Pitavastatin Calcium,Livalo,180.72616945734896,157.72399387057968,-12.727639641694367,DECREASE,True
Oxybutynin,Oxytrol,160.9604456521739,155.31470013947,-3.5075359600482274,STABLE,True
Epoetin Alfa-Epbx,Retacrit,165.94992794179382,155.02357180088612,-6.5841282828035155,DECREASE,True
Hydrocortisone Butyrate,Hydrocortisone Butyrate,142.0844829760403,153.83912871539738,8.272997510459506,MODERATE_INCREASE,True
Liraglutide,Victoza 2-Pak,410.211148187279,153.72507367745325,-62.52537885506925,DECREASE,True
Cyclophosphamide,Cyclophosphamide,151.04885670731704,151.67938556763286,0.4174337191691412,MODERATE_INCREASE,True
Netarsudil Mesylat/Latanoprost,Rocklatan,166.71386854948352,149.80719517074613,-10.1411319441125,DECREASE,True
Nimodipine,Nimodipine,153.0686590038314,149.2434649122807,-2.4990054243925703,STABLE,True
Oxymetazoline Hcl,Rhofade,141.15300865800864,149.191432748538,5.694830147053534,MODERATE_INCREASE,True
Insulin Glulisine,Apidra,165.85455847953216,148.12272210743802,-10.691196271390028,DECREASE,True
Imipenem/Cilastatin Sodium,Imipenem-Cilastatin Sodium,136.55977101449275,147.27379922945207,7.845669434977494,MODERATE_INCREASE,True
Nalbuphine Hcl,Nalbuphine Hcl,130.3329222222222,147.2590987654321,12.986877186985929,HIGH_INCREASE,True
Fluticasone/Vilanterol,Breo Ellipta,179.97921230995837,146.5209402939279,-18.59007581298276,DECREASE,True
Aclidinium Bromide,Tudorza Pressair,156.63253703703705,145.95751044568246,-6.815331471538635,DECREASE,True
Tavaborole,Kerydin,169.36027062923426,144.77849519463163,-14.514487573308962,DECREASE,True
Canagliflozin,Invokana,278.36087311805085,141.79167367260175,-49.06192379542188,DECREASE,True
Glycopyrrolate/Formoterol Fum,Bevespi Aerosphere,148.98778191325744,140.52021985078963,-5.683393600287121,DECREASE,True
Atazanavir Sulfate,Atazanavir Sulfate,149.17675591696414,139.8175368412622,-6.273912459198085,DECREASE,True
Collagenase Clostridium Hist.,Santyl,162.03910561580437,138.27863815469075,-14.663415581575611,DECREASE,True
Netarsudil Mesylate,Rhopressa,146.86650825486095,136.81119042969456,-6.846569680622591,DECREASE,True
Amphetamine,Adzenys Xr-Odt,133.12168075117367,136.1724087591241,2.2916838119349907,MODERATE_INCREASE,True
Milnacipran Hcl,Savella,147.7388747809488,135.4093115841645,-8.34551042511001,DECREASE,True
Ergotamine Tartrate/Caffeine,Ergotamine-Caffeine,170.30398567119158,134.14303704890028,-21.23317811957013,DECREASE,True
Deferoxamine Mesylate,Deferoxamine Mesylate,118.30604545454548,132.7316287878788,12.193445633237562,HIGH_INCREASE,True
Insulin Aspart Prot/Insuln Asp,Novolog Mix 70-30,329.4003453513212,132.07141072882524,-59.9055032598813,DECREASE,True
Amphetamine Sulfate,Evekeo,96.997615942029,129.33739583333332,33.34079871677703,HIGH_INCREASE,True
Artemether/Lumefantrine,Coartem,83.40879166666669,129.0988120567376,54.778422606414956,HIGH_INCREASE,True
Voriconazole,Voriconazole,145.21846315991183,128.94403229330536,-11.20686069283448,DECREASE,True
Demeclocycline Hcl,Demeclocycline Hcl,132.0800730452675,128.79805188367484,-2.484872309593459,STABLE,True
Azilsartan Medoxomil,Edarbi,129.24392370027968,127.93919540229886,-1.0095084245558172,STABLE,True
Caspofungin Acetate,Caspofungin Acetate,112.5434003215434,127.80624314442412,13.561739541611356,HIGH_INCREASE,True
Naldemedine Tosylate,Symproic,130.98239470325464,126.97621221044363,-3.0585656201256346,STABLE,True
Azilsartan Med/Chlorthalidone,Edarbyclor,122.82891196432035,126.40860652002816,2.914374554378241,MODERATE_INCREASE,True
"Chorionic Gonadotropin, Human",Chorionic Gonadotropin,110.59366666666666,126.31543064876956,14.21579052034586,HIGH_INCREASE,True
Dimethyl Sulfoxide,Rimso-50,136.94983333333332,126.21,-7.842166048638241,DECREASE,True
Pioglitazone Hcl/Glimepiride,Pioglitazone-Glimepiride,121.2810963356974,125.22250651041666,3.249814104425412,MODERATE_INCREASE,True
Nicotine,Nicotrol,138.3594476082005,124.21120972531553,-10.225711454810991,DECREASE,True
Ganciclovir,Zirgan,124.93908292340126,123.45307675145024,-1.1893845682075899,STABLE,True
Hydromorphone Hcl/Pf,Hydromorphone Hcl,98.39545000000004,123.05992324561404,25.066680670309445,HIGH_INCREASE,True
Bimatoprost,Lumigan,144.67687286039754,122.84267504389383,-15.091698752413654,DECREASE,True
Umeclidinium Bromide,Incruse Ellipta,150.22782417557806,122.1769014354296,-18.672255219089163,DECREASE,True
Chlorpromazine Hcl,Chlorpromazine Hcl,139.8075956844935,121.14849673822164,-13.346269818115037,DECREASE,True
Clobazam,Clobazam,141.1703009267728,119.34991971678608,-15.456778845647772,DECREASE,True
Mesalamine,Mesalamine,191.4055655435556,118.07354715328728,-38.312375181996025,DECREASE,True
Naloxegol Oxalate,Movantik,127.1524062673801,117.29494873325582,-7.752474234263176,DECREASE,True
Sodium Chloride 3 %,Sodium Chloride,48.49700000000001,116.88922222222222,141.0236142900019,HIGH_INCREASE,True
Tiotropium Bromide,Spiriva,214.88928504018463,116.40300985285693,-45.83117076726772,DECREASE,True
Lisdexamfetamine Dimesylate,Vyvanse,133.53148663947067,116.349939902372,-12.8670377073597,DECREASE,True
Doxercalciferol,Doxercalciferol,118.0210097323601,115.43808201058202,-2.1885321330799172,STABLE,True
Buprenorphine Hcl,Buprenorphine Hcl,122.72575426454073,115.31852943555272,-6.035591203637184,DECREASE,True
Cinacalcet Hcl,Sensipar,163.15066507358523,115.12711654466914,-29.435092101681725,DECREASE,True
Oxaliplatin,Oxaliplatin,130.68545111548556,114.7048592085236,-12.228286906122438,DECREASE,True
Acitretin,Acitretin,129.78428908865132,114.67285698248764,-11.643498771905712,DECREASE,True
Esomeprazole Sodium,Esomeprazole Sodium,120.46963333333332,114.26116666666668,-5.153553219082296,DECREASE,True
Electrolyte-A Solution,Plasma-Lyte A Ph 7.4,54.2041388888889,114.23887195121952,110.75673240634568,HIGH_INCREASE,True
Saxagliptin Hcl/Metformin Hcl,Kombiglyze Xr,133.0956501120883,113.85035323383084,-14.45974895652094,DECREASE,True
Ertugliflozin/Metformin,Segluromet,102.29087359098229,112.7702366255144,10.244670581692978,HIGH_INCREASE,True
Saxagliptin Hcl,Onglyza,136.8753349423438,112.290319117523,-17.961611443856405,DECREASE,True
Naftifine Hcl,Naftifine Hcl,108.5044822083932,111.15112226496753,2.4391988263592674,MODERATE_INCREASE,True
Methylphenidate,Daytrana,110.06653846153849,110.85598619329387,0.7172458976087919,MODERATE_INCREASE,True
Buprenorphine,Buprenorphine,115.29127873837643,109.991308192154,-4.597026422310177,STABLE,True
Efavirenz,Efavirenz,129.31765458185052,109.59359214868856,-15.252412748235997,DECREASE,True
Penicillin G Benzathine,Bicillin L-A,108.09303571428572,108.64430799220274,0.5099979608067987,MODERATE_INCREASE,True
Latanoprostene Bunod,Vyzulta,135.30380492449817,108.25677347963628,-19.989852805658046,DECREASE,True
Cetirizine Hcl,Cetirizine Hcl,99.71555829560155,108.22326272006192,8.531972913634728,MODERATE_INCREASE,True
Trimethobenzamide Hcl,Trimethobenzamide Hcl,100.82683333333334,107.76291666666668,6.879203783384392,MODERATE_INCREASE,True
Apixaban,Eliquis,303.7204313863696,106.9100528843776,-64.79984820370056,DECREASE,True
Formoterol Fumarate,Perforomist,131.989380144033,106.22673759639169,-19.518723793935468,DECREASE,True
"Insulin Glargine,hum.Rec.Anlog",Lantus Solostar,196.30519473264584,105.7419934848364,-46.1338791218186,DECREASE,True
Salmeterol Xinafoate,Serevent Diskus,120.25364337425248,105.5224268437077,-12.25012075908452,DECREASE,True
Tretinoin Microspheres,Retin-A Micro Pump,105.58169154228855,104.84095911949686,-0.7015727935131723,STABLE,True
Bcg Live,Bcg (Tice Strain),106.5177288251366,104.33220682730924,-2.05179177394516,STABLE,True
Opium Tincture,Opium Tincture,105.03655807365438,103.91927772373542,-1.0637061708890831,STABLE,True
Ertapenem Sodium,Ertapenem,131.5128819937173,103.84149274531704,-21.040820358360165,DECREASE,True
Polymyxin B Sulfate,Polymyxin B Sulfate,58.30647222222223,103.64826923076924,77.7646036202238,HIGH_INCREASE,True
Linezolid In Dextrose 5%,Linezolid-D5w,98.44995555555556,103.3117741935484,4.938365498041595,MODERATE_INCREASE,True
Timolol Maleate/Pf,Timoptic Ocudose,126.73256826901384,102.45167488584477,-19.159158308563814,DECREASE,True
Carbidopa,Carbidopa,125.63522143738084,102.03644807923168,-18.783564901751117,DECREASE,True
Insulin Aspart,Novolog Flexpen,249.1383834198608,100.6836774421738,-59.587247833868894,DECREASE,True
Ertugliflozin Pidolate,Steglatro,108.96467152186987,100.5251289266534,-7.745209963325235,DECREASE,True
Parenteral Amino Acid 15% No.5,Clinisol,88.85685785440614,98.94338096733668,11.351428979693969,HIGH_INCREASE,True
Tadalafil,Cialis,159.15034247703585,98.30065293934126,-38.234092739369835,DECREASE,True
Rifabutin,Rifabutin,108.06998738109104,97.82199352051836,-9.482738093079266,DECREASE,True
Tiagabine Hcl,Tiagabine Hcl,114.31975103156014,96.24841292639138,-15.807712964822523,DECREASE,True
Mometasone/Formoterol,Dulera,119.32280590309124,96.1066445405503,-19.456600259129072,DECREASE,True
Quinidine Gluconate,Quinidine Gluconate,101.78620370370372,94.29552995391704,-7.35922303536517,DECREASE,True
Lurasidone Hcl,Latuda,274.2562451574294,94.01669006779484,-65.71939865441273,DECREASE,True
Ethacrynic Acid,Ethacrynic Acid,109.51841138211384,92.7891762728146,-15.27527189097942,DECREASE,True
Miconazole Nitrate/Zinc Ox/Pet,Vusion,100.3912908496732,92.36615248226953,-7.9938591280996505,DECREASE,True
Tenofovir Disoproxil Fumarate,Tenofovir Disoproxil Fumarate,87.15289043308765,91.9359641862316,5.488141276067254,MODERATE_INCREASE,True
Paliperidone,Invega,162.02008343510093,91.81125199755066,-43.333412715883,DECREASE,True
Tazarotene,Tazorac,93.39741677617172,91.67913647342996,-1.8397514214548831,STABLE,True
Ospemifene,Osphena,93.66844793826309,91.1659186851211,-2.6716886083042657,STABLE,True
Itraconazole,Itraconazole,98.57720669271616,90.88211447295036,-7.806157709208436,DECREASE,True
Brinzolamide,Azopt,102.7576468387334,90.8317153797989,-11.605882214927432,DECREASE,True
Asenapine Maleate,Saphris,124.87074829006684,89.36471783015116,-28.434225746319242,DECREASE,True
Methsuximide,Celontin,87.31557971014492,89.35564516129033,2.336427769153757,MODERATE_INCREASE,True
Bismuth/Metronid/Tetracycline,Pylera,91.7609090909091,88.34551282051281,-3.7220601934235362,STABLE,True
Suvorexant,Belsomra,141.54945572424256,87.99097641264513,-37.83729088717697,DECREASE,True
Varenicline Tartrate,Chantix,107.72571009944464,87.67211158835524,-18.615424760326356,DECREASE,True
Emtricitabine,Emtriva,93.75211166390272,86.47857471776591,-7.758264658840039,DECREASE,True
Meropenem-0.9% Sodium Chloride,Meropenem-0.9% Nacl,73.42374163319947,85.82516328389278,16.890206593729147,HIGH_INCREASE,True
Mesalamine W/Cleansing Wipes,Mesalamine,95.29312499999996,85.6719494047619,-10.096400548558,DECREASE,True
Aripiprazole,Aripiprazole,102.66274475228572,85.22809243659965,-16.982452941185265,DECREASE,True
Prenatal Vit 87/Iron/Folic/Dha,Prenate Mini,79.00416666666666,85.1050925925926,7.722283752029031,MODERATE_INCREASE,True
Frovatriptan Succinate,Frovatriptan Succinate,96.57893884163629,84.97382523868826,-12.016194982197222,DECREASE,True
Lodoxamide Tromethamine,Alomide,56.00566666666666,84.40861111111111,50.71441183531034,HIGH_INCREASE,True
Edoxaban Tosylate,Savaysa,92.91539981273412,84.39029249448124,-9.175128488318151,DECREASE,True
Carvedilol Phosphate,Carvedilol Er,92.4848456615848,84.22168912724607,-8.934605961905152,DECREASE,True
Riluzole,Riluzole,88.73859903381647,84.16410642036561,-5.155020096393016,DECREASE,True
Butalbital/Acetaminophen,Butalbital-Acetaminophen,78.11980921648549,83.91251881524641,7.415160964753734,MODERATE_INCREASE,True
Brimonidine Tartrate/Timolol,Combigan,102.9964632102961,83.04376375001284,-19.372218072715988,DECREASE,True
Insulin Lispro,Humalog Kwikpen U-100,196.46650218828185,82.7963252519779,-57.85728135342338,DECREASE,True
Fluticasone Furoate,Arnuity Ellipta,94.29266925331017,82.65556914874837,-12.341468532722944,DECREASE,True
Prenatal Vit 85/Iron/Fa 1/Dha,Prenate Pixie,75.50166666666668,82.55366666666667,9.340191165757918,MODERATE_INCREASE,True
Cefoxitin Sodium,Cefoxitin,80.4086923076923,82.41736742424243,2.4980820591680764,MODERATE_INCREASE,True
Meprobamate,Meprobamate,83.19426262626264,81.65383672699849,-1.8516011208420409,STABLE,True
Insulin Nph Hum/Reg Insulin Hm,Novolin 70-30,143.36567539195508,81.37025078814683,-43.24286439854983,DECREASE,True
Amlodipine/Valsartan/Hcthiazid,Amlodipine-Valsartan-Hctz,78.56510488176963,80.7167482925204,2.7386756677646207,MODERATE_INCREASE,True
Cefepime In Iso-Osm Dextrose,Cefepime,81.6046444082519,79.12973462301588,-3.0328050605239305,STABLE,True
Prasterone (Dhea),Intrarosa,79.06922140522876,78.19659609120522,-1.1036219890813688,STABLE,True
Carbidopa/Levodopa/Entacapone,Carbidopa-Levodopa-Entacapone,90.89061279441351,77.25541944619258,-15.00176193009341,DECREASE,True
Beclomethasone Dipropionate,Qvar Redihaler,86.3984677253572,77.13328819132074,-10.723777606205392,DECREASE,True
Mycophenolate Sodium,Mycophenolic Acid,100.0414125902762,76.56819429675316,-23.463501449803175,DECREASE,True
Gemcitabine Hcl,Gemcitabine Hcl,66.3768254781421,76.42837468193385,15.143160480161452,HIGH_INCREASE,True
Danazol,Danazol,74.80044960702728,76.39834537572254,2.1362114493829854,MODERATE_INCREASE,True
Disopyramide Phosphate,Disopyramide Phosphate,74.45701540616245,75.80933825658848,1.8162463846410033,MODERATE_INCREASE,True
Olanzapine/Fluoxetine Hcl,Olanzapine-Fluoxetine Hcl,79.54228927203066,75.76537417081259,-4.748310786355677,STABLE,True
Protriptyline Hcl,Protriptyline Hcl,71.65812726449275,75.48310975609756,5.337820897114245,MODERATE_INCREASE,True
Cobicistat,Tybost,67.43693055555555,75.03307644110275,11.264074184529179,HIGH_INCREASE,True
Fenoprofen Calcium,Fenoprofen Calcium,71.49238541666666,74.8739837398374,4.730011879534237,MODERATE_INCREASE,True
Imipramine Pamoate,Imipramine Pamoate,75.91426608187135,74.48974666666666,-1.8764844721918035,STABLE,True
Entecavir,Entecavir,93.40921273504274,73.68760405211388,-21.113130177929698,DECREASE,True
"Estrogen,con/M-Progest Acet",Prempro,79.45044339128444,73.60300088652482,-7.359861386753527,DECREASE,True
Chlordiazepoxide/Clidinium Br,Chlordiazepoxide-Clidinium,111.4030515622005,72.66085548293391,-34.7766021989401,DECREASE,True
Almotriptan Malate,Almotriptan Malate,68.99619923857865,72.23150225225226,4.689103239565997,MODERATE_INCREASE,True
Desloratadine/Pseudoephedrine,Clarinex-D 12 Hour,63.31065,71.9895,13.70835712474916,HIGH_INCREASE,True
Abacavir Sulfate,Abacavir,73.3865270376949,71.31809040152056,-2.818550924356851,STABLE,True
Arformoterol Tartrate,Brovana,98.63857784431144,71.0240136895926,-27.995703869843847,DECREASE,True
Buprenorphine Hcl/Naloxone Hcl,Buprenorphine-Naloxone,88.49650271142775,70.59004878175104,-20.23408087443484,DECREASE,True
Estramustine Phosphate Sodium,Emcyt,90.14466666666668,70.13708333333334,-22.194971786091994,DECREASE,True
Sodium Acetate,Sodium Acetate,46.23211111111112,70.05354629629629,51.52573527939131,HIGH_INCREASE,True
Fosaprepitant Dimeglumine,Emend,72.18769093851134,69.90063739719399,-3.1682043179154116,STABLE,True
Dexlansoprazole,Dexilant,117.46363901989368,69.8705414651776,-40.51730216416648,DECREASE,True
Ganciclovir Sodium,Ganciclovir Sodium,70.24333333333334,69.82833333333333,-0.5908033977127217,STABLE,True
Fluphenazine Hcl,Fluphenazine Hcl,88.46615980301362,68.96673910996884,-22.04167190761289,DECREASE,True
Lamivudine/Zidovudine,Lamivudine-Zidovudine,70.97097493734333,68.57950963222417,-3.3696385138156244,STABLE,True
Budesonide,Budesonide,78.91925706574554,67.93367507794346,-13.9200271217078,DECREASE,True
Zoledronic Acid,Zoledronic Acid,70.8072687609075,67.58265581232493,-4.554070514244824,STABLE,True
Rivastigmine,Rivastigmine,85.67943561320868,67.17545334336121,-21.596760223050328,DECREASE,True
Parenteral Amino Acid 10% No.6,Travasol,60.71020000000001,67.06364583333333,10.465203266227615,HIGH_INCREASE,True
"Piperacillin-Tazo-Dextrose,iso",Zosyn,66.5234463276836,66.32132478632478,-0.30383504240475345,STABLE,True
Rasagiline Mesylate,Rasagiline Mesylate,94.39555974226398,65.94699209798071,-30.137612110102165,DECREASE,True
Levetiracetam In Nacl (Iso-Os),Levetiracetam-Nacl,78.59106666666666,65.70528735632183,-16.395984756127707,DECREASE,True
Vancomycin/0.9 % Sod Chloride,Vancomycin Hcl-0.9% Nacl,48.7883651226158,65.61950785024155,34.49827163776735,HIGH_INCREASE,True
Estradiol/Levonorgestrel,Climara Pro,66.1319058408862,65.41551036682615,-1.083282668102296,STABLE,True
Ritonavir,Ritonavir,61.76547271429501,65.35043572919174,5.804153772900749,MODERATE_INCREASE,True
Alogliptin Benzoate,Alogliptin,66.46537598944592,65.33874373701578,-1.6950663945827078,STABLE,True
Insulin Detemir,Levemir Flextouch,211.7393478236833,65.12443869768693,-69.24310981069212,DECREASE,True
Tranylcypromine Sulfate,Tranylcypromine Sulfate,75.14222240085746,64.84566612729233,-13.702757177764328,DECREASE,True
Miglitol,Glyset,68.18703225806449,64.54264172335601,-5.344697391896617,DECREASE,True
Methazolamide,Methazolamide,82.35933706170668,64.49162086471095,-21.694827610873762,DECREASE,True
"Estrogens, Conjugated",Premarin,90.9944779089064,64.24109556008801,-29.40110538971488,DECREASE,True
Citric Ac/Gluconolact/Mag Carb,Renacidin,64.34541321601104,64.17370936499916,-0.26684707181142014,STABLE,True
Tafluprost/Pf,Zioptan,77.66894713064713,64.06416596219326,-17.51637130547068,DECREASE,True
Nisoldipine,Nisoldipine,68.63690701559021,63.319243379571255,-7.747528067969467,DECREASE,True
Dobutamine Hcl In Dextrose 5 %,Dobutamine Hcl In Dextrose,57.59204166666667,62.90086206896552,9.217975693630454,MODERATE_INCREASE,True
Penicillin G Potassium,Penicillin G Potassium,73.53148263888889,62.59052281368821,-14.87928630370672,DECREASE,True
Bromocriptine Mesylate,Bromocriptine Mesylate,71.53496094485227,62.58522752446003,-12.510992250756619,DECREASE,True
Olodaterol Hcl,Striverdi Respimat,65.32904414320473,62.33118783602151,-4.588856834659563,STABLE,True
Trimipramine Maleate,Surmontil,57.61408333333333,61.8210101010101,7.301906971837215,MODERATE_INCREASE,True
Triamterene,Dyrenium,64.521477124183,61.762192374350086,-4.2765368569014255,STABLE,True
Hydrocortisone/Pramoxine,Proctofoam-Hc,57.02609472049689,61.70213013698631,8.199817012559185,MODERATE_INCREASE,True
Methenam/Sod Phos/Mblue/Hyoscy,Urogesic-Blue,59.1025909090909,61.659558823529416,4.326321190168357,MODERATE_INCREASE,True
Valganciclovir Hcl,Valganciclovir Hcl,80.41939694832084,61.30592931100048,-23.767235720012998,DECREASE,True
Brinzolamide/Brimonidine Tart,Simbrinza,85.40566928647122,61.200367091115766,-28.341563736436555,DECREASE,True
Ribavirin,Ribavirin,37.19854166666666,60.84801886792452,63.5763557968994,HIGH_INCREASE,True
Amantadine Hcl,Amantadine,81.91594276302551,60.74925095319583,-25.839526587715365,DECREASE,True
Sevelamer Carbonate,Renvela,98.43536379287724,60.58479826673591,-38.452202610623345,DECREASE,True
Fluticasone Propion/Salmeterol,Wixela Inhub,115.36427486764563,60.572321466082805,-47.49473219887542,DECREASE,True
Tobramycin/Lotepred Etab,Zylet,60.48452917879081,60.47761673850575,-0.01142844356880619,STABLE,True
Timolol,Betimol,60.93041929824562,60.45388624841572,-0.7820938298443934,STABLE,True
Griseofulvin Ultramicrosize,Griseofulvin Ultramicrosize,55.86661709159585,60.31769946808512,7.967338292904897,MODERATE_INCREASE,True
Dextrose 70 % In Water,Dextrose In Water,21.76475,60.27657894736842,176.9458824354446,HIGH_INCREASE,True
Cefepime Hcl,Cefepime Hcl,67.85288738617804,60.120480422911584,-11.395840709413326,DECREASE,True
Meclofenamate Sodium,Meclofenamate Sodium,68.13577777777779,59.79684210526316,-12.238703284068682,DECREASE,True
Ketorolac Tromethamine/Pf,Acuvail,67.64695945945947,59.76757751937984,-11.647799107366689,DECREASE,True
Emtricitabine/Tenofovir (Tdf),Truvada,106.9862626946513,59.6499015078123,-44.24527036890835,DECREASE,True
Entacapone,Entacapone,68.10851501396138,59.56996347632538,-12.536687278948467,DECREASE,True
Glucagon,Baqsimi,75.96664890503828,59.44697312912161,-21.745958277779252,DECREASE,True
Travoprost,Travatan Z,71.65718869823836,59.14795460487729,-17.457053954544264,DECREASE,True
Terbutaline Sulfate,Terbutaline Sulfate,57.29642592592592,58.81143086080586,2.6441525983463117,MODERATE_INCREASE,True
Budesonide/Formoterol Fumarate,Symbicort,158.77635433570842,58.67907300096859,-63.04293970820073,DECREASE,True
Clozapine,Clozapine,73.85297730999329,58.67160608579336,-20.556207450482425,DECREASE,True
Cefepime Hcl In Dextrose 5 %,Cefepime-Dextrose,54.05572283609576,58.63227242302544,8.466355358536958,MODERATE_INCREASE,True
Aminolevulinic Acid Hcl,Levulan,53.90194903581267,58.45459981167608,8.44617097767395,MODERATE_INCREASE,True
Testosterone,Testosterone,71.09066717729257,58.262155445330144,-18.045282512217085,DECREASE,True
Alogliptin Benz/Pioglitazone,Oseni,59.00113580246913,58.20109965635739,-1.3559673644083574,STABLE,True
Colesevelam Hcl,Colesevelam Hcl,78.89638761868702,58.00195671096285,-26.483380973928405,DECREASE,True
Aliskiren Hemifumarate,Tekturna,64.53613282272846,57.98173408728433,-10.156169030840644,DECREASE,True
Alogliptin Benz/Metformin Hcl,Alogliptin-Metformin,55.97975761772853,57.55331498951782,2.8109399517852744,MODERATE_INCREASE,True
Pyrazinamide,Pyrazinamide,60.52417460317461,57.47258547008547,-5.041934323097859,DECREASE,True
Ampicillin Sodium,Ampicillin Sodium,59.48636363636364,57.321454354251934,-3.639337067812147,STABLE,True
Milrinone Lactate/D5w,Milrinone In 5% Dextrose,64.50631111111112,55.62468704512373,-13.768612579145827,DECREASE,True
Dabigatran Etexilate Mesylate,Pradaxa,73.77592259971418,55.03378436450194,-25.404139419443666,DECREASE,True
Ciprofloxacin/Hydrocortisone,Cipro Hc,53.54780864197532,54.96969298245614,2.655354862395287,MODERATE_INCREASE,True
Carbinoxamine Maleate,Ryvent,78.5955559815951,54.877811671087535,-30.17695340950524,DECREASE,True
Estradiol Valerate/Dienogest,Natazia,55.029,54.58409420289855,-0.8084933346080345,STABLE,True
Bepotastine Besilate,Bepreve,64.32604062872436,53.50259663703131,-16.82591355834189,DECREASE,True
Multivit41/Iron/Folate8/Ps-Dha,Enbrace Hr,51.56197916666667,53.121484375,3.0245255002575804,MODERATE_INCREASE,True
Meropenem,Meropenem,68.0121911203989,52.86544293641427,-22.27063697620185,DECREASE,True
Cevimeline Hcl,Cevimeline Hcl,59.93807447116779,52.822878926070366,-11.870911115971982,DECREASE,True
Luliconazole,Luliconazole,51.75361111111111,52.78510416666666,1.993084218492527,MODERATE_INCREASE,True
Nevirapine,Nevirapine Er,59.38527662835249,52.68135752688172,-11.28885724221768,DECREASE,True
Olmesartan/Amlodipin/Hcthiazid,Olmesartan-Amlodipine-Hctz,57.993574749847234,52.28602171373091,-9.841698948091414,DECREASE,True
Chlorzoxazone,Chlorzoxazone,73.62544730850794,52.23015019294861,-29.05964975113565,DECREASE,True
Ciprofloxacin,Cipro,53.86195833333334,51.66775641025641,-4.073750734233914,STABLE,True
Isosorbide Dinit/Hydralazine,Bidil,74.76139379910212,51.55726374356419,-31.037583539295397,DECREASE,True
Isradipine,Isradipine,39.380429984779305,51.55592842842842,30.91763713183172,HIGH_INCREASE,True
Amlodipine/Atorvastatin,Amlodipine-Atorvastatin,58.03266457921335,51.479533688146205,-11.292142000686981,DECREASE,True
Sumatriptan,Sumatriptan,62.60274624453319,50.87140749896992,-18.739335651090087,DECREASE,True
Balsalazide Disodium,Balsalazide Disodium,60.74754933414042,50.80508484517525,-16.366856931588938,DECREASE,True
Ipratropium/Albuterol Sulfate,Combivent Respimat,75.26299619628752,50.07093496887121,-33.47204137570456,DECREASE,True
Roflumilast,Daliresp,76.19069797231005,49.89199074909377,-34.516952755537176,DECREASE,True
Piperacillin Sodium/Tazobactam,Piperacillin-Tazobactam,55.35259581477357,49.78262100768345,-10.062716526843527,DECREASE,True
Piroxicam,Piroxicam,47.11017324228629,49.735917255142766,5.573624192278709,MODERATE_INCREASE,True
Anagrelide Hcl,Anagrelide Hcl,68.25494275649494,49.54716261410135,-27.40868190181496,DECREASE,True
Candesartan/Hydrochlorothiazid,Candesartan-Hydrochlorothiazid,53.13594337735091,49.52361558246573,-6.798275452139483,DECREASE,True
Dextrose 10 % And 0.45 % Nacl,Dextrose 10%-0.45% Nacl,34.599,49.49866666666667,43.063865044269136,HIGH_INCREASE,True
Acetohydroxamic Acid,Lithostat,104.7348361423221,49.26244602763385,-52.96460295150308,DECREASE,True
Pimecrolimus,Pimecrolimus,60.51072858983738,48.97204838443104,-19.068817173925463,DECREASE,True
Lacosamide,Vimpat,125.45951894619007,48.926644265945605,-61.002046973470094,DECREASE,True
Alendronate Sodium/Vitamin D3,Fosamax Plus D,45.52922222222224,48.871738351254486,7.34147425738542,MODERATE_INCREASE,True
Atomoxetine Hcl,Atomoxetine Hcl,45.57166684965599,48.86843470675867,7.234249008224649,MODERATE_INCREASE,True
Insulin Nph Human Isophane,Novolin N,67.1644252949962,48.68231125909088,-27.51771336496831,DECREASE,True
Clomipramine Hcl,Clomipramine Hcl,69.66138605398345,48.60788973445076,-30.22262046755354,DECREASE,True
Nepafenac,Ilevro,57.10460209681441,46.87343508704618,-17.91653673100189,DECREASE,True
Ziprasidone Mesylate,Geodon,48.133157492354734,46.63618897306398,-3.11005676186634,STABLE,True
Parenteral Amino Acid 15% No.6,Plenamine,43.305125,46.35260416666667,7.037225193707849,MODERATE_INCREASE,True
Exemestane,Exemestane,63.83610706694174,46.163503922929685,-27.684337212918823,DECREASE,True
"Cyclosporine, Modified",Cyclosporine Modified,52.083477376302085,45.66058241699008,-12.331924216401136,DECREASE,True
Pentazocine Hcl/Naloxone Hcl,Pentazocine-Naloxone Hcl,45.0321131354026,45.53080060010911,1.1074040945115315,MODERATE_INCREASE,True
Dextrose 10 % In Water,Dextrose In Water,38.05786111111111,45.51970833333333,19.606585878373785,HIGH_INCREASE,True
Lubiprostone,Amitiza,72.5579174433196,45.47155645236259,-37.33067588677167,DECREASE,True
Dorzolamide/Timolol/Pf,Cosopt Pf,54.28322169552075,45.15841199246547,-16.809631812638397,DECREASE,True
Milrinone Lactate,Milrinone Lactate,92.13848039215686,45.04450819672132,-51.112165074782745,DECREASE,True
Dofetilide,Dofetilide,76.47276469109971,44.519124079803696,-41.78434079161119,DECREASE,True
Dutasteride/Tamsulosin Hcl,Dutasteride-Tamsulosin,48.69113261682836,44.294221133923536,-9.03020991010012,DECREASE,True
Desmopressin (Nonrefrigerated),Desmopressin Acetate,47.2461918699187,43.9577382125842,-6.960251243927719,DECREASE,True
Prochlorperazine Edisylate,Prochlorperazine Edisylate,60.54518333333333,43.93600694444444,-27.43269649948298,DECREASE,True
Fentanyl,Fentanyl,43.19359646925048,43.6225950526798,0.9931994982976774,MODERATE_INCREASE,True
Telmisartan/Amlodipine,Telmisartan-Amlodipine,43.25078349457635,43.07362097888296,-0.40961689333468987,STABLE,True
Ursodiol,Ursodiol,66.27202824542944,43.04109267947786,-35.05390763040927,DECREASE,True
Zoledronic Ac/Mannitol/0.9nacl,Zoledronic Acid,41.1661875,42.71892045454546,3.771864845500842,MODERATE_INCREASE,True
Fluvastatin Sodium,Fluvastatin Er,47.88029974890144,42.611361685662025,-11.004396569928131,DECREASE,True
Pentamidine Isethionate,Pentam 300,45.081,42.22861111111112,-6.327252920052532,DECREASE,True
Clindamycin Palmitate Hcl,Clindamycin Pediatric,41.35142857142858,42.12994949494949,1.8826941424191272,MODERATE_INCREASE,True
Potassium Chloride In 0.9%nacl,Potassium Chl-Normal Saline,40.62164102564103,41.85150735294118,3.0276135976974254,MODERATE_INCREASE,True
"Griseofulvin, Microsize",Griseofulvin,43.24889900662252,41.26135551948053,-4.59559325854202,STABLE,True
Aspirin/Dipyridamole,Aspirin-Dipyridamole Er,50.825375903855495,41.22935722639933,-18.880369317107665,DECREASE,True
Lamivudine,Lamivudine,43.7139050827979,41.1728570403536,-5.81290561351437,DECREASE,True
Febuxostat,Uloric,51.961964739108765,40.84164430252583,-21.400885229063164,DECREASE,True
Zolmitriptan,Zolmitriptan Odt,50.38065287643182,40.802972778492254,-19.01063116714794,DECREASE,True
Dronabinol,Dronabinol,49.49356271491728,40.498087943848056,-18.175039899396864,DECREASE,True
Drospirenone/Estradiol,Angeliq,42.30167948717949,40.46047297297297,-4.352561261224958,STABLE,True
Tacrolimus,Tacrolimus,48.17983325241835,40.29172788823936,-16.372213915420833,DECREASE,True
Rimantadine Hcl,Rimantadine Hcl,39.86669207317072,40.19567307692308,0.8252026607789633,MODERATE_INCREASE,True
Ziprasidone Hcl,Ziprasidone Hcl,39.07907683376068,39.76901540753461,1.7654935317660492,MODERATE_INCREASE,True
Paricalcitol,Paricalcitol,43.77753463027093,39.4405965553236,-9.906766362189012,DECREASE,True
Fluphenazine Decanoate,Fluphenazine Decanoate,42.27525005480654,39.416116388911256,-6.763138389929435,DECREASE,True
Clindamycin Phosphate/D5w,Clindamycin Phosphate-D5w,32.25086666666667,39.39744949494949,22.159351257587364,HIGH_INCREASE,True
"Potassium Phos,m-Basic-D-Basic",Potassium Phosphate,36.64605555555556,39.28993333333333,7.214631254841707,MODERATE_INCREASE,True
Fosfomycin Tromethamine,Monurol,45.18690857071257,39.13834516680924,-13.385654374735529,DECREASE,True
Mycophenolate Mofetil,Mycophenolate Mofetil,46.287388303283,39.0798800409132,-15.571213945243473,DECREASE,True
Darifenacin Hydrobromide,Darifenacin Er,44.39569002234324,38.56739685692383,-13.128060770057129,DECREASE,True
Pyridostigmine Bromide,Pyridostigmine Bromide,44.27393596212408,38.00111215810869,-14.168209055056066,DECREASE,True
Sod/Pot/K Cit/Sod Cit/Cit Acid,Tricitrates,48.2015,37.88944444444444,-21.39364035466855,DECREASE,True
Ceftazidime,Ceftazidime,39.716727724100906,37.72027469820153,-5.026730902324287,DECREASE,True
Estradiol Valerate,Estradiol Valerate,38.03266174402251,37.66315918472653,-0.9715400983052536,STABLE,True
Trandolapril/Verapamil Hcl,Trandolapril-Verapamil Er,34.9119761904762,37.4675,7.319905913034311,MODERATE_INCREASE,True
Chloroquine Phosphate,Chloroquine Phosphate,40.85439705882353,37.29080337690632,-8.72266864393135,DECREASE,True
Mexiletine Hcl,Mexiletine Hcl,41.91414673011438,36.6738472025099,-12.502460234600091,DECREASE,True
Bromfenac Sodium,Bromsite,49.37289267374331,36.29021658798363,-26.49769008311943,DECREASE,True
Paroxetine Mesylate,Pexeva,42.91472727272728,36.24568027210884,-15.54022925098882,DECREASE,True
Tolterodine Tartrate,Tolterodine Tartrate Er,34.91430477695528,36.06647251006535,3.299987613874956,MODERATE_INCREASE,True
Calcium Gluconate,Calcium Gluconate,46.74352941176471,35.74438172043011,-23.530845508996297,DECREASE,True
Lidocaine,Lidocaine,46.85981291348956,35.51417776494659,-24.211866081259792,DECREASE,True
Potassium Chloride/D5-0.45nacl,Dextrose 5%-0.45% Nacl-Kcl,30.886,35.472042483660125,14.8482888158393,HIGH_INCREASE,True
Estradiol Cypionate,Depo-Estradiol,30.383791666666667,35.26954365079364,16.080126001808452,HIGH_INCREASE,True
Malathion,Malathion,36.90557692307692,35.186093750000005,-4.659141832847843,STABLE,True
Paclitaxel,Paclitaxel,33.92817155067155,34.866913265306124,2.7668502949903093,MODERATE_INCREASE,True
Clonidine,Clonidine,45.90414804157745,34.817997549222845,-24.150650791543676,DECREASE,True
Mefenamic Acid,Mefenamic Acid,51.87408333333334,34.74947916666667,-33.01186848281657,DECREASE,True
Hpv Vaccine 9-Valent/Pf,Gardasil 9,35.78245077206403,34.54515647163121,-3.457824362882374,STABLE,True
Clocortolone Pivalate,Clocortolone Pivalate,34.93363636363636,34.44486111111112,-1.3991536622108425,STABLE,True
Hydrocodone/Ibuprofen,Hydrocodone-Ibuprofen,28.64500452693527,33.84938616352201,18.168548836126014,HIGH_INCREASE,True
Vilazodone Hcl,Viibryd,44.61375674928929,33.69467293959838,-24.474701538925782,DECREASE,True
Loteprednol Etabonate,Lotemax,43.06306451027184,33.689449548563175,-21.767180455707646,DECREASE,True
Methscopolamine Bromide,Methscopolamine Bromide,33.71695132013201,33.400020862308764,-0.9399736494978164,STABLE,True
Diclofenac Potassium,Diclofenac Potassium,30.51086135205072,33.20765683817893,8.838804827602635,MODERATE_INCREASE,True
Carbamazepine,Carbamazepine Er,36.95615053277487,33.07485931904735,-10.502422892463777,DECREASE,True
Butalbit/Acetamin/Caff/Codeine,Butalb-Caff-Acetaminoph-Codein,35.69144469108398,32.78526078460845,-8.14252247738664,DECREASE,True
Azelastine/Fluticasone,Dymista,39.095848093792185,32.23470535087269,-17.549543180287067,DECREASE,True
Erythromycin/Benzoyl Peroxide,Erythromycin-Benzoyl Peroxide,31.133882113821155,31.7821466503268,2.082183436475031,MODERATE_INCREASE,True
Mupirocin Calcium,Mupirocin,49.65592100765654,31.55204842463301,-36.458638195900264,DECREASE,True
Pioglitazone Hcl/Metformin Hcl,Pioglitazone-Metformin,34.19851454759503,31.380396521356232,-8.240469106682239,DECREASE,True
Acetylcysteine,Acetylcysteine,31.93650117712229,31.177581421413503,-2.3763396982648826,STABLE,True
Hydrocortisone Sod Succinate,Solu-Cortef,30.810980392156853,31.0605,0.8098398839222415,MODERATE_INCREASE,True
Calcipotriene,Calcipotriene,40.52749990774056,31.021082405619524,-23.456708466503155,DECREASE,True
Trifluridine,Trifluridine,31.151499522445093,30.7670966029724,-1.2339788625447188,STABLE,True
Eletriptan Hydrobromide,Eletriptan Hbr,40.83175297791981,30.746877188645826,-24.698610894142817,DECREASE,True
Betaxolol Hcl,Betaxolol Hcl,34.779064015939014,30.71491159224177,-11.685629095235772,DECREASE,True
Desoximetasone,Desoximetasone,35.79435835853645,30.519936246836675,-14.735344768212332,DECREASE,True
Desvenlafaxine,Desvenlafaxine Er,32.50969607843137,30.255192837465568,-6.934864095704528,DECREASE,True
Isotretinoin,Myorisan,32.809857660455485,30.18973642172524,-7.985774476212317,DECREASE,True
Butorphanol Tartrate,Butorphanol Tartrate,32.57766591166478,29.948557491987177,-8.07027865902518,DECREASE,True
Fat Emul/Soy/Mct/Oliv/Fish Oil,Smoflipid,42.405277777777776,29.90364583333333,-29.481311288558164,DECREASE,True
Dextroamphetamine Sulfate,Dextroamphetamine Sulfate Er,37.49425617332701,29.8911444118932,-20.27807066310753,DECREASE,True
Palonosetron Hcl,Palonosetron Hcl,38.03422274798457,29.84953574542284,-21.519269781832037,DECREASE,True
Fesoterodine Fumarate,Toviaz,44.879540250860735,29.778645635477748,-33.64761432709501,DECREASE,True
Diclofenac Sodium/Misoprostol,Diclofenac Sodium-Misoprostol,33.2509785910249,29.723055325034576,-10.609983271116652,DECREASE,True
Levocarnitine (With Sugar),Levocarnitine,33.68802250608273,29.59907012805122,-12.137703770808177,DECREASE,True
Oxcarbazepine,Oxcarbazepine,32.11460727512773,29.59174663200189,-7.8558041252453945,DECREASE,True
Selegiline Hcl,Selegiline Hcl,36.15854168960329,29.31747763526622,-18.919634848835983,DECREASE,True
Amikacin Sulfate,Amikacin Sulfate,30.73047297297297,29.102919823232323,-5.296219004413164,DECREASE,True
Levalbuterol Hcl,Levalbuterol Hcl,29.153179298436925,28.919631084999235,-0.8011071830172961,STABLE,True
Linezolid,Linezolid,31.97779099377881,28.899156540905835,-9.627414393545555,DECREASE,True
Levocarnitine,Levocarnitine,30.99230205196833,28.84266842895938,-6.936024369549616,DECREASE,True
Vancomycin Hcl,Vancomycin Hcl,46.01621183508234,28.78077078039139,-37.45514975561462,DECREASE,True
Metaxalone,Metaxalone,34.98733617152812,28.490822150575116,-18.568187040886286,DECREASE,True
Ramelteon,Rozerem,37.33238865103635,28.27411224043716,-24.263854357863945,DECREASE,True
Silodosin,Silodosin,33.72715028183422,28.230166268064323,-16.29839452143286,DECREASE,True
"Meningococcal B Vaccine,4-Comp",Bexsero,27.93405599697314,28.14657216494845,0.7607780552825442,MODERATE_INCREASE,True
Calcium Acetate,Calcium Acetate,26.2046388166363,28.09678633951688,7.220658663226173,MODERATE_INCREASE,True
Acamprosate Calcium,Acamprosate Calcium,32.55659537235077,27.92268839832789,-14.23338933639942,DECREASE,True
Sodium Bicarbonate,Sodium Bicarbonate,27.05571122536417,27.784705949919594,2.694420850677939,MODERATE_INCREASE,True
"Pen Needle,dual Safety,diabetc",Autoshield Duo Pen Needle,29.18624395836897,27.626019819692583,-5.345751720919887,DECREASE,True
Armodafinil,Armodafinil,32.900949577633256,27.28701518652468,-17.06313788257663,DECREASE,True
"N.Meningitidis B,lipid Fhbp Rc",Trumenba,25.5618137254902,27.075355805243447,5.921105974745231,MODERATE_INCREASE,True
Clorazepate Dipotassium,Clorazepate Dipotassium,30.55855455082474,27.05068652704221,-11.479168682367726,DECREASE,True
Estazolam,Estazolam,26.10652896187016,26.999298419712403,3.4197171870154563,MODERATE_INCREASE,True
Estradiol/Norethindrone Acet,Combipatch,30.332356902356903,26.943207730228654,-11.17337892020156,DECREASE,True
Potassium Chloride/D5-0.9%nacl,Dextrose 5%-Ns-Kcl,26.27693333333333,26.721666666666664,1.692485678186707,MODERATE_INCREASE,True
Carbidopa/Levodopa,Carbidopa-Levodopa,41.24343192240845,26.641803641629952,-35.40352390714875,DECREASE,True
Zafirlukast,Zafirlukast,29.71678404333909,26.51313329300262,-10.7806105319615,DECREASE,True
Potassium Citrate,Potassium Citrate Er,37.03499648093618,26.254661451542805,-29.108508313056188,DECREASE,True
Clobetasol Propionate/Emoll,Clobetasol Emollient,26.964063218390816,26.077334383018425,-3.2885579157357814,STABLE,True
Galantamine Hbr,Galantamine Er,28.83986624885356,25.93141102020282,-10.084842986282426,DECREASE,True
Mercaptopurine,Mercaptopurine,29.99238893911996,25.893639652197,-13.665964706055275,DECREASE,True
"Cefazolin Sodium/Dextrose,iso",Cefazolin Sodium-Dextrose,24.201066666666662,25.58343023255814,5.711994371700467,MODERATE_INCREASE,True
Telmisartan/Hydrochlorothiazid,Telmisartan-Hydrochlorothiazid,35.84189716248184,25.461447175348496,-28.961776046830668,DECREASE,True
Cabergoline,Cabergoline,31.697860268924007,25.439004699369125,-19.745356678510404,DECREASE,True
Azelaic Acid,Azelaic Acid,30.16524137332829,25.06750683826624,-16.89936596883789,DECREASE,True
Ranolazine,Ranexa,40.73691094187347,25.014541852017327,-38.59489766489663,DECREASE,True
Pimozide,Pimozide,27.451009118874968,24.80823749487495,-9.627229412790085,DECREASE,True
Thiothixene,Thiothixene,28.51677679673408,24.614615261813537,-13.68373979547171,DECREASE,True
"Pen Needle, Diabetic, Safety",Novofine Autocover,26.932405961343363,24.44605815412574,-9.231807254005933,DECREASE,True
Granisetron Hcl,Granisetron Hcl,24.224367283950613,24.245420484917904,0.08690918825871424,MODERATE_INCREASE,True
Sodium Polystyrene Sulfon/Sorb,Sps,25.26023577771915,24.22154816078877,-4.1119474341825235,STABLE,True
Ezetimibe/Simvastatin,Ezetimibe-Simvastatin,35.97531132858607,24.06040786176902,-33.119667424113274,DECREASE,True
Candesartan Cilexetil,Candesartan Cilexetil,33.80656385423346,24.036177730241658,-28.90085536678492,DECREASE,True
Apraclonidine Hcl,Apraclonidine Hcl,24.247958207452168,23.9388696969697,-1.2746991224501334,STABLE,True
Haloperidol Decanoate,Haloperidol Decanoate,25.498357391991977,23.90401359897462,-6.252731376014357,DECREASE,True
Desvenlafaxine Succinate,Desvenlafaxine Succinate Er,30.224663423987263,23.868919099027057,-21.028337804139394,DECREASE,True
Epinephrine,Epinephrine,28.626277989901165,23.737927899576903,-17.076443161939476,DECREASE,True
Desmopressin Acetate,Desmopressin Acetate,26.907042870384675,23.603324565678573,-12.278266031018779,DECREASE,True
Codeine/Butalbital/Asa/Caffein,Butalbital Compound-Codeine,28.65612092534175,23.54762385953745,-17.826896665859103,DECREASE,True
Dexmethylphenidate Hcl,Dexmethylphenidate Hcl Er,27.70859055623376,23.5014708135338,-15.183449097353888,DECREASE,True
Perphenazine/Amitriptyline Hcl,Perphenazine-Amitriptyline,20.80070060922541,23.4571955624355,12.771180178574845,HIGH_INCREASE,True
Urea,Urea,23.25870833333333,23.437611111111117,0.7691862128104108,MODERATE_INCREASE,True
Ciclesonide,Alvesco,27.79457278672878,23.23122548055524,-16.4181235710607,DECREASE,True
Ethosuximide,Ethosuximide,27.880845639943747,22.955072378716743,-17.66723048805252,DECREASE,True
Zonisamide,Zonisamide,27.944367925976582,22.8840047089692,-18.108705233240787,DECREASE,True
Modafinil,Modafinil,43.74168412269001,22.835293170103096,-47.79512122566446,DECREASE,True
Enoxaparin Sodium,Enoxaparin Sodium,29.06995531655453,22.767928577735216,-21.67883187364408,DECREASE,True
Theophylline Anhydrous,Theophylline Anhydrous,32.35015618884975,22.524767621106346,-30.371997310881483,DECREASE,True
Etonogestrel/Ethinyl Estradiol,Nuvaring,24.13870833333334,22.352618563685635,-7.399276485648902,DECREASE,True
Rifapentine,Priftin,21.987810457516343,21.94921157684631,-0.17554672278357103,STABLE,True
Codeine Sulfate,Codeine Sulfate,23.808872016197785,21.916756610316423,-7.947102259166701,DECREASE,True
Dantrolene Sodium,Dantrolene Sodium,23.452212567501235,21.78588991624318,-7.105183131280131,DECREASE,True
Hepatitis A And B Vaccine/Pf,Twinrix,19.16651786373197,21.640907072334446,12.909956968681646,HIGH_INCREASE,True
Nateglinide,Nateglinide,25.194317989547944,21.600322913685243,-14.265101668374976,DECREASE,True
Rivastigmine Tartrate,Rivastigmine,26.26602695485873,21.195913041664717,-19.302934250039428,DECREASE,True
Eplerenone,Eplerenone,30.034673221703013,21.05086030278784,-29.911472159528884,DECREASE,True
Norelgestromin/Ethin.Estradiol,Xulane,22.70952116402117,20.99061827956989,-7.569084667335684,DECREASE,True
Omega-3 Acid Ethyl Esters,Omega-3 Acid Ethyl Esters,25.81426816003074,20.92185491334744,-18.952360827561325,DECREASE,True
Pindolol,Pindolol,23.54793713397872,20.90641567668297,-11.217634233803622,DECREASE,True
Dapsone,Dapsone,22.50477103277564,20.872379212430456,-7.2535366743691405,DECREASE,True
Granisetron Hcl/Pf,Granisetron Hcl,21.62395604395605,20.77943854995579,-3.905471747554286,STABLE,True
Perphenazine,Perphenazine,26.09433465765709,20.659725272868585,-20.82677890081317,DECREASE,True
Propafenone Hcl,Propafenone Hcl,31.42787732344826,20.651141031952022,-34.29037278141512,DECREASE,True
Difluprednate,Durezol,25.084993967777475,20.50281825680506,-18.266600808668223,DECREASE,True
Quinine Sulfate,Quinine Sulfate,20.893582949308755,20.45837301587302,-2.0829837299405596,STABLE,True
Risedronate Sodium,Risedronate Sodium,30.561439158955647,20.438912086485683,-33.12189265636623,DECREASE,True
Brimonidine Tartrate,Alphagan P,26.7863972420226,20.336943623719208,-24.07734627404638,DECREASE,True
Niacin,Niacin Er,26.445624429280603,20.301152307963356,-23.23436203122542,DECREASE,True
"Heparin Sodium,porcine",Heparin Sodium,20.9482800235924,20.138876255240323,-3.8638196904018325,STABLE,True
Besifloxacin Hcl,Besivance,28.53166944454848,20.01822572815534,-29.83857545713925,DECREASE,True
"Syringe,needle,insuln,sf 0.5ml",Easy Touch Insulin Safety,14.551604166666666,19.97647786458333,37.280245090389506,HIGH_INCREASE,True
Flavoxate Hcl,Flavoxate Hcl,19.800436373873875,19.859684368737472,0.2992257026303368,MODERATE_INCREASE,True
Divalproex Sodium,Divalproex Sodium,25.653009746803612,19.77377521245336,-22.918303124579023,DECREASE,True
Rifampin,Rifampin,21.05547876706412,19.6639871170048,-6.608691568846914,DECREASE,True
Varicella Vaccine Live/Pf,Varivax Vaccine,19.703373050897323,19.58431498742417,-0.6042521915694479,STABLE,True
Scopolamine,Transderm-Scop,23.59864971135721,19.58073541558503,-17.026034730446888,DECREASE,True
Salsalate,Salsalate,22.52855884425652,19.560202020202023,-13.175972970908678,DECREASE,True
Sod Picosulf/Mag Ox/Citric Ac,Clenpiq,14.840409172744756,19.43437950429703,30.955819870447765,HIGH_INCREASE,True
Drospir/Eth Estra/Levomefol Ca,Drospirenone-Eth Estra-Levomef,23.421916666666664,19.26148148148148,-17.763000545152593,DECREASE,True
Midodrine Hcl,Midodrine Hcl,24.447016411044668,19.24658453339435,-21.27225584591528,DECREASE,True
Fluorometholone Acetate,Flarex,22.110815355952152,19.10380575751621,-13.599722805457134,DECREASE,True
"Heparin Sodium,porcine/Pf",Heparin Sodium,19.191666666666663,19.097916666666663,-0.48849326964828493,STABLE,True
"Fluconazole In Nacl,iso-Osm",Fluconazole-Nacl,17.289575000000003,19.033029513888888,10.08384829522348,HIGH_INCREASE,True
"Estrogens,esterified",Menest,18.69021913580247,18.9768458781362,1.5335654453867598,MODERATE_INCREASE,True
Cefazolin Sodium,Cefazolin Sodium,21.000071785538903,18.916096890897418,-9.923656051864334,DECREASE,True
Glipizide/Metformin Hcl,Glipizide-Metformin,20.62837080418934,18.902902018456047,-8.364542222514613,DECREASE,True
Mafenide Acetate,Sulfamylon,17.550795454545455,18.88024509803921,7.5748683125894685,MODERATE_INCREASE,True
Loxapine Succinate,Loxapine,20.552141074528773,18.81782257603067,-8.438626867190607,DECREASE,True
Megestrol Acetate,Megestrol Acetate,19.45834660587258,18.76631368831549,-3.556483660067168,STABLE,True
Trospium Chloride,Trospium Chloride,22.178088894910232,18.74317865490165,-15.487854955784202,DECREASE,True
Dextroamphetamine/Amphetamine,Dextroamphetamine-Amphet Er,20.8536370286227,18.739109116750765,-10.139851906742386,DECREASE,True
Clindamycin Phos/Benzoyl Perox,Clindamycin-Benzoyl Peroxide,23.47964003944773,18.69153517316017,-20.3925820763996,DECREASE,True
Pilocarpine Hcl,Pilocarpine Hcl,20.752122626411843,18.6437377163934,-10.159851828048854,DECREASE,True
Amoxapine,Amoxapine,17.98248581560284,18.463344346549192,2.6740381495484193,MODERATE_INCREASE,True
Captopril,Captopril,21.30158314036829,18.33755264097073,-13.914601932944937,DECREASE,True
Nebivolol Hcl,Bystolic,27.43752615781067,18.335754931369877,-33.172710885415526,DECREASE,True
Ceftriaxone In Is-Osm Dextrose,Ceftriaxone,20.54928324099723,18.326936475409838,-10.81471669607268,DECREASE,True
Cisplatin,Cisplatin,17.092944444444445,18.278630952380954,6.936701349438257,MODERATE_INCREASE,True
Colestipol Hcl,Colestipol Hcl,23.46818530650363,18.253434176633917,-22.2205128422289,DECREASE,True
Disulfiram,Disulfiram,19.193722428092467,18.092272374747942,-5.738595300994934,DECREASE,True
Colchicine,Colchicine,21.22715055261543,17.881762776497826,-15.759947468339853,DECREASE,True
Fluvoxamine Maleate,Fluvoxamine Maleate,20.46937737898744,17.853731730783917,-12.778335167578557,DECREASE,True
Hydrocortisone Sodium Succ/Pf,Solu-Cortef,20.139438775510204,17.793007293007292,-11.65092785681893,DECREASE,True
Raloxifene Hcl,Raloxifene Hcl,23.04496090109629,17.76784310234842,-22.89922652243176,DECREASE,True
Acebutolol Hcl,Acebutolol Hcl,17.665112779592864,17.668990601424536,0.0219518656917488,MODERATE_INCREASE,True
Epinastine Hcl,Epinastine Hcl,18.425557225896977,17.59088574016563,-4.529966043893774,STABLE,True
Ethambutol Hcl,Ethambutol Hcl,19.40107615593835,17.57037593741919,-9.436075626963685,DECREASE,True
Bethanechol Chloride,Bethanechol Chloride,17.956724792109487,17.372206840967866,-3.2551479064738373,STABLE,True
Leflunomide,Leflunomide,21.081963784410156,17.340288531903735,-17.748229200893245,DECREASE,True
Vardenafil Hcl,Levitra,18.298512254901954,17.27380319148936,-5.599958341630132,DECREASE,True
Adapalene/Benzoyl Peroxide,Epiduo Forte,24.956994047619048,17.110680272108844,-31.439338249386484,DECREASE,True
Doxepin Hcl,Doxepin Hcl,20.705760204057103,17.071263089205868,-17.55307257030384,DECREASE,True
Prasugrel Hcl,Prasugrel Hcl,25.27599351260525,17.009104642379874,-32.70648438053539,DECREASE,True
Isosorbide Dinitrate,Isosorbide Dinitrate,20.333126513027427,16.924145631403444,-16.765650277343475,DECREASE,True
Doxorubicin Hcl,Doxorubicin Hcl,15.122583333333331,16.88537878787879,11.656708484851848,HIGH_INCREASE,True
Cromolyn Sodium,Cromolyn Sodium,21.496590534074045,16.561068849419343,-22.959555734345187,DECREASE,True
Dipyridamole,Dipyridamole,20.446152241297096,16.528942834768987,-19.15866301052057,DECREASE,True
Lamotrigine,Lamotrigine,23.315059204752448,16.364264888484595,-29.8124669348943,DECREASE,True
Sulfacetamide Sodium,Sulfacetamide Sodium,15.746242798353911,16.34424387306984,3.797738180300648,MODERATE_INCREASE,True
Phenytoin Sodium,Phenytoin Sodium,16.789166666666667,16.325083333333335,-2.764183253089777,STABLE,True
Cholestyramine (With Sugar),Cholestyramine,21.762568343380654,16.048156858563477,-26.2579829487602,DECREASE,True
Sodium Chloride,Sodium Chloride,15.665989583333335,16.04683632734531,2.4310417288745625,MODERATE_INCREASE,True
"Progesterone, Micronized",Progesterone,16.933477080554116,16.003335292069295,-5.492916688403987,DECREASE,True
Methenamine Hippurate,Methenamine Hippurate,26.364027684076223,15.975285423488804,-39.40498919617726,DECREASE,True
Zanamivir,Relenza,15.852849462365592,15.86808823529412,0.09612639648603853,MODERATE_INCREASE,True
Phenelzine Sulfate,Phenelzine Sulfate,17.08596031746032,15.824874528092383,-7.380830611430247,DECREASE,True
Olanzapine,Olanzapine,19.3917837533814,15.823558729954174,-18.40070551944467,DECREASE,True
"Thyroid,pork",Armour Thyroid,20.61618853806112,15.792799711868115,-23.39612298989301,DECREASE,True
Zidovudine,Zidovudine,13.877317757009346,15.773998435054772,13.667487559600087,HIGH_INCREASE,True
Perindopril Erbumine,Perindopril Erbumine,14.967459129952896,15.545896109271522,3.8646304245525376,MODERATE_INCREASE,True
Solifenacin Succinate,Solifenacin Succinate,21.514596624287467,15.53373903884995,-27.799069115178426,DECREASE,True
Naproxen Sodium,Naproxen Sodium,24.598532446854296,15.46826688847007,-37.117114925902094,DECREASE,True
"Calcitonin,salmon,synthetic",Calcitonin-Salmon,20.00649339124749,15.437096358375276,-22.839569851212644,DECREASE,True
"Mening Vac A,c,y,w-135 Dip/Pf",Menactra,16.484208139792084,15.433079595227309,-6.37657893937533,DECREASE,True
Levalbuterol Tartrate,Levalbuterol Tartrate Hfa,16.472472573197336,15.209718610146153,-7.6658434697037166,DECREASE,True
Probenecid,Probenecid,16.993939587692783,15.150662164260206,-10.84667515687475,DECREASE,True
Dextrose 50 % In Water,Dextrose In Water,7.621666666666667,15.096666666666666,98.07566149136233,HIGH_INCREASE,True
Zoledronic Acid/Mannitol-Water,Zoledronic Acid,17.247217830478704,15.074176747861154,-12.599371701431314,DECREASE,True
Tetracycline Hcl,Tetracycline Hcl,17.922235185844908,14.969883028598218,-16.47312473378586,DECREASE,True
Dextrose 5%-Lactated Ringers,Dextrose In Lactated Ringers,12.084801706827312,14.93343265503876,23.57201232852761,HIGH_INCREASE,True
Halobetasol Propionate,Halobetasol Propionate,18.533758659502755,14.871756495710136,-19.758551036894033,DECREASE,True
Methenamine Mandelate,Methenamine Mandelate,17.067428465254554,14.860211205372922,-12.932336376127374,DECREASE,True
Diclofenac Sodium,Diclofenac Sodium,13.138018255637276,14.795871719122571,12.618748362401933,HIGH_INCREASE,True
Carboplatin,Carboplatin,15.88801917989418,14.666864767518009,-7.68600791923455,DECREASE,True
Etoposide,Etoposide,13.289190476190477,14.634086021505375,10.120221752592641,HIGH_INCREASE,True
Thioridazine Hcl,Thioridazine Hcl,16.231752748842588,14.583890453495089,-10.152090909991225,DECREASE,True
Baloxavir Marboxil,Xofluza,14.938942043895752,14.46804761904762,-3.1521269944316095,STABLE,True
Vancomycin Hcl In 5 % Dextrose,Vancomycin Hcl,18.794264705882355,14.464583333333332,-23.037248013187188,DECREASE,True
Varicella-Zoster Ge/As01b/Pf,Shingrix,23.61568240330457,14.392378079690957,-39.05584503593674,DECREASE,True
Butalbital/Aspirin/Caffeine,Butalbital-Aspirin-Caffeine,16.365624366767978,14.275856232206957,-12.769253941844728,DECREASE,True
Trimethoprim,Trimethoprim,12.339064008879452,14.265707363871384,15.61417749033053,HIGH_INCREASE,True
"Syringe,needle,insuln,safe,1ml",Magellan Insulin Safety Syrng,12.09871394230769,14.25975139220366,17.86171208114188,HIGH_INCREASE,True
Tretinoin,Tretinoin,17.724375835710465,14.251826528662775,-19.591941286030035,DECREASE,True
Azathioprine,Azathioprine,20.90576719273623,14.233912847913205,-31.913941656927957,DECREASE,True
Desipramine Hcl,Desipramine Hcl,16.850587555429765,14.23295116995937,-15.534392357890898,DECREASE,True
"Ringer's Solution,lactated",Lactated Ringers,13.313985518065095,14.024007010344532,5.332899688947705,MODERATE_INCREASE,True
Trifluoperazine Hcl,Trifluoperazine Hcl,16.251134349858663,13.971207630073929,-14.029338941527877,DECREASE,True
Sodium Polystyrene Sulfonate,Sodium Polystyrene Sulfonate,15.253457441610475,13.921594650205762,-8.731546906680157,DECREASE,True
Hydrocortisone/Acetic Acid,Hydrocortisone-Acetic Acid,14.96898001508296,13.89236177991796,-7.192328629473646,DECREASE,True
Naltrexone Hcl,Naltrexone Hcl,17.24928175173736,13.858610392537283,-19.656884315537173,DECREASE,True
Amitriptyline/Chlordiazepoxide,Chlordiazepoxide-Amitriptyline,13.992137499999998,13.780770944741532,-1.5106094780619954,STABLE,True
Levetiracetam,Levetiracetam,21.72898230434432,13.766234166297007,-36.645748183315995,DECREASE,True
Magnesium Sulfate In Water,Magnesium Sulfate,12.175533707865164,13.721746987951809,12.699347044539172,HIGH_INCREASE,True
Risperidone,Risperidone,13.053901220159275,13.55640942051547,3.8494867693664316,MODERATE_INCREASE,True
Methylphenidate Hcl,Methylphenidate Hcl,19.23968752461987,13.535001098768667,-29.65061890195077,DECREASE,True
Cimetidine,Cimetidine,14.71180600176934,13.486738187202263,-8.327106912772921,DECREASE,True
Fluorometholone,Fluorometholone,14.304024466589023,13.470875656242868,-5.824576239310858,DECREASE,True
Pamidronate Disodium,Pamidronate Disodium,14.116291079812209,13.37755747126437,-5.233199034867642,DECREASE,True
Estradiol,Estradiol,17.776701609314276,13.34850508788915,-24.910113353677097,DECREASE,True
Amlodipine Bes/Olmesartan Med,Amlodipine-Olmesartan,21.85273161171512,13.340811634045131,-38.95128594864909,DECREASE,True
Magnesium Sulfate/D5w,Magnesium Sulfate-D5w,10.572444444444445,13.336746031746031,26.146286242763452,HIGH_INCREASE,True
Probenecid/Colchicine,Probenecid-Colchicine,15.435948958333332,13.284875822368422,-13.935477124026255,DECREASE,True
Acarbose,Acarbose,16.7429346832463,13.279512876136309,-20.6858706232405,DECREASE,True
Sildenafil Citrate,Viagra,17.448300113136863,13.274063679603932,-23.923456190383494,DECREASE,True
Valproic Acid (As Sodium Salt),Valproic Acid,14.057417063450984,13.161184528342051,-6.375513588759632,DECREASE,True
Leucovorin Calcium,Leucovorin Calcium,14.389730442815988,13.107310501989067,-8.912049783859322,DECREASE,True
Oxaprozin,Oxaprozin,15.963023795705167,12.949923354813512,-18.87549927540875,DECREASE,True
Propylthiouracil,Propylthiouracil,14.60816543474806,12.942640983987005,-11.401325225954215,DECREASE,True
Sucralfate,Sucralfate,17.782453402354317,12.934871780041965,-27.26047701421534,DECREASE,True
Rabeprazole Sodium,Rabeprazole Sodium,18.025824676998244,12.92438173559781,-28.300746472421327,DECREASE,True
Phenytoin Sodium Extended,Phenytoin Sodium Extended,19.662852153159545,12.866486849276356,-34.56449375169161,DECREASE,True
Diflunisal,Diflunisal,15.05430694842407,12.813889765851092,-14.88223396964489,DECREASE,True
"Pen Needle, Diabetic",Ultra-Fine Mini Pen Needle,18.71403247456256,12.726788913133491,-31.993337457158717,DECREASE,True
Oxazepam,Oxazepam,14.55952020629016,12.713560878422912,-12.678709886811626,DECREASE,True
Haloperidol,Haloperidol,15.733024308697468,12.704264446126672,-19.250970462789212,DECREASE,True
Lansoprazole,Lansoprazole,14.473718730954388,12.645093498667862,-12.634107835574529,DECREASE,True
Fluocinonide/Emollient Base,Fluocinonide-E,16.29186277415531,12.378167225950785,-24.022394507355155,DECREASE,True
Ciprofloxacin Hcl/Dexameth,Ciprodex,19.785213710078605,12.357611085586768,-37.541179657352956,DECREASE,True
Fenofibric Acid (Choline),Fenofibric Acid,18.6306062762062,12.354215711002746,-33.68860074735868,DECREASE,True
Podofilox,Podofilox,12.000689655172415,12.227932780847146,1.8935838872958997,MODERATE_INCREASE,True
Memantine Hcl,Memantine Hcl,19.81265141061024,12.19867487837491,-38.42987177454618,DECREASE,True
Hydrocortisone Valerate,Hydrocortisone Valerate,14.4075251083624,12.173595264727815,-15.505298979753082,DECREASE,True
"Syrge-Ndl,ins 0.5 Ml Half Mark",Droplet Insulin Syringe,12.61553664921466,12.167606382978724,-3.5506239543429996,STABLE,True
Fluocinolone/Shower Cap,Fluocinolone Acetonide,14.025286095636028,12.07768975697887,-13.88632164347188,DECREASE,True
"Syringe,insul U-500,ndl,0.5ml",Insulin Syringe U-500,11.28165285451197,11.9975390625,6.3455791205427765,MODERATE_INCREASE,True
Liothyronine Sodium,Liothyronine Sodium,15.240851141194897,11.91497302223315,-21.822128489741253,DECREASE,True
Valproic Acid,Valproic Acid,12.78416273181414,11.888764227899328,-7.003966725850262,DECREASE,True
Citric Acid/Sodium Citrate,Sodium Citrate-Citric Acid,11.292573529411762,11.765175702811243,4.185070587927354,MODERATE_INCREASE,True
Acetazolamide,Acetazolamide,14.619583560152424,11.753779843779348,-19.602498967099148,DECREASE,True
Tobramycin Sulfate,Tobramycin Sulfate,25.547181414662088,11.568909754825247,-54.71551414205875,DECREASE,True
Verapamil Hcl,Verapamil Er,12.330092365929822,11.525091373705612,-6.52875070464652,DECREASE,True
Metoprolol/Hydrochlorothiazide,Metoprolol-Hydrochlorothiazide,12.994853217472988,11.501625080749356,-11.490919610510296,DECREASE,True
Amlodipine Besylate/Valsartan,Amlodipine-Valsartan,21.326618302157,11.496913484864876,-46.091249339319475,DECREASE,True
Eszopiclone,Eszopiclone,12.966031186248411,11.470489544011023,-11.534305453649827,DECREASE,True
Glycopyrrolate,Glycopyrrolate,14.569257346673036,11.44924199165237,-21.415061047934177,DECREASE,True
Typhoid Vi Polysacch Vaccine,Typhim Vi,11.19149818598241,11.416178829251187,2.0076011230578166,MODERATE_INCREASE,True
Nadolol,Nadolol,16.528418810893452,11.412932649808887,-30.949640250603288,DECREASE,True
Flunisolide,Flunisolide,13.568476125511594,11.303566806791956,-16.69243692341494,DECREASE,True
Repaglinide,Repaglinide,16.538830257305897,11.302503008768412,-31.660807729883917,DECREASE,True
Bumetanide,Bumetanide,13.077131926251598,11.06977551270461,-15.350127419891932,DECREASE,True
Guanfacine Hcl,Guanfacine Hcl Er,14.048762963980748,11.023640536551342,-21.533016360126773,DECREASE,True
Esomeprazole Magnesium,Esomeprazole Magnesium,22.002290248291477,11.015325114654395,-49.935552206844655,DECREASE,True
Phenytoin,Phenytoin,12.182768474285616,10.956312767685718,-10.067134651607308,DECREASE,True
Morphine Sulfate,Morphine Sulfate Er,12.118865900161817,10.888757041536698,-10.150362820737985,DECREASE,True
Lactulose,Lactulose,12.930968962783576,10.797071711579337,-16.502222357394686,DECREASE,True
Valsartan/Hydrochlorothiazide,Valsartan-Hydrochlorothiazide,15.986086364089902,10.779415308319535,-32.570017058498394,DECREASE,True
Benazepril/Hydrochlorothiazide,Benazepril-Hydrochlorothiazide,12.907652361968784,10.633394588676884,-17.619453247693535,DECREASE,True
Norethindrone Acetate,Norethindrone Acetate,12.85467873108202,10.618274620159347,-17.39758851783009,DECREASE,True
Potassium Citrate/Citric Acid,Potassium Citrate-Citric Acid,11.903075268817204,10.528487827715354,-11.548170620267289,DECREASE,True
Flecainide Acetate,Flecainide Acetate,16.56381619619737,10.4643858409027,-36.82382298286395,DECREASE,True
Prochlorperazine,Prochlorperazine,12.611751253132832,10.429130658436211,-17.306245190607015,DECREASE,True
Sumatriptan Succinate,Sumatriptan Succinate,11.234987946336618,10.41185437929624,-7.3265193605194385,DECREASE,True
Noreth-Ethinyl Estradiol/Iron,Wymzya Fe,11.80725757575758,10.409215277777776,-11.840533578688387,DECREASE,True
Tinidazole,Tinidazole,12.281030210454851,10.34455685618729,-15.76800415830782,DECREASE,True
Olmesartan/Hydrochlorothiazide,Olmesartan-Hydrochlorothiazide,16.697773903483927,10.339976244392869,-38.07572012796585,DECREASE,True
"Measles,mumps,rubella Vacc/Pf",M-M-R Ii Vaccine,10.86195498563618,10.303831908306922,-5.1383298684934555,DECREASE,True
Fluocinolone Acetonide Oil,Fluocinolone Acetonide Oil,9.74134677943136,10.209816255009006,4.809083242645755,MODERATE_INCREASE,True
Peg3350/Sod Sul/Nacl/Kcl/Asb/C,Moviprep,11.52105769042634,10.203088593138435,-11.439653655958159,DECREASE,True
Ipratropium Bromide,Ipratropium Bromide,13.822593641012512,10.156307302581803,-26.523866892481053,DECREASE,True
Ibandronate Sodium,Ibandronate Sodium,11.648662624525096,10.102154392633054,-13.27627283698666,DECREASE,True
Fenofibrate,Fenofibrate,11.180558780016636,9.965792260797686,-10.864989336580743,DECREASE,True
Fluocinonide,Fluocinonide,11.43521663897282,9.963563029257134,-12.869486046290406,DECREASE,True
Neomycin Sulf/Polymyxin B Sulf,Neomycin-Polymyxin B,14.323500000000005,9.869042397660818,-31.098946502874192,DECREASE,True
Ezetimibe,Ezetimibe,11.52859318264628,9.858398678338164,-14.487409503027832,DECREASE,True
Hydroxychloroquine Sulfate,Hydroxychloroquine Sulfate,17.92267595074797,9.856436816257638,-45.00577456545322,DECREASE,True
Mv-Mins 71/Iron/Folic No.1/Dha,Virt-Pn Plus,12.0495,9.828809523809523,-18.42973132653203,DECREASE,True
Dutasteride,Dutasteride,13.199890156520553,9.82455930196626,-25.570901079710335,DECREASE,True
Triazolam,Triazolam,12.431540134939157,9.713739555945075,-21.862138958596404,DECREASE,True
Hydroxyurea,Hydroxyurea,11.617405336611776,9.699110147830996,-16.512251515709377,DECREASE,True
Dicloxacillin Sodium,Dicloxacillin Sodium,9.1276321786691,9.654974676420933,5.777429320434397,MODERATE_INCREASE,True
Famciclovir,Famciclovir,12.042956555096096,9.629374203821657,-20.041443645772414,DECREASE,True
Moexipril Hcl,Moexipril Hcl,10.768867612293144,9.623179392446636,-10.63889223170182,DECREASE,True
"Water For Irrigation,sterile",Water,9.526096845936111,9.615597142857142,0.9395274724633138,MODERATE_INCREASE,True
Topiramate,Topiramate,12.789760860453724,9.582702224575314,-25.075204070427297,DECREASE,True
Pentoxifylline,Pentoxifylline,10.975381469021585,9.57739179495446,-12.737504186191629,DECREASE,True
Pregabalin,Lyrica,15.241200725416142,9.555667071461643,-37.30371219685687,DECREASE,True
Sulfasalazine,Sulfasalazine,9.50903325322202,9.52474808932155,0.16526218471478454,MODERATE_INCREASE,True
Progesterone,Progesterone,10.6105,9.432820512820513,-11.099189361288227,DECREASE,True
Fosinopril/Hydrochlorothiazide,Fosinopril-Hydrochlorothiazide,9.995098600508904,9.399016666666666,-5.9637424068221545,DECREASE,True
Cefaclor,Cefaclor,10.376164549304294,9.382084468664852,-9.58041939211627,DECREASE,True
Naratriptan Hcl,Naratriptan Hcl,11.657419009580494,9.304447569985763,-20.18432585858819,DECREASE,True
Quetiapine Fumarate,Quetiapine Fumarate,11.672702424233064,9.303296150787409,-20.298695086466516,DECREASE,True
"Potassium Phosphate,monobasic",K-Phos Original,9.579285185185189,9.222467793880837,-3.724885358420968,STABLE,True
Desloratadine,Desloratadine,10.912702991452994,9.198326766615478,-15.70991372330249,DECREASE,True
Prazosin Hcl,Prazosin Hcl,12.795249560998023,9.110332188528536,-28.799105128060237,DECREASE,True
"Gentamicin In Nacl, Iso-Osm",Gentamicin Sulfate In Ns,10.146221682847896,9.073314536340852,-10.574450076532276,DECREASE,True
Fenofibrate Nanocrystallized,Fenofibrate,12.553183238683443,8.965594552371412,-28.57911509852454,DECREASE,True
Oxycodone Hcl,Oxycodone Hcl,13.78173945776004,8.942172981328568,-35.115788476950726,DECREASE,True
Fluocinolone Acetonide,Fluocinolone Acetonide,11.554403902987664,8.816902593074554,-23.692276407312235,DECREASE,True
"Syringe With Needle, Insulin",Monoject Insulin Safety Syrng,9.3515561694291,8.791603214890015,-5.9878050710919215,DECREASE,True
Methotrexate Sodium,Methotrexate,10.522372333822128,8.750469438369036,-16.839386017140388,DECREASE,True
Phenobarbital,Phenobarbital,12.26730604665868,8.646374427800291,-29.51692576256092,DECREASE,True
Hyoscyamine Sulfate,Hyoscyamine Sulfate,8.382877624845595,8.584259220598469,2.4022967382466525,MODERATE_INCREASE,True
Bisoprolol Fumarate,Bisoprolol Fumarate,11.282336699628994,8.462929427311598,-24.989568627304912,DECREASE,True
Olmesartan Medoxomil,Olmesartan Medoxomil,9.063731740581783,8.392164271250062,-7.409392605088453,DECREASE,True
Levofloxacin In Dextrose 5 %,Levofloxacin-D5w,8.21645117845118,8.367241430260046,1.835223608512821,MODERATE_INCREASE,True
Dextrose 5 % And 0.9 % Nacl,Dextrose 5%-0.9% Nacl,7.877301104972376,8.342331630722663,5.9034245302207236,MODERATE_INCREASE,True
Telmisartan,Telmisartan,14.418321777707554,8.32727657177078,-42.24517457610259,DECREASE,True
Valacyclovir Hcl,Valacyclovir,9.279673490930694,8.309196267885177,-10.45809665602991,DECREASE,True
Diphenhydramine Hcl,Diphenhydramine Hcl,9.851425526173774,8.285072682052709,-15.899758262999583,DECREASE,True
Magnesium Sulfate,Magnesium Sulfate,8.838434385382063,8.28029796867352,-6.314878771195601,DECREASE,True
"Sodium, Potassium,mag Sulfates",Suprep,7.11717621740996,8.265187802643633,16.130155417894795,HIGH_INCREASE,True
Irbesartan/Hydrochlorothiazide,Irbesartan-Hydrochlorothiazide,9.851462242888443,8.25069991202171,-16.24898204347571,DECREASE,True
Potassium Bicarbonate/Cit Ac,Effer-K,7.463677536231885,8.228604278074867,10.24865742296207,HIGH_INCREASE,True
Testosterone Cypionate,Testosterone Cypionate,11.9335575433253,8.212704624549017,-31.179745899473517,DECREASE,True
Ceftriaxone Sodium,Ceftriaxone,13.562883885103092,8.139937372920915,-39.98372734089773,DECREASE,True
Irbesartan,Irbesartan,10.474396908445623,8.121016521670496,-22.467932114330804,DECREASE,True
Bisoprolol/Hydrochlorothiazide,Bisoprolol-Hydrochlorothiazide,11.854512325108203,8.10662836465931,-31.615673911028512,DECREASE,True
Methadone Hcl,Methadone Hcl,9.321719575403655,8.02753020170528,-13.883590503121662,DECREASE,True
Diltiazem Hcl,Diltiazem Hcl,12.184191712961578,7.994800431002127,-34.3838260317487,DECREASE,True
Nifedipine,Nifedipine Er,12.034450609843535,7.983948754672729,-33.65755518459408,DECREASE,True
Spironolact/Hydrochlorothiazid,Spironolactone-Hctz,11.094444891931806,7.977566628718218,-28.094044303922495,DECREASE,True
Propranolol Hcl,Propranolol Hcl,10.763726703194395,7.901686360194072,-26.58967866724955,DECREASE,True
Butalb/Acetaminophen/Caffeine,Butalbital-Acetaminophen-Caffe,12.895444185902962,7.847923525811489,-39.14189063459575,DECREASE,True
Atenolol/Chlorthalidone,Atenolol-Chlorthalidone,11.131072432801384,7.839113401742018,-29.574500129551947,DECREASE,True
Felodipine,Felodipine Er,10.449082285164502,7.829811744407521,-25.066991236883972,DECREASE,True
Etodolac,Etodolac,9.846909257076602,7.74901059177709,-21.305148758142884,DECREASE,True
Clobetasol Propionate,Clobetasol Propionate,10.34561232402669,7.7175478302352545,-25.402696442510308,DECREASE,True
Duloxetine Hcl,Duloxetine Hcl,11.35053740550592,7.687012915475674,-32.2762205801211,DECREASE,True
Cilostazol,Cilostazol,7.934629695769896,7.66450786412988,-3.4043407442696814,STABLE,True
Bupropion Hcl,Bupropion Hcl,11.478989602824775,7.592917659775099,-33.85378049382833,DECREASE,True
Ciprofloxacin In 5 % Dextrose,Ciprofloxacin-D5w,7.374229166666667,7.515924479166666,1.921493206917101,MODERATE_INCREASE,True
Labetalol Hcl,Labetalol Hcl,13.172376989028692,7.479749650036729,-43.21640159352687,DECREASE,True
Enalapril/Hydrochlorothiazide,Enalapril-Hydrochlorothiazide,7.189294167730946,7.476938917975567,4.001015169690943,MODERATE_INCREASE,True
"Syringe And Needle,insulin,1ml",Insulin Syringe,8.432937077596682,7.461928201423746,-11.514480272271472,DECREASE,True
Venlafaxine Hcl,Venlafaxine Hcl,11.645594195974228,7.417933585558838,-36.30266124056471,DECREASE,True
"Syring-Needl,disp,insul,0.3 Ml",Insulin Syringe,8.58111765750172,7.357002533478103,-14.26521780590527,DECREASE,True
Primidone,Primidone,10.985431173304404,7.353585973433154,-33.06056123401841,DECREASE,True
Oxycodone Hcl/Acetaminophen,Oxycodone-Acetaminophen,10.525091309024466,7.274423309295385,-30.88493870777045,DECREASE,True
Metronidazole/Sodium Chloride,Metronidazole,6.568596866096866,7.249391304347825,10.36438149774132,HIGH_INCREASE,True
Hepatitis B Virus Vaccine/Pf,Engerix-B Adult,12.19921955128205,7.052467853610287,-42.18918821844531,DECREASE,True
Letrozole,Letrozole,9.177934046915738,7.051541890508516,-23.1685273127649,DECREASE,True
Hepatitis A Virus Vaccine/Pf,Havrix,9.114135788745616,7.034017078265143,-22.822994507598406,DECREASE,True
Permethrin,Permethrin,9.080797072394036,7.033015805056457,-22.55067755630077,DECREASE,True
Dorzolamide Hcl/Timolol Maleat,Dorzolamide-Timolol,8.253434746516193,6.991366962686357,-15.29142499566693,DECREASE,True
Tobramycin/Dexamethasone,Tobramycin-Dexamethasone,8.827740596280755,6.950456621004566,-21.26573560699228,DECREASE,True
Methylprednisolone Sod Succ,Solu-Medrol,8.520045925577014,6.923778268433026,-18.735434891870987,DECREASE,True
Betamethasone Dipropionate,Betamethasone Dipropionate,9.22465529725524,6.913161995466038,-25.057774272356575,DECREASE,True
Alfuzosin Hcl,Alfuzosin Hcl Er,7.448565326054015,6.87593656367488,-7.687772575158351,DECREASE,True
"Syringe-Needle,insulin,0.5 Ml",Insulin Syringe,8.145856024008202,6.86652419698909,-15.70530860413626,DECREASE,True
Desonide,Desonide,9.813016105446213,6.864124386902042,-30.05081910451099,DECREASE,True
Tamoxifen Citrate,Tamoxifen Citrate,9.5084115436428,6.856553221916287,-27.889603952823343,DECREASE,True
Orphenadrine Citrate,Orphenadrine Citrate Er,8.03967011481995,6.799659046349306,-15.42365607992878,DECREASE,True
Zaleplon,Zaleplon,7.568486841278815,6.7921788907614165,-10.25710907341987,DECREASE,True
Digoxin,Digoxin,9.128253366166524,6.7808044590208505,-25.7162987592609,DECREASE,True
Cefixime,Suprax,12.436292455665766,6.765449088678583,-45.599147713864205,DECREASE,True
Sotalol Hcl,Sotalol,7.834363887751746,6.755537717942299,-13.770437335647442,DECREASE,True
Betamethasone/Propylene Glyc,Betamethasone Diprop Augmented,7.599722586343702,6.744355858196511,-11.25523620670365,DECREASE,True
Levobunolol Hcl,Levobunolol Hcl,7.987150552958615,6.676675899329776,-16.407286239814397,DECREASE,True
Trandolapril,Trandolapril,6.908735288912484,6.672731323473645,-3.4160226954648465,STABLE,True
Econazole Nitrate,Econazole Nitrate,8.788555788415163,6.634074660561922,-24.514620828751184,DECREASE,True
Cyproheptadine Hcl,Cyproheptadine Hcl,8.1455245852744,6.629656569265136,-18.609826784510258,DECREASE,True
Metolazone,Metolazone,9.321639953835026,6.622704832110371,-28.95343668164616,DECREASE,True
Terazosin Hcl,Terazosin Hcl,8.58977035681667,6.605241348298157,-23.10340004542299,DECREASE,True
Clindamycin Phosphate,Clindamycin Phosphate,8.06747237597783,6.5854349396435445,-18.37053004045339,DECREASE,True
Mirtazapine,Mirtazapine,8.204809342454768,6.551842166332224,-20.146320372972838,DECREASE,True
Ciclopirox,Ciclopirox,6.631923571803317,6.482742375645025,-2.249440822758566,STABLE,True
Albuterol Sulfate,Proair Hfa,8.249765698353253,6.424765338229768,-22.121844751151855,DECREASE,True
Misoprostol,Misoprostol,8.567995180300125,6.3653757870370375,-25.7075237195212,DECREASE,True
Amiloride/Hydrochlorothiazide,Amiloride-Hydrochlorothiazide,6.732645526960783,6.333874347684279,-5.922949272758091,DECREASE,True
Valsartan,Valsartan,11.123338786832113,6.290663737863949,-43.44626322709076,DECREASE,True
Fluorouracil,Fluorouracil,8.430977420513072,6.245911481307501,-25.917112930336817,DECREASE,True
Atovaquone/Proguanil Hcl,Atovaquone-Proguanil Hcl,8.045233969590305,6.244714065094461,-22.379957019292675,DECREASE,True
Enalapril Maleate,Enalapril Maleate,8.049752338467224,6.172027794207882,-23.326488385068565,DECREASE,True
Ethinyl Estradiol/Drospirenone,Ocella,7.187242883379246,6.160964758078017,-14.279162982992172,DECREASE,True
"Fenofibrate,micronized",Fenofibrate,11.53490988530858,6.09450582162028,-47.16468631122521,DECREASE,True
Sodium Chloride 0.45 %,Sodium Chloride,6.61775383684887,6.08665974673033,-8.02529231536704,DECREASE,True
Carteolol Hcl,Carteolol Hcl,6.695966757123474,6.077072660974742,-9.24278925803095,DECREASE,True
Benztropine Mesylate,Benztropine Mesylate,6.4710716493187945,6.056689053148357,-6.4036162575028674,DECREASE,True
Fludrocortisone Acetate,Fludrocortisone Acetate,7.465337447452068,6.042512893799067,-19.05907889185389,DECREASE,True
B Complex W-C No.20/Folic Acid,Virt-Caps,5.196666666666666,5.997361111111111,15.407846910412665,HIGH_INCREASE,True
Azelastine Hcl,Azelastine Hcl,7.111328796047892,5.981480121633198,-15.888010621061499,DECREASE,True
Fosinopril Sodium,Fosinopril Sodium,6.499103716403432,5.962622544981971,-8.254694721479948,DECREASE,True
Gemfibrozil,Gemfibrozil,7.2680529696211025,5.947161833038618,-18.173933818362705,DECREASE,True
Rizatriptan Benzoate,Rizatriptan,8.280361381118562,5.946522226619179,-28.18523307232894,DECREASE,True
Tranexamic Acid,Tranexamic Acid,7.2596693067270115,5.936101457399103,-18.231792570791804,DECREASE,True
Celecoxib,Celecoxib,9.615859221319893,5.933473020644365,-38.294926287097574,DECREASE,True
Potassium Chloride,Potassium Chloride,8.33923716716184,5.919734625299917,-29.013475613685806,DECREASE,True
Mometasone Furoate,Mometasone Furoate,8.45033621877609,5.898277864405678,-30.200672355496426,DECREASE,True
Dextrose 5 % In Water,Dextrose In Water,6.010987725354815,5.895775427995972,-1.9166949363890482,STABLE,True
Ropinirole Hcl,Ropinirole Hcl,8.218385465590837,5.865081563792272,-28.63462551922758,DECREASE,True
Pramipexole Di-Hcl,Pramipexole Dihydrochloride,7.939551629957076,5.837098500622997,-26.480753918158534,DECREASE,True
"Diphth,pertuss(Acell),tet Vac",Boostrix Tdap,5.577840490797546,5.835437890887565,4.6182281568468975,MODERATE_INCREASE,True
Erythromycin Base In Ethanol,Erythromycin,7.194236986461252,5.809568113227183,-19.2469177181661,DECREASE,True
Nitrofurantoin Macrocrystal,Nitrofurantoin,7.84958126479328,5.77162018394555,-26.472253878913804,DECREASE,True
Dorzolamide Hcl,Dorzolamide Hcl,8.292679203924603,5.747566719336963,-30.691076092550844,DECREASE,True
Flurbiprofen Sodium,Flurbiprofen Sodium,6.768413043478263,5.712103377788363,-15.606459873303857,DECREASE,True
Chlorothiazide,Chlorothiazide,6.699479166666666,5.706203703703704,-14.826159440946036,DECREASE,True
Mefloquine Hcl,Mefloquine Hcl,6.428897996357013,5.628068821188418,-12.456709931039375,DECREASE,True
Flurbiprofen,Flurbiprofen,5.709520614954578,5.61657449929838,-1.6279145295097135,STABLE,True
Prednisolone Acetate,Prednisolone Acetate,6.271472323997878,5.604932969253792,-10.628116019799108,DECREASE,True
"Prenatal Vit,calc76/Iron/Folic",Pnv 29-1,4.7625,5.594722222222223,17.47448235637213,HIGH_INCREASE,True
Amlodipine Besylate/Benazepril,Amlodipine Besylate-Benazepril,7.715224456258519,5.568269547110667,-27.82751067477061,DECREASE,True
Desog-E.Estradiol/E.Estradiol,Desogestr-Eth Estrad Eth Estra,5.761781931464177,5.551394110275688,-3.6514367202895017,STABLE,True
"Glyburide,micronized",Glyburide Micronized,5.23943607764391,5.541045066045066,5.75651623441094,MODERATE_INCREASE,True
Norethindrone-E.Estradiol-Iron,Blisovi Fe,6.426350100603622,5.532956096247083,-13.90204377867031,DECREASE,True
Medroxyprogesterone Acetate,Medroxyprogesterone Acetate,6.656286750197315,5.521843390303453,-17.043186426129147,DECREASE,True
Cefpodoxime Proxetil,Cefpodoxime Proxetil,5.3301224601238575,5.5118315194161775,3.4090972703110776,MODERATE_INCREASE,True
Levothyroxine Sodium,Levothyroxine Sodium,6.806976907271676,5.488342473650569,-19.37180706772271,DECREASE,True
Anastrozole,Anastrozole,7.558485573770991,5.486017352182766,-27.41909343294881,DECREASE,True
Isosorbide Mononitrate,Isosorbide Mononitrate Er,5.640875610525228,5.43219941333599,-3.6993582485646734,STABLE,True
Hydromorphone Hcl,Hydromorphone Hcl,7.962799849714138,5.410980522858256,-32.04675961995317,DECREASE,True
Hydroxyzine Hcl,Hydroxyzine Hcl,5.703939264586892,5.37248141986364,-5.81103390741061,DECREASE,True
Carisoprodol,Carisoprodol,5.940639327218148,5.359435410338846,-9.783524716210383,DECREASE,True
Bicalutamide,Bicalutamide,8.42276228969506,5.338917529947588,-36.61322323580759,DECREASE,True
Trihexyphenidyl Hcl,Trihexyphenidyl Hcl,5.193247212994765,5.337226635682375,2.7724353719834216,MODERATE_INCREASE,True
Calcitriol,Calcitriol,6.853283464164046,5.334597477082696,-22.15997623653814,DECREASE,True
Amiodarone Hcl,Amiodarone Hcl,7.387388426445844,5.286087725742122,-28.44443231360831,DECREASE,True
Neomycin/Polymyxn B/Gramicidin,Neomycin-Polymyxin-Gramicidin,5.110691358024693,5.270566157760814,3.1282421210016795,MODERATE_INCREASE,True
Nortriptyline Hcl,Nortriptyline Hcl,5.231650196029531,5.254725984776128,0.44108049815925,MODERATE_INCREASE,True
"Betamethasone Acetate,sod Phos",Betamethasone Sod Phos-Acetate,5.181087570621468,5.19688350340136,0.3048767766339357,MODERATE_INCREASE,True
Doxazosin Mesylate,Doxazosin Mesylate,6.70324886282758,5.144902661161881,-23.247625644743767,DECREASE,True
Glyburide/Metformin Hcl,Glyburide-Metformin Hcl,5.311468589743589,5.144897288988262,-3.13606863979154,STABLE,True
Oxybutynin Chloride,Oxybutynin Chloride Er,8.435545086373715,5.1152693435620895,-39.360535790093806,DECREASE,True
Torsemide,Torsemide,6.274110163206064,5.107206880124955,-18.5987056766122,DECREASE,True
"Syrge-Ndl,ins 0.3 Ml Half Mark",Veo Insulin Syringe,5.496037953060012,5.102646134506599,-7.15773475207509,DECREASE,True
Sodium Chloride Irrig Solution,Sodium Chloride,5.891052985402259,5.08722912569283,-13.644824816569546,DECREASE,True
Betamethasone Valerate,Betamethasone Valerate,5.980066701462548,5.063225966253927,-15.33161385949741,DECREASE,True
Imipramine Hcl,Imipramine Hcl,6.088829043478262,5.022591799831305,-17.511367720021674,DECREASE,True
Indapamide,Indapamide,5.745993771040894,5.011343006012239,-12.785443115709679,DECREASE,True
Ethynodiol D-Ethinyl Estradiol,Zovia 1-35e,4.934413265306122,4.998997336377474,1.3088500617782115,MODERATE_INCREASE,True
Pnv No.118/Iron Fumarate/Fa,Se-Natal 19,4.94269696969697,4.9862356321839085,0.8808685370328951,MODERATE_INCREASE,True
Atropine Sulfate,Atropine Sulfate,6.675849301652192,4.9731558638661,-25.505270728095912,DECREASE,True
Pnv 119/Iron Fum/Folic Acid,Se-Natal-19,5.63486111111111,4.9720114942528735,-11.763370982670644,DECREASE,True
Chlorthalidone,Chlorthalidone,6.439112852211178,4.968328016522634,-22.84142038578311,DECREASE,True
Gatifloxacin,Gatifloxacin,7.382095692704707,4.936563644399546,-33.12788332887553,DECREASE,True
Neomycin/Bacit/P-Myx/Hydrocort,Neomycin-Bacitracin-Poly-Hc,5.191709585121601,4.919545045045045,-5.2422913033603615,DECREASE,True
Neomycin/Polymyxin B/Hydrocort,Neomycin-Polymyxin-Hc,6.889305837017932,4.905582944046019,-28.794234715388633,DECREASE,True
Amitriptyline Hcl,Amitriptyline Hcl,6.623799439060133,4.843403621957044,-26.87877000931226,DECREASE,True
Baclofen,Baclofen,6.627197652110932,4.780059848772967,-27.87207957724943,DECREASE,True
Haloperidol Lactate,Haloperidol Lactate,5.559690146963007,4.776156255027695,-14.093121580944917,DECREASE,True
0.9 % Sodium Chloride,Sodium Chloride,5.868795412695917,4.601823006167844,-21.588287160040412,DECREASE,True
Sulindac,Sulindac,4.253538555068106,4.569972081814975,7.439300776287487,MODERATE_INCREASE,True
"Diph,pertuss(Acell),tet Ped/Pf",Daptacel Dtap,4.593538647342995,4.502157142857143,-1.9893487679418693,STABLE,True
Pioglitazone Hcl,Pioglitazone Hcl,6.1665723977754565,4.50073061215972,-27.014063537414657,DECREASE,True
Ammonium Lactate,Ammonium Lactate,4.892274827000979,4.495243687333164,-8.115470894573598,DECREASE,True
Norgestrel-Ethinyl Estradiol,Cryselle,4.861155187074829,4.459460931005819,-8.26334977202665,DECREASE,True
Lithium Carbonate,Lithium Carbonate,5.359474659825968,4.458876464809132,-16.803852097065054,DECREASE,True
Dexamethasone Sodium Phosphate,Dexamethasone Sodium Phosphate,5.787817482259702,4.44484947594453,-23.203357922593746,DECREASE,True
Multivit 47/Iron/Folate 1/Dha,Virt-Pn Dha,6.816,4.43638888888889,-34.91213484611371,DECREASE,True
Benazepril Hcl,Benazepril Hcl,5.1454324965186,4.4301616615498025,-13.901082862378425,DECREASE,True
Losartan/Hydrochlorothiazide,Losartan-Hydrochlorothiazide,6.55575770181868,4.426492085730262,-32.4793214291267,DECREASE,True
Fluoxetine Hcl,Fluoxetine Hcl,5.657328495034292,4.418709748346915,-21.89405737663232,DECREASE,True
Donepezil Hcl,Donepezil Hcl,5.701471316590088,4.401583845446347,-22.799158304301915,DECREASE,True
Hydroxyzine Pamoate,Hydroxyzine Pamoate,4.175074441295792,4.387452052827163,5.086798200068887,MODERATE_INCREASE,True
Norethindrone-Ethin. Estradiol,Dasetta,4.95888808914481,4.386847311827957,-11.535666202451141,DECREASE,True
Temazepam,Temazepam,4.749778651556181,4.377392669374331,-7.840070232743254,DECREASE,True
Glyburide,Glyburide,5.168372770830089,4.372725850413327,-15.394534328238358,DECREASE,True
Fluticasone Propionate,Fluticasone Propionate,6.911950687665141,4.372605985773235,-36.738466702656666,DECREASE,True
Timolol Maleate,Timolol Maleate,6.047684244349572,4.372563780550582,-27.698543708925882,DECREASE,True
Naloxone Hcl,Narcan,7.833726655234916,4.3647942178176224,-44.28202042381919,DECREASE,True
Acyclovir,Acyclovir,6.336014101345512,4.363773122400954,-31.127471426014246,DECREASE,True
Loperamide Hcl,Loperamide,5.483333228445566,4.3537025638156,-20.60116753017758,DECREASE,True
Nabumetone,Nabumetone,4.582195422511172,4.320938579525225,-5.701564837293017,DECREASE,True
Buspirone Hcl,Buspirone Hcl,6.818302275164775,4.282598893021508,-37.189659240826,DECREASE,True
Hydralazine Hcl,Hydralazine Hcl,5.554801719247631,4.267334736575287,-23.177550662361437,DECREASE,True
Norethindrone,Norethindrone,4.67653947886769,4.234080948121646,-9.461238010401127,DECREASE,True
Ciclopirox Olamine,Ciclopirox,5.542253793613944,4.21232288627741,-23.996210871269472,DECREASE,True
Multivit-Mins60/Iron Fum/Folic,Vol-Plus,4.927032407407407,4.178307086614173,-15.196273514815617,DECREASE,True
Tamsulosin Hcl,Tamsulosin Hcl,5.555337827105291,4.17515218016041,-24.844315321576968,DECREASE,True
Clotrimazole,Clotrimazole,5.579766135742818,4.164695725984586,-25.36074766097428,DECREASE,True
Rosuvastatin Calcium,Rosuvastatin Calcium,6.172277097237696,4.161469190071303,-32.57805629086708,DECREASE,True
Bupivacaine Hcl/Pf,Bupivacaine Hcl,3.4369918699187,4.144455128205128,20.583792021107183,HIGH_INCREASE,True
Escitalopram Oxalate,Escitalopram Oxalate,4.982697491470739,4.132891885878398,-17.055131423230435,DECREASE,True
Alclometasone Dipropionate,Alclometasone Dipropionate,5.5988367495970985,4.113606696148401,-26.52747561456542,DECREASE,True
Amiloride Hcl,Amiloride Hcl,4.628923944100257,4.109394798078367,-11.223540336713677,DECREASE,True
Metformin Hcl,Metformin Hcl,4.332483718089819,4.09990700755663,-5.368207376339111,DECREASE,True
Metronidazole,Metronidazole,5.608048844888326,4.089295943704767,-27.081663216394514,DECREASE,True
Ketoconazole,Ketoconazole,4.591544198597059,4.054775053345329,-11.690383932615493,DECREASE,True
Paroxetine Hcl,Paroxetine Hcl,5.7382986608130535,4.036678298296859,-29.653743436823714,DECREASE,True
Imiquimod,Imiquimod,5.206243208781461,4.027193211902158,-22.64684820890771,DECREASE,True
"Diph,pertuss(Acell),tet Vac/Pf",Adacel Tdap,5.460203428521961,3.9999423871869104,-26.74371130033763,DECREASE,True
Dextrose 5 %-0.45 % Sod Chlord,Dextrose 5%-0.45% Nacl,4.537601551435562,3.9990445288127616,-11.868759663404486,DECREASE,True
Clonazepam,Clonazepam,4.150317497314206,3.993807857150984,-3.771028126510906,STABLE,True
Latanoprost,Latanoprost,6.420253408534151,3.9628741942962056,-38.27542400384794,DECREASE,True
Moxifloxacin Hcl,Moxifloxacin,4.401120760940011,3.9385457889340345,-10.510390355823315,DECREASE,True
Pantoprazole Sodium,Pantoprazole Sodium,4.351098887575772,3.9122878288551184,-10.085062878567184,DECREASE,True
Warfarin Sodium,Warfarin Sodium,4.989801090833176,3.911658834913485,-21.606918518262354,DECREASE,True
Hydrocodone/Acetaminophen,Hydrocodone-Acetaminophen,5.3667008076370335,3.907757285653949,-27.185110075578432,DECREASE,True
Dicyclomine Hcl,Dicyclomine Hcl,5.334541045611169,3.886310258307004,-27.148179663846665,DECREASE,True
Terconazole,Terconazole,4.3869142584454215,3.874469960479236,-11.681201586733971,DECREASE,True
Ramipril,Ramipril,4.550428933947155,3.845444692894296,-15.492698628771654,DECREASE,True
Dextrose 5 %-0.2 % Sod Chlorid,Dextrose 5%-0.2% Nacl,4.210916666666667,3.77718253968254,-10.300230598661265,DECREASE,True
Atenolol,Atenolol,3.2011739960992887,3.772750799195565,17.85522448304145,HIGH_INCREASE,True
Diphenoxylate Hcl/Atropine,Diphenoxylate-Atropine,6.17991021851887,3.673718841268764,-40.55384768762484,DECREASE,True
Gentamicin Sulfate,Gentamicin Sulfate,5.03822936391587,3.6411590673228216,-27.72939053944145,DECREASE,True
Nystatin,Nystatin,4.160438023782461,3.636908286207191,-12.58352448907059,DECREASE,True
Vinorelbine Tartrate,Vinorelbine Tartrate,9.917166666666668,3.636388888888888,-63.33238100039775,DECREASE,True
Vincristine Sulfate,Vincristine Sulfate,2.7194791666666664,3.5770918367346938,31.53591616291823,HIGH_INCREASE,True
Povidone-Iodine,Betadine,3.5445,3.570208333333333,0.725302111252159,MODERATE_INCREASE,True
"Tetanus, Diphtheria Tox,adult",Tdvax,3.9892402652973904,3.5650446544557024,-10.633493663738125,DECREASE,True
Levonorgestrel/Ethin.Estradiol,Levonorgestrel-Eth Estradiol,4.059809495431069,3.56290021183235,-12.239719232095583,DECREASE,True
Zolpidem Tartrate,Zolpidem Tartrate,3.7134000945895766,3.556357775575551,-4.229070798022443,STABLE,True
Losartan Potassium,Losartan Potassium,3.999244811164965,3.5127257149705504,-12.165274174668326,DECREASE,True
Metoprolol Succinate,Metoprolol Succinate,5.419691541340133,3.4773229855232173,-35.83909787117929,DECREASE,True
Pravastatin Sodium,Pravastatin Sodium,5.650395135098705,3.4718057614751108,-38.556407499553345,DECREASE,True
Acetic Acid,Acetic Acid,3.8481072177926983,3.46839822511093,-9.86742237654106,DECREASE,True
Methimazole,Methimazole,4.256728930375627,3.4540129726236093,-18.85757751741978,DECREASE,True
Finasteride,Finasteride,4.710262911054789,3.428544521003485,-27.211185750229888,DECREASE,True
Clotrimazole/Betamethasone Dip,Clotrimazole-Betamethasone,4.811433500831229,3.426235000930061,-28.789725549815024,DECREASE,True
Minoxidil,Minoxidil,4.803261888100908,3.421208333721975,-28.773229246622723,DECREASE,True
Tetanus-Diphtheria Toxoids/Pf,Tenivac,4.439463910844359,3.4193478167007285,-22.978362131782948,DECREASE,True
Lorazepam,Lorazepam,3.25895338878534,3.388828478656164,3.9851778892496115,MODERATE_INCREASE,True
Lovastatin,Lovastatin,4.302565810428018,3.368602259860896,-21.707129924741608,DECREASE,True
Minocycline Hcl,Minocycline Hcl,5.232236136343974,3.3667454432517423,-35.65379398942311,DECREASE,True
"Pnv,calcium 72/Iron/Folic Acid",Preplus,3.509558179744693,3.3620806931643625,-4.202166740859072,STABLE,True
Gabapentin,Gabapentin,5.772271569653064,3.344616543977329,-42.057186609840095,DECREASE,True
Montelukast Sodium,Montelukast Sodium,4.602567117326114,3.311580379192248,-28.049275659099383,DECREASE,True
Levocetirizine Dihydrochloride,Levocetirizine Dihydrochloride,4.437074861284642,3.3029266893414744,-25.56071753125219,DECREASE,True
Norgestimate-Ethinyl Estradiol,Femynor,3.8563598628406432,3.281099349092155,-14.917189635013578,DECREASE,True
Glimepiride,Glimepiride,4.002410950134006,3.19817884201154,-20.093691481019448,DECREASE,True
Desogestrel-Ethinyl Estradiol,Apri,3.7820101822079306,3.1805146896399386,-15.90412144836797,DECREASE,True
Glipizide,Glipizide,4.662711207443135,3.1773624330878003,-31.855903320459934,DECREASE,True
Methotrexate Sodium/Pf,Methotrexate Sodium,3.5014077787095625,3.1401659906216737,-10.31704419817745,DECREASE,True
Methocarbamol,Methocarbamol,2.5712491794404984,3.137537384279032,22.023855539421415,HIGH_INCREASE,True
Famotidine,Famotidine,4.37442420137246,3.0949479627480696,-29.249020664775937,DECREASE,True
Lidocaine Hcl,Lidocaine Hcl Viscous,3.325590739828049,3.083752325642706,-7.272043769217593,DECREASE,True
Diazepam,Diazepam,3.5992124543312367,3.045241135328787,-15.391459271480597,DECREASE,True
Sertraline Hcl,Sertraline Hcl,4.0095481525375165,3.0285151782350552,-24.467419693702805,DECREASE,True
Haemoph B Poly Conj-Tet Tox/Pf,Acthib,2.794712217514125,3.009721006564552,7.69341428798975,MODERATE_INCREASE,True
Ondansetron Hcl/Pf,Ondansetron Hcl,3.4445802545155995,2.988839609604422,-13.230658345490248,DECREASE,True
Tizanidine Hcl,Tizanidine Hcl,3.543157592624818,2.9564504776956597,-16.558877204626903,DECREASE,True
Alcohol Antiseptic Pads,Alcohol Pads,4.11187263932182,2.934964873609857,-28.622184317121103,DECREASE,True
Chlordiazepoxide Hcl,Chlordiazepoxide Hcl,3.264435965649211,2.8930914483853445,-11.375457235841838,DECREASE,True
Atorvastatin Calcium,Atorvastatin Calcium,3.9777399571567327,2.891084985781197,-27.318401481233856,DECREASE,True
Lidocaine/Prilocaine,Lidocaine-Prilocaine,3.914582160099773,2.8733867723009845,-26.59786779829015,DECREASE,True
Metoclopramide Hcl,Metoclopramide Hcl,2.808331799982163,2.859306902690974,1.815138179510511,MODERATE_INCREASE,True
Triamterene/Hydrochlorothiazid,Triamterene-Hydrochlorothiazid,3.6987871412447215,2.8478790149663187,-23.005057976708926,DECREASE,True
Cyclobenzaprine Hcl,Cyclobenzaprine Hcl,2.5109627004363158,2.805916088404101,11.746625623571894,HIGH_INCREASE,True
Prednisolone,Prednisolone,3.340228448565478,2.7905816389155724,-16.455365796490995,DECREASE,True
Allopurinol,Allopurinol,4.508717496982325,2.7685381959620394,-38.595882358674814,DECREASE,True
Indomethacin,Indomethacin,3.1452064534416784,2.732087469712703,-13.134876512698087,DECREASE,True
Prednisolone Sodium Phosphate,Prednisolone Sodium Phosphate,3.635087331236073,2.730483335310165,-24.885344243388705,DECREASE,True
Clopidogrel Bisulfate,Clopidogrel,4.3431886442899605,2.730006377032534,-37.14280910589264,DECREASE,True
Sodium Fluoride/Potassium Nit,Prevident 5000 Enamel Protect,3.094903903903905,2.7258662471064814,-11.924042498764512,DECREASE,True
Omeprazole,Omeprazole,4.094517202122894,2.719560959637013,-33.58042412846634,DECREASE,True
Spironolactone,Spironolactone,3.514788234409357,2.7180127995083097,-22.6692301715566,DECREASE,True
Carvedilol,Carvedilol,3.3482572407738207,2.705669332371824,-19.191712649100015,DECREASE,True
Methylprednisolone Sod Succ/Pf,Solu-Medrol,3.348883418949773,2.6700481421209656,-20.270495920747624,DECREASE,True
Trazodone Hcl,Trazodone Hcl,4.100148481107432,2.666256481565956,-34.97170910147595,DECREASE,True
Naproxen,Naproxen,3.4494473851394205,2.6140464640806305,-24.218398710987284,DECREASE,True
Alendronate Sodium,Alendronate Sodium,3.4452596241483198,2.611837745195622,-24.190394044940007,DECREASE,True
Famotidine/Pf,Famotidine,2.8918028255528263,2.585514975845411,-10.591588299207855,DECREASE,True
Citalopram Hydrobromide,Citalopram Hbr,3.1994980706426985,2.5606081492336634,-19.968442152574834,DECREASE,True
Silver Sulfadiazine,Silver Sulfadiazine,3.425500869790508,2.5416105486842206,-25.803243224992762,DECREASE,True
Promethazine Hcl,Promethazine Hcl,2.888915624646226,2.535826688892113,-12.222196201986769,DECREASE,True
"Prenatal Vit27,calcium/Iron/Fa",Trinatal Rx 1,2.180586206896552,2.5210805422647526,15.61480735278053,HIGH_INCREASE,True
Nitroglycerin,Nitroglycerin,3.336024829570231,2.509272352380537,-24.782563662639216,DECREASE,True
Phenylephrine Hcl,Phenylephrine Hcl,3.3644870218579226,2.5018103910016065,-25.640658598229116,DECREASE,True
Cyanocobalamin (Vitamin B-12),Cyanocobalamin Injection,2.10132912470199,2.4941275549616884,18.692856137679296,HIGH_INCREASE,True
Alprazolam,Alprazolam,2.7321464978651835,2.47714965262282,-9.333205428098758,DECREASE,True
Tobramycin,Tobramycin,2.2887583275082384,2.4547331136431336,7.251739257049096,MODERATE_INCREASE,True
Isoniazid,Isoniazid,2.51767039964866,2.4543975949754904,-2.5131488491106353,STABLE,True
Lisinopril/Hydrochlorothiazide,Lisinopril-Hydrochlorothiazide,3.3218303100403084,2.408673833919388,-27.48955819208717,DECREASE,True
Cefprozil,Cefprozil,3.099644198841465,2.398528019744483,-22.619247052904775,DECREASE,True
Clonidine Hcl,Clonidine Hcl,3.0038052184731368,2.38505935860223,-20.598734434099594,DECREASE,True
Ketorolac Tromethamine,Ketorolac Tromethamine,3.582119978536724,2.3829488672958563,-33.476575838498924,DECREASE,True
Ofloxacin,Ofloxacin,2.3309316023198186,2.341283896737989,0.4441269065067155,MODERATE_INCREASE,True
Ondansetron Hcl,Ondansetron Hcl,2.402741166198444,2.3402673683515838,-2.6001051934239263,STABLE,True
Meclizine Hcl,Meclizine Hcl,2.2566306697101965,2.2558235547156444,-0.035766375303928545,STABLE,True
Methylprednisolone Acetate,Methylprednisolone Acetate,2.47333840339233,2.251471693680996,-8.970333756473853,DECREASE,True
Tetracaine Hcl/Pf,Tetracaine Hcl,2.0490686274509806,2.2002380952380958,7.377472172572783,MODERATE_INCREASE,True
Ondansetron,Ondansetron Odt,2.248579703285999,2.190509141300795,-2.582544078839706,STABLE,True
Lisinopril,Lisinopril,2.5417509105186005,2.18425556845031,-14.064924323971207,DECREASE,True
Sulfacetamide/Prednisolone Sp,Sulfacetamide-Prednisolone,2.4958360637833112,2.1827047130068458,-12.546150579369606,DECREASE,True
Hydrocortisone,Hydrocortisone,3.5038340911277186,2.1773719856653897,-37.85744618505619,DECREASE,True
Doxycycline Monohydrate,Doxycycline Monohydrate,2.4171855925308017,2.142220178784907,-11.375436565382017,DECREASE,True
Fluoride (Sodium),Sf 5000 Plus,3.0685222571353754,2.13256517276671,-30.50188351061302,DECREASE,True
Selenium Sulfide,Selenium Sulfide,2.476437726793866,2.122724358974359,-14.283152125833757,DECREASE,True
Simvastatin,Simvastatin,3.1702279477154023,2.1094749372273127,-33.45983405554519,DECREASE,True
Terbinafine Hcl,Terbinafine Hcl,2.503253393992686,2.068706672150145,-17.35927824507768,DECREASE,True
Dexamethasone Sodium Phosp/Pf,Dexamethasone Sodium Phosphate,2.374373040752351,2.048916567223548,-13.707048890079973,DECREASE,True
Erythromycin Base,Erythromycin,2.433064094744424,2.0002470080432717,-17.78897184155836,DECREASE,True
Tramadol Hcl/Acetaminophen,Tramadol Hcl-Acetaminophen,2.610791235997364,1.97891541765178,-24.202464357675744,DECREASE,True
Clarithromycin,Clarithromycin,3.295081449309851,1.9701303563200736,-40.20996486345689,DECREASE,True
Oseltamivir Phosphate,Oseltamivir Phosphate,4.414401258506049,1.9387238947216907,-56.08183802988026,DECREASE,True
Prochlorperazine Maleate,Prochlorperazine Maleate,2.4028752056689853,1.9021005389826948,-20.840643971224033,DECREASE,True
Doxycycline Hyclate,Doxycycline Hyclate,2.187607620235609,1.8642347779114603,-14.782031262504052,DECREASE,True
Metoprolol Tartrate,Metoprolol Tartrate,2.470079771486534,1.7867295958442722,-27.665105537502967,DECREASE,True
Nitrofurantoin Monohyd/M-Cryst,Nitrofurantoin Mono-Macro,2.2690673594192,1.7543972802165515,-22.682009728190067,DECREASE,True
Tramadol Hcl,Tramadol Hcl,2.045841929785527,1.724396253641867,-15.712146254493778,DECREASE,True
Ergocalciferol (Vitamin D2),Vitamin D2,1.510116304620255,1.6637313558008993,10.172398689468716,HIGH_INCREASE,True
Sodium Chloride/Nahco3/Kcl/Peg,Gavilyte-N,2.112359262845446,1.6631344056783162,-21.266498794433435,DECREASE,True
Cefdinir,Cefdinir,1.9976910915570592,1.65072050699172,-17.36858045929915,DECREASE,True
Acetaminophen With Codeine,Acetaminophen-Codeine,2.454572240613603,1.6408974554677502,-33.14935171524825,DECREASE,True
Hydrocodone Bit/Homatrop Me-Br,Hydrocodone-Homatropine Mbr,1.405166666666667,1.6316666666666666,16.119084331633236,HIGH_INCREASE,True
Bacitracin/Polymyxin B Sulfate,Bacitracin-Polymyxin,1.9077728820535844,1.622642308648884,-14.94572944646206,DECREASE,True
Amlodipine Besylate,Amlodipine Besylate,2.3563278074356218,1.5749300327345368,-33.16167522342639,DECREASE,True
Promethazine/Dextromethorphan,Promethazine-Dm,1.6945611662158104,1.569255885650224,-7.39455636443095,DECREASE,True
Dexamethasone,Dexamethasone,2.104638336714585,1.503654297090912,-28.555216786644234,DECREASE,True
Ampicillin Trihydrate,Ampicillin Trihydrate,1.8591982989115567,1.4652941176470586,-21.186776122541858,DECREASE,True
Fluconazole,Fluconazole,1.7914817214099712,1.4496837327050864,-19.07906648558353,DECREASE,True
Cefuroxime Axetil,Cefuroxime,1.8883517499906128,1.4348345605548944,-24.016563092017833,DECREASE,True
Neomycin/Polymyxin B/Dexametha,Neomycin-Polymyxin-Dexameth,1.610340537838013,1.4122679244846552,-12.300045158105693,DECREASE,True
Triamcinolone Acetonide,Triamcinolone Acetonide,1.716695384624887,1.3565279236182184,-20.98027781937378,DECREASE,True
Lidocaine Hcl/Pf,Lidocaine Hcl,1.515160784710284,1.3102302793021907,-13.52533061019516,DECREASE,True
Benzonatate,Benzonatate,1.1857660250467732,1.3018292091688322,9.78803420493354,MODERATE_INCREASE,True
"Peg3350/Sod Sulf,bicarb,cl/Kcl",Gavilyte-C,1.5593661723686012,1.220771845033646,-21.713586797938994,DECREASE,True
Meperidine Hcl/Pf,Demerol,1.457264865370232,1.2182898736582122,-16.39887143311494,DECREASE,True
Folic Acid,Folic Acid,1.1636938580676366,1.1909800769932928,2.3447935843681535,MODERATE_INCREASE,True
Furosemide,Furosemide,1.6986598046242545,1.1562805813760415,-31.929832081249955,DECREASE,True
L-Norgest/E.Estradiol-E.Estrad,Ashlyna,1.4124166666666669,1.1542361111111112,-18.279347847463963,DECREASE,True
Ibuprofen,Ibuprofen,1.3182493729884948,1.1362490925538329,-13.80621027886886,DECREASE,True
Amoxicillin/Potassium Clav,Amoxicillin-Clavulanate Potass,1.1080382794198451,1.1048738426622915,-0.2855891187451108,STABLE,True
Hydrochlorothiazide,Hydrochlorothiazide,1.4467391342272224,1.080179880156398,-25.33692808874093,DECREASE,True
Tropicamide,Tropicamide,0.892611111111111,1.0712499999999998,20.01307026825169,HIGH_INCREASE,True
Meloxicam,Meloxicam,1.328901665817933,1.0579742163756998,-20.387321079583305,DECREASE,True
Mupirocin,Mupirocin,1.10688024959606,0.9927631098187314,-10.309799982335392,DECREASE,True
Cefadroxil,Cefadroxil,1.4765508421499989,0.959978613290164,-34.9850620861559,DECREASE,True
Promethazine Hcl/Codeine,Promethazine-Codeine,0.9333453065134102,0.9051515151515152,-3.020724609117639,STABLE,True
Cyclopentolate Hcl,Cyclopentolate Hcl,1.0756859474804827,0.8954816672692215,-16.752499243235754,DECREASE,True
Phenazopyridine Hcl,Phenazopyridine Hcl,1.3387160228898427,0.8728321115183828,-34.80080191807755,DECREASE,True
Clindamycin Hcl,Clindamycin Hcl,0.9852846254094836,0.728454985760841,-26.06654290803577,DECREASE,True
Ciprofloxacin Hcl,Ciprofloxacin Hcl,0.8522130812128811,0.7234838016391717,-15.10529260950796,DECREASE,True
Polymyxin B Sulf/Trimethoprim,Polymyxin B Sul-Trimethoprim,1.0177658278765505,0.7203052260228963,-29.226821505126676,DECREASE,True
Sulfamethoxazole/Trimethoprim,Sulfamethoxazole-Trimethoprim,0.742484900578451,0.7123064879198854,-4.064515336952219,STABLE,True
Prednisone,Prednisone,0.8711923286618729,0.6941248795693252,-20.324725467282104,DECREASE,True
Penicillin V Potassium,Penicillin V Potassium,0.7370737444158659,0.6781276976523846,-7.9973065395507135,DECREASE,True
Neomycin Sulfate,Neomycin Sulfate,0.6996966186199622,0.6621215256070575,-5.370197884765471,DECREASE,True
Levofloxacin,Levofloxacin,0.8293785778951136,0.633459519056159,-23.622392000548057,DECREASE,True
Bupivacaine Hcl,Sensorcaine,1.2656666666666665,0.6263888888888889,-50.509173909226575,DECREASE,True
Chlorhexidine Gluconate,Chlorhexidine Gluconate,0.7376740583803771,0.6190669959687999,-16.078518834183843,DECREASE,True
Flumazenil,Flumazenil,0.8319859674639086,0.6025119661576835,-27.581474962338188,DECREASE,True
Gauze Bandage,Sterile Pads,0.5844210090984285,0.5987239583333334,2.4473708186790932,MODERATE_INCREASE,True
Methylprednisolone,Methylprednisolone,0.9588638447281742,0.5970139698482447,-37.73735727646602,DECREASE,True
Cephalexin,Cephalexin,0.9227632355237582,0.5704522662260627,-38.17999631267544,DECREASE,True
Azithromycin,Azithromycin,0.7708880891634283,0.5629656418202771,-26.971806967310876,DECREASE,True
Amoxicillin,Amoxicillin,0.4015711433924528,0.3076743701907816,-23.3823507357715,DECREASE,True
Midazolam Hcl,Midazolam Hcl,0.3209600737831725,0.270040500572623,-15.864768664325721,DECREASE,True
Fentanyl Citrate/Pf,Fentanyl Citrate,0.3516502052716131,0.2619139969993821,-25.5185997127228,DECREASE,True
Midazolam Hcl/Pf,Midazolam Hcl,0.2876572620286837,0.2168809877245067,-24.60437598725373,DECREASE,True
Bacitracin,Bacitracin,13.475211780277965,,,UNKNOWN,False
Becaplermin,Regranex,341.8101704158146,,,UNKNOWN,False
Chlorambucil,Leukeran,2110.096841463415,,,UNKNOWN,False
Clemastine Fumarate,Clemastine Fumarate,1226.2244412582547,,,UNKNOWN,False
Dobutamine Hcl,Dobutamine Hcl,41.2645,,,UNKNOWN,False
Echothiophate Iodide,Phospholine Iodide,907.0482103825136,,,UNKNOWN,False
Fat Emulsions,Intralipid,224.42792592592596,,,UNKNOWN,False
Filgrastim-Aafi,Nivestym,247.2890168050006,,,UNKNOWN,False
Flucytosine,Ancobon,650.1180558823531,,,UNKNOWN,False
Fosnetupitant/Palonosetron,Akynzeo,391.2251777163905,,,UNKNOWN,False
Gentamicin Sulfate/Pf,Gentamicin Sulfate,36.78659523809522,,,UNKNOWN,False
Ivermectin,Soolantra,25.690398197319457,,,UNKNOWN,False
Mebendazole,Emverm,4271.82025,,,UNKNOWN,False
"Meloxicam, Submicronized",Vivlodex,321.99187508541746,,,UNKNOWN,False
Nefazodone Hcl,Nefazodone Hcl,35.00870918367347,,,UNKNOWN,False
Olopatadine Hcl,Olopatadine Hcl,8.695529519420884,,,UNKNOWN,False
Pitavastatin Magnesium,Zypitamag,68.33772653721682,,,UNKNOWN,False
"Poliomyelitis Vaccine, Killed",Ipol,4.978685688405798,,,UNKNOWN,False
Primaquine Phosphate,Primaquine,20.5947,,,UNKNOWN,False
Quinapril Hcl,Quinapril Hcl,3.0559495305164317,,,UNKNOWN,False
Quinidine Sulfate,Quinidine Sulfate,142.61725852272733,,,UNKNOWN,False
Rilonacept,Arcalyst,5584.29606190476,,,UNKNOWN,False
Risankizumab-Rzaa,Skyrizi (2 Syringes) Kit,5433.719708713555,,,UNKNOWN,False
Sertaconazole Nitrate,Ertaczo,292.0427175925926,,,UNKNOWN,False
Testosterone Undecanoate,Aveed,232.30068503937025,,,UNKNOWN,False
Yellow Fever Vaccine Live/Pf,Stamaril,17.632541478129717,,,UNKNOWN,False
