Gnrc_Name,Brnd_Name,Predicted_2024_Claims,Predicted_2024_Benes,Predicted_2024_Cost,Blend_Weight,Cost_Growth_Pct,Growth_Flag,Note
Semaglutide,Ozempic,11006950,2478846,11141785600.0,1.0,15.2,HIGH_GROWTH,
Empagliflozin,Jardiance,9867339,2478205,9149159424.0,1.0,13.9,HIGH_GROWTH,
Apixaban,Eliquis,22611767,5357915,6873779712.0,1.0,-60.5,HIGH_GROWTH,
Dulaglutide,Trulicity,5547127,1212388,5417275904.0,1.0,-18.7,HIGH_GROWTH,
Fluticasone/Umeclidin/Vilanter,Trelegy Ellipta,5625746,1368179,5243668480.0,1.0,30.7,HIGH_GROWTH,
Rivaroxaban,Xarelto,6145059,1435807,5076756992.0,1.0,-7.9,HIGH_GROWTH,
Lenalidomide,Revlimid,146338,116508,4849924096.0,1.0,0.7,HIGH_GROWTH,
Adalimumab,Humira,482655,87478,4607361536.0,1.0,-5.7,HIGH_GROWTH,
Bictegrav/Emtricit/Tenofov Ala,Biktarvy,721585,102553,4374936064.0,1.0,49.3,HIGH_GROWTH,
Dapagliflozin Propanediol,Farxiga,5302270,1308538,4366391296.0,1.0,17.4,HIGH_GROWTH,
Sacubitril/Valsartan,Entresto,3336013,847192,3262562816.0,1.0,11.1,HIGH_GROWTH,
Ustekinumab,Stelara,64533,11475,3059205742.78,0.32,56.8,HIGH_GROWTH,Low patient volume — prediction blended with simple trend extrapolation for stability
Etanercept,Enbrel,328150,51196,3026848000.0,1.0,18.6,HIGH_GROWTH,
Sitagliptin Phosphate,Januvia,3361931,751935,2778593280.0,1.0,-19.4,HIGH_GROWTH,
Enzalutamide,Xtandi,190749,33209,2546468130.55,0.63,13.7,HIGH_GROWTH,
"Insulin Glargine,hum.Rec.Anlog",Lantus Solostar,7149843,1855364,2354278656.0,1.0,-45.4,HIGH_GROWTH,
Ruxolitinib Phosphate,Jakafi,108324,23734,2036012896.59,0.48,25.8,HIGH_GROWTH,Low patient volume — prediction blended with simple trend extrapolation for stability
Risankizumab-Rzaa,Skyrizi (2 Syringes) Kit,91824,28713,2033124764.71,0.17,247.0,HIGH_GROWTH,Low patient volume — prediction blended with simple trend extrapolation for stability
Mirabegron,Myrbetriq,3417534,822071,1937090304.0,1.0,-7.9,HIGH_GROWTH,
Tafamidis,Vyndamax,64498,9583,1813975509.86,0.16,61.0,HIGH_GROWTH,Low patient volume — prediction blended with simple trend extrapolation for stability
Dupilumab,Dupixent,482585,86054,1793235200.0,1.0,31.1,HIGH_GROWTH,
Palbociclib,Ibrance,111857,22379,1764795349.78,0.43,4.2,HIGH_GROWTH,Low patient volume — prediction blended with simple trend extrapolation for stability
Paliperidone Palmitate,Invega Sustenna,603108,99745,1750525952.0,1.0,-7.8,HIGH_GROWTH,
Nintedanib Esylate,Ofev,101640,22337,1715662280.51,0.46,7.0,HIGH_GROWTH,Low patient volume — prediction blended with simple trend extrapolation for stability
Ibrutinib,Imbruvica,138874,38322,1696097576.04,0.5,-17.5,HIGH_GROWTH,
Lipase/Protease/Amylase,Creon,737193,181486,1589436672.0,1.0,23.2,HIGH_GROWTH,
Valbenazine Tosylate,Ingrezza,197938,37781,1540585706.53,0.77,20.5,HIGH_GROWTH,
Linaclotide,Linzess,1980642,528260,1454878720.0,1.0,1.4,HIGH_GROWTH,
Pomalidomide,Pomalyst,47435,15887,1439454145.65,0.29,10.5,HIGH_GROWTH,Low patient volume — prediction blended with simple trend extrapolation for stability
Osimertinib Mesylate,Tagrisso,60457,12852,1298517074.99,0.24,32.3,HIGH_GROWTH,Low patient volume — prediction blended with simple trend extrapolation for stability
Evolocumab,Repatha Sureclick,1494910,327584,1287270656.0,1.0,24.8,HIGH_GROWTH,
Cyclosporine,Restasis,1753399,637794,1258766080.0,1.0,-18.8,HIGH_GROWTH,
Insulin Degludec,Tresiba Flextouch U-200,1408742,398436,1207202432.0,1.0,-4.4,HIGH_GROWTH,
Upadacitinib,Rinvoq,164046,30086,1173885133.09,0.45,46.4,HIGH_GROWTH,Low patient volume — prediction blended with simple trend extrapolation for stability
Deutetrabenazine,Austedo,157131,30121,1139034857.52,0.57,25.2,HIGH_GROWTH,
Macitentan,Opsumit,89684,10843,1097078627.34,0.22,13.7,HIGH_GROWTH,Low patient volume — prediction blended with simple trend extrapolation for stability
Apalutamide,Erleada,62713,12451,1018844272.98,0.24,20.1,HIGH_GROWTH,Low patient volume — prediction blended with simple trend extrapolation for stability
Cariprazine Hcl,Vraylar,626724,123730,909530368.0,1.0,22.7,HIGH_GROWTH,
Cabozantinib S-Malate,Cabometyx,27124,7411,886617922.46,0.13,32.0,HIGH_GROWTH,Low patient volume — prediction blended with simple trend extrapolation for stability
Secukinumab,Cosentyx Pen (2 Pens),104963,27397,886142616.59,0.52,12.8,HIGH_GROWTH,
Abemaciclib,Verzenio,52917,11515,871401977.03,0.16,66.4,HIGH_GROWTH,Low patient volume — prediction blended with simple trend extrapolation for stability
Levothyroxine Sodium,Levothyroxine Sodium,47818991,12631582,831917376.0,1.0,-14.1,HIGH_GROWTH,
Apremilast,Otezla,156266,35265,831200055.08,0.64,29.8,HIGH_GROWTH,
Fluticasone/Vilanterol,Breo Ellipta,1841351,455191,800340160.0,1.0,-26.7,HIGH_GROWTH,
Atorvastatin Calcium,Atorvastatin Calcium,72847016,22386788,776665280.0,1.0,-21.8,HIGH_GROWTH,
Selexipag,Uptravi,35300,4842,775411694.43,0.09,12.8,HIGH_GROWTH,Low patient volume — prediction blended with simple trend extrapolation for stability
Darolutamide,Nubeqa,55061,10971,768991116.47,0.13,72.0,HIGH_GROWTH,Low patient volume — prediction blended with simple trend extrapolation for stability
Aripiprazole,Aripiprazole,3583186,739231,756038976.0,1.0,-10.5,HIGH_GROWTH,
Tofacitinib Citrate,Xeljanz Xr,118308,23997,755058992.17,0.47,11.3,HIGH_GROWTH,Low patient volume — prediction blended with simple trend extrapolation for stability
Icosapent Ethyl,Vascepa,1600053,382085,754188288.0,1.0,0.6,HIGH_GROWTH,
Insulin Aspart,Novolog Flexpen,2144221,617295,745818368.0,1.0,-59.4,HIGH_GROWTH,
Varicella-Zoster Ge/As01b/Pf,Shingrix,5680554,4116268,710914624.0,1.0,-38.3,HIGH_GROWTH,
Elexacaftor/Tezacaftor/Ivacaft,Trikafta,24422,3359,702852430.67,0.06,9.0,HIGH_GROWTH,Low patient volume — prediction blended with simple trend extrapolation for stability
Immune Globul G/Gly/Iga Avg 46,Gamunex-C,72588,11885,687375908.07,0.21,13.1,HIGH_GROWTH,Low patient volume — prediction blended with simple trend extrapolation for stability
Venetoclax,Venclexta,70308,18414,682606462.67,0.32,15.8,HIGH_GROWTH,Low patient volume — prediction blended with simple trend extrapolation for stability
Rifaximin,Xifaxan,281083,70730,665316224.0,1.0,-7.2,HIGH_GROWTH,
Clemastine Fumarate,Clemastine Fumarate,8152,2749,636773217.03,0.01,4412.5,HIGH_GROWTH,Low patient volume — prediction blended with simple trend extrapolation for stability
Budesonide/Formoterol Fumarate,Symbicort,3278620,893737,629323904.0,1.0,-62.8,HIGH_GROWTH,
Fluticasone Propion/Salmeterol,Wixela Inhub,2942169,864817,628607680.0,1.0,-46.3,HIGH_GROWTH,
Edaravone,Radicava,41641,6643,627109702.14,0.06,124.7,HIGH_GROWTH,Low patient volume — prediction blended with simple trend extrapolation for stability
Abiraterone Acetate,Abiraterone Acetate,399081,70584,619095808.0,1.0,-23.4,HIGH_GROWTH,
Dolutegravir Sodium/Lamivudine,Dovato,170707,26269,608860284.77,0.4,57.4,HIGH_GROWTH,Low patient volume — prediction blended with simple trend extrapolation for stability
Insulin Lispro,Humalog Kwikpen U-100,2039869,612686,608737792.0,1.0,-55.2,HIGH_GROWTH,
Albuterol Sulfate,Proair Hfa,19745984,7799417,601313088.0,1.0,-13.9,HIGH_GROWTH,
Sitagliptin Phos/Metformin Hcl,Janumet Xr,663399,168497,600381376.0,1.0,-10.2,HIGH_GROWTH,
Riociguat,Adempas,41223,6225,597968853.98,0.12,7.0,HIGH_GROWTH,Low patient volume — prediction blended with simple trend extrapolation for stability
Pimavanserin Tartrate,Nuplazid,116132,22296,592983465.56,0.43,25.2,HIGH_GROWTH,Low patient volume — prediction blended with simple trend extrapolation for stability
Abatacept,Orencia Clickject,95988,20531,591102013.62,0.36,19.8,HIGH_GROWTH,Low patient volume — prediction blended with simple trend extrapolation for stability
Immun Glob G(Igg)/Gly/Iga Ov50,Gammagard Liquid,58191,10476,587626916.6,0.18,18.5,HIGH_GROWTH,Low patient volume — prediction blended with simple trend extrapolation for stability
Linagliptin,Tradjenta,1066623,226010,584498048.0,1.0,-34.9,HIGH_GROWTH,
Lenvatinib Mesylate,Lenvima,19958,5908,544430429.86,0.08,43.3,HIGH_GROWTH,Low patient volume — prediction blended with simple trend extrapolation for stability
Immun Glob G(Igg)/Pro/Iga 0-50,Hizentra,54075,9954,539109714.9,0.18,13.9,HIGH_GROWTH,Low patient volume — prediction blended with simple trend extrapolation for stability
Emtricitabine/Tenofov Alafenam,Descovy,213270,34871,535607454.64,0.75,4.7,HIGH_GROWTH,
Diclofenac Sodium,Diclofenac Sodium,7495097,2972020,527683520.0,1.0,10.8,HIGH_GROWTH,
Tiotropium Bromide,Spiriva,1315816,364226,508764032.0,1.0,-52.2,HIGH_GROWTH,
Umeclidinium Brm/Vilanterol Tr,Anoro Ellipta,1014980,240731,506140096.0,1.0,-22.0,HIGH_GROWTH,
Bimatoprost,Lumigan,1259601,338696,499275872.0,1.0,-21.5,HIGH_GROWTH,
Metformin Hcl,Metformin Hcl,32875248,9852055,484710112.0,1.0,-2.1,HIGH_GROWTH,
Ixekizumab,Taltz Autoinjector,56804,15771,475604674.77,0.25,40.4,HIGH_GROWTH,Low patient volume — prediction blended with simple trend extrapolation for stability
Abacavir/Dolutegravir/Lamivudi,Triumeq,127641,21427,474282155.27,0.47,-13.3,HIGH_GROWTH,Low patient volume — prediction blended with simple trend extrapolation for stability
Rosuvastatin Calcium,Rosuvastatin Calcium,29771470,9400844,469455872.0,1.0,-21.0,HIGH_GROWTH,
Elviteg/Cob/Emtri/Tenof Alafen,Genvoya,115807,20118,467958173.34,0.44,-12.4,HIGH_GROWTH,Low patient volume — prediction blended with simple trend extrapolation for stability
Dolutegravir Sodium,Tivicay,231540,34002,458416400.02,0.75,-21.9,HIGH_GROWTH,
Losartan Potassium,Losartan Potassium,34902002,10705371,451260384.0,1.0,-5.6,HIGH_GROWTH,
Darunavir/Cob/Emtri/Tenof Alaf,Symtuza,81820,14061,450814659.51,0.28,13.5,HIGH_GROWTH,Low patient volume — prediction blended with simple trend extrapolation for stability
Denosumab,Prolia,280549,164552,447691424.0,1.0,0.6,HIGH_GROWTH,
Lifitegrast,Xiidra,416100,136944,432284256.0,1.0,18.3,HIGH_GROWTH,
Brexpiprazole,Rexulti,365320,76903,414592160.0,1.0,-9.5,HIGH_GROWTH,
Metoprolol Succinate,Metoprolol Succinate,31160706,9555645,398736768.0,1.0,-30.6,HIGH_GROWTH,
Eltrombopag Olamine,Promacta,26793,7726,396818415.78,0.13,22.5,HIGH_GROWTH,Low patient volume — prediction blended with simple trend extrapolation for stability
Gabapentin,Gabapentin,35437714,9853342,395467808.0,1.0,-39.3,HIGH_GROWTH,
Ticagrelor,Brilinta,690633,187714,388110304.0,1.0,-11.7,HIGH_GROWTH,
Ribociclib Succinate,Kisqali,23939,6285,386877070.49,0.07,86.9,HIGH_GROWTH,Low patient volume — prediction blended with simple trend extrapolation for stability
Dolutegravir/Rilpivirine,Juluca,97663,16434,377050606.51,0.31,12.5,HIGH_GROWTH,Low patient volume — prediction blended with simple trend extrapolation for stability
Teriparatide,Forteo,105559,24578,375737860.87,0.41,7.7,HIGH_GROWTH,Low patient volume — prediction blended with simple trend extrapolation for stability
Sucroferric Oxyhydroxide,Velphoro,143393,35678,373870557.28,0.62,-4.3,HIGH_GROWTH,
Pantoprazole Sodium,Pantoprazole Sodium,24342558,7630868,358249824.0,1.0,-3.1,HIGH_GROWTH,
Cenegermin-Bkbj,Oxervate,8709,2316,351895755.2,0.03,32.3,HIGH_GROWTH,Low patient volume — prediction blended with simple trend extrapolation for stability
Dasatinib,Sprycel,24247,7377,332697529.3,0.13,5.6,HIGH_GROWTH,Low patient volume — prediction blended with simple trend extrapolation for stability
Glatiramer Acetate,Copaxone,95285,22922,330631372.17,0.42,-26.0,HIGH_GROWTH,Low patient volume — prediction blended with simple trend extrapolation for stability
Emtricitab/Rilpiviri/Tenof Ala,Odefsey,82150,14686,322613645.5,0.3,-0.4,HIGH_GROWTH,Low patient volume — prediction blended with simple trend extrapolation for stability
Oxycodone Hcl,Oxycodone Hcl,8183898,2996967,321592768.0,1.0,-31.8,HIGH_GROWTH,
Empagliflozin/Metformin Hcl,Synjardy Xr,322501,85304,321145920.0,1.0,23.4,HIGH_GROWTH,
Immun Globg(Igg)/Malt/Iga Ov50,Octagam,25007,4625,320421070.27,0.07,27.9,HIGH_GROWTH,Low patient volume — prediction blended with simple trend extrapolation for stability
Alirocumab,Praluent Pen,533365,118800,307901344.0,1.0,-15.1,HIGH_GROWTH,
Alpha-1-Proteinase Inhibitor,Prolastin C,27235,8172,307352360.81,0.15,0.9,HIGH_GROWTH,Low patient volume — prediction blended with simple trend extrapolation for stability
Tamsulosin Hcl,Tamsulosin Hcl,20258824,6124320,306839616.0,1.0,-19.4,HIGH_GROWTH,
Guselkumab,Tremfya,20222,6089,306436274.38,0.08,47.6,HIGH_GROWTH,Low patient volume — prediction blended with simple trend extrapolation for stability
Sofosbuvir/Velpatasvir,Epclusa,15115,5254,305781839.69,0.09,-9.8,HIGH_GROWTH,Low patient volume — prediction blended with simple trend extrapolation for stability
Hydrocodone/Acetaminophen,Hydrocodone-Acetaminophen,18747885,6392700,299773440.0,1.0,-27.3,HIGH_GROWTH,
Dronedarone Hcl,Multaq,228688,62102,299689408.0,1.0,8.4,HIGH_GROWTH,
Erenumab-Aooe,Aimovig Autoinjector,278422,57370,298643456.0,1.0,17.9,HIGH_GROWTH,
Olaparib,Lynparza,20665,5777,297184169.58,0.1,7.5,HIGH_GROWTH,Low patient volume — prediction blended with simple trend extrapolation for stability
Axitinib,Inlyta,15116,4177,292294005.04,0.07,13.8,HIGH_GROWTH,Low patient volume — prediction blended with simple trend extrapolation for stability
Tocilizumab,Actemra,73972,17217,290744149.26,0.27,24.2,HIGH_GROWTH,Low patient volume — prediction blended with simple trend extrapolation for stability
Tiotropium Br/Olodaterol Hcl,Stiolto Respimat,492090,130449,289082176.0,1.0,-0.9,HIGH_GROWTH,
Vortioxetine Hydrobromide,Trintellix,441202,94830,287419616.0,1.0,13.6,HIGH_GROWTH,
Lisinopril,Lisinopril,36077634,10933817,286587008.0,1.0,-12.1,HIGH_GROWTH,
Amlodipine Besylate,Amlodipine Besylate,49250797,15067165,284756768.0,1.0,-29.3,HIGH_GROWTH,
Mepolizumab,Nucala,60588,14826,279444481.4,0.22,41.3,HIGH_GROWTH,Low patient volume — prediction blended with simple trend extrapolation for stability
Duloxetine Hcl,Duloxetine Hcl,12379143,3013594,277986432.0,1.0,-25.9,HIGH_GROWTH,
Fluticasone Propionate,Fluticasone Propionate,12346858,5286936,277412256.0,1.0,-33.7,HIGH_GROWTH,
Omeprazole,Omeprazole,27767372,8497199,277303808.0,1.0,-32.2,HIGH_GROWTH,
Potassium Chloride,Potassium Chloride,13914773,3896076,276764832.0,1.0,-28.6,HIGH_GROWTH,
Ambrisentan,Letairis,60328,10336,274807692.05,0.19,-5.0,HIGH_GROWTH,Low patient volume — prediction blended with simple trend extrapolation for stability
Insulin Glargine/Lixisenatide,Soliqua 100-33,247469,62034,272618108.03,0.94,32.8,HIGH_GROWTH,
Ezetimibe,Ezetimibe,7571373,2262606,267668064.0,1.0,1.3,HIGH_GROWTH,
Galcanezumab-Gnlm,Emgality Pen,283679,61767,263516281.41,0.99,31.9,HIGH_GROWTH,
Omalizumab,Xolair,79388,15909,262226300.45,0.26,24.2,HIGH_GROWTH,Low patient volume — prediction blended with simple trend extrapolation for stability
Buprenorphine Hcl/Naloxone Hcl,Buprenorphine-Naloxone,1680326,308927,261686064.0,1.0,-16.8,HIGH_GROWTH,
Carbidopa/Levodopa,Carbidopa-Levodopa,3258423,817546,261370800.0,1.0,-31.4,HIGH_GROWTH,
Nilotinib Hcl,Tasigna,15128,5077,260369156.88,0.09,6.7,HIGH_GROWTH,Low patient volume — prediction blended with simple trend extrapolation for stability
Corticotropin,Acthar,3697,1015,251462245.72,0.01,3.8,HIGH_GROWTH,Low patient volume — prediction blended with simple trend extrapolation for stability
Asfotase Alfa,Strensiq,2522,549,249322163.56,0.0,18.4,HIGH_GROWTH,Low patient volume — prediction blended with simple trend extrapolation for stability
Immun Glob G(Igg)/Gly/Iga 0-50,Gammaplex,18254,3526,240844651.45,0.05,10.5,HIGH_GROWTH,Low patient volume — prediction blended with simple trend extrapolation for stability
Brimonidine Tartrate/Timolol,Combigan,807037,227121,226331792.0,1.0,-16.6,HIGH_GROWTH,
Darunavir/Cobicistat,Prezcobix,85233,15055,226052955.22,0.31,-2.5,HIGH_GROWTH,Low patient volume — prediction blended with simple trend extrapolation for stability
Teduglutide,Gattex,4402,1217,222688918.46,0.01,4.5,HIGH_GROWTH,Low patient volume — prediction blended with simple trend extrapolation for stability
Teriflunomide,Aubagio,33582,10347,219853952.93,0.19,-32.0,HIGH_GROWTH,Low patient volume — prediction blended with simple trend extrapolation for stability
Pegloticase,Krystexxa,4316,1033,219110422.17,0.0,76.5,HIGH_GROWTH,Low patient volume — prediction blended with simple trend extrapolation for stability
Estradiol,Estradiol,3418177,1305584,209131136.0,1.0,-19.4,HIGH_GROWTH,
Oxycodone Hcl/Acetaminophen,Oxycodone-Acetaminophen,7723280,2355581,205625920.0,1.0,-31.7,HIGH_GROWTH,
Umeclidinium Bromide,Incruse Ellipta,569135,139215,204106288.0,1.0,-30.9,HIGH_GROWTH,
Certolizumab Pegol,Cimzia,28761,7948,201250448.2,0.13,13.1,HIGH_GROWTH,Low patient volume — prediction blended with simple trend extrapolation for stability
Flucytosine,Ancobon,83355,40101,199631061.66,0.01,2910.5,HIGH_GROWTH,Low patient volume — prediction blended with simple trend extrapolation for stability
Mifepristone,Korlym,5649,1390,199361818.66,0.02,15.2,HIGH_GROWTH,Low patient volume — prediction blended with simple trend extrapolation for stability
Cannabidiol (Cbd),Epidiolex,38468,6933,197737526.59,0.12,16.9,HIGH_GROWTH,Low patient volume — prediction blended with simple trend extrapolation for stability
Aripiprazole Lauroxil,Aristada,68542,15830,197563732.89,0.29,1.7,HIGH_GROWTH,Low patient volume — prediction blended with simple trend extrapolation for stability
Pregabalin,Lyrica,6765312,1717742,196970048.0,1.0,-29.1,HIGH_GROWTH,
Quetiapine Fumarate,Quetiapine Fumarate,9072017,1735671,193769536.0,1.0,-14.5,HIGH_GROWTH,
"Insulin Regular, Human",Novolin R,321735,86379,193687136.0,1.0,-27.8,HIGH_GROWTH,
Brivaracetam,Briviact,107602,20136,192763542.83,0.34,28.3,HIGH_GROWTH,Low patient volume — prediction blended with simple trend extrapolation for stability
Liraglutide,Victoza 2-Pak,331927,102813,189659232.0,1.0,-69.3,HIGH_GROWTH,
Oxycodone Myristate,Xtampza Er,299406,69126,187784224.0,1.0,-11.7,HIGH_GROWTH,
Divalproex Sodium,Divalproex Sodium,4449474,782054,185569920.0,1.0,-19.9,HIGH_GROWTH,
Ixazomib Citrate,Ninlaro,14471,3880,184914199.34,0.07,-10.7,HIGH_GROWTH,Low patient volume — prediction blended with simple trend extrapolation for stability
Treprostinil Diolamine,Orenitram Er,14044,1823,182150741.19,0.03,5.3,HIGH_GROWTH,Low patient volume — prediction blended with simple trend extrapolation for stability
Belimumab,Benlysta,35834,7948,181722581.27,0.13,25.2,HIGH_GROWTH,Low patient volume — prediction blended with simple trend extrapolation for stability
Benralizumab,Fasenra,30063,8626,181343727.96,0.1,57.3,HIGH_GROWTH,Low patient volume — prediction blended with simple trend extrapolation for stability
Brimonidine Tartrate,Alphagan P,2383510,740199,180640624.0,1.0,-19.6,HIGH_GROWTH,
Tenofovir Alafenamide,Vemlidy,112049,19657,179596687.2,0.36,14.0,HIGH_GROWTH,Low patient volume — prediction blended with simple trend extrapolation for stability
Abaloparatide,Tymlos,59892,13023,179307666.33,0.22,21.0,HIGH_GROWTH,Low patient volume — prediction blended with simple trend extrapolation for stability
Bupropion Hcl,Bupropion Hcl,8101557,1957658,178372032.0,1.0,-27.6,HIGH_GROWTH,
Omeprazole/Sodium Bicarbonate,Omeprazole-Sodium Bicarbonate,69508,14263,177606658.01,0.26,22.4,HIGH_GROWTH,Low patient volume — prediction blended with simple trend extrapolation for stability
Interferon Beta-1a,Avonex Pen,23886,6711,177481590.32,0.14,-17.7,HIGH_GROWTH,Low patient volume — prediction blended with simple trend extrapolation for stability
Memantine Hcl,Memantine Hcl,5455487,1199588,175600608.0,1.0,-32.5,HIGH_GROWTH,
Sodium Zirconium Cyclosilicate,Lokelma,225659,72588,171820976.0,1.0,25.0,HIGH_GROWTH,
Insulin Detemir,Levemir Flextouch,723865,218094,170438992.0,1.0,-79.8,HIGH_GROWTH,
Ipratropium/Albuterol Sulfate,Combivent Respimat,801788,277503,166738016.0,1.0,-31.0,HIGH_GROWTH,
Eculizumab,Soliris,3863,1021,164482839.18,0.01,-6.2,HIGH_GROWTH,Low patient volume — prediction blended with simple trend extrapolation for stability
"Pen Needle, Diabetic",Ultra-Fine Mini Pen Needle,3011998,1068279,163149136.0,1.0,-30.5,HIGH_GROWTH,
Immun Glob G(Igg)-Ifas/Glycine,Panzyga,10581,2122,160320600.36,0.03,23.3,HIGH_GROWTH,Low patient volume — prediction blended with simple trend extrapolation for stability
Dimethyl Fumarate,Tecfidera,81042,18567,159796548.79,0.31,-34.3,HIGH_GROWTH,Low patient volume — prediction blended with simple trend extrapolation for stability
Golimumab,Simponi,22099,6159,158861125.9,0.1,15.7,HIGH_GROWTH,Low patient volume — prediction blended with simple trend extrapolation for stability
Mesalamine,Mesalamine,410141,111901,158550576.0,1.0,-36.2,HIGH_GROWTH,
Buprenorphine,Buprenorphine,416059,119883,158233056.0,1.0,15.0,HIGH_GROWTH,
Buprenorphine Hcl,Buprenorphine Hcl,494479,111277,153987600.0,1.0,2.7,HIGH_GROWTH,
Netarsudil Mesylate,Rhopressa,309972,92174,151325216.0,1.0,1.4,HIGH_GROWTH,
Escitalopram Oxalate,Escitalopram Oxalate,12038625,3003755,148970336.0,1.0,-9.3,HIGH_GROWTH,
Famotidine,Famotidine,13100568,3997681,148471376.0,1.0,-21.2,HIGH_GROWTH,
Trazodone Hcl,Trazodone Hcl,17764315,4625554,147994960.0,1.0,-28.7,HIGH_GROWTH,
Imatinib Mesylate,Imatinib Mesylate,96626,24708,147801402.81,0.44,-23.4,HIGH_GROWTH,Low patient volume — prediction blended with simple trend extrapolation for stability
Lamotrigine,Lamotrigine,3808205,751929,147657184.0,1.0,-25.7,HIGH_GROWTH,
Prednisolone Acetate,Prednisolone Acetate,3482916,2160700,145326944.0,1.0,-6.7,HIGH_GROWTH,
Levetiracetam,Levetiracetam,4072768,865664,143003200.0,1.0,-32.7,HIGH_GROWTH,
Carvedilol,Carvedilol,14877106,4376453,142094816.0,1.0,-16.0,HIGH_GROWTH,
Amifampridine Phosphate,Firdapse,2939,876,141720490.8,0.0,27.4,HIGH_GROWTH,Low patient volume — prediction blended with simple trend extrapolation for stability
Lanadelumab-Flyo,Takhzyro,3055,848,139150374.27,0.01,1.3,HIGH_GROWTH,Low patient volume — prediction blended with simple trend extrapolation for stability
Sevelamer Carbonate,Renvela,633815,190623,138586272.0,1.0,-36.7,HIGH_GROWTH,
Netarsudil Mesylat/Latanoprost,Rocklatan,276089,76644,137781872.0,1.0,11.9,HIGH_GROWTH,
Montelukast Sodium,Montelukast Sodium,11915103,3467054,137777136.0,1.0,-24.0,HIGH_GROWTH,
Lurasidone Hcl,Latuda,302457,121789,137402384.0,1.0,-68.3,HIGH_GROWTH,
Pembrolizumab,Keytruda,10700,2011,136691926.04,0.02,35.0,HIGH_GROWTH,Low patient volume — prediction blended with simple trend extrapolation for stability
Alectinib Hcl,Alecensa,7781,2488,136486748.95,0.03,26.4,HIGH_GROWTH,Low patient volume — prediction blended with simple trend extrapolation for stability
Latanoprost,Latanoprost,10428470,2861370,136070992.0,1.0,-34.7,HIGH_GROWTH,
Lidocaine,Lidocaine,1018772,318668,135806784.0,1.0,-15.4,HIGH_GROWTH,
Sertraline Hcl,Sertraline Hcl,15419726,3702835,134569104.0,1.0,-19.5,HIGH_GROWTH,
Mirtazapine,Mirtazapine,7542781,1709310,134389552.0,1.0,-14.3,HIGH_GROWTH,
Epoetin Alfa,Procrit,97761,25232,130322064.91,0.41,4.1,HIGH_GROWTH,Low patient volume — prediction blended with simple trend extrapolation for stability
Bosutinib,Bosulif,8398,2663,130300573.87,0.04,15.4,HIGH_GROWTH,Low patient volume — prediction blended with simple trend extrapolation for stability
Amikacin Liposomal/Neb.Accessr,Arikayce,8168,2334,129341014.76,0.03,28.8,HIGH_GROWTH,Low patient volume — prediction blended with simple trend extrapolation for stability
Risperidone Microspheres,Risperdal Consta,102256,19755,128930917.69,0.43,-13.9,HIGH_GROWTH,Low patient volume — prediction blended with simple trend extrapolation for stability
Ferric Citrate,Auryxia,66842,16542,128725741.5,0.36,-9.5,HIGH_GROWTH,Low patient volume — prediction blended with simple trend extrapolation for stability
Dexlansoprazole,Dexilant,587650,150339,126051208.0,1.0,-43.1,HIGH_GROWTH,
Patiromer Calcium Sorbitex,Veltassa,119037,32406,125155629.65,0.52,23.1,HIGH_GROWTH,
Collagenase Clostridium Hist.,Santyl,158410,75290,124931984.0,1.0,-11.2,HIGH_GROWTH,
Clopidogrel Bisulfate,Clopidogrel,12437550,3731098,122231056.0,1.0,-35.5,HIGH_GROWTH,
Esketamine Hcl,Spravato,79999,7258,119050905.68,0.1,59.1,HIGH_GROWTH,Low patient volume — prediction blended with simple trend extrapolation for stability
Celecoxib,Celecoxib,4878569,1671352,119003064.0,1.0,-30.5,HIGH_GROWTH,
Somatropin,Genotropin,19300,5139,118787759.27,0.09,-0.2,HIGH_GROWTH,Low patient volume — prediction blended with simple trend extrapolation for stability
Lacosamide,Vimpat,884625,201184,118119096.0,1.0,-39.8,HIGH_GROWTH,
Dabigatran Etexilate Mesylate,Pradaxa,490987,178406,117820288.0,1.0,-21.4,HIGH_GROWTH,
Leuprolide Acetate,Lupron Depot,24587,8583,116763745.44,0.13,31.2,HIGH_GROWTH,Low patient volume — prediction blended with simple trend extrapolation for stability
Everolimus,Zortress,24129,7025,116558303.72,0.1,-7.8,HIGH_GROWTH,Low patient volume — prediction blended with simple trend extrapolation for stability
Aflibercept,Eylea,44496,11467,116120839.13,0.13,63.3,HIGH_GROWTH,Low patient volume — prediction blended with simple trend extrapolation for stability
Obeticholic Acid,Ocaliva,11249,3469,115875605.61,0.05,17.5,HIGH_GROWTH,Low patient volume — prediction blended with simple trend extrapolation for stability
Olanzapine,Olanzapine,3393996,605259,114928216.0,1.0,-15.0,HIGH_GROWTH,
Dextromethorphan Hbr/Quinidine,Nuedexta,124828,22743,113977150.36,0.5,-13.8,HIGH_GROWTH,
Onabotulinumtoxina,Botox,79777,30354,113114575.86,0.45,29.2,HIGH_GROWTH,Low patient volume — prediction blended with simple trend extrapolation for stability
Fingolimod Hcl,Gilenya,23995,6357,112206901.6,0.12,-30.9,HIGH_GROWTH,Low patient volume — prediction blended with simple trend extrapolation for stability
Eslicarbazepine Acetate,Aptiom,69217,13273,111552742.16,0.26,1.9,HIGH_GROWTH,Low patient volume — prediction blended with simple trend extrapolation for stability
Pirfenidone,Esbriet,52248,13002,109839443.83,0.2,-38.6,HIGH_GROWTH,Low patient volume — prediction blended with simple trend extrapolation for stability
Methylnaltrexone Bromide,Relistor,43343,14056,109005291.08,0.21,27.5,HIGH_GROWTH,Low patient volume — prediction blended with simple trend extrapolation for stability
Diltiazem Hcl,Diltiazem Hcl,4047828,1127914,108209368.0,1.0,-36.7,HIGH_GROWTH,
Interferon Beta-1a/Albumin,Rebif Rebidose,11355,3570,106408074.02,0.07,-23.7,HIGH_GROWTH,Low patient volume — prediction blended with simple trend extrapolation for stability
Ivosidenib,Tibsovo,3120,1088,103163669.94,0.0,58.6,HIGH_GROWTH,Low patient volume — prediction blended with simple trend extrapolation for stability
Insulin Aspart (Niacinamide),Fiasp Flextouch,87291,28207,102861079.36,0.36,65.0,HIGH_GROWTH,Low patient volume — prediction blended with simple trend extrapolation for stability
Latanoprostene Bunod,Vyzulta,280819,78923,102527392.0,1.0,6.6,HIGH_GROWTH,
Simvastatin,Simvastatin,14212158,4027893,101960872.0,1.0,-38.8,HIGH_GROWTH,
Pravastatin Sodium,Pravastatin Sodium,8705986,2434203,101412960.0,1.0,-40.9,HIGH_GROWTH,
Sarilumab,Kevzara,21103,5302,99995967.15,0.07,36.8,HIGH_GROWTH,Low patient volume — prediction blended with simple trend extrapolation for stability
Diclofenac Epolamine,Diclofenac Epolamine,110385,36024,99124062.16,0.78,-3.4,HIGH_GROWTH,
Varenicline Tartrate,Chantix,290515,92196,96996216.0,1.0,16.3,HIGH_GROWTH,
Empagliflozin/Linagliptin,Glyxambi,90187,23938,96954815.32,0.38,34.4,HIGH_GROWTH,Low patient volume — prediction blended with simple trend extrapolation for stability
Furosemide,Furosemide,22339106,6968089,96684792.0,1.0,-30.9,HIGH_GROWTH,
Raltegravir Potassium,Isentress,50069,10889,96157423.49,0.25,-21.0,HIGH_GROWTH,Low patient volume — prediction blended with simple trend extrapolation for stability
Venlafaxine Hcl,Venlafaxine Hcl,5095086,1079193,96064584.0,1.0,-33.9,HIGH_GROWTH,
C1 Esterase Inhibitor,Cinryze,1848,552,94256217.35,0.0,-9.1,HIGH_GROWTH,Low patient volume — prediction blended with simple trend extrapolation for stability
Metoprolol Tartrate,Metoprolol Tartrate,15032733,4396053,94254696.0,1.0,-29.3,HIGH_GROWTH,
Insulin Nph Hum/Reg Insulin Hm,Novolin 70-30,360350,96323,94053920.0,1.0,-47.9,HIGH_GROWTH,
Daptomycin,Daptomycin,112499,27696,91448855.6,0.43,1.3,HIGH_GROWTH,Low patient volume — prediction blended with simple trend extrapolation for stability
Tolvaptan,Samsca,7897,2546,90667795.31,0.03,16.3,HIGH_GROWTH,Low patient volume — prediction blended with simple trend extrapolation for stability
Donepezil Hcl,Donepezil Hcl,7378186,1711699,90410240.0,1.0,-19.2,HIGH_GROWTH,
Naloxegol Oxalate,Movantik,221034,63654,89595512.0,1.0,12.6,HIGH_GROWTH,
Clobetasol Propionate,Clobetasol Propionate,1832328,961456,89040992.0,1.0,-21.1,HIGH_GROWTH,
Risperidone,Risperidone,3356132,546014,88823872.0,1.0,1.2,HIGH_GROWTH,
Ponatinib Hcl,Iclusig,4554,1464,88456015.39,0.01,42.0,HIGH_GROWTH,Low patient volume — prediction blended with simple trend extrapolation for stability
Pitolisant Hcl,Wakix,6739,1903,88219960.16,0.02,37.4,HIGH_GROWTH,Low patient volume — prediction blended with simple trend extrapolation for stability
Buspirone Hcl,Buspirone Hcl,7266245,1687657,86730696.0,1.0,-28.2,HIGH_GROWTH,
Valsartan,Valsartan,3944855,1137211,85845744.0,1.0,-31.8,HIGH_GROWTH,
Tramadol Hcl,Tramadol Hcl,11713084,4115677,85164696.0,1.0,-15.5,HIGH_GROWTH,
Doxycycline Hyclate,Doxycycline Hyclate,4925154,3770951,84359256.0,1.0,-7.2,HIGH_GROWTH,
Trametinib Dimethyl Sulfoxide,Mekinist,5751,1931,84193532.08,0.03,11.0,HIGH_GROWTH,Low patient volume — prediction blended with simple trend extrapolation for stability
Ipratropium Bromide,Ipratropium Bromide,1666249,689505,84033896.0,1.0,-16.8,HIGH_GROWTH,
Trifluridine/Tipiracil Hcl,Lonsurf,7137,2174,83584367.1,0.02,37.2,HIGH_GROWTH,Low patient volume — prediction blended with simple trend extrapolation for stability
Nifedipine,Nifedipine Er,3023956,862986,82680432.0,1.0,-28.2,HIGH_GROWTH,
Niraparib Tosylate,Zejula,4878,1456,82643763.33,0.02,6.7,HIGH_GROWTH,Low patient volume — prediction blended with simple trend extrapolation for stability
Allopurinol,Allopurinol,9005563,2459575,81713128.0,1.0,-35.7,HIGH_GROWTH,
Olmesartan Medoxomil,Olmesartan Medoxomil,2829719,809880,81559752.0,1.0,7.3,HIGH_GROWTH,
Fluoxetine Hcl,Fluoxetine Hcl,6816491,1534202,81350320.0,1.0,-17.8,HIGH_GROWTH,
Amantadine Hcl,Amantadine,433920,111030,80939872.0,1.0,-18.5,HIGH_GROWTH,
Sucralfate,Sucralfate,1574797,518705,80512592.0,1.0,-26.1,HIGH_GROWTH,
Clozapine,Clozapine,1111478,111889,78776488.0,1.0,-25.8,HIGH_GROWTH,
Hydralazine Hcl,Hydralazine Hcl,5343691,1535967,78653824.0,1.0,-18.6,HIGH_GROWTH,
Romosozumab-Aqqg,Evenity (2 Syringes),29592,7036,78603404.37,0.08,58.1,HIGH_GROWTH,Low patient volume — prediction blended with simple trend extrapolation for stability
Esomeprazole Magnesium,Esomeprazole Magnesium,2257461,592796,78358088.0,1.0,-47.6,HIGH_GROWTH,
Valacyclovir Hcl,Valacyclovir,2026899,783470,78120072.0,1.0,-2.5,HIGH_GROWTH,
Finasteride,Finasteride,6574860,1879450,77325336.0,1.0,-23.3,HIGH_GROWTH,
Ranolazine,Ranexa,922781,257395,77263416.0,1.0,-34.1,HIGH_GROWTH,
Losartan/Hydrochlorothiazide,Losartan-Hydrochlorothiazide,5040183,1446817,76851888.0,1.0,-26.2,HIGH_GROWTH,
Plecanatide,Trulance,103384,30291,76846600.55,0.48,22.9,HIGH_GROWTH,Low patient volume — prediction blended with simple trend extrapolation for stability
Carbamazepine,Carbamazepine Er,845142,193523,76808952.0,1.0,-14.5,HIGH_GROWTH,
"Estrogens, Conjugated",Premarin,264158,99529,76726224.0,1.0,-33.9,HIGH_GROWTH,
Tacrolimus,Tacrolimus,423095,158577,76672096.0,1.0,-9.3,HIGH_GROWTH,
Spironolactone,Spironolactone,7866008,2340767,76346816.0,1.0,-13.6,HIGH_GROWTH,
Tapentadol Hcl,Nucynta,58425,16288,76302355.92,0.36,-2.4,HIGH_GROWTH,Low patient volume — prediction blended with simple trend extrapolation for stability
Dabrafenib Mesylate,Tafinlar,5676,1868,76296453.8,0.03,11.1,HIGH_GROWTH,Low patient volume — prediction blended with simple trend extrapolation for stability
Cyclobenzaprine Hcl,Cyclobenzaprine Hcl,6284771,2265551,76283352.0,1.0,20.1,HIGH_GROWTH,
Azelastine Hcl,Azelastine Hcl,2495781,1062210,76243056.0,1.0,-6.9,HIGH_GROWTH,
"Diphth,pertuss(Acell),tet Vac",Boostrix Tdap,1028302,1084551,75945960.0,1.0,9.8,HIGH_GROWTH,
Insulin Aspart Prot/Insuln Asp,Novolog Mix 70-30,170516,47899,75913062.03,0.98,-60.8,HIGH_GROWTH,
Lisdexamfetamine Dimesylate,Vyvanse,205925,54356,75891808.0,1.0,-7.6,HIGH_GROWTH,
Hydroxychloroquine Sulfate,Hydroxychloroquine Sulfate,2135708,640257,75727832.0,1.0,-42.6,HIGH_GROWTH,
Ketoconazole,Ketoconazole,3299913,1547152,75280240.0,1.0,-4.9,HIGH_GROWTH,
Alendronate Sodium,Alendronate Sodium,8187061,2401178,75257848.0,1.0,-18.8,HIGH_GROWTH,
Oxcarbazepine,Oxcarbazepine,1007506,211550,75121608.0,1.0,-4.2,HIGH_GROWTH,
Baclofen,Baclofen,4467518,1304176,74808472.0,1.0,-24.8,HIGH_GROWTH,
Isosorbide Mononitrate,Isosorbide Mononitrate Er,4051825,1144437,74601720.0,1.0,-3.9,HIGH_GROWTH,
Alprazolam,Alprazolam,11071935,2507409,74534728.0,1.0,-8.8,HIGH_GROWTH,
Bromfenac Sodium,Bromsite,297627,170939,74440960.0,1.0,-19.3,HIGH_GROWTH,
Oxybutynin Chloride,Oxybutynin Chloride Er,4311657,1210183,74284944.0,1.0,-38.5,HIGH_GROWTH,
Paliperidone,Invega,337569,66957,73768872.0,1.0,-34.7,HIGH_GROWTH,
Exenatide Microspheres,Bydureon Bcise,78322,26959,73583128.9,0.64,-42.7,HIGH_GROWTH,
Clonazepam,Clonazepam,8241741,1523436,73011728.0,1.0,-5.8,HIGH_GROWTH,
Insulin Nph Human Isophane,Novolin N,381044,124942,72989584.0,1.0,-29.2,HIGH_GROWTH,
Hydroxyzine Hcl,Hydroxyzine Hcl,3800379,1131226,72929888.0,1.0,7.6,HIGH_GROWTH,
Prednisone,Prednisone,14166521,8752961,72907776.0,1.0,-14.5,HIGH_GROWTH,
Tizanidine Hcl,Tizanidine Hcl,6201336,2048794,72685896.0,1.0,-11.7,HIGH_GROWTH,
Dextroamphetamine/Amphetamine,Dextroamphetamine-Amphet Er,1514104,322242,72462336.0,1.0,-16.2,HIGH_GROWTH,
Dorzolamide Hcl/Timolol Maleat,Dorzolamide-Timolol,2820821,861767,72299152.0,1.0,-4.3,HIGH_GROWTH,
Topiramate,Topiramate,2634792,627071,72108416.0,1.0,-23.0,HIGH_GROWTH,
Pitavastatin Calcium,Livalo,134297,37959,71844541.0,0.8,-17.7,HIGH_GROWTH,
Glipizide,Glipizide,6623764,1881757,71748288.0,1.0,-31.8,HIGH_GROWTH,
Lorazepam,Lorazepam,7183907,1763866,71729272.0,1.0,2.0,HIGH_GROWTH,
Atenolol,Atenolol,5764467,1581069,71579752.0,1.0,11.4,HIGH_GROWTH,
Hydrochlorothiazide,Hydrochlorothiazide,17756461,5519082,71539216.0,1.0,-24.7,HIGH_GROWTH,
Cinacalcet Hcl,Sensipar,202766,51777,71531240.56,0.88,-16.8,HIGH_GROWTH,
Insulin Lispro Protamin/Lispro,Humalog Mix 75-25,126569,36945,71352682.68,0.76,-46.5,HIGH_GROWTH,
Doravirine,Pifeltro,36634,7141,71255152.49,0.11,24.8,HIGH_GROWTH,Low patient volume — prediction blended with simple trend extrapolation for stability
Avatrombopag Maleate,Doptelet,4798,1611,70942231.75,0.01,82.4,HIGH_GROWTH,Low patient volume — prediction blended with simple trend extrapolation for stability
Tadalafil,Cialis,232959,59832,70578296.0,1.0,-28.4,HIGH_GROWTH,
Suvorexant,Belsomra,237655,66123,69818728.0,1.0,-24.5,HIGH_GROWTH,
Budesonide,Budesonide,286908,85639,69813264.0,1.0,-9.7,HIGH_GROWTH,
Propranolol Hcl,Propranolol Hcl,2842103,735944,69782384.0,1.0,-19.9,HIGH_GROWTH,
Zolpidem Tartrate,Zolpidem Tartrate,7218966,1618564,69074312.0,1.0,-1.8,HIGH_GROWTH,
Testosterone,Testosterone,352702,96973,67798272.0,1.0,-3.4,HIGH_GROWTH,
Dalfampridine,Dalfampridine Er,94471,19364,67633730.05,0.38,-13.3,HIGH_GROWTH,Low patient volume — prediction blended with simple trend extrapolation for stability
Tafamidis Meglumine,Vyndaqel,3015,858,67545356.44,0.01,-6.5,HIGH_GROWTH,Low patient volume — prediction blended with simple trend extrapolation for stability
Travoprost,Travatan Z,357303,94342,66961636.0,1.0,-28.7,HIGH_GROWTH,
Bumetanide,Bumetanide,1794469,503295,66856352.0,1.0,-7.9,HIGH_GROWTH,
Efinaconazole,Jublia,50771,15378,66035929.66,0.2,48.9,HIGH_GROWTH,Low patient volume — prediction blended with simple trend extrapolation for stability
Midodrine Hcl,Midodrine Hcl,1015951,279708,64601084.0,1.0,-7.5,HIGH_GROWTH,
Glycerol Phenylbutyrate,Ravicti,652,168,64463684.75,0.0,13.3,HIGH_GROWTH,Low patient volume — prediction blended with simple trend extrapolation for stability
Fentanyl,Fentanyl,603266,122248,63993300.0,1.0,-20.7,HIGH_GROWTH,
Methotrexate Sodium,Methotrexate,2122781,607641,63805728.0,1.0,-14.5,HIGH_GROWTH,
Morphine Sulfate,Morphine Sulfate Er,2191752,487938,63756460.0,1.0,-14.2,HIGH_GROWTH,
Iloperidone,Fanapt,31201,7426,63572542.81,0.14,-2.1,HIGH_GROWTH,Low patient volume — prediction blended with simple trend extrapolation for stability
Infliximab,Remicade,8892,2320,62916135.53,0.03,6.2,HIGH_GROWTH,Low patient volume — prediction blended with simple trend extrapolation for stability
Pegfilgrastim,Neulasta,7896,2045,62109169.81,0.03,12.4,HIGH_GROWTH,Low patient volume — prediction blended with simple trend extrapolation for stability
Fremanezumab-Vfrm,Ajovy Syringe,80544,20816,61824383.19,0.32,14.9,HIGH_GROWTH,Low patient volume — prediction blended with simple trend extrapolation for stability
Amoxicillin/Potassium Clav,Amoxicillin-Clavulanate Potass,5344813,4633011,61426712.0,1.0,8.2,HIGH_GROWTH,
Sodium Oxybate,Xyrem,3811,1252,61306395.41,0.02,-25.1,HIGH_GROWTH,Low patient volume — prediction blended with simple trend extrapolation for stability
Nebivolol Hcl,Bystolic,1046632,275025,60513492.0,1.0,-27.4,HIGH_GROWTH,
Perampanel,Fycompa,48120,10023,60493860.32,0.18,8.5,HIGH_GROWTH,Low patient volume — prediction blended with simple trend extrapolation for stability
Colchicine,Colchicine,777021,264333,56720880.0,1.0,-8.1,HIGH_GROWTH,
Siponimod,Mayzent,4912,1308,56535870.96,0.02,6.6,HIGH_GROWTH,Low patient volume — prediction blended with simple trend extrapolation for stability
Abatacept/Maltose,Orencia,11596,2424,55296871.91,0.03,24.7,HIGH_GROWTH,Low patient volume — prediction blended with simple trend extrapolation for stability
Letermovir,Prevymis,7135,1913,54767324.21,0.01,56.6,HIGH_GROWTH,Low patient volume — prediction blended with simple trend extrapolation for stability
Rivastigmine,Rivastigmine,259989,67811,54662816.0,1.0,-23.4,HIGH_GROWTH,
Interferon Beta-1b,Betaseron,5645,1890,54326440.91,0.03,-15.8,HIGH_GROWTH,Low patient volume — prediction blended with simple trend extrapolation for stability
Isavuconazonium Sulfate,Cresemba,7995,2257,54161417.27,0.03,31.3,HIGH_GROWTH,Low patient volume — prediction blended with simple trend extrapolation for stability
Vedolizumab,Entyvio,6073,1814,53978221.85,0.02,36.6,HIGH_GROWTH,Low patient volume — prediction blended with simple trend extrapolation for stability
Irbesartan,Irbesartan,2000424,553233,53913772.0,1.0,-19.0,HIGH_GROWTH,
Canagliflozin,Invokana,97797,31283,53228027.13,0.85,-62.4,HIGH_GROWTH,
Linagliptin/Metformin Hcl,Jentadueto,72199,18608,53117515.61,0.36,-0.2,HIGH_GROWTH,Low patient volume — prediction blended with simple trend extrapolation for stability
Rotigotine,Neupro,47909,12709,53028769.88,0.26,-8.8,HIGH_GROWTH,Low patient volume — prediction blended with simple trend extrapolation for stability
Meloxicam,Meloxicam,11057672,4173269,52982532.0,1.0,-16.7,HIGH_GROWTH,
Ondansetron,Ondansetron Odt,3245579,1995759,52460740.0,1.0,8.5,HIGH_GROWTH,
Tolterodine Tartrate,Tolterodine Tartrate Er,408644,121208,52458540.0,1.0,4.1,HIGH_GROWTH,
Amiodarone Hcl,Amiodarone Hcl,2446938,822214,52155544.0,1.0,-23.1,HIGH_GROWTH,
Rilonacept,Arcalyst,2189,741,51893631.63,0.0,342.5,HIGH_GROWTH,Low patient volume — prediction blended with simple trend extrapolation for stability
Triamcinolone Acetonide,Triamcinolone Acetonide,5250793,3159846,51437032.0,1.0,-18.8,HIGH_GROWTH,
Omadacycline Tosylate,Nuzyra,4737,1889,51046022.74,0.01,94.7,HIGH_GROWTH,Low patient volume — prediction blended with simple trend extrapolation for stability
Enasidenib Mesylate,Idhifa,1461,490,50060216.99,0.0,24.5,HIGH_GROWTH,Low patient volume — prediction blended with simple trend extrapolation for stability
Chlorpromazine Hcl,Chlorpromazine Hcl,179429,34286,49844368.31,0.68,-13.5,HIGH_GROWTH,
Darbepoetin Alfa In Polysorbat,Aranesp,17588,4474,49773445.13,0.07,13.8,HIGH_GROWTH,Low patient volume — prediction blended with simple trend extrapolation for stability
Solifenacin Succinate,Solifenacin Succinate,863822,265217,49437740.0,1.0,-19.2,HIGH_GROWTH,
Fenofibrate,Fenofibrate,1522838,412928,49381856.0,1.0,-8.7,HIGH_GROWTH,
Lactulose,Lactulose,1234552,381110,49378464.0,1.0,-13.6,HIGH_GROWTH,
Nivolumab,Opdivo,3671,785,48559100.74,0.0,26.7,HIGH_GROWTH,Low patient volume — prediction blended with simple trend extrapolation for stability
Ocrelizumab,Ocrevus,1198,590,48141338.68,0.0,25.0,HIGH_GROWTH,Low patient volume — prediction blended with simple trend extrapolation for stability
Prucalopride Succinate,Motegrity,65295,17971,47903182.71,0.26,34.6,HIGH_GROWTH,Low patient volume — prediction blended with simple trend extrapolation for stability
Mycophenolate Mofetil,Mycophenolate Mofetil,381036,100701,47224596.0,1.0,-5.0,HIGH_GROWTH,
Alpelisib,Piqray,2085,766,47102865.82,0.0,24.0,HIGH_GROWTH,Low patient volume — prediction blended with simple trend extrapolation for stability
Brinzolamide/Brimonidine Tart,Simbrinza,235423,63926,46947536.0,1.0,-19.1,STABLE,
Fluticasone Furoate,Arnuity Ellipta,166046,47205,46821073.7,0.92,-10.2,STABLE,
Doxepin Hcl,Doxepin Hcl,909632,228337,46776012.0,1.0,-9.5,STABLE,
Diclofenac Potassium,Diclofenac Potassium,246312,116532,46437056.0,1.0,28.4,HIGH_GROWTH,
Ropinirole Hcl,Ropinirole Hcl,2846114,656950,46236784.0,1.0,-24.7,STABLE,
Icatibant Acetate,Firazyr,1033,255,46222548.59,0.0,-9.6,STABLE,Low patient volume — prediction blended with simple trend extrapolation for stability
Memantine Hcl/Donepezil Hcl,Namzaric,73527,15356,45775796.34,0.46,-25.6,STABLE,Low patient volume — prediction blended with simple trend extrapolation for stability
Torsemide,Torsemide,2425602,735413,45070876.0,1.0,-9.1,STABLE,
Ursodiol,Ursodiol,309754,86747,44804228.0,1.0,-25.9,STABLE,
Timolol Maleate,Timolol Maleate,2690947,852807,44747436.0,1.0,-23.5,STABLE,
Clobazam,Clobazam,149899,31119,44568601.82,0.54,-3.8,STABLE,
Nitrofurantoin Monohyd/M-Cryst,Nitrofurantoin Mono-Macro,2714596,2110168,44424876.0,1.0,-19.2,STABLE,
Desvenlafaxine Succinate,Desvenlafaxine Succinate Er,664769,155062,44413948.0,1.0,-7.4,STABLE,
Valsartan/Hydrochlorothiazide,Valsartan-Hydrochlorothiazide,1217169,343064,44376352.0,1.0,-27.9,STABLE,
Lanreotide Acetate,Somatuline Depot,4492,1306,44123129.34,0.01,16.9,HIGH_GROWTH,Low patient volume — prediction blended with simple trend extrapolation for stability
Ondansetron Hcl,Ondansetron Hcl,2951130,1565755,43971424.0,1.0,1.8,STABLE,
Nystatin,Nystatin,2128913,1004927,43857928.0,1.0,-8.4,STABLE,
Citalopram Hydrobromide,Citalopram Hbr,6057840,1414587,43466436.0,1.0,-23.1,STABLE,
Droxidopa,Northera,29111,7755,43450238.0,0.1,-15.6,STABLE,Low patient volume — prediction blended with simple trend extrapolation for stability
Ziprasidone Hcl,Ziprasidone Hcl,508286,90843,43352840.0,1.0,-8.1,STABLE,
Sacrosidase,Sucraid,3363,994,43116778.15,0.01,19.5,HIGH_GROWTH,Low patient volume — prediction blended with simple trend extrapolation for stability
Posaconazole,Noxafil,20849,5993,43046476.97,0.08,2.3,STABLE,Low patient volume — prediction blended with simple trend extrapolation for stability
Sod Picosulf/Mag Ox/Citric Ac,Clenpiq,188893,184546,43038444.0,1.0,48.5,HIGH_GROWTH,
Lisinopril/Hydrochlorothiazide,Lisinopril-Hydrochlorothiazide,5101304,1485925,42949304.0,1.0,-28.6,STABLE,
Amitriptyline Hcl,Amitriptyline Hcl,2948289,735017,42719808.0,1.0,-25.9,STABLE,
Loteprednol Etabonate,Lotemax,203507,105035,42462856.0,1.0,-14.7,STABLE,
Ibuprofen,Ibuprofen,5783987,3112214,42435004.0,1.0,-11.0,STABLE,
Ertapenem Sodium,Ertapenem,101073,34024,42397235.39,0.55,-2.2,STABLE,
Pioglitazone Hcl,Pioglitazone Hcl,2748961,782677,42271420.0,1.0,-23.4,STABLE,
Glimepiride,Glimepiride,3960150,1098422,42155400.0,1.0,-25.2,STABLE,
Insulin Degludec/Liraglutide,Xultophy 100-3.6,26963,7727,41840689.96,0.14,4.2,STABLE,Low patient volume — prediction blended with simple trend extrapolation for stability
Sumatriptan Succinate,Sumatriptan Succinate,1301341,334110,41744456.0,1.0,-3.4,STABLE,
Azithromycin,Azithromycin,7856826,6177316,41731400.0,1.0,-15.4,STABLE,
Lorlatinib,Lorbrena,1946,710,41443885.24,0.0,35.9,HIGH_GROWTH,Low patient volume — prediction blended with simple trend extrapolation for stability
Glucagon,Baqsimi,101018,57522,41034105.46,0.82,9.8,STABLE,
Chlorthalidone,Chlorthalidone,2307941,678665,40461964.0,1.0,-16.8,STABLE,
Flecainide Acetate,Flecainide Acetate,1033260,321141,40326520.0,1.0,-30.4,STABLE,
Warfarin Sodium,Warfarin Sodium,3991810,857407,40246604.0,1.0,-37.9,STABLE,
Dofetilide,Dofetilide,248925,74984,40058664.0,1.0,-32.8,STABLE,
Omega-3 Acid Ethyl Esters,Omega-3 Acid Ethyl Esters,560310,157391,39514940.0,1.0,-14.5,STABLE,
Tasimelteon,Hetlioz,1471,565,39216010.67,0.0,-15.6,STABLE,Low patient volume — prediction blended with simple trend extrapolation for stability
Fenofibrate Nanocrystallized,Fenofibrate,1413301,363363,39093184.0,1.0,-24.1,STABLE,
Brinzolamide,Azopt,129427,35668,38877427.49,0.76,-17.2,STABLE,
Mometasone/Formoterol,Dulera,110645,33181,38266974.87,0.62,-13.8,STABLE,
"Sodium, Potassium,mag Sulfates",Suprep,284305,382050,37892580.0,1.0,-17.9,STABLE,
Gilteritinib Fumarate,Xospata,1629,508,37820859.92,0.0,24.3,HIGH_GROWTH,Low patient volume — prediction blended with simple trend extrapolation for stability
"Meloxicam, Submicronized",Vivlodex,45179,11204,37683594.43,0.04,299.9,HIGH_GROWTH,Low patient volume — prediction blended with simple trend extrapolation for stability
Bexarotene,Bexarotene,4850,1090,37202770.21,0.01,1.7,STABLE,Low patient volume — prediction blended with simple trend extrapolation for stability
Agalsidase Beta,Fabrazyme,1665,308,36898398.79,0.0,7.2,STABLE,Low patient volume — prediction blended with simple trend extrapolation for stability
Roflumilast,Daliresp,214155,60967,36501180.0,1.0,-27.5,STABLE,
Fosnetupitant/Palonosetron,Akynzeo,22977,5772,34869956.25,0.01,720.7,HIGH_GROWTH,Low patient volume — prediction blended with simple trend extrapolation for stability
Methocarbamol,Methocarbamol,2172555,924854,34821168.0,1.0,42.3,HIGH_GROWTH,
Methenamine Hippurate,Methenamine Hippurate,669946,180784,34656912.0,1.0,-26.8,STABLE,
Bosentan,Bosentan,5847,1737,34609582.94,0.03,-10.6,STABLE,Low patient volume — prediction blended with simple trend extrapolation for stability
Azacitidine,Azacitidine,3044,768,34373665.33,0.0,33.6,HIGH_GROWTH,Low patient volume — prediction blended with simple trend extrapolation for stability
Filgrastim-Aafi,Nivestym,63734,19278,34137122.2,0.06,253.6,HIGH_GROWTH,Low patient volume — prediction blended with simple trend extrapolation for stability
Calcifediol,Rayaldee,25200,5060,34034335.41,0.09,1.5,STABLE,Low patient volume — prediction blended with simple trend extrapolation for stability
Cladribine,Mavenclad,436,196,34022843.27,0.0,-7.3,STABLE,Low patient volume — prediction blended with simple trend extrapolation for stability
Encorafenib,Braftovi,2173,647,33934075.32,0.0,-5.1,STABLE,Low patient volume — prediction blended with simple trend extrapolation for stability
Lanthanum Carbonate,Lanthanum Carbonate,36716,10150,33909603.77,0.16,-1.3,STABLE,Low patient volume — prediction blended with simple trend extrapolation for stability
Naltrexone Microspheres,Vivitrol,19678,6329,33561133.24,0.1,19.6,HIGH_GROWTH,Low patient volume — prediction blended with simple trend extrapolation for stability
Hepatitis A And B Vaccine/Pf,Twinrix,228620,129104,33527132.0,1.0,34.5,HIGH_GROWTH,
Burosumab-Twza,Crysvita,1238,313,33474592.53,0.0,15.1,HIGH_GROWTH,Low patient volume — prediction blended with simple trend extrapolation for stability
Leflunomide,Leflunomide,516692,160791,33457948.0,1.0,-8.8,STABLE,
Lubiprostone,Amitiza,213035,60957,33261716.0,1.0,-30.2,STABLE,
Rufinamide,Banzel,23073,6092,32929809.77,0.1,-20.0,STABLE,Low patient volume — prediction blended with simple trend extrapolation for stability
Fluorouracil,Fluorouracil,480341,436405,32708964.0,1.0,-24.6,STABLE,
Tetrabenazine,Tetrabenazine,15925,4628,32590243.85,0.08,-13.8,STABLE,Low patient volume — prediction blended with simple trend extrapolation for stability
Migalastat Hcl,Galafold,993,284,31948090.34,0.0,20.4,HIGH_GROWTH,Low patient volume — prediction blended with simple trend extrapolation for stability
Pazopanib Hcl,Votrient,2433,827,31718183.6,0.01,-19.5,STABLE,Low patient volume — prediction blended with simple trend extrapolation for stability
Eliglustat Tartrate,Cerdelga,1018,279,31530939.09,0.0,7.7,STABLE,Low patient volume — prediction blended with simple trend extrapolation for stability
Lansoprazole,Lansoprazole,709335,200805,30470376.0,1.0,-9.9,STABLE,
Cephalexin,Cephalexin,5380173,4439966,30393464.0,1.0,-36.8,STABLE,
Anastrozole,Anastrozole,1480989,460845,30338444.0,1.0,-23.5,STABLE,
Regorafenib,Stivarga,1638,566,30300245.15,0.0,20.1,HIGH_GROWTH,Low patient volume — prediction blended with simple trend extrapolation for stability
Clonidine,Clonidine,267291,72358,30232328.0,1.0,-18.4,STABLE,
Potassium Citrate,Potassium Citrate Er,321108,95875,30205988.0,1.0,-22.4,STABLE,
Metronidazole,Metronidazole,908504,610401,29953324.0,1.0,-26.0,STABLE,
Atomoxetine Hcl,Atomoxetine Hcl,191461,51016,29916864.78,0.82,33.5,HIGH_GROWTH,
Atezolizumab,Tecentriq,2603,636,29858642.01,0.0,48.8,HIGH_GROWTH,Low patient volume — prediction blended with simple trend extrapolation for stability
Fluocinonide,Fluocinonide,453826,249170,29791452.0,1.0,-12.7,STABLE,
Paroxetine Hcl,Paroxetine Hcl,2731637,612124,29651372.0,1.0,-31.1,STABLE,
Fluphenazine Hcl,Fluphenazine Hcl,167047,35407,29302863.98,0.69,-20.1,STABLE,
"Octreotide Acetate,mi-Spheres",Sandostatin Lar Depot,5153,1746,29279381.39,0.02,3.3,STABLE,Low patient volume — prediction blended with simple trend extrapolation for stability
Dicyclomine Hcl,Dicyclomine Hcl,1729776,623199,29063336.0,1.0,-25.3,STABLE,
Nitroglycerin,Nitroglycerin,1720155,963186,29002752.0,1.0,-24.2,STABLE,
Calcium Acetate,Calcium Acetate,279315,85873,28953064.0,1.0,5.5,STABLE,
Natalizumab,Tysabri,3195,840,28863335.06,0.01,-6.2,STABLE,Low patient volume — prediction blended with simple trend extrapolation for stability
Naproxen,Naproxen,1960826,917569,28782816.0,1.0,-25.0,STABLE,
Methylprednisolone,Methylprednisolone,4706154,4014360,28759548.0,1.0,-32.3,STABLE,
Trospium Chloride,Trospium Chloride,366444,126930,28548860.0,1.0,-1.5,STABLE,
Valganciclovir Hcl,Valganciclovir Hcl,93147,38568,28373364.98,0.65,-9.8,STABLE,
Atovaquone,Atovaquone,38957,11141,28130992.77,0.19,1.9,STABLE,Low patient volume — prediction blended with simple trend extrapolation for stability
Deferiprone,Ferriprox,1251,340,27975365.93,0.0,39.2,HIGH_GROWTH,Low patient volume — prediction blended with simple trend extrapolation for stability
Vismodegib,Erivedge,2175,742,27926557.47,0.01,-22.7,STABLE,Low patient volume — prediction blended with simple trend extrapolation for stability
Sildenafil Citrate,Viagra,619440,173169,27583876.0,1.0,-13.0,STABLE,
Vilazodone Hcl,Viibryd,256055,67592,27329884.0,1.0,2.0,STABLE,
Dihydroergotamine Mesylate,Dihydroergotamine Mesylate,13521,2637,27215708.46,0.04,-1.8,STABLE,Low patient volume — prediction blended with simple trend extrapolation for stability
Epinephrine,Epinephrine,134014,95330,27155240.0,1.0,-10.4,STABLE,
Ciclesonide,Alvesco,212274,96607,26931588.0,1.0,-5.2,STABLE,
Verapamil Hcl,Verapamil Er,655547,194622,26916436.0,1.0,-16.3,STABLE,
Enoxaparin Sodium,Enoxaparin Sodium,213670,98158,26818252.0,1.0,-17.8,STABLE,
Moxifloxacin Hcl,Moxifloxacin,895599,567295,26811808.0,1.0,-4.4,STABLE,
Enalapril Maleate,Enalapril Maleate,1366838,361802,26796624.0,1.0,-30.7,STABLE,
Pegvisomant,Somavert,1641,550,26636654.9,0.0,10.9,STABLE,Low patient volume — prediction blended with simple trend extrapolation for stability
Doxazosin Mesylate,Doxazosin Mesylate,1607652,431140,26618080.0,1.0,-24.5,STABLE,
Durvalumab,Imfinzi,2128,489,26595857.17,0.0,79.9,HIGH_GROWTH,Low patient volume — prediction blended with simple trend extrapolation for stability
Cefdinir,Cefdinir,1532859,1331146,26368200.0,1.0,-7.9,STABLE,
Exemestane,Exemestane,159852,47541,26335909.68,0.85,-19.4,STABLE,
Canakinumab/Pf,Ilaris,895,316,26315129.85,0.0,36.0,HIGH_GROWTH,Low patient volume — prediction blended with simple trend extrapolation for stability
Glecaprevir/Pibrentasvir,Mavyret,1992,870,25977006.3,0.01,-18.7,STABLE,Low patient volume — prediction blended with simple trend extrapolation for stability
Naloxone Hcl,Narcan,593099,495038,25928868.0,1.0,-38.7,STABLE,
Colesevelam Hcl,Colesevelam Hcl,116741,36572,25454970.73,0.68,-21.7,STABLE,
Binimetinib,Mektovi,1841,538,25439440.4,0.0,-9.3,STABLE,Low patient volume — prediction blended with simple trend extrapolation for stability
Doxycycline Monohydrate,Doxycycline Monohydrate,1265303,980918,25216108.0,1.0,-2.7,STABLE,
Glycopyrrolate/Formoterol Fum,Bevespi Aerosphere,49264,14923,25163798.89,0.32,-13.4,STABLE,Low patient volume — prediction blended with simple trend extrapolation for stability
"C1 Esterase Inhibitor, Recomb",Ruconest,211,61,25154796.83,0.0,-4.4,STABLE,Low patient volume — prediction blended with simple trend extrapolation for stability
Eteplirsen,Exondys-51,424,83,24980352.68,0.0,12.9,HIGH_GROWTH,Low patient volume — prediction blended with simple trend extrapolation for stability
Infliximab-Dyyb,Inflectra,4143,1263,24625947.25,0.0,108.0,HIGH_GROWTH,Low patient volume — prediction blended with simple trend extrapolation for stability
Ketorolac Tromethamine,Ketorolac Tromethamine,1372959,860154,24596436.0,1.0,-30.0,STABLE,
Ecallantide,Kalbitor,312,59,24587310.73,0.0,16.8,HIGH_GROWTH,Low patient volume — prediction blended with simple trend extrapolation for stability
Primidone,Primidone,1103469,278367,24563948.0,1.0,-27.3,STABLE,
Rasagiline Mesylate,Rasagiline Mesylate,110711,30836,24402497.38,0.59,-27.2,STABLE,
Deferasirox,Jadenu,9864,2852,24303168.98,0.04,-15.4,STABLE,Low patient volume — prediction blended with simple trend extrapolation for stability
Levocetirizine Dihydrochloride,Levocetirizine Dihydrochloride,1859459,610075,24180396.0,1.0,-18.2,STABLE,
Colestipol Hcl,Colestipol Hcl,332513,109609,24008888.0,1.0,-11.2,STABLE,
Raloxifene Hcl,Raloxifene Hcl,414781,112345,23953540.0,1.0,-26.6,STABLE,
Digoxin,Digoxin,1116436,294235,23941800.0,1.0,-33.1,STABLE,
Fostamatinib Disodium,Tavalisse,1689,661,23715437.8,0.0,39.6,HIGH_GROWTH,Low patient volume — prediction blended with simple trend extrapolation for stability
Afatinib Dimaleate,Gilotrif,1966,717,23564722.69,0.0,13.6,HIGH_GROWTH,Low patient volume — prediction blended with simple trend extrapolation for stability
"Progesterone, Micronized",Progesterone,416079,122528,23530280.0,1.0,17.9,HIGH_GROWTH,
"Pen Needle,dual Safety,diabetc",Autoshield Duo Pen Needle,274762,70805,23472724.0,1.0,27.4,HIGH_GROWTH,
Telmisartan,Telmisartan,823617,234889,23471828.0,1.0,-37.0,STABLE,
Hydrocortisone,Hydrocortisone,1817832,894711,23377424.0,1.0,-34.5,STABLE,
Clotrimazole/Betamethasone Dip,Clotrimazole-Betamethasone,1133001,568063,23355808.0,1.0,-27.6,STABLE,
Mometasone Furoate,Mometasone Furoate,607039,328352,23240536.0,1.0,-26.8,STABLE,
Pyridostigmine Bromide,Pyridostigmine Bromide,176866,50674,23108020.29,0.9,-3.3,STABLE,
Mupirocin,Mupirocin,2629118,1934072,23040904.0,1.0,-7.3,STABLE,
Methylphenidate Hcl,Methylphenidate Hcl,528623,141067,22912104.0,1.0,-26.7,STABLE,
Ammonium Lactate,Ammonium Lactate,957930,424068,22875468.0,1.0,-2.8,STABLE,
Ciprofloxacin Hcl,Ciprofloxacin Hcl,3229865,2634176,22869404.0,1.0,-15.3,STABLE,
Bisoprolol Fumarate,Bisoprolol Fumarate,728028,224747,22824216.0,1.0,-17.6,STABLE,
Fluorometholone,Fluorometholone,281646,140192,22662108.0,1.0,1.8,STABLE,
Dutasteride,Dutasteride,650334,192006,22636492.0,1.0,-18.6,STABLE,
Benazepril Hcl,Benazepril Hcl,1590499,425065,22597280.0,1.0,-17.4,STABLE,
Amoxicillin,Amoxicillin,7785943,6078084,22440848.0,1.0,-20.1,STABLE,
Prazosin Hcl,Prazosin Hcl,980935,204984,22409668.0,1.0,-20.2,STABLE,
Pramipexole Di-Hcl,Pramipexole Dihydrochloride,1286712,318888,22336568.0,1.0,-25.1,STABLE,
Fluconazole,Fluconazole,2216887,1282723,22314512.0,1.0,-14.9,STABLE,
Crizotinib,Xalkori,1075,388,22127388.86,0.0,-0.3,STABLE,Low patient volume — prediction blended with simple trend extrapolation for stability
Eluxadoline,Viberzi,14410,5030,22042966.29,0.09,1.7,STABLE,Low patient volume — prediction blended with simple trend extrapolation for stability
Cysteamine Bitartrate,Procysbi,354,109,22036055.35,0.0,-0.4,STABLE,Low patient volume — prediction blended with simple trend extrapolation for stability
Diazepam,Diazepam,2159139,602269,22008652.0,1.0,-17.4,STABLE,
Olmesartan/Hydrochlorothiazide,Olmesartan-Hydrochlorothiazide,620657,177081,21972160.0,1.0,-31.0,STABLE,
Selinexor,Xpovio,746,244,21879056.86,0.0,18.0,HIGH_GROWTH,Low patient volume — prediction blended with simple trend extrapolation for stability
Amlodipine Besylate/Benazepril,Amlodipine Besylate-Benazepril,1191285,326246,21799508.0,1.0,-27.5,STABLE,
Tobramycin/Dexamethasone,Tobramycin-Dexamethasone,353023,259880,21675416.0,1.0,-17.7,STABLE,
Alfuzosin Hcl,Alfuzosin Hcl Er,812851,261995,21617532.0,1.0,3.2,STABLE,
Clonidine Hcl,Clonidine Hcl,2766665,755184,21613904.0,1.0,-21.3,STABLE,
Testosterone Cypionate,Testosterone Cypionate,787168,219243,21606936.0,1.0,-19.9,STABLE,
Ofloxacin,Ofloxacin,987620,758898,21321548.0,1.0,3.3,STABLE,
Ciclopirox,Ciclopirox,596922,273116,21246488.0,1.0,10.9,STABLE,
Haloperidol,Haloperidol,783137,138705,21145740.0,1.0,-18.3,STABLE,
Dorzolamide Hcl,Dorzolamide Hcl,1020412,306308,21126308.0,1.0,-23.6,STABLE,
Benztropine Mesylate,Benztropine Mesylate,1746808,290056,21081348.0,1.0,-11.5,STABLE,
Temazepam,Temazepam,1971918,401330,21081348.0,1.0,-12.6,STABLE,
Zonisamide,Zonisamide,320279,76733,21071500.0,1.0,-12.3,STABLE,
Candesartan Cilexetil,Candesartan Cilexetil,257657,72927,21034636.0,1.0,-24.4,STABLE,
Lovastatin,Lovastatin,1967317,519324,20992752.0,1.0,-31.1,STABLE,
Apomorphine Hcl,Apokyn,667,221,20797445.68,0.0,-24.0,STABLE,Low patient volume — prediction blended with simple trend extrapolation for stability
Ibandronate Sodium,Ibandronate Sodium,567566,171541,20795204.0,1.0,-2.3,STABLE,
Triamterene/Hydrochlorothiazid,Triamterene-Hydrochlorothiazid,2182584,605827,20703864.0,1.0,-27.8,STABLE,
Ivabradine Hcl,Corlanor,27779,8352,20562533.03,0.14,13.9,HIGH_GROWTH,Low patient volume — prediction blended with simple trend extrapolation for stability
Febuxostat,Uloric,149639,41808,20490089.58,0.83,-20.8,STABLE,
Acyclovir,Acyclovir,1245304,391089,20479484.0,1.0,-27.5,STABLE,
Sotalol Hcl,Sotalol,836389,251653,20400616.0,1.0,-12.9,STABLE,
Tavaborole,Kerydin,35654,11723,20366859.59,0.13,46.5,HIGH_GROWTH,Low patient volume — prediction blended with simple trend extrapolation for stability
Meclizine Hcl,Meclizine Hcl,1924002,750873,20326044.0,1.0,0.4,STABLE,
Nefazodone Hcl,Nefazodone Hcl,53386,18500,20304598.48,0.0,9763.7,HIGH_GROWTH,Low patient volume — prediction blended with simple trend extrapolation for stability
Pegvaliase-Pqpz,Palynziq,779,233,20261986.46,0.0,16.3,HIGH_GROWTH,Low patient volume — prediction blended with simple trend extrapolation for stability
Terazosin Hcl,Terazosin Hcl,867842,254998,20211880.0,1.0,-27.0,STABLE,
Silodosin,Silodosin,186941,58956,19972052.19,0.97,1.6,STABLE,
Calcitriol,Calcitriol,1065442,310355,19867428.0,1.0,-13.8,STABLE,
Tesamorelin Acetate,Egrifta,2476,678,19840520.89,0.0,9.6,STABLE,Low patient volume — prediction blended with simple trend extrapolation for stability
Peginterferon Alfa-2a,Pegasys,5218,1380,19827365.68,0.01,24.9,HIGH_GROWTH,Low patient volume — prediction blended with simple trend extrapolation for stability
Sunitinib Malate,Sutent,3334,1065,19817730.9,0.01,-8.6,STABLE,Low patient volume — prediction blended with simple trend extrapolation for stability
Liothyronine Sodium,Liothyronine Sodium,477915,138262,19768656.0,1.0,-13.6,STABLE,
Fedratinib Dihydrochloride,Inrebic,958,296,19544377.56,0.0,-0.6,STABLE,Low patient volume — prediction blended with simple trend extrapolation for stability
Megestrol Acetate,Megestrol Acetate,263041,86502,19479884.0,1.0,4.8,STABLE,
"Interferon Gamma-1b,recomb.",Actimmune,305,96,19457364.33,0.0,3.2,STABLE,Low patient volume — prediction blended with simple trend extrapolation for stability
Ribociclib Succinate/Letrozole,Kisqali Femara Co-Pack,1142,363,19455745.07,0.0,44.8,HIGH_GROWTH,Low patient volume — prediction blended with simple trend extrapolation for stability
"Peg3350/Sod Sulf,bicarb,cl/Kcl",Gavilyte-C,1421054,1325862,19422900.0,1.0,-7.0,STABLE,
Methotrexate/Pf,Otrexup,27154,7098,19397823.88,0.12,12.0,STABLE,Low patient volume — prediction blended with simple trend extrapolation for stability
Entecavir,Entecavir,82303,21824,19297899.25,0.38,-11.7,STABLE,Low patient volume — prediction blended with simple trend extrapolation for stability
Letrozole,Letrozole,741972,225978,19121920.0,1.0,-17.1,STABLE,
Vigabatrin,Sabril,1101,396,19105638.45,0.0,-7.5,STABLE,Low patient volume — prediction blended with simple trend extrapolation for stability
Betamethasone Dipropionate,Betamethasone Dipropionate,431969,229527,19041088.0,1.0,-22.6,STABLE,
Pentosan Polysulfate Sodium,Elmiron,19162,6014,19035435.19,0.12,-14.3,STABLE,Low patient volume — prediction blended with simple trend extrapolation for stability
Tiopronin,Thiola,2393,882,18879860.31,0.01,3.3,STABLE,Low patient volume — prediction blended with simple trend extrapolation for stability
Testosterone Enanthate,Xyosted,25225,6541,18475978.84,0.09,40.3,HIGH_GROWTH,Low patient volume — prediction blended with simple trend extrapolation for stability
Oxymorphone Hcl,Oxymorphone Hcl Er,20190,5402,18463785.33,0.14,-12.6,STABLE,Low patient volume — prediction blended with simple trend extrapolation for stability
Sulfamethoxazole/Trimethoprim,Sulfamethoxazole-Trimethoprim,2954540,2125987,18172252.0,1.0,-3.3,STABLE,
Brigatinib,Alunbrig,911,317,18059984.24,0.0,34.9,HIGH_GROWTH,Low patient volume — prediction blended with simple trend extrapolation for stability
Anakinra,Kineret,2806,962,17909484.51,0.01,12.4,HIGH_GROWTH,Low patient volume — prediction blended with simple trend extrapolation for stability
Filgrastim-Sndz,Zarxio,8071,2848,17805416.4,0.05,-11.1,STABLE,Low patient volume — prediction blended with simple trend extrapolation for stability
Entacapone,Entacapone,89542,24710,17663685.57,0.45,-5.2,STABLE,Low patient volume — prediction blended with simple trend extrapolation for stability
Hydroxyzine Pamoate,Hydroxyzine Pamoate,1226193,334222,17596596.0,1.0,14.7,HIGH_GROWTH,
Milnacipran Hcl,Savella,33345,10828,17594544.31,0.21,-6.8,STABLE,Low patient volume — prediction blended with simple trend extrapolation for stability
Azilsartan Medoxomil,Edarbi,46675,11426,17541998.96,0.23,-3.2,STABLE,Low patient volume — prediction blended with simple trend extrapolation for stability
Modafinil,Modafinil,220696,62080,17011380.0,1.0,-39.1,STABLE,
Etravirine,Intelence,17771,4917,16902399.66,0.09,-22.4,STABLE,Low patient volume — prediction blended with simple trend extrapolation for stability
Acetaminophen With Codeine,Acetaminophen-Codeine,1818157,851630,16769250.0,1.0,-34.6,STABLE,
Peginterferon Beta-1a,Plegridy Pen,1960,651,16627921.38,0.01,-20.7,STABLE,Low patient volume — prediction blended with simple trend extrapolation for stability
Hydrocodone Bitartrate,Hysingla Er,28779,8265,16444431.84,0.17,-11.7,STABLE,Low patient volume — prediction blended with simple trend extrapolation for stability
Rilpivirine Hcl,Edurant,10640,3035,16397324.9,0.06,-6.4,STABLE,Low patient volume — prediction blended with simple trend extrapolation for stability
Levodopa,Inbrija,5049,1438,16300630.46,0.02,2.9,STABLE,Low patient volume — prediction blended with simple trend extrapolation for stability
Rivastigmine Tartrate,Rivastigmine,256645,63931,16260911.0,1.0,-6.9,STABLE,
Cholestyramine (With Sugar),Cholestyramine,230745,84403,16254151.0,1.0,-19.3,STABLE,
Deflazacort,Emflaza,1106,257,16180744.81,0.0,34.6,HIGH_GROWTH,Low patient volume — prediction blended with simple trend extrapolation for stability
Zileuton,Zileuton Er,7931,1922,16115403.69,0.02,21.1,HIGH_GROWTH,Low patient volume — prediction blended with simple trend extrapolation for stability
Rucaparib Camsylate,Rubraca,1272,442,16091320.37,0.0,-14.1,STABLE,Low patient volume — prediction blended with simple trend extrapolation for stability
Eszopiclone,Eszopiclone,408880,116823,16080204.0,1.0,-5.5,STABLE,
Vancomycin Hcl,Vancomycin Hcl,154619,46041,15901145.61,0.88,-34.9,STABLE,
"Igg/Hyaluronidase,recombinant",Hyqvia,2326,572,15867242.61,0.0,12.4,HIGH_GROWTH,Low patient volume — prediction blended with simple trend extrapolation for stability
Ivacaftor,Kalydeco,559,167,15755197.17,0.0,-0.3,STABLE,Low patient volume — prediction blended with simple trend extrapolation for stability
Isosorbide Dinitrate,Isosorbide Dinitrate,281140,77172,15672842.0,1.0,-12.1,STABLE,
Galantamine Hbr,Galantamine Er,190566,50356,15669625.6,0.85,6.5,STABLE,
Sapropterin Dihydrochloride,Kuvan,1720,393,15638300.34,0.0,-10.9,STABLE,Low patient volume — prediction blended with simple trend extrapolation for stability
Calcipotriene,Calcipotriene,83751,41949,15615640.63,0.72,-11.1,STABLE,
Dorzolamide/Timolol/Pf,Cosopt Pf,98790,28668,15535216.26,0.48,-1.7,STABLE,Low patient volume — prediction blended with simple trend extrapolation for stability
Treprostinil Sodium,Remodulin,1720,353,15497663.6,0.0,55.2,HIGH_GROWTH,Low patient volume — prediction blended with simple trend extrapolation for stability
Clindamycin Phosphate,Clindamycin Phosphate,405974,194732,15388739.0,1.0,-9.8,STABLE,
Elosulfase Alfa,Vimizim,148,53,15380076.79,0.0,9.3,STABLE,Low patient volume — prediction blended with simple trend extrapolation for stability
Phenytoin Sodium Extended,Phenytoin Sodium Extended,419504,99082,15298047.0,1.0,-42.5,STABLE,
Labetalol Hcl,Labetalol Hcl,616798,168351,15110680.0,1.0,-43.5,STABLE,
Gabapentin Enacarbil,Horizant,16260,4602,14931216.18,0.08,-1.6,STABLE,Low patient volume — prediction blended with simple trend extrapolation for stability
Sirolimus,Sirolimus,27759,7117,14628181.89,0.11,0.8,STABLE,Low patient volume — prediction blended with simple trend extrapolation for stability
Nortriptyline Hcl,Nortriptyline Hcl,816504,230340,14524483.0,1.0,3.0,STABLE,
Beclomethasone Dipropionate,Qvar Redihaler,46711,15562,14404178.77,0.32,-14.3,STABLE,Low patient volume — prediction blended with simple trend extrapolation for stability
Asenapine Maleate,Saphris,48541,13408,14378425.64,0.25,-25.4,STABLE,Low patient volume — prediction blended with simple trend extrapolation for stability
Naproxen/Esomeprazole Mag,Vimovo,11435,2942,14287425.32,0.06,-35.9,STABLE,Low patient volume — prediction blended with simple trend extrapolation for stability
Sulfasalazine,Sulfasalazine,434477,124912,14277064.0,1.0,5.5,STABLE,
Doravirine/Lamivu/Tenofov Diso,Delstrigo,5043,1400,14228359.91,0.01,42.2,HIGH_GROWTH,Low patient volume — prediction blended with simple trend extrapolation for stability
Fluvoxamine Maleate,Fluvoxamine Maleate,303536,65479,14028534.0,1.0,-3.8,STABLE,
Aztreonam Lysine,Cayston,1037,299,13985355.13,0.0,-9.0,STABLE,Low patient volume — prediction blended with simple trend extrapolation for stability
Dichlorphenamide,Keveyis,427,180,13982590.76,0.0,20.4,HIGH_GROWTH,Low patient volume — prediction blended with simple trend extrapolation for stability
Erythromycin Base,Erythromycin,917251,580278,13928392.0,1.0,-13.7,STABLE,
Tenofovir Disoproxil Fumarate,Tenofovir Disoproxil Fumarate,48795,12565,13862104.68,0.24,6.2,STABLE,Low patient volume — prediction blended with simple trend extrapolation for stability
Pilocarpine Hcl,Pilocarpine Hcl,181615,61905,13849687.0,1.0,2.7,STABLE,
Cilostazol,Cilostazol,521855,150006,13796666.0,1.0,-1.4,STABLE,
Haloperidol Decanoate,Haloperidol Decanoate,270429,47332,13577097.26,0.94,-6.0,STABLE,
Ramipril,Ramipril,1058520,292033,13475961.0,1.0,-20.1,STABLE,
Baricitinib,Olumiant,4042,1280,13426263.91,0.01,10.1,STABLE,Low patient volume — prediction blended with simple trend extrapolation for stability
Sonidegib Phosphate,Odomzo,962,305,13411748.47,0.0,5.4,STABLE,Low patient volume — prediction blended with simple trend extrapolation for stability
Bepotastine Besilate,Bepreve,54993,20696,13287476.88,0.33,0.9,STABLE,Low patient volume — prediction blended with simple trend extrapolation for stability
Elviteg/Cob/Emtri/Tenofo Disop,Stribild,3038,1026,13276956.06,0.01,-17.1,STABLE,Low patient volume — prediction blended with simple trend extrapolation for stability
Hydroxyurea,Hydroxyurea,431551,112809,13129763.0,1.0,-7.7,STABLE,
Chlorambucil,Leukeran,504,154,13099731.13,0.0,152.4,HIGH_GROWTH,Low patient volume — prediction blended with simple trend extrapolation for stability
Maraviroc,Selzentry,9644,2701,12846411.78,0.05,-25.2,STABLE,Low patient volume — prediction blended with simple trend extrapolation for stability
Neratinib Maleate,Nerlynx,603,195,12760691.54,0.0,14.8,HIGH_GROWTH,Low patient volume — prediction blended with simple trend extrapolation for stability
Solriamfetol Hcl,Sunosi,12007,3682,12730466.68,0.04,44.1,HIGH_GROWTH,Low patient volume — prediction blended with simple trend extrapolation for stability
Levomilnacipran Hcl,Fetzima,22405,6628,12729858.92,0.13,-5.4,STABLE,Low patient volume — prediction blended with simple trend extrapolation for stability
Olmesartan/Amlodipin/Hcthiazid,Olmesartan-Amlodipine-Hctz,69473,20256,12709267.87,0.34,4.6,STABLE,Low patient volume — prediction blended with simple trend extrapolation for stability
Daratumumab,Darzalex,1177,218,12685573.97,0.0,11.8,STABLE,Low patient volume — prediction blended with simple trend extrapolation for stability
Emtricita/Rilpivirine/Tenof Df,Complera,3338,1149,12658170.98,0.02,-13.1,STABLE,Low patient volume — prediction blended with simple trend extrapolation for stability
Hydromorphone Hcl,Hydromorphone Hcl,642189,193526,12565985.0,1.0,-29.7,STABLE,
Azathioprine,Azathioprine,263887,73366,12531423.0,1.0,-28.5,STABLE,
Cefepime Hcl,Cefepime Hcl,59476,17214,12418967.4,0.29,2.4,STABLE,Low patient volume — prediction blended with simple trend extrapolation for stability
Ibalizumab-Uiyk,Trogarzo,1065,298,12298568.69,0.0,11.4,STABLE,Low patient volume — prediction blended with simple trend extrapolation for stability
Parenteral Amino Acid 20% No.1,Prosol,80513,5300,12238686.34,0.17,-18.3,STABLE,Low patient volume — prediction blended with simple trend extrapolation for stability
Azilsartan Med/Chlorthalidone,Edarbyclor,33306,8047,12206520.68,0.16,-3.6,STABLE,Low patient volume — prediction blended with simple trend extrapolation for stability
Clomipramine Hcl,Clomipramine Hcl,79030,20762,12110364.08,0.38,-25.3,STABLE,Low patient volume — prediction blended with simple trend extrapolation for stability
Metreleptin,Myalept,64,28,12069866.76,0.0,-0.1,STABLE,Low patient volume — prediction blended with simple trend extrapolation for stability
Carfilzomib,Kyprolis,1438,297,12019058.84,0.0,55.0,HIGH_GROWTH,Low patient volume — prediction blended with simple trend extrapolation for stability
Eplerenone,Eplerenone,154178,47492,11996969.49,0.77,-13.6,STABLE,
Butalb/Acetaminophen/Caffeine,Butalbital-Acetaminophen-Caffe,502898,126352,11899210.0,1.0,-38.1,STABLE,
Epoetin Alfa-Epbx,Retacrit,20720,6395,11896508.9,0.13,-16.4,STABLE,Low patient volume — prediction blended with simple trend extrapolation for stability
Nepafenac,Ilevro,35144,20851,11728295.94,0.45,-24.7,STABLE,Low patient volume — prediction blended with simple trend extrapolation for stability
Prasugrel Hcl,Prasugrel Hcl,181922,57370,11709748.0,1.0,-26.8,STABLE,
Oxiconazole Nitrate,Oxiconazole Nitrate,16666,6111,11643691.89,0.1,6.3,STABLE,Low patient volume — prediction blended with simple trend extrapolation for stability
Difluprednate,Durezol,100031,47281,11632725.0,1.0,-26.6,STABLE,
Riluzole,Riluzole,44983,11287,11399523.23,0.17,22.2,HIGH_GROWTH,Low patient volume — prediction blended with simple trend extrapolation for stability
Dexamethasone,Dexamethasone,1030287,627184,11316815.0,1.0,-22.0,STABLE,
Naltrexone Hcl,Naltrexone Hcl,244702,68036,11314613.0,1.0,-1.8,STABLE,
Diflorasone Diacetate,Diflorasone Diacetate,15531,5577,11294720.67,0.09,-5.0,STABLE,Low patient volume — prediction blended with simple trend extrapolation for stability
Cefuroxime Axetil,Cefuroxime,775808,654731,11273168.0,1.0,-18.8,STABLE,
Neomycin/Polymyxin B/Dexametha,Neomycin-Polymyxin-Dexameth,883731,662841,11233309.0,1.0,-6.8,STABLE,
Propafenone Hcl,Propafenone Hcl,147116,44692,11075289.54,0.88,-33.2,STABLE,
Alcohol Antiseptic Pads,Alcohol Pads,1001261,313487,11040880.0,1.0,-25.2,STABLE,
Risedronate Sodium,Risedronate Sodium,142286,44940,11022296.51,0.76,-21.7,STABLE,
Tafluprost/Pf,Zioptan,47530,14195,10912690.03,0.27,-14.2,STABLE,Low patient volume — prediction blended with simple trend extrapolation for stability
Becaplermin,Regranex,5210,2144,10808144.26,0.0,438.9,HIGH_GROWTH,Low patient volume — prediction blended with simple trend extrapolation for stability
Nitrofurantoin Macrocrystal,Nitrofurantoin,378294,154466,10698229.0,1.0,-23.7,STABLE,
Cefpodoxime Proxetil,Cefpodoxime Proxetil,185015,158313,10471135.0,1.0,17.1,HIGH_GROWTH,
Alglucosidase Alfa,Lumizyme,155,40,10468412.95,0.0,-36.5,STABLE,Low patient volume — prediction blended with simple trend extrapolation for stability
Betamethasone/Propylene Glyc,Betamethasone Diprop Augmented,234196,128939,10435326.0,1.0,-8.0,STABLE,
Ceftriaxone Sodium,Ceftriaxone,240943,106397,10392779.0,1.0,-33.0,STABLE,
"Thyroid,pork",Armour Thyroid,190907,54836,10392167.58,0.99,-15.5,STABLE,
Clotrimazole,Clotrimazole,481620,207346,10362396.0,1.0,-19.7,STABLE,
Ramelteon,Rozerem,104111,30500,10348325.08,0.49,-5.8,STABLE,Low patient volume — prediction blended with simple trend extrapolation for stability
Bupropion Hbr,Aplenzin,2455,766,10323403.45,0.0,14.5,HIGH_GROWTH,Low patient volume — prediction blended with simple trend extrapolation for stability
Triptorelin Pamoate,Trelstar,4457,1689,10314069.14,0.02,2.2,STABLE,Low patient volume — prediction blended with simple trend extrapolation for stability
Promethazine Hcl,Promethazine Hcl,932740,337751,10277736.0,1.0,-8.5,STABLE,
Halobetasol Propionate,Halobetasol Propionate,117644,57461,10254552.0,1.0,-14.0,STABLE,
Sevelamer Hcl,Sevelamer Hcl,15101,4420,10216026.85,0.06,9.9,STABLE,Low patient volume — prediction blended with simple trend extrapolation for stability
Meropenem,Meropenem,56569,16099,10212969.19,0.27,-8.2,STABLE,Low patient volume — prediction blended with simple trend extrapolation for stability
Tretinoin,Tretinoin,141906,59322,10145362.24,0.9,6.3,STABLE,
Efavirenz/Emtricit/Tenofovr Df,Atripla,17588,4976,10121417.97,0.09,-40.2,STABLE,Low patient volume — prediction blended with simple trend extrapolation for stability
Cevimeline Hcl,Cevimeline Hcl,52390,15898,10077337.55,0.27,1.5,STABLE,Low patient volume — prediction blended with simple trend extrapolation for stability
Balsalazide Disodium,Balsalazide Disodium,57589,16481,10047823.24,0.32,-16.6,STABLE,Low patient volume — prediction blended with simple trend extrapolation for stability
"Diph,pertuss(Acell),tet Vac/Pf",Adacel Tdap,217346,208287,9997632.0,1.0,-13.9,STABLE,
Imiglucerase,Cerezyme,303,91,9961536.81,0.0,-7.5,STABLE,Low patient volume — prediction blended with simple trend extrapolation for stability
Scopolamine,Transderm-Scop,129705,42374,9956568.99,0.68,3.6,STABLE,
Desmopressin Acetate,Desmopressin Acetate,116696,34882,9879974.01,0.64,-5.5,STABLE,
Ciclopirox Olamine,Ciclopirox,389453,194696,9841469.0,1.0,-17.0,STABLE,
Chlorhexidine Gluconate,Chlorhexidine Gluconate,1941860,1308626,9721526.0,1.0,-13.0,STABLE,
Chenodiol,Chenodal,228,85,9635849.76,0.0,-12.3,STABLE,Low patient volume — prediction blended with simple trend extrapolation for stability
Emtricitabine/Tenofovir (Tdf),Truvada,44132,13419,9605304.34,0.23,-36.7,STABLE,Low patient volume — prediction blended with simple trend extrapolation for stability
Repaglinide,Repaglinide,246571,69796,9466434.0,1.0,-25.0,STABLE,
Metolazone,Metolazone,374754,118292,9400956.0,1.0,-31.7,STABLE,
Ergocalciferol (Vitamin D2),Vitamin D2,1465859,469002,9363520.0,1.0,33.1,HIGH_GROWTH,
Loperamide Hcl,Loperamide,431207,178705,9336341.0,1.0,-10.7,STABLE,
Acitretin,Acitretin,22915,6681,9193552.29,0.11,-4.4,STABLE,Low patient volume — prediction blended with simple trend extrapolation for stability
Telotristat Etiprate,Xermelo,953,327,9115552.24,0.0,6.0,STABLE,Low patient volume — prediction blended with simple trend extrapolation for stability
Ciprofloxacin Hcl/Dexameth,Ciprodex,91934,60944,9037467.0,1.0,-24.3,STABLE,
Romiplostim,Nplate,998,240,9022344.31,0.0,8.5,STABLE,Low patient volume — prediction blended with simple trend extrapolation for stability
Rizatriptan Benzoate,Rizatriptan,433119,126350,9016117.0,1.0,-17.1,STABLE,
Levofloxacin,Levofloxacin,1511252,1182120,8985902.0,1.0,-18.4,STABLE,
Nabumetone,Nabumetone,417904,173205,8980898.0,1.0,-4.4,STABLE,
"Estrogen,con/M-Progest Acet",Prempro,28205,10152,8966611.98,0.2,-7.6,STABLE,Low patient volume — prediction blended with simple trend extrapolation for stability
Cetirizine Hcl,Cetirizine Hcl,22090,6892,8950496.72,0.11,21.0,HIGH_GROWTH,Low patient volume — prediction blended with simple trend extrapolation for stability
Amlodipine Besylate/Valsartan,Amlodipine-Valsartan,215720,64717,8928549.0,1.0,-33.7,STABLE,
Rituximab,Rituxan,758,270,8896669.93,0.0,-17.6,STABLE,Low patient volume — prediction blended with simple trend extrapolation for stability
Irbesartan/Hydrochlorothiazide,Irbesartan-Hydrochlorothiazide,320045,89416,8852935.0,1.0,-17.0,STABLE,
Lithium Carbonate,Lithium Carbonate,850716,164555,8804765.0,1.0,-19.5,STABLE,
Fluocinolone Acetonide Oil,Fluocinolone Acetonide Oil,111915,71621,8774847.0,1.0,26.1,HIGH_GROWTH,
Dalbavancin Hcl,Dalvance,1712,516,8772766.51,0.0,46.8,HIGH_GROWTH,Low patient volume — prediction blended with simple trend extrapolation for stability
Sodium Chloride/Nahco3/Kcl/Peg,Gavilyte-N,482496,439473,8770832.0,1.0,-4.5,STABLE,
Telmisartan/Hydrochlorothiazid,Telmisartan-Hydrochlorothiazid,91692,28623,8745396.03,0.55,-26.8,STABLE,
Pertuzumab,Perjeta,1104,299,8665298.94,0.0,35.1,HIGH_GROWTH,Low patient volume — prediction blended with simple trend extrapolation for stability
Fesoterodine Fumarate,Toviaz,78503,24218,8654150.88,0.54,-41.4,STABLE,
Mycophenolate Sodium,Mycophenolic Acid,32483,9404,8640567.59,0.17,-19.6,STABLE,Low patient volume — prediction blended with simple trend extrapolation for stability
Felbamate,Felbamate,17218,4547,8634763.89,0.08,-16.7,STABLE,Low patient volume — prediction blended with simple trend extrapolation for stability
Bisoprolol/Hydrochlorothiazide,Bisoprolol-Hydrochlorothiazide,310141,88159,8576067.0,1.0,-35.0,STABLE,
Acetazolamide,Acetazolamide,153891,60342,8510959.0,1.0,-8.9,STABLE,
Levorphanol Tartrate,Levorphanol Tartrate,2418,630,8489284.27,0.01,-24.7,STABLE,Low patient volume — prediction blended with simple trend extrapolation for stability
Methadone Hcl,Methadone Hcl,444710,86281,8311480.0,1.0,-26.1,STABLE,
Amlodipine Bes/Olmesartan Med,Amlodipine-Olmesartan,173117,51653,8269115.32,0.79,-20.1,STABLE,
Fosfomycin Tromethamine,Monurol,43208,17535,8235490.59,0.23,26.9,HIGH_GROWTH,Low patient volume — prediction blended with simple trend extrapolation for stability
Duvelisib,Copiktra,242,90,8200203.91,0.0,20.9,HIGH_GROWTH,Low patient volume — prediction blended with simple trend extrapolation for stability
Ezetimibe/Simvastatin,Ezetimibe-Simvastatin,84671,28204,8143196.92,0.51,-26.6,STABLE,
Fondaparinux Sodium,Fondaparinux Sodium,5412,1809,8141194.57,0.03,1.4,STABLE,Low patient volume — prediction blended with simple trend extrapolation for stability
Glipizide/Metformin Hcl,Glipizide-Metformin,122241,35869,8136338.31,0.72,-8.8,STABLE,
Methimazole,Methimazole,680100,194949,8080276.5,1.0,-8.9,STABLE,
Candesartan/Hydrochlorothiazid,Candesartan-Hydrochlorothiazid,48880,13543,8048379.91,0.28,-10.9,STABLE,Low patient volume — prediction blended with simple trend extrapolation for stability
Mechlorethamine Hcl,Valchlor,939,279,8035775.83,0.0,18.4,HIGH_GROWTH,Low patient volume — prediction blended with simple trend extrapolation for stability
Lomitapide Mesylate,Juxtapid,127,53,8024173.92,0.0,11.0,STABLE,Low patient volume — prediction blended with simple trend extrapolation for stability
Gemfibrozil,Gemfibrozil,417184,111407,7950665.5,1.0,-27.8,STABLE,
"Abiraterone Acet,submicronized",Yonsa,724,153,7905080.91,0.0,-5.6,STABLE,Low patient volume — prediction blended with simple trend extrapolation for stability
Bethanechol Chloride,Bethanechol Chloride,130719,37636,7845844.52,0.71,1.8,STABLE,
Levalbuterol Tartrate,Levalbuterol Tartrate Hfa,122338,42604,7775938.22,0.65,19.8,HIGH_GROWTH,
Ledipasvir/Sofosbuvir,Harvoni,252,92,7710481.47,0.0,-29.1,STABLE,Low patient volume — prediction blended with simple trend extrapolation for stability
Tamoxifen Citrate,Tamoxifen Citrate,307079,93702,7709673.0,1.0,-23.9,STABLE,
Brodalumab,Siliq,1322,400,7697221.22,0.0,11.8,STABLE,Low patient volume — prediction blended with simple trend extrapolation for stability
Ipilimumab,Yervoy,386,101,7679366.06,0.0,64.1,HIGH_GROWTH,Low patient volume — prediction blended with simple trend extrapolation for stability
Theophylline Anhydrous,Theophylline Anhydrous,99385,28219,7627517.01,0.56,-30.1,STABLE,
Thalidomide,Thalomid,1084,355,7543259.67,0.0,-22.6,STABLE,Low patient volume — prediction blended with simple trend extrapolation for stability
Azelastine/Fluticasone,Dymista,51816,19461,7527835.21,0.31,1.5,STABLE,Low patient volume — prediction blended with simple trend extrapolation for stability
Immun Glob G/Gly/Gluc/Iga 0-50,Gammagard S-D,636,206,7512092.88,0.0,9.7,STABLE,Low patient volume — prediction blended with simple trend extrapolation for stability
Ibuprofen/Famotidine,Duexis,8148,1968,7491061.34,0.03,-33.1,STABLE,Low patient volume — prediction blended with simple trend extrapolation for stability
Salmeterol Xinafoate,Serevent Diskus,16024,5912,7486183.05,0.12,-18.4,STABLE,Low patient volume — prediction blended with simple trend extrapolation for stability
Laronidase,Aldurazyme,137,38,7453084.77,0.0,5.4,STABLE,Low patient volume — prediction blended with simple trend extrapolation for stability
Piperacillin Sodium/Tazobactam,Piperacillin-Tazobactam,39221,12451,7438120.97,0.21,3.9,STABLE,Low patient volume — prediction blended with simple trend extrapolation for stability
Metyrosine,Demser,131,54,7417890.64,0.0,84.8,HIGH_GROWTH,Low patient volume — prediction blended with simple trend extrapolation for stability
Metoclopramide Hcl,Metoclopramide Hcl,628576,215684,7400481.0,1.0,3.1,STABLE,
Carbidopa/Levodopa/Entacapone,Carbidopa-Levodopa-Entacapone,30467,7945,7365531.69,0.16,-20.1,STABLE,Low patient volume — prediction blended with simple trend extrapolation for stability
Carvedilol Phosphate,Carvedilol Er,21677,7272,7349521.48,0.13,-6.5,STABLE,Low patient volume — prediction blended with simple trend extrapolation for stability
"Patisiran Sodium,lipid Complex",Onpattro,234,67,7337134.0,0.0,-1.8,STABLE,Low patient volume — prediction blended with simple trend extrapolation for stability
Perphenazine,Perphenazine,140482,29593,7336599.0,0.64,-26.7,STABLE,
Velaglucerase Alfa,Vpriv,183,54,7264630.17,0.0,5.6,STABLE,Low patient volume — prediction blended with simple trend extrapolation for stability
Clindamycin Hcl,Clindamycin Hcl,1076846,827179,7230752.0,1.0,-25.8,STABLE,
Tildrakizumab-Asmn,Ilumya,383,120,7156536.6,0.0,59.1,HIGH_GROWTH,Low patient volume — prediction blended with simple trend extrapolation for stability
Tezacaftor/Ivacaftor,Symdeko,266,96,7156525.61,0.0,-5.2,STABLE,Low patient volume — prediction blended with simple trend extrapolation for stability
Yellow Fever Vaccine Live/Pf,Stamaril,31764,31433,7149613.32,0.07,799.4,HIGH_GROWTH,Low patient volume — prediction blended with simple trend extrapolation for stability
Chlorzoxazone,Chlorzoxazone,33535,11402,7146338.07,0.21,-24.3,STABLE,Low patient volume — prediction blended with simple trend extrapolation for stability
Pentoxifylline,Pentoxifylline,232127,62035,7129602.0,1.0,-8.9,STABLE,
Peg3350/Sod Sul/Nacl/Kcl/Asb/C,Moviprep,61459,58082,7111389.5,1.0,0.6,STABLE,
Pimecrolimus,Pimecrolimus,25872,12101,7111329.09,0.18,2.3,STABLE,Low patient volume — prediction blended with simple trend extrapolation for stability
Trimethoprim,Trimethoprim,121633,41260,7063237.03,0.77,23.6,HIGH_GROWTH,
Etodolac,Etodolac,176413,75845,7052684.5,1.0,-14.2,STABLE,
Prochlorperazine Maleate,Prochlorperazine Maleate,508827,304648,6953653.5,1.0,-15.5,STABLE,
Methazolamide,Methazolamide,29173,8897,6885383.41,0.15,-12.4,STABLE,Low patient volume — prediction blended with simple trend extrapolation for stability
Pegfilgrastim-Jmdb,Fulphila,1614,460,6824094.36,0.0,65.0,HIGH_GROWTH,Low patient volume — prediction blended with simple trend extrapolation for stability
Bevacizumab,Avastin,1197,267,6803208.86,0.0,-20.2,STABLE,Low patient volume — prediction blended with simple trend extrapolation for stability
"Pen Needle, Diabetic, Safety",Novofine Autocover,85647,23111,6779674.2,0.49,-16.0,STABLE,Low patient volume — prediction blended with simple trend extrapolation for stability
Clorazepate Dipotassium,Clorazepate Dipotassium,68553,20770,6742113.11,0.43,-16.5,STABLE,Low patient volume — prediction blended with simple trend extrapolation for stability
Sorafenib Tosylate,Nexavar,1024,376,6739663.99,0.0,-29.9,STABLE,Low patient volume — prediction blended with simple trend extrapolation for stability
Midostaurin,Rydapt,285,113,6640377.37,0.0,-14.0,STABLE,Low patient volume — prediction blended with simple trend extrapolation for stability
Carglumic Acid,Carbaglu,78,31,6585830.32,0.0,44.0,HIGH_GROWTH,Low patient volume — prediction blended with simple trend extrapolation for stability
Armodafinil,Armodafinil,68452,19908,6518758.78,0.35,-7.4,STABLE,Low patient volume — prediction blended with simple trend extrapolation for stability
Ritonavir,Ritonavir,38516,8306,6513608.63,0.2,-14.5,STABLE,Low patient volume — prediction blended with simple trend extrapolation for stability
Diphenoxylate Hcl/Atropine,Diphenoxylate-Atropine,388249,147230,6490579.5,1.0,-36.0,STABLE,
Atazanavir Sulfate/Cobicistat,Evotaz,3875,1145,6473378.48,0.02,-18.4,STABLE,Low patient volume — prediction blended with simple trend extrapolation for stability
Valproic Acid (As Sodium Salt),Valproic Acid,180138,40711,6429659.8,0.77,-1.4,STABLE,
Fulvestrant,Fulvestrant,6253,1355,6422631.54,0.01,16.6,HIGH_GROWTH,Low patient volume — prediction blended with simple trend extrapolation for stability
Alogliptin Benzoate,Alogliptin,34723,8183,6416003.28,0.17,-11.6,STABLE,Low patient volume — prediction blended with simple trend extrapolation for stability
Nateglinide,Nateglinide,84541,24457,6339349.17,0.48,-14.2,STABLE,Low patient volume — prediction blended with simple trend extrapolation for stability
Phenobarbital,Phenobarbital,267437,60949,6323854.5,1.0,-33.2,STABLE,
"Fenofibrate,micronized",Fenofibrate,308013,85944,6285434.5,1.0,-44.9,STABLE,
Neomycin/Polymyxin B/Hydrocort,Neomycin-Polymyxin-Hc,133592,106391,6262918.5,1.0,-22.5,STABLE,
Echothiophate Iodide,Phospholine Iodide,483,113,6206897.63,0.0,834.8,HIGH_GROWTH,Low patient volume — prediction blended with simple trend extrapolation for stability
Sodium Polystyrene Sulfon/Sorb,Sps,46710,21096,6131733.36,0.37,6.7,STABLE,Low patient volume — prediction blended with simple trend extrapolation for stability
Gentamicin Sulfate,Gentamicin Sulfate,232343,139398,6090843.5,1.0,-23.1,STABLE,
Octreotide Acetate,Octreotide Acetate,5767,1669,6002841.33,0.02,9.0,STABLE,Low patient volume — prediction blended with simple trend extrapolation for stability
Typhoid Vi Polysacch Vaccine,Typhim Vi,45675,43727,5990343.02,0.32,171.2,HIGH_GROWTH,Low patient volume — prediction blended with simple trend extrapolation for stability
Alosetron Hcl,Alosetron Hcl,5373,1709,5953489.63,0.02,-6.1,STABLE,Low patient volume — prediction blended with simple trend extrapolation for stability
Safinamide Mesylate,Xadago,3042,746,5933712.26,0.01,-7.9,STABLE,Low patient volume — prediction blended with simple trend extrapolation for stability
Voriconazole,Voriconazole,11769,3814,5901510.47,0.06,-2.7,STABLE,Low patient volume — prediction blended with simple trend extrapolation for stability
Mexiletine Hcl,Mexiletine Hcl,43387,13387,5891433.51,0.22,2.3,STABLE,Low patient volume — prediction blended with simple trend extrapolation for stability
Dronabinol,Dronabinol,36756,12110,5885182.14,0.24,-18.9,STABLE,Low patient volume — prediction blended with simple trend extrapolation for stability
Miglustat,Miglustat,214,77,5883328.49,0.0,-6.3,STABLE,Low patient volume — prediction blended with simple trend extrapolation for stability
Fluphenazine Decanoate,Fluphenazine Decanoate,53910,12421,5875050.98,0.24,-4.8,STABLE,Low patient volume — prediction blended with simple trend extrapolation for stability
Piroxicam,Piroxicam,27716,9771,5831635.77,0.16,20.4,HIGH_GROWTH,Low patient volume — prediction blended with simple trend extrapolation for stability
Besifloxacin Hcl,Besivance,34030,23690,5690781.21,0.53,-37.7,STABLE,
Cemiplimab-Rwlc,Libtayo,561,172,5685471.08,0.0,74.1,HIGH_GROWTH,Low patient volume — prediction blended with simple trend extrapolation for stability
Abacavir Sulfate/Lamivudine,Abacavir-Lamivudine,10859,2924,5680006.82,0.06,-7.0,STABLE,Low patient volume — prediction blended with simple trend extrapolation for stability
Naftifine Hcl,Naftifine Hcl,9986,4159,5547330.21,0.07,2.0,STABLE,Low patient volume — prediction blended with simple trend extrapolation for stability
Rabeprazole Sodium,Rabeprazole Sodium,105479,35446,5497411.62,0.59,-14.6,STABLE,
Ertugliflozin Pidolate,Steglatro,14253,4531,5465752.31,0.07,7.8,STABLE,Low patient volume — prediction blended with simple trend extrapolation for stability
Guanfacine Hcl,Guanfacine Hcl Er,148045,41102,5437124.08,0.65,-1.5,STABLE,
"Syringe-Needle,insulin,0.5 Ml",Insulin Syringe,196237,65628,5407635.0,1.0,-26.4,STABLE,
Amlodipine/Atorvastatin,Amlodipine-Atorvastatin,27950,8737,5397320.23,0.14,2.2,STABLE,Low patient volume — prediction blended with simple trend extrapolation for stability
Glycopyrrolate,Glycopyrrolate,141451,39053,5365526.97,0.71,-13.8,STABLE,
Saxagliptin Hcl,Onglyza,11231,3951,5323908.61,0.12,-47.8,STABLE,Low patient volume — prediction blended with simple trend extrapolation for stability
Fludrocortisone Acetate,Fludrocortisone Acetate,255851,72774,5276854.0,1.0,-9.4,STABLE,
Terbinafine Hcl,Terbinafine Hcl,414851,209113,5191121.5,1.0,-7.3,STABLE,
Naldemedine Tosylate,Symproic,10864,3396,5174534.6,0.05,5.0,STABLE,Low patient volume — prediction blended with simple trend extrapolation for stability
Linezolid,Linezolid,24049,14896,5165782.03,0.2,30.2,HIGH_GROWTH,Low patient volume — prediction blended with simple trend extrapolation for stability
Albendazole,Albendazole,513,226,5159887.23,0.0,56.5,HIGH_GROWTH,Low patient volume — prediction blended with simple trend extrapolation for stability
Pasireotide Pamoate,Signifor Lar,273,113,5011430.48,0.0,63.5,HIGH_GROWTH,Low patient volume — prediction blended with simple trend extrapolation for stability
0.9 % Sodium Chloride,Sodium Chloride,257134,90199,4980958.0,1.0,-7.4,STABLE,
Selegiline,Emsam,2237,843,4980749.75,0.01,1.0,STABLE,Low patient volume — prediction blended with simple trend extrapolation for stability
Aspirin/Dipyridamole,Aspirin-Dipyridamole Er,28395,9975,4935154.06,0.23,-30.6,STABLE,Low patient volume — prediction blended with simple trend extrapolation for stability
Testosterone Undecanoate,Aveed,6734,2207,4880255.02,0.0,175.7,HIGH_GROWTH,Low patient volume — prediction blended with simple trend extrapolation for stability
"Syringe And Needle,insulin,1ml",Insulin Syringe,155735,53989,4834344.5,1.0,-28.0,STABLE,
Naproxen Sodium,Naproxen Sodium,59986,25999,4825913.65,0.38,-15.6,STABLE,Low patient volume — prediction blended with simple trend extrapolation for stability
Hydrocortisone Butyrate,Hydrocortisone Butyrate,6996,2613,4823779.72,0.04,18.9,HIGH_GROWTH,Low patient volume — prediction blended with simple trend extrapolation for stability
Vemurafenib,Zelboraf,599,228,4822194.48,0.0,9.1,STABLE,Low patient volume — prediction blended with simple trend extrapolation for stability
Canagliflozin/Metformin Hcl,Invokamet,6271,2247,4715169.79,0.05,-27.9,STABLE,Low patient volume — prediction blended with simple trend extrapolation for stability
Aprepitant,Aprepitant,5898,2386,4688926.87,0.03,5.4,STABLE,Low patient volume — prediction blended with simple trend extrapolation for stability
Dextroamphetamine Sulfate,Dextroamphetamine Sulfate Er,37754,12971,4652616.41,0.25,-18.3,STABLE,Low patient volume — prediction blended with simple trend extrapolation for stability
Niacin,Niacin Er,58701,18920,4609173.62,0.4,-27.7,STABLE,Low patient volume — prediction blended with simple trend extrapolation for stability
Glutamine,Endari,1176,324,4604420.07,0.0,12.3,HIGH_GROWTH,Low patient volume — prediction blended with simple trend extrapolation for stability
Obinutuzumab,Gazyva,403,141,4591283.77,0.0,158.0,HIGH_GROWTH,Low patient volume — prediction blended with simple trend extrapolation for stability
Ceftazidime/Avibactam,Avycaz,1093,314,4590594.69,0.0,5.1,STABLE,Low patient volume — prediction blended with simple trend extrapolation for stability
"Sub-Q Insulin Device, 40 Unit",V-Go 40,6341,1760,4526844.23,0.03,-19.2,STABLE,Low patient volume — prediction blended with simple trend extrapolation for stability
"Sub-Q Insulin Device, 20 Unit",V-Go 20,6427,1832,4509790.63,0.03,-6.2,STABLE,Low patient volume — prediction blended with simple trend extrapolation for stability
Mebendazole,Emverm,99,22,4505795.76,0.0,779.0,HIGH_GROWTH,Low patient volume — prediction blended with simple trend extrapolation for stability
Timolol Maleate/Pf,Timoptic Ocudose,11558,3650,4487383.36,0.05,-0.1,STABLE,Low patient volume — prediction blended with simple trend extrapolation for stability
Minoxidil,Minoxidil,348038,107211,4401494.0,1.0,2.8,STABLE,
Acarbose,Acarbose,98704,27428,4370765.75,0.53,-18.3,STABLE,
Ranibizumab,Lucentis,1846,453,4361752.6,0.0,54.9,HIGH_GROWTH,Low patient volume — prediction blended with simple trend extrapolation for stability
Hepatitis A Virus Vaccine/Pf,Havrix,59626,51547,4350989.74,0.67,17.9,HIGH_GROWTH,
Sodium Phenylbutyrate,Sodium Phenylbutyrate,341,113,4333111.61,0.0,-4.2,STABLE,Low patient volume — prediction blended with simple trend extrapolation for stability
Estazolam,Estazolam,77766,13352,4325935.59,0.26,2.4,STABLE,Low patient volume — prediction blended with simple trend extrapolation for stability
Crofelemer,Mytesi,1377,358,4315320.59,0.0,-5.3,STABLE,Low patient volume — prediction blended with simple trend extrapolation for stability
Atovaquone/Proguanil Hcl,Atovaquone-Proguanil Hcl,64176,57414,4302408.16,0.55,61.7,HIGH_GROWTH,
Azelaic Acid,Azelaic Acid,31365,14258,4288950.15,0.2,12.1,HIGH_GROWTH,Low patient volume — prediction blended with simple trend extrapolation for stability
Bacitracin,Bacitracin,38809,25821,4280086.08,0.02,1651.7,HIGH_GROWTH,Low patient volume — prediction blended with simple trend extrapolation for stability
Micafungin Sodium,Mycamine,5727,1540,4274771.9,0.01,16.4,HIGH_GROWTH,Low patient volume — prediction blended with simple trend extrapolation for stability
Atropine Sulfate,Atropine Sulfate,118978,69843,4168081.5,1.0,-11.4,STABLE,
Rifampin,Rifampin,58559,17646,4163888.6,0.3,6.8,STABLE,Low patient volume — prediction blended with simple trend extrapolation for stability
Minocycline Hcl,Minocycline Hcl,208582,103034,4162671.0,1.0,-31.2,STABLE,
Desonide,Desonide,80228,50359,4148045.28,0.84,-16.5,STABLE,
Carbidopa,Carbidopa,11136,3332,4079825.34,0.05,-9.0,STABLE,Low patient volume — prediction blended with simple trend extrapolation for stability
Silver Sulfadiazine,Silver Sulfadiazine,256880,133647,4076143.5,1.0,-21.4,STABLE,
Cromolyn Sodium,Cromolyn Sodium,48806,20494,4072830.54,0.36,-13.2,STABLE,Low patient volume — prediction blended with simple trend extrapolation for stability
Bromocriptine Mesylate,Bromocriptine Mesylate,17160,5417,4068290.13,0.1,-10.8,STABLE,Low patient volume — prediction blended with simple trend extrapolation for stability
Betamethasone Valerate,Betamethasone Valerate,126854,66951,4067856.5,1.0,-4.6,STABLE,
Imiquimod,Imiquimod,128880,84108,4064630.0,1.0,-9.8,STABLE,
Atenolol/Chlorthalidone,Atenolol-Chlorthalidone,138820,42977,4042818.92,0.9,-32.6,STABLE,
"Calcitonin,salmon,synthetic",Calcitonin-Salmon,62627,21657,4011854.35,0.42,-22.0,STABLE,Low patient volume — prediction blended with simple trend extrapolation for stability
Cabergoline,Cabergoline,45012,12945,3951694.99,0.22,-10.3,STABLE,Low patient volume — prediction blended with simple trend extrapolation for stability
Felodipine,Felodipine Er,139363,41827,3929970.43,0.85,-26.5,STABLE,
Lidocaine/Prilocaine,Lidocaine-Prilocaine,207641,113915,3927862.25,1.0,-19.4,STABLE,
Penicillamine,Cuprimine,448,156,3915984.67,0.0,-0.7,STABLE,Low patient volume — prediction blended with simple trend extrapolation for stability
Itraconazole,Itraconazole,10737,3586,3910839.15,0.06,-0.6,STABLE,Low patient volume — prediction blended with simple trend extrapolation for stability
Ceftaroline Fosamil Acetate,Teflaro,1371,383,3768721.28,0.0,24.6,HIGH_GROWTH,Low patient volume — prediction blended with simple trend extrapolation for stability
Indapamide,Indapamide,204737,62151,3737519.75,1.0,-7.4,STABLE,
Acalabrutinib,Calquence,259,88,3732486.52,0.0,-33.3,STABLE,Low patient volume — prediction blended with simple trend extrapolation for stability
Lapatinib Ditosylate,Tykerb,744,295,3725145.52,0.0,-7.5,STABLE,Low patient volume — prediction blended with simple trend extrapolation for stability
Nadolol,Nadolol,81535,26773,3666701.35,0.51,-28.1,STABLE,
Leucovorin Calcium,Leucovorin Calcium,79615,23294,3663860.29,0.42,-0.3,STABLE,Low patient volume — prediction blended with simple trend extrapolation for stability
Belatacept,Nulojix,1645,421,3622143.22,0.0,-12.8,STABLE,Low patient volume — prediction blended with simple trend extrapolation for stability
Carisoprodol,Carisoprodol,225169,56299,3620770.25,1.0,-14.8,STABLE,
Dexmethylphenidate Hcl,Dexmethylphenidate Hcl Er,38140,12837,3620260.57,0.21,2.2,STABLE,Low patient volume — prediction blended with simple trend extrapolation for stability
Oseltamivir Phosphate,Oseltamivir Phosphate,208754,155157,3609679.0,1.0,-11.6,STABLE,
Medroxyprogesterone Acetate,Medroxyprogesterone Acetate,196168,54473,3609496.5,1.0,-10.8,STABLE,
Cetuximab,Erbitux,482,103,3607945.77,0.0,21.1,HIGH_GROWTH,Low patient volume — prediction blended with simple trend extrapolation for stability
Fluorometholone Acetate,Flarex,28011,15267,3499893.63,0.2,29.3,HIGH_GROWTH,Low patient volume — prediction blended with simple trend extrapolation for stability
Atazanavir Sulfate,Atazanavir Sulfate,6811,2081,3491523.53,0.04,-22.6,STABLE,Low patient volume — prediction blended with simple trend extrapolation for stability
Erlotinib Hcl,Tarceva,2859,986,3485450.63,0.01,-30.6,STABLE,Low patient volume — prediction blended with simple trend extrapolation for stability
Immun Glob G/Sorb/Gly/Iga 0-50,Gammaplex,480,143,3437789.23,0.0,-8.6,STABLE,Low patient volume — prediction blended with simple trend extrapolation for stability
Calcipotriene/Betamethasone,Enstilar,2481,840,3402154.0,0.01,-2.0,STABLE,Low patient volume — prediction blended with simple trend extrapolation for stability
Cysteamine Hcl,Cystaran,384,130,3393883.42,0.0,34.8,HIGH_GROWTH,Low patient volume — prediction blended with simple trend extrapolation for stability
"Cyclosporine, Modified",Cyclosporine Modified,21968,6184,3388380.5,0.11,-11.8,STABLE,Low patient volume — prediction blended with simple trend extrapolation for stability
Econazole Nitrate,Econazole Nitrate,81198,42153,3355753.79,0.75,-15.1,STABLE,
"Sub-Q Insulin Device, 30 Unit",V-Go 30,4874,1409,3351554.02,0.02,-14.1,STABLE,Low patient volume — prediction blended with simple trend extrapolation for stability
Nicotine,Nicotrol,5363,2245,3346249.99,0.04,-23.5,STABLE,Low patient volume — prediction blended with simple trend extrapolation for stability
Fluocinolone Acetonide,Fluocinolone Acetonide,58189,31507,3333529.8,0.55,-13.7,STABLE,
Bicalutamide,Bicalutamide,135775,51451,3296311.75,1.0,-35.7,STABLE,
Spironolact/Hydrochlorothiazid,Spironolactone-Hctz,109812,34257,3279450.0,0.64,-23.7,STABLE,
Lidocaine Hcl,Lidocaine Hcl Viscous,144322,88506,3275167.0,1.0,3.7,STABLE,
Selegiline Hcl,Selegiline Hcl,31612,9278,3264090.69,0.17,-17.2,STABLE,Low patient volume — prediction blended with simple trend extrapolation for stability
Benazepril/Hydrochlorothiazide,Benazepril-Hydrochlorothiazide,81185,25576,3263516.4,0.51,-17.7,STABLE,
Folic Acid,Folic Acid,772218,226773,3240985.5,1.0,25.7,HIGH_GROWTH,
Cyproheptadine Hcl,Cyproheptadine Hcl,132156,40588,3229014.01,0.7,-6.2,STABLE,
Tiagabine Hcl,Tiagabine Hcl,9100,2785,3216621.96,0.05,-21.6,STABLE,Low patient volume — prediction blended with simple trend extrapolation for stability
Paclitaxel Protein-Bound,Abraxane,472,131,3210414.0,0.0,-11.5,STABLE,Low patient volume — prediction blended with simple trend extrapolation for stability
Pegfilgrastim-Cbqv,Udenyca,545,180,3186916.34,0.0,26.0,HIGH_GROWTH,Low patient volume — prediction blended with simple trend extrapolation for stability
Cobimetinib Fumarate,Cotellic,568,190,3089176.7,0.0,36.1,HIGH_GROWTH,Low patient volume — prediction blended with simple trend extrapolation for stability
Cefazolin Sodium,Cefazolin Sodium,52267,13498,3063953.71,0.22,5.4,STABLE,Low patient volume — prediction blended with simple trend extrapolation for stability
Revefenacin,Yupelri,2390,778,3029024.67,0.0,118.6,HIGH_GROWTH,Low patient volume — prediction blended with simple trend extrapolation for stability
Eletriptan Hydrobromide,Eletriptan Hbr,25248,8091,2985275.8,0.13,-11.5,STABLE,Low patient volume — prediction blended with simple trend extrapolation for stability
Olanzapine Pamoate,Zyprexa Relprevv,2768,530,2968303.58,0.0,-12.9,STABLE,Low patient volume — prediction blended with simple trend extrapolation for stability
Formoterol Fumarate,Perforomist,7792,2291,2920385.47,0.02,13.8,HIGH_GROWTH,Low patient volume — prediction blended with simple trend extrapolation for stability
Permethrin,Permethrin,59570,34451,2907533.13,0.57,-7.0,STABLE,
Dapsone,Dapsone,36669,11563,2896167.85,0.22,-4.1,STABLE,Low patient volume — prediction blended with simple trend extrapolation for stability
Ceritinib,Zykadia,242,91,2871129.93,0.0,17.5,HIGH_GROWTH,Low patient volume — prediction blended with simple trend extrapolation for stability
Lamivudine,Lamivudine,20136,5807,2869089.37,0.12,-14.3,STABLE,Low patient volume — prediction blended with simple trend extrapolation for stability
Cefadroxil,Cefadroxil,312640,248324,2860628.75,1.0,-27.8,STABLE,
Dutasteride/Tamsulosin Hcl,Dutasteride-Tamsulosin,16048,5309,2821896.24,0.1,-8.1,STABLE,Low patient volume — prediction blended with simple trend extrapolation for stability
Incobotulinumtoxina,Xeomin,2142,843,2796046.27,0.0,128.5,HIGH_GROWTH,Low patient volume — prediction blended with simple trend extrapolation for stability
Lofexidine Hcl,Lucemyra,566,434,2742521.24,0.0,93.6,HIGH_GROWTH,Low patient volume — prediction blended with simple trend extrapolation for stability
Desloratadine,Desloratadine,68745,24746,2731461.53,0.39,4.5,STABLE,Low patient volume — prediction blended with simple trend extrapolation for stability
Ethambutol Hcl,Ethambutol Hcl,51226,12890,2717785.75,0.21,5.8,STABLE,Low patient volume — prediction blended with simple trend extrapolation for stability
Rifabutin,Rifabutin,5759,2315,2717494.98,0.02,22.0,HIGH_GROWTH,Low patient volume — prediction blended with simple trend extrapolation for stability
Fidaxomicin,Dificid,445,171,2692037.73,0.0,11.5,STABLE,Low patient volume — prediction blended with simple trend extrapolation for stability
Pitavastatin Magnesium,Zypitamag,6823,2456,2687429.96,0.0,536.3,HIGH_GROWTH,Low patient volume — prediction blended with simple trend extrapolation for stability
Pyrimethamine,Daraprim,143,57,2673758.78,0.0,-27.1,STABLE,Low patient volume — prediction blended with simple trend extrapolation for stability
Zolmitriptan,Zolmitriptan Odt,15322,5443,2665086.97,0.1,-15.4,STABLE,Low patient volume — prediction blended with simple trend extrapolation for stability
Fenofibric Acid (Choline),Fenofibric Acid,57244,17841,2644938.75,0.34,-32.7,STABLE,Low patient volume — prediction blended with simple trend extrapolation for stability
Loxapine Succinate,Loxapine,47997,11651,2630957.41,0.21,-0.8,STABLE,Low patient volume — prediction blended with simple trend extrapolation for stability
Zafirlukast,Zafirlukast,25404,8265,2629572.56,0.15,-9.2,STABLE,Low patient volume — prediction blended with simple trend extrapolation for stability
Butalbit/Acetamin/Caff/Codeine,Butalb-Caff-Acetaminoph-Codein,19569,6653,2617444.08,0.12,-3.1,STABLE,Low patient volume — prediction blended with simple trend extrapolation for stability
Streptomycin Sulfate,Streptomycin Sulfate,1526,812,2569840.66,0.0,30.8,HIGH_GROWTH,Low patient volume — prediction blended with simple trend extrapolation for stability
Efavirenz,Efavirenz,6052,1919,2523721.24,0.04,-27.7,STABLE,Low patient volume — prediction blended with simple trend extrapolation for stability
Anagrelide Hcl,Anagrelide Hcl,13867,4236,2518581.37,0.07,-18.8,STABLE,Low patient volume — prediction blended with simple trend extrapolation for stability
Ergotamine Tartrate/Caffeine,Ergotamine-Caffeine,3953,1561,2512767.37,0.02,-20.5,STABLE,Low patient volume — prediction blended with simple trend extrapolation for stability
Sumatriptan,Sumatriptan,11446,4045,2469298.12,0.06,-6.2,STABLE,Low patient volume — prediction blended with simple trend extrapolation for stability
Vandetanib,Caprelsa,148,60,2449025.33,0.0,82.5,HIGH_GROWTH,Low patient volume — prediction blended with simple trend extrapolation for stability
Granisetron,Sancuso,1167,384,2417346.51,0.0,-2.8,STABLE,Low patient volume — prediction blended with simple trend extrapolation for stability
Sertaconazole Nitrate,Ertaczo,1677,655,2411680.28,0.0,282.3,HIGH_GROWTH,Low patient volume — prediction blended with simple trend extrapolation for stability
Abacavir Sulfate,Abacavir,9715,2806,2401422.74,0.06,-19.3,STABLE,Low patient volume — prediction blended with simple trend extrapolation for stability
Phenytoin,Phenytoin,65845,18056,2373926.2,0.37,-14.8,STABLE,Low patient volume — prediction blended with simple trend extrapolation for stability
Tobramycin,Tobramycin,110867,80568,2373275.25,1.0,23.3,HIGH_GROWTH,
Trihexyphenidyl Hcl,Trihexyphenidyl Hcl,153152,37008,2370241.0,0.71,7.1,STABLE,
Ramucirumab,Cyramza,275,77,2363953.35,0.0,23.5,HIGH_GROWTH,Low patient volume — prediction blended with simple trend extrapolation for stability
Demeclocycline Hcl,Demeclocycline Hcl,4810,1513,2338457.43,0.02,-8.9,STABLE,Low patient volume — prediction blended with simple trend extrapolation for stability
Sulindac,Sulindac,101693,42535,2332605.15,0.81,12.6,HIGH_GROWTH,
Zaleplon,Zaleplon,88097,28482,2321458.07,0.53,-3.7,STABLE,
Talazoparib Tosylate,Talzenna,139,55,2306471.84,0.0,17.6,HIGH_GROWTH,Low patient volume — prediction blended with simple trend extrapolation for stability
Trastuzumab,Herceptin,473,113,2284996.79,0.0,-26.0,STABLE,Low patient volume — prediction blended with simple trend extrapolation for stability
Levalbuterol Hcl,Levalbuterol Hcl,26561,6553,2274124.11,0.06,77.2,HIGH_GROWTH,Low patient volume — prediction blended with simple trend extrapolation for stability
Paricalcitol,Paricalcitol,16801,4790,2267045.49,0.09,-12.1,STABLE,Low patient volume — prediction blended with simple trend extrapolation for stability
Panitumumab,Vectibix,275,62,2263597.35,0.0,30.2,HIGH_GROWTH,Low patient volume — prediction blended with simple trend extrapolation for stability
Valproic Acid,Valproic Acid,52641,15814,2256107.01,0.29,0.6,STABLE,Low patient volume — prediction blended with simple trend extrapolation for stability
Bortezomib,Velcade,1986,475,2239731.83,0.0,-39.2,STABLE,Low patient volume — prediction blended with simple trend extrapolation for stability
Crisaborole,Eucrisa,2465,885,2214892.13,0.01,-3.6,STABLE,Low patient volume — prediction blended with simple trend extrapolation for stability
Darifenacin Hydrobromide,Darifenacin Er,13836,4783,2213614.31,0.09,-13.0,STABLE,Low patient volume — prediction blended with simple trend extrapolation for stability
Ganciclovir,Zirgan,4199,1494,2213266.76,0.02,3.7,STABLE,Low patient volume — prediction blended with simple trend extrapolation for stability
Fluocinolone/Shower Cap,Fluocinolone Acetonide,31375,15129,2192680.42,0.22,13.4,HIGH_GROWTH,Low patient volume — prediction blended with simple trend extrapolation for stability
Tramadol Hcl/Acetaminophen,Tramadol Hcl-Acetaminophen,192342,92206,2189614.5,1.0,-21.1,STABLE,
Minocycline Hcl Microspheres,Arestin,265,183,2177956.9,0.0,22.9,HIGH_GROWTH,Low patient volume — prediction blended with simple trend extrapolation for stability
Adapalene,Adapalene,1432,582,2155433.22,0.0,104.0,HIGH_GROWTH,Low patient volume — prediction blended with simple trend extrapolation for stability
Filgrastim,Neupogen,832,247,2153916.35,0.0,-19.5,STABLE,Low patient volume — prediction blended with simple trend extrapolation for stability
Mupirocin Calcium,Mupirocin,11791,5586,2114996.91,0.09,-27.2,STABLE,Low patient volume — prediction blended with simple trend extrapolation for stability
Cimetidine,Cimetidine,41488,12945,2095029.91,0.28,-17.1,STABLE,Low patient volume — prediction blended with simple trend extrapolation for stability
Imipenem/Cilastatin Sodium,Imipenem-Cilastatin Sodium,4565,1168,2064189.57,0.01,9.5,STABLE,Low patient volume — prediction blended with simple trend extrapolation for stability
Estradiol/Norethindrone Acet,Combipatch,18577,6356,2055012.34,0.11,-3.3,STABLE,Low patient volume — prediction blended with simple trend extrapolation for stability
Betaine,Cystadane,601,190,2043800.9,0.0,-8.9,STABLE,Low patient volume — prediction blended with simple trend extrapolation for stability
Ampicillin Sodium,Ampicillin Sodium,10424,2932,2016798.05,0.05,-2.3,STABLE,Low patient volume — prediction blended with simple trend extrapolation for stability
Dacomitinib,Vizimpro,106,28,2009238.87,0.0,51.3,HIGH_GROWTH,Low patient volume — prediction blended with simple trend extrapolation for stability
Chlordiazepoxide/Clidinium Br,Chlordiazepoxide-Clidinium,6692,2295,2001079.96,0.03,-13.9,STABLE,Low patient volume — prediction blended with simple trend extrapolation for stability
Levocarnitine,Levocarnitine,20721,5769,1996720.25,0.11,-10.2,STABLE,Low patient volume — prediction blended with simple trend extrapolation for stability
Triazolam,Triazolam,39890,17115,1995007.83,0.31,-15.7,STABLE,Low patient volume — prediction blended with simple trend extrapolation for stability
Metaxalone,Metaxalone,15484,5738,1961764.05,0.11,-21.2,STABLE,Low patient volume — prediction blended with simple trend extrapolation for stability
Acamprosate Calcium,Acamprosate Calcium,15655,5821,1950455.63,0.09,-2.9,STABLE,Low patient volume — prediction blended with simple trend extrapolation for stability
Fentanyl Citrate,Fentanyl Citrate,344,128,1946548.23,0.0,-24.5,STABLE,Low patient volume — prediction blended with simple trend extrapolation for stability
Amlodipine/Valsartan/Hcthiazid,Amlodipine-Valsartan-Hctz,5494,2001,1938170.56,0.01,135.2,HIGH_GROWTH,Low patient volume — prediction blended with simple trend extrapolation for stability
Penicillin V Potassium,Penicillin V Potassium,296723,237475,1932460.5,1.0,-7.6,STABLE,
Erythromycin Ethylsuccinate,Erythromycin Ethylsuccinate,2893,734,1926459.18,0.01,-3.6,STABLE,Low patient volume — prediction blended with simple trend extrapolation for stability
Trientine Hcl,Trientine Hcl,415,162,1910459.36,0.0,-14.6,STABLE,Low patient volume — prediction blended with simple trend extrapolation for stability
Cabazitaxel,Jevtana,127,39,1904602.46,0.0,-8.7,STABLE,Low patient volume — prediction blended with simple trend extrapolation for stability
Parenteral Amino Acid 15% No.5,Clinisol,11714,1592,1890214.35,0.03,-18.5,STABLE,Low patient volume — prediction blended with simple trend extrapolation for stability
Desoximetasone,Desoximetasone,11046,5137,1881370.95,0.1,-22.1,STABLE,Low patient volume — prediction blended with simple trend extrapolation for stability
Dexamethasone Sodium Phosphate,Dexamethasone Sodium Phosphate,64233,35238,1879531.27,0.57,-6.5,STABLE,
Dantrolene Sodium,Dantrolene Sodium,24551,7084,1851974.93,0.13,-3.1,STABLE,Low patient volume — prediction blended with simple trend extrapolation for stability
Nitrofurantoin,Nitrofurantoin,794,301,1844786.43,0.0,15.7,HIGH_GROWTH,Low patient volume — prediction blended with simple trend extrapolation for stability
Saxagliptin Hcl/Metformin Hcl,Kombiglyze Xr,3673,1340,1830713.68,0.03,-40.7,STABLE,Low patient volume — prediction blended with simple trend extrapolation for stability
Lopinavir/Ritonavir,Lopinavir-Ritonavir,2576,883,1802419.55,0.01,-28.4,STABLE,Low patient volume — prediction blended with simple trend extrapolation for stability
Ivermectin,Soolantra,-1311,-996,1793168.69,0.18,-37.0,STABLE,Low patient volume — prediction blended with simple trend extrapolation for stability
Vorinostat,Zolinza,116,46,1759629.22,0.0,42.6,HIGH_GROWTH,Low patient volume — prediction blended with simple trend extrapolation for stability
Imipramine Hcl,Imipramine Hcl,91389,28849,1738761.01,0.57,-17.2,STABLE,
Arformoterol Tartrate,Brovana,7130,2021,1722474.38,0.02,-3.2,STABLE,Low patient volume — prediction blended with simple trend extrapolation for stability
Tobramycin/Lotepred Etab,Zylet,3740,2320,1683696.85,0.03,12.5,HIGH_GROWTH,Low patient volume — prediction blended with simple trend extrapolation for stability
Bedaquiline Fumarate,Sirturo,377,111,1681500.67,0.0,33.3,HIGH_GROWTH,Low patient volume — prediction blended with simple trend extrapolation for stability
"Measles,mumps,rubella Vacc/Pf",M-M-R Ii Vaccine,16165,13567,1677505.05,0.14,78.9,HIGH_GROWTH,Low patient volume — prediction blended with simple trend extrapolation for stability
Acebutolol Hcl,Acebutolol Hcl,26126,7909,1676928.56,0.15,-0.6,STABLE,Low patient volume — prediction blended with simple trend extrapolation for stability
"Heparin Sodium,porcine",Heparin Sodium,30350,6838,1652515.63,0.14,-10.5,STABLE,Low patient volume — prediction blended with simple trend extrapolation for stability
Pemetrexed Disodium,Alimta,876,224,1647717.99,0.0,-37.1,STABLE,Low patient volume — prediction blended with simple trend extrapolation for stability
Naratriptan Hcl,Naratriptan Hcl,49134,14753,1647222.18,0.25,-7.8,STABLE,Low patient volume — prediction blended with simple trend extrapolation for stability
Famciclovir,Famciclovir,34495,14130,1632756.69,0.25,-11.9,STABLE,Low patient volume — prediction blended with simple trend extrapolation for stability
Sumatriptan Succ/Naproxen Sod,Sumatriptan Succ-Naproxen Sod,2905,620,1618256.77,0.0,-4.9,STABLE,Low patient volume — prediction blended with simple trend extrapolation for stability
Olopatadine Hcl,Olopatadine Hcl,34422,12895,1599984.75,1.0,-74.9,STABLE,
Aliskiren Hemifumarate,Tekturna,6538,2299,1599600.08,0.04,-18.9,STABLE,Low patient volume — prediction blended with simple trend extrapolation for stability
Ospemifene,Osphena,4166,1445,1580817.03,0.02,-2.8,STABLE,Low patient volume — prediction blended with simple trend extrapolation for stability
Taliglucerase Alfa,Elelyso,32,12,1571326.82,0.0,-14.9,STABLE,Low patient volume — prediction blended with simple trend extrapolation for stability
Mercaptopurine,Mercaptopurine,15986,5022,1560454.3,0.1,-21.6,STABLE,Low patient volume — prediction blended with simple trend extrapolation for stability
Hpv Vaccine 9-Valent/Pf,Gardasil 9,5296,3760,1558677.46,0.04,54.3,HIGH_GROWTH,Low patient volume — prediction blended with simple trend extrapolation for stability
Idursulfase,Elaprase,33,13,1552463.58,0.0,-30.3,STABLE,Low patient volume — prediction blended with simple trend extrapolation for stability
Abobotulinumtoxina,Dysport,854,297,1531117.54,0.0,19.5,HIGH_GROWTH,Low patient volume — prediction blended with simple trend extrapolation for stability
Citric Ac/Gluconolact/Mag Carb,Renacidin,7220,1979,1523997.25,0.03,2.2,STABLE,Low patient volume — prediction blended with simple trend extrapolation for stability
Exenatide,Byetta,1835,762,1503714.92,0.01,-38.7,STABLE,Low patient volume — prediction blended with simple trend extrapolation for stability
Butorphanol Tartrate,Butorphanol Tartrate,14879,4160,1495031.99,0.08,-13.4,STABLE,Low patient volume — prediction blended with simple trend extrapolation for stability
Methyltestosterone,Methitest,136,38,1490907.37,0.0,295.4,HIGH_GROWTH,Low patient volume — prediction blended with simple trend extrapolation for stability
Fluoride (Sodium),Sf 5000 Plus,135186,57322,1466914.81,0.89,-10.6,STABLE,
Cyanocobalamin (Vitamin B-12),Cyanocobalamin Injection,142385,47897,1433534.73,0.68,66.0,HIGH_GROWTH,
Tetanus-Diphtheria Toxoids/Pf,Tenivac,38526,34741,1425498.75,0.47,13.1,HIGH_GROWTH,Low patient volume — prediction blended with simple trend extrapolation for stability
Pioglitazone Hcl/Metformin Hcl,Pioglitazone-Metformin,11771,3785,1425297.61,0.07,-12.4,STABLE,Low patient volume — prediction blended with simple trend extrapolation for stability
Tigecycline,Tygacil,1719,410,1412930.94,0.0,-0.2,STABLE,Low patient volume — prediction blended with simple trend extrapolation for stability
Gatifloxacin,Gatifloxacin,35154,23757,1407335.31,0.45,-30.9,STABLE,Low patient volume — prediction blended with simple trend extrapolation for stability
Phenoxybenzamine Hcl,Phenoxybenzamine Hcl,130,50,1387778.32,0.0,5.3,STABLE,Low patient volume — prediction blended with simple trend extrapolation for stability
Butalbital/Acetaminophen,Butalbital-Acetaminophen,4345,1373,1382542.66,0.02,0.2,STABLE,Low patient volume — prediction blended with simple trend extrapolation for stability
Misoprostol,Misoprostol,39357,18000,1374921.17,0.32,-17.2,STABLE,Low patient volume — prediction blended with simple trend extrapolation for stability
Bendamustine Hcl,Treanda,118,38,1367666.6,0.0,3.2,STABLE,Low patient volume — prediction blended with simple trend extrapolation for stability
Betaxolol Hcl,Betaxolol Hcl,11537,3695,1361899.18,0.07,-15.2,STABLE,Low patient volume — prediction blended with simple trend extrapolation for stability
Tedizolid Phosphate,Sivextro,192,59,1342086.94,0.0,-3.5,STABLE,Low patient volume — prediction blended with simple trend extrapolation for stability
Clobetasol Propionate/Emoll,Clobetasol Emollient,10006,4287,1341522.39,0.06,19.1,HIGH_GROWTH,Low patient volume — prediction blended with simple trend extrapolation for stability
Plerixafor,Mozobil,70,60,1326796.89,0.0,-15.7,STABLE,Low patient volume — prediction blended with simple trend extrapolation for stability
Meropenem-0.9% Sodium Chloride,Meropenem-0.9% Nacl,3897,1281,1319304.41,0.01,50.3,HIGH_GROWTH,Low patient volume — prediction blended with simple trend extrapolation for stability
Colistin (Colistimethate Na),Colistimethate,1711,478,1316847.31,0.0,5.6,STABLE,Low patient volume — prediction blended with simple trend extrapolation for stability
Omeprazole Magnesium,Prilosec,1245,450,1304117.81,0.0,6.2,STABLE,Low patient volume — prediction blended with simple trend extrapolation for stability
Fosinopril Sodium,Fosinopril Sodium,56754,18211,1303023.83,0.38,-13.2,STABLE,Low patient volume — prediction blended with simple trend extrapolation for stability
Diclofenac Sodium/Misoprostol,Diclofenac Sodium-Misoprostol,9212,3615,1289386.14,0.06,-5.0,STABLE,Low patient volume — prediction blended with simple trend extrapolation for stability
Opium Tincture,Opium Tincture,2774,1028,1281948.21,0.01,-4.0,STABLE,Low patient volume — prediction blended with simple trend extrapolation for stability
Infliximab-Abda,Renflexis,300,94,1281859.54,0.0,4.5,STABLE,Low patient volume — prediction blended with simple trend extrapolation for stability
Aclidinium Bromide,Tudorza Pressair,1892,718,1257569.91,0.01,-35.4,STABLE,Low patient volume — prediction blended with simple trend extrapolation for stability
Nevirapine,Nevirapine Er,7143,1984,1254237.76,0.03,-19.1,STABLE,Low patient volume — prediction blended with simple trend extrapolation for stability
Sofosbuvir/Velpatas/Voxilaprev,Vosevi,49,18,1244907.0,0.0,-12.8,STABLE,Low patient volume — prediction blended with simple trend extrapolation for stability
Terconazole,Terconazole,44024,26737,1243100.44,0.44,4.8,STABLE,Low patient volume — prediction blended with simple trend extrapolation for stability
"Poliomyelitis Vaccine, Killed",Ipol,19545,17838,1242046.58,0.08,351.9,HIGH_GROWTH,Low patient volume — prediction blended with simple trend extrapolation for stability
Isosorbide Dinit/Hydralazine,Bidil,6275,2007,1241705.14,0.04,-41.7,STABLE,Low patient volume — prediction blended with simple trend extrapolation for stability
Captopril,Captopril,18313,5604,1233163.74,0.11,-20.2,STABLE,Low patient volume — prediction blended with simple trend extrapolation for stability
Mitotane,Lysodren,505,192,1232524.58,0.0,31.6,HIGH_GROWTH,Low patient volume — prediction blended with simple trend extrapolation for stability
Sargramostim,Leukine,177,56,1231484.99,0.0,-7.7,STABLE,Low patient volume — prediction blended with simple trend extrapolation for stability
Clarithromycin,Clarithromycin,67653,52088,1231441.8,0.84,-25.9,STABLE,
"Syring-Needl,disp,insul,0.3 Ml",Insulin Syringe,42306,13815,1219643.88,0.29,-21.1,STABLE,Low patient volume — prediction blended with simple trend extrapolation for stability
Desipramine Hcl,Desipramine Hcl,21408,7137,1218966.87,0.13,-14.7,STABLE,Low patient volume — prediction blended with simple trend extrapolation for stability
Sodium Polystyrene Sulfonate,Sodium Polystyrene Sulfonate,16828,7290,1217861.1,0.13,-2.5,STABLE,Low patient volume — prediction blended with simple trend extrapolation for stability
Fluvastatin Sodium,Fluvastatin Er,6831,2369,1211355.79,0.03,-0.7,STABLE,Low patient volume — prediction blended with simple trend extrapolation for stability
Benzonatate,Benzonatate,109284,77349,1208342.25,1.0,43.1,HIGH_GROWTH,
Quinidine Sulfate,Quinidine Sulfate,399,142,1207509.95,0.0,300.9,HIGH_GROWTH,Low patient volume — prediction blended with simple trend extrapolation for stability
Tranylcypromine Sulfate,Tranylcypromine Sulfate,4475,1545,1202238.65,0.02,-14.3,STABLE,Low patient volume — prediction blended with simple trend extrapolation for stability
Trifluoperazine Hcl,Trifluoperazine Hcl,26260,7169,1201915.05,0.11,0.5,STABLE,Low patient volume — prediction blended with simple trend extrapolation for stability
Levocarnitine (With Sugar),Levocarnitine,11560,3332,1183489.22,0.05,6.8,STABLE,Low patient volume — prediction blended with simple trend extrapolation for stability
Emtricitabine,Emtriva,3287,1122,1164347.53,0.01,-14.2,STABLE,Low patient volume — prediction blended with simple trend extrapolation for stability
Ethacrynic Acid,Ethacrynic Acid,2925,1041,1159122.39,0.01,-14.0,STABLE,Low patient volume — prediction blended with simple trend extrapolation for stability
Alclometasone Dipropionate,Alclometasone Dipropionate,33667,22839,1127407.96,0.39,-15.5,STABLE,Low patient volume — prediction blended with simple trend extrapolation for stability
Ado-Trastuzumab Emtansine,Kadcyla,81,28,1121053.7,0.0,-28.1,STABLE,Low patient volume — prediction blended with simple trend extrapolation for stability
Zoledronic Acid/Mannitol-Water,Zoledronic Acid,6609,6117,1106504.87,0.07,40.9,HIGH_GROWTH,Low patient volume — prediction blended with simple trend extrapolation for stability
Irinotecan Hcl,Irinotecan Hcl,984,240,1100553.05,0.0,22.9,HIGH_GROWTH,Low patient volume — prediction blended with simple trend extrapolation for stability
Flunisolide,Flunisolide,19552,8088,1097078.98,0.14,-8.1,STABLE,Low patient volume — prediction blended with simple trend extrapolation for stability
Thiothixene,Thiothixene,12258,3654,1079301.65,0.06,-10.2,STABLE,Low patient volume — prediction blended with simple trend extrapolation for stability
Diphenhydramine Hcl,Diphenhydramine Hcl,36749,10789,1072651.79,0.18,-2.1,STABLE,Low patient volume — prediction blended with simple trend extrapolation for stability
Desmopressin (Nonrefrigerated),Desmopressin Acetate,5516,2029,1070283.01,0.03,-7.9,STABLE,Low patient volume — prediction blended with simple trend extrapolation for stability
Nilutamide,Nilutamide,245,70,1064629.24,0.0,3.5,STABLE,Low patient volume — prediction blended with simple trend extrapolation for stability
Tazarotene,Tazorac,2318,966,1062744.55,0.01,24.6,HIGH_GROWTH,Low patient volume — prediction blended with simple trend extrapolation for stability
Erdafitinib,Balversa,56,22,1055957.56,0.0,-6.4,STABLE,Low patient volume — prediction blended with simple trend extrapolation for stability
Oxacillin Sodium,Oxacillin Sodium,1468,432,1054884.59,0.0,25.9,HIGH_GROWTH,Low patient volume — prediction blended with simple trend extrapolation for stability
Disopyramide Phosphate,Disopyramide Phosphate,3597,1151,1047078.58,0.01,-1.5,STABLE,Low patient volume — prediction blended with simple trend extrapolation for stability
Orphenadrine Citrate,Orphenadrine Citrate Er,26162,12751,1040429.43,0.18,15.0,HIGH_GROWTH,Low patient volume — prediction blended with simple trend extrapolation for stability
Docetaxel,Docetaxel,1513,412,1032488.95,0.0,19.6,HIGH_GROWTH,Low patient volume — prediction blended with simple trend extrapolation for stability
Pramlintide Acetate,Symlinpen 60,533,213,1020139.58,0.0,-13.7,STABLE,Low patient volume — prediction blended with simple trend extrapolation for stability
Tranexamic Acid,Tranexamic Acid,20344,14272,1016640.48,0.19,20.0,HIGH_GROWTH,Low patient volume — prediction blended with simple trend extrapolation for stability
Cyclophosphamide,Cyclophosphamide,1761,552,1004724.25,0.0,12.7,HIGH_GROWTH,Low patient volume — prediction blended with simple trend extrapolation for stability
Polymyxin B Sulf/Trimethoprim,Polymyxin B Sul-Trimethoprim,140359,115652,999656.88,1.0,-21.3,STABLE,
Nitisinone,Orfadin,32,9,984462.63,0.0,15.7,HIGH_GROWTH,Low patient volume — prediction blended with simple trend extrapolation for stability
Glyburide,Glyburide,57837,18589,975415.21,0.38,-18.4,STABLE,Low patient volume — prediction blended with simple trend extrapolation for stability
Treprostinil/Neb Accessories,Tyvaso Refill Kit,45,16,968396.03,0.0,-18.5,STABLE,Low patient volume — prediction blended with simple trend extrapolation for stability
Olsalazine Sodium,Dipentum,574,215,962175.41,0.0,8.7,STABLE,Low patient volume — prediction blended with simple trend extrapolation for stability
Acetylcysteine,Acetylcysteine,10289,2528,945803.11,0.04,2.5,STABLE,Low patient volume — prediction blended with simple trend extrapolation for stability
Lamivudine/Zidovudine,Lamivudine-Zidovudine,3402,1142,939813.6,0.02,-17.0,STABLE,Low patient volume — prediction blended with simple trend extrapolation for stability
Elagolix Sodium,Orilissa,765,295,937833.69,0.0,7.6,STABLE,Low patient volume — prediction blended with simple trend extrapolation for stability
Butalbital/Aspirin/Caffeine,Butalbital-Aspirin-Caffeine,14975,5386,922677.14,0.1,-10.7,STABLE,Low patient volume — prediction blended with simple trend extrapolation for stability
Norethindrone Acetate,Norethindrone Acetate,21291,7196,916909.25,0.11,-4.0,STABLE,Low patient volume — prediction blended with simple trend extrapolation for stability
Nicardipine Hcl,Nicardipine Hcl,1144,333,912568.26,0.0,12.2,HIGH_GROWTH,Low patient volume — prediction blended with simple trend extrapolation for stability
Oxaliplatin,Oxaliplatin,2717,657,904333.11,0.0,13.5,HIGH_GROWTH,Low patient volume — prediction blended with simple trend extrapolation for stability
Amphetamine,Adzenys Xr-Odt,1582,548,895469.76,0.0,57.9,HIGH_GROWTH,Low patient volume — prediction blended with simple trend extrapolation for stability
Codeine/Butalbital/Asa/Caffein,Butalbital Compound-Codeine,8367,3142,887839.61,0.05,-18.6,STABLE,Low patient volume — prediction blended with simple trend extrapolation for stability
Estradiol Valerate,Estradiol Valerate,5984,1938,875894.43,0.01,62.0,HIGH_GROWTH,Low patient volume — prediction blended with simple trend extrapolation for stability
Telmisartan/Amlodipine,Telmisartan-Amlodipine,4971,1689,873016.15,0.01,47.9,HIGH_GROWTH,Low patient volume — prediction blended with simple trend extrapolation for stability
Prasterone (Dhea),Intrarosa,2605,921,864228.78,0.01,-10.7,STABLE,Low patient volume — prediction blended with simple trend extrapolation for stability
Insulin Glulisine,Apidra,1443,484,860296.77,0.0,-24.2,STABLE,Low patient volume — prediction blended with simple trend extrapolation for stability
Elotuzumab,Empliciti,84,22,851892.57,0.0,-35.4,STABLE,Low patient volume — prediction blended with simple trend extrapolation for stability
Oxazepam,Oxazepam,15041,5563,848706.47,0.11,-17.9,STABLE,Low patient volume — prediction blended with simple trend extrapolation for stability
Caspofungin Acetate,Caspofungin Acetate,1615,547,838920.18,0.0,-0.1,STABLE,Low patient volume — prediction blended with simple trend extrapolation for stability
Haloperidol Lactate,Haloperidol Lactate,33419,14503,831223.13,0.27,-9.8,STABLE,Low patient volume — prediction blended with simple trend extrapolation for stability
Frovatriptan Succinate,Frovatriptan Succinate,2360,803,818807.78,0.01,-14.2,STABLE,Low patient volume — prediction blended with simple trend extrapolation for stability
Epinastine Hcl,Epinastine Hcl,9876,3864,815654.19,0.06,10.9,STABLE,Low patient volume — prediction blended with simple trend extrapolation for stability
Thioridazine Hcl,Thioridazine Hcl,16005,4616,807830.86,0.08,-10.0,STABLE,Low patient volume — prediction blended with simple trend extrapolation for stability
Indomethacin,Indomethacin,59741,24075,789300.07,0.42,-1.2,STABLE,Low patient volume — prediction blended with simple trend extrapolation for stability
Levobunolol Hcl,Levobunolol Hcl,32079,9748,781010.84,0.17,-7.1,STABLE,Low patient volume — prediction blended with simple trend extrapolation for stability
Probenecid,Probenecid,12039,4294,780683.32,0.08,-11.0,STABLE,Low patient volume — prediction blended with simple trend extrapolation for stability
Degarelix Acetate,Firmagon,1279,273,776862.94,0.0,6.2,STABLE,Low patient volume — prediction blended with simple trend extrapolation for stability
Idelalisib,Zydelig,57,20,775579.13,0.0,-51.7,STABLE,Low patient volume — prediction blended with simple trend extrapolation for stability
Zoledronic Acid,Zoledronic Acid,3810,952,772064.26,0.01,18.9,HIGH_GROWTH,Low patient volume — prediction blended with simple trend extrapolation for stability
Meperidine Hcl,Meperidine Hcl,471,189,769269.01,0.0,38.1,HIGH_GROWTH,Low patient volume — prediction blended with simple trend extrapolation for stability
Edoxaban Tosylate,Savaysa,2037,755,764576.05,0.01,-23.0,STABLE,Low patient volume — prediction blended with simple trend extrapolation for stability
Timolol,Betimol,3033,1052,763169.86,0.02,-26.8,STABLE,Low patient volume — prediction blended with simple trend extrapolation for stability
Nafcillin Sodium,Nafcillin Sodium,901,256,751067.51,0.0,-11.1,STABLE,Low patient volume — prediction blended with simple trend extrapolation for stability
Olodaterol Hcl,Striverdi Respimat,2567,992,741990.46,0.01,-1.3,STABLE,Low patient volume — prediction blended with simple trend extrapolation for stability
Reslizumab,Cinqair,167,66,736167.8,0.0,15.5,HIGH_GROWTH,Low patient volume — prediction blended with simple trend extrapolation for stability
Estradiol Acetate,Femring,893,280,732290.41,0.0,3.8,STABLE,Low patient volume — prediction blended with simple trend extrapolation for stability
Olanzapine/Fluoxetine Hcl,Olanzapine-Fluoxetine Hcl,2287,804,730984.33,0.01,-12.0,STABLE,Low patient volume — prediction blended with simple trend extrapolation for stability
Dornase Alfa,Pulmozyme,113,40,729998.65,0.0,-4.2,STABLE,Low patient volume — prediction blended with simple trend extrapolation for stability
Pindolol,Pindolol,9984,2862,718009.94,0.05,-8.9,STABLE,Low patient volume — prediction blended with simple trend extrapolation for stability
Ethosuximide,Ethosuximide,7389,2556,704077.98,0.04,-11.2,STABLE,Low patient volume — prediction blended with simple trend extrapolation for stability
Prenatal 147/Iron/Folic Acid,Azesco,118,42,684817.41,0.0,3.7,STABLE,Low patient volume — prediction blended with simple trend extrapolation for stability
Gefitinib,Iressa,88,32,681964.01,0.0,-30.7,STABLE,Low patient volume — prediction blended with simple trend extrapolation for stability
Fosamprenavir Calcium,Fosamprenavir Calcium,569,208,675191.52,0.0,-28.4,STABLE,Low patient volume — prediction blended with simple trend extrapolation for stability
Propylthiouracil,Propylthiouracil,13653,4309,669238.08,0.07,-9.0,STABLE,Low patient volume — prediction blended with simple trend extrapolation for stability
Acetic Acid,Acetic Acid,37837,16001,665974.08,0.23,21.0,HIGH_GROWTH,Low patient volume — prediction blended with simple trend extrapolation for stability
Amiloride Hcl,Amiloride Hcl,42540,13322,656944.29,0.23,0.4,STABLE,Low patient volume — prediction blended with simple trend extrapolation for stability
"Ringer's Solution,lactated",Lactated Ringers,17138,3899,656155.24,0.06,22.6,HIGH_GROWTH,Low patient volume — prediction blended with simple trend extrapolation for stability
Amikacin Sulfate,Amikacin Sulfate,7428,1848,645386.35,0.02,5.1,STABLE,Low patient volume — prediction blended with simple trend extrapolation for stability
Tetracycline Hcl,Tetracycline Hcl,5039,3555,638615.21,0.05,5.8,STABLE,Low patient volume — prediction blended with simple trend extrapolation for stability
Adefovir Dipivoxil,Adefovir Dipivoxil,825,293,636644.14,0.0,-29.3,STABLE,Low patient volume — prediction blended with simple trend extrapolation for stability
Halcinonide,Halog,630,197,634738.44,0.0,-6.6,STABLE,Low patient volume — prediction blended with simple trend extrapolation for stability
Danazol,Danazol,2115,692,634411.86,0.0,-2.0,STABLE,Low patient volume — prediction blended with simple trend extrapolation for stability
Protriptyline Hcl,Protriptyline Hcl,2111,697,631340.73,0.0,-0.2,STABLE,Low patient volume — prediction blended with simple trend extrapolation for stability
Efavirenz/Lamivu/Tenofov Disop,Symfi,350,117,624410.82,0.0,-23.8,STABLE,Low patient volume — prediction blended with simple trend extrapolation for stability
Ceftazidime,Ceftazidime,5275,1353,612426.38,0.01,3.5,STABLE,Low patient volume — prediction blended with simple trend extrapolation for stability
Auranofin,Ridaura,430,132,607929.67,0.0,3.8,STABLE,Low patient volume — prediction blended with simple trend extrapolation for stability
Nisoldipine,Nisoldipine,2267,793,602545.92,0.01,-18.5,STABLE,Low patient volume — prediction blended with simple trend extrapolation for stability
Enalapril/Hydrochlorothiazide,Enalapril-Hydrochlorothiazide,20283,6685,599800.04,0.15,-11.2,STABLE,Low patient volume — prediction blended with simple trend extrapolation for stability
Diazoxide,Proglycem,757,240,598153.04,0.0,-7.2,STABLE,Low patient volume — prediction blended with simple trend extrapolation for stability
Ketoprofen,Ketoprofen,454,154,593015.52,0.0,-71.9,STABLE,Low patient volume — prediction blended with simple trend extrapolation for stability
"Meningococcal B Vaccine,4-Comp",Bexsero,2500,1746,589726.98,0.01,99.7,HIGH_GROWTH,Low patient volume — prediction blended with simple trend extrapolation for stability
Methylergonovine Maleate,Methylergonovine Maleate,109,37,584403.18,0.0,150.7,HIGH_GROWTH,Low patient volume — prediction blended with simple trend extrapolation for stability
Fosaprepitant Dimeglumine,Emend,2564,689,577938.47,0.0,29.5,HIGH_GROWTH,Low patient volume — prediction blended with simple trend extrapolation for stability
Tipranavir,Aptivus,256,96,575866.63,0.0,-15.4,STABLE,Low patient volume — prediction blended with simple trend extrapolation for stability
Flurbiprofen Sodium,Flurbiprofen Sodium,14369,8398,575642.93,0.13,-0.6,STABLE,Low patient volume — prediction blended with simple trend extrapolation for stability
"Dalteparin Sodium,porcine",Fragmin,161,58,562178.3,0.0,-12.2,STABLE,Low patient volume — prediction blended with simple trend extrapolation for stability
Aztreonam,Azactam,635,182,557694.12,0.0,-14.8,STABLE,Low patient volume — prediction blended with simple trend extrapolation for stability
Chlordiazepoxide Hcl,Chlordiazepoxide Hcl,57949,15958,554015.44,0.28,-1.0,STABLE,Low patient volume — prediction blended with simple trend extrapolation for stability
Tbo-Filgrastim,Granix,242,86,540072.89,0.0,0.8,STABLE,Low patient volume — prediction blended with simple trend extrapolation for stability
Hydrocodone/Ibuprofen,Hydrocodone-Ibuprofen,3246,1325,538205.24,0.03,-29.1,STABLE,Low patient volume — prediction blended with simple trend extrapolation for stability
Varicella Vaccine Live/Pf,Varivax Vaccine,2818,2253,529481.54,0.01,97.7,HIGH_GROWTH,Low patient volume — prediction blended with simple trend extrapolation for stability
Bcg Live,Bcg (Tice Strain),884,415,519574.39,0.0,66.6,HIGH_GROWTH,Low patient volume — prediction blended with simple trend extrapolation for stability
Granisetron Hcl,Granisetron Hcl,3808,1746,507990.05,0.02,19.9,HIGH_GROWTH,Low patient volume — prediction blended with simple trend extrapolation for stability
Mitomycin,Mitomycin,245,82,500040.75,0.0,26.9,HIGH_GROWTH,Low patient volume — prediction blended with simple trend extrapolation for stability
Carbinoxamine Maleate,Ryvent,2144,754,496534.44,0.0,-19.3,STABLE,Low patient volume — prediction blended with simple trend extrapolation for stability
Toremifene Citrate,Fareston,529,183,496427.38,0.0,-6.3,STABLE,Low patient volume — prediction blended with simple trend extrapolation for stability
Cefprozil,Cefprozil,21921,17220,495631.83,0.27,-3.1,STABLE,Low patient volume — prediction blended with simple trend extrapolation for stability
Estradiol/Levonorgestrel,Climara Pro,1670,627,492186.3,0.0,-6.3,STABLE,Low patient volume — prediction blended with simple trend extrapolation for stability
Amphotericin B Liposome,Ambisome,215,70,487991.39,0.0,17.6,HIGH_GROWTH,Low patient volume — prediction blended with simple trend extrapolation for stability
Probenecid/Colchicine,Probenecid-Colchicine,9184,3040,484632.27,0.05,-18.2,STABLE,Low patient volume — prediction blended with simple trend extrapolation for stability
Netupitant/Palonosetron Hcl,Akynzeo,470,99,484334.42,0.0,54.3,HIGH_GROWTH,Low patient volume — prediction blended with simple trend extrapolation for stability
Pimozide,Pimozide,4711,1626,484058.33,0.02,-3.1,STABLE,Low patient volume — prediction blended with simple trend extrapolation for stability
Sodium Bicarbonate,Sodium Bicarbonate,6196,1451,483787.3,0.01,27.7,HIGH_GROWTH,Low patient volume — prediction blended with simple trend extrapolation for stability
Gemcitabine Hcl,Gemcitabine Hcl,1722,524,480581.62,0.0,23.6,HIGH_GROWTH,Low patient volume — prediction blended with simple trend extrapolation for stability
Doxorubicin Hcl Peg-Liposomal,Doxorubicin Hcl Liposome,183,57,472796.86,0.0,86.0,HIGH_GROWTH,Low patient volume — prediction blended with simple trend extrapolation for stability
Disulfiram,Disulfiram,6207,2149,466563.52,0.03,7.2,STABLE,Low patient volume — prediction blended with simple trend extrapolation for stability
Sulfacetamide Sodium,Sulfacetamide Sodium,4551,2353,461496.07,0.04,0.5,STABLE,Low patient volume — prediction blended with simple trend extrapolation for stability
Imipramine Pamoate,Imipramine Pamoate,1308,500,446938.48,0.0,-13.9,STABLE,Low patient volume — prediction blended with simple trend extrapolation for stability
Oxybutynin,Oxytrol,640,239,445442.56,0.0,0.3,STABLE,Low patient volume — prediction blended with simple trend extrapolation for stability
Dapagliflozin/Saxagliptin Hcl,Qtern,803,215,440660.03,0.0,-5.6,STABLE,Low patient volume — prediction blended with simple trend extrapolation for stability
Methotrexate Sodium/Pf,Methotrexate Sodium,31415,11587,436621.24,0.25,-20.8,STABLE,Low patient volume — prediction blended with simple trend extrapolation for stability
Vorapaxar Sulfate,Zontivity,669,161,435514.73,0.0,13.2,HIGH_GROWTH,Low patient volume — prediction blended with simple trend extrapolation for stability
Meprobamate,Meprobamate,1111,442,433091.95,0.0,-12.4,STABLE,Low patient volume — prediction blended with simple trend extrapolation for stability
Triamterene,Dyrenium,1605,577,427641.42,0.0,8.3,STABLE,Low patient volume — prediction blended with simple trend extrapolation for stability
"Pnv,calcium 72/Iron/Folic Acid",Preplus,38126,10416,420233.19,0.17,10.1,STABLE,Low patient volume — prediction blended with simple trend extrapolation for stability
Prednisolone,Prednisolone,16243,12492,418319.35,0.19,5.2,STABLE,Low patient volume — prediction blended with simple trend extrapolation for stability
Eravacycline Di-Hydrochloride,Xerava,372,121,418056.68,0.0,55.5,HIGH_GROWTH,Low patient volume — prediction blended with simple trend extrapolation for stability
Palonosetron Hcl,Palonosetron Hcl,4402,1147,410849.01,0.01,-5.3,STABLE,Low patient volume — prediction blended with simple trend extrapolation for stability
"Mening Vac A,c,y,w-135 Dip/Pf",Menactra,2696,2207,408729.68,0.02,37.1,HIGH_GROWTH,Low patient volume — prediction blended with simple trend extrapolation for stability
Codeine Sulfate,Codeine Sulfate,4442,1538,404495.66,0.02,-9.5,STABLE,Low patient volume — prediction blended with simple trend extrapolation for stability
Hydrocortisone Valerate,Hydrocortisone Valerate,4987,2682,391794.99,0.05,-28.1,STABLE,Low patient volume — prediction blended with simple trend extrapolation for stability
Fat Emulsions,Intralipid,121,35,389164.02,0.0,221.1,HIGH_GROWTH,Low patient volume — prediction blended with simple trend extrapolation for stability
Lumacaftor/Ivacaftor,Orkambi,14,6,385333.24,0.0,25.0,HIGH_GROWTH,Low patient volume — prediction blended with simple trend extrapolation for stability
Pioglitazone Hcl/Glimepiride,Pioglitazone-Glimepiride,744,256,384683.54,0.0,-6.3,STABLE,Low patient volume — prediction blended with simple trend extrapolation for stability
Norgestimate-Ethinyl Estradiol,Femynor,24881,9730,383101.16,0.18,-10.4,STABLE,Low patient volume — prediction blended with simple trend extrapolation for stability
Norethindrone-E.Estradiol-Iron,Blisovi Fe,14544,5569,369756.39,0.09,-3.5,STABLE,Low patient volume — prediction blended with simple trend extrapolation for stability
Nitazoxanide,Alinia,177,89,355581.82,0.0,-11.5,STABLE,Low patient volume — prediction blended with simple trend extrapolation for stability
Flurbiprofen,Flurbiprofen,9880,5226,352226.62,0.09,7.8,STABLE,Low patient volume — prediction blended with simple trend extrapolation for stability
Sodium Chloride 0.45 %,Sodium Chloride,12429,4817,351833.28,0.08,0.5,STABLE,Low patient volume — prediction blended with simple trend extrapolation for stability
Enfuvirtide,Fuzeon,90,35,349492.86,0.0,-20.5,STABLE,Low patient volume — prediction blended with simple trend extrapolation for stability
Nelfinavir Mesylate,Viracept,271,105,346713.33,0.0,-18.0,STABLE,Low patient volume — prediction blended with simple trend extrapolation for stability
Clindamycin Phos/Benzoyl Perox,Clindamycin-Benzoyl Peroxide,3583,1540,345419.57,0.02,-9.3,STABLE,Low patient volume — prediction blended with simple trend extrapolation for stability
Meropenem/Vaborbactam,Vabomere,173,37,341775.43,0.0,20.9,HIGH_GROWTH,Low patient volume — prediction blended with simple trend extrapolation for stability
Sodium Chloride Irrig Solution,Sodium Chloride,17628,5593,341434.47,0.11,-20.5,STABLE,Low patient volume — prediction blended with simple trend extrapolation for stability
Norethindrone,Norethindrone,18014,6708,340826.58,0.11,2.5,STABLE,Low patient volume — prediction blended with simple trend extrapolation for stability
Pentazocine Hcl/Naloxone Hcl,Pentazocine-Naloxone Hcl,1691,611,333831.83,0.0,-16.6,STABLE,Low patient volume — prediction blended with simple trend extrapolation for stability
Ertugliflozin/Metformin,Segluromet,702,243,328838.01,0.0,29.4,HIGH_GROWTH,Low patient volume — prediction blended with simple trend extrapolation for stability
Almotriptan Malate,Almotriptan Malate,1043,370,320707.87,0.0,-1.7,STABLE,Low patient volume — prediction blended with simple trend extrapolation for stability
Cefepime In Iso-Osm Dextrose,Cefepime,1201,336,319051.09,0.0,6.1,STABLE,Low patient volume — prediction blended with simple trend extrapolation for stability
Oritavancin Diphosphate,Orbactiv,45,13,317287.79,0.0,2.6,STABLE,Low patient volume — prediction blended with simple trend extrapolation for stability
Flurandrenolide,Cordran,330,140,313173.54,0.0,-31.2,STABLE,Low patient volume — prediction blended with simple trend extrapolation for stability
Ampicillin Trihydrate,Ampicillin Trihydrate,27229,17799,312969.24,0.31,-11.4,STABLE,Low patient volume — prediction blended with simple trend extrapolation for stability
Hydrocortisone/Acetic Acid,Hydrocortisone-Acetic Acid,2835,1869,311577.89,0.03,-1.9,STABLE,Low patient volume — prediction blended with simple trend extrapolation for stability
Rimabotulinumtoxinb,Myobloc,439,135,309482.7,0.0,52.8,HIGH_GROWTH,Low patient volume — prediction blended with simple trend extrapolation for stability
Methoxsalen,Methoxsalen,171,52,308488.28,0.0,22.5,HIGH_GROWTH,Low patient volume — prediction blended with simple trend extrapolation for stability
Nimodipine,Nimodipine,575,171,306247.59,0.0,-4.2,STABLE,Low patient volume — prediction blended with simple trend extrapolation for stability
"Water For Irrigation,sterile",Water,8434,2625,302891.31,0.04,7.1,STABLE,Low patient volume — prediction blended with simple trend extrapolation for stability
Aminocaproic Acid,Amicar,328,107,302280.17,0.0,-6.9,STABLE,Low patient volume — prediction blended with simple trend extrapolation for stability
"Syrge-Ndl,ins 0.3 Ml Half Mark",Veo Insulin Syringe,12130,4773,292259.16,0.08,-1.3,STABLE,Low patient volume — prediction blended with simple trend extrapolation for stability
Methscopolamine Bromide,Methscopolamine Bromide,2003,719,288175.38,0.01,-11.9,STABLE,Low patient volume — prediction blended with simple trend extrapolation for stability
Phenelzine Sulfate,Phenelzine Sulfate,4133,1501,285037.64,0.02,1.8,STABLE,Low patient volume — prediction blended with simple trend extrapolation for stability
Metoprolol/Hydrochlorothiazide,Metoprolol-Hydrochlorothiazide,5672,2064,284872.25,0.03,-14.2,STABLE,Low patient volume — prediction blended with simple trend extrapolation for stability
Trandolapril,Trandolapril,10176,3516,281535.88,0.07,-9.9,STABLE,Low patient volume — prediction blended with simple trend extrapolation for stability
Tobramycin In 0.225% Sod Chlor,Tobramycin,90,28,278977.72,0.0,-10.3,STABLE,Low patient volume — prediction blended with simple trend extrapolation for stability
Prednisolone Sodium Phosphate,Prednisolone Sodium Phosphate,12510,8431,276248.46,0.09,24.5,HIGH_GROWTH,Low patient volume — prediction blended with simple trend extrapolation for stability
Carteolol Hcl,Carteolol Hcl,11570,3748,273322.42,0.06,-7.7,STABLE,Low patient volume — prediction blended with simple trend extrapolation for stability
Griseofulvin Ultramicrosize,Griseofulvin Ultramicrosize,985,376,272153.46,0.0,15.0,HIGH_GROWTH,Low patient volume — prediction blended with simple trend extrapolation for stability
Dextrose 5 %-0.45 % Sod Chlord,Dextrose 5%-0.45% Nacl,11371,5663,271759.07,0.09,-3.6,STABLE,Low patient volume — prediction blended with simple trend extrapolation for stability
Hydrocortisone/Pramoxine,Proctofoam-Hc,1032,365,270255.33,0.0,22.6,HIGH_GROWTH,Low patient volume — prediction blended with simple trend extrapolation for stability
Neomycin Sulfate,Neomycin Sulfate,37175,33591,266895.89,0.62,1.6,STABLE,
Oxaprozin,Oxaprozin,4468,1707,265266.23,0.02,-19.6,STABLE,Low patient volume — prediction blended with simple trend extrapolation for stability
Terbutaline Sulfate,Terbutaline Sulfate,956,364,256888.33,0.0,-17.0,STABLE,Low patient volume — prediction blended with simple trend extrapolation for stability
Dipyridamole,Dipyridamole,3521,1277,253289.52,0.02,-26.2,STABLE,Low patient volume — prediction blended with simple trend extrapolation for stability
Selenium Sulfide,Selenium Sulfide,21023,9802,249683.33,0.16,-1.7,STABLE,Low patient volume — prediction blended with simple trend extrapolation for stability
Hyoscyamine Sulfate,Hyoscyamine Sulfate,6399,2395,246711.61,0.03,29.8,HIGH_GROWTH,Low patient volume — prediction blended with simple trend extrapolation for stability
Quinidine Gluconate,Quinidine Gluconate,528,217,245545.56,0.0,11.7,STABLE,Low patient volume — prediction blended with simple trend extrapolation for stability
Nalbuphine Hcl,Nalbuphine Hcl,659,135,238559.74,0.0,1.7,STABLE,Low patient volume — prediction blended with simple trend extrapolation for stability
Lidocaine Hcl/Pf,Lidocaine Hcl,23464,14942,234929.53,0.19,30.7,HIGH_GROWTH,Low patient volume — prediction blended with simple trend extrapolation for stability
Acetohydroxamic Acid,Lithostat,1266,386,228183.65,0.0,2.0,STABLE,Low patient volume — prediction blended with simple trend extrapolation for stability
Isocarboxazid,Marplan,290,114,227341.26,0.0,94.8,HIGH_GROWTH,Low patient volume — prediction blended with simple trend extrapolation for stability
Thioguanine,Tabloid,25,7,226857.21,0.0,40.2,HIGH_GROWTH,Low patient volume — prediction blended with simple trend extrapolation for stability
"Chorionic Gonadotropin, Human",Chorionic Gonadotropin,395,149,225851.99,0.0,36.1,HIGH_GROWTH,Low patient volume — prediction blended with simple trend extrapolation for stability
Perindopril Erbumine,Perindopril Erbumine,3870,1208,225353.31,0.01,4.3,STABLE,Low patient volume — prediction blended with simple trend extrapolation for stability
Methylphenidate,Daytrana,419,169,224815.94,0.0,-12.7,STABLE,Low patient volume — prediction blended with simple trend extrapolation for stability
Erythromycin Base In Ethanol,Erythromycin,6765,3203,223296.56,0.05,-9.4,STABLE,Low patient volume — prediction blended with simple trend extrapolation for stability
Penicillin G Benzathine,Bicillin L-A,442,171,222938.12,0.0,-23.3,STABLE,Low patient volume — prediction blended with simple trend extrapolation for stability
Ziprasidone Mesylate,Geodon,1219,396,221615.17,0.0,17.3,HIGH_GROWTH,Low patient volume — prediction blended with simple trend extrapolation for stability
Fluocinonide/Emollient Base,Fluocinonide-E,3008,1490,221321.63,0.02,-32.9,STABLE,Low patient volume — prediction blended with simple trend extrapolation for stability
Glyburide/Metformin Hcl,Glyburide-Metformin Hcl,10643,3578,220901.31,0.07,-11.1,STABLE,Low patient volume — prediction blended with simple trend extrapolation for stability
Alogliptin Benz/Metformin Hcl,Alogliptin-Metformin,1083,318,219623.45,0.0,-9.4,STABLE,Low patient volume — prediction blended with simple trend extrapolation for stability
"Tetanus, Diphtheria Tox,adult",Tdvax,5623,5132,219549.71,0.07,17.7,HIGH_GROWTH,Low patient volume — prediction blended with simple trend extrapolation for stability
Vancomycin/0.9 % Sod Chloride,Vancomycin Hcl-0.9% Nacl,1017,276,217331.81,0.0,1.1,STABLE,Low patient volume — prediction blended with simple trend extrapolation for stability
Dextrose 5 % In Water,Dextrose In Water,8631,2979,210762.18,0.04,12.1,HIGH_GROWTH,Low patient volume — prediction blended with simple trend extrapolation for stability
Bacitracin/Polymyxin B Sulfate,Bacitracin-Polymyxin,16477,10722,208775.65,0.17,2.4,STABLE,Low patient volume — prediction blended with simple trend extrapolation for stability
Ondansetron Hcl/Pf,Ondansetron Hcl,18103,5789,207628.71,0.09,3.1,STABLE,Low patient volume — prediction blended with simple trend extrapolation for stability
Methylprednisolone Sod Succ,Solu-Medrol,7446,2491,206965.58,0.03,-4.6,STABLE,Low patient volume — prediction blended with simple trend extrapolation for stability
Baloxavir Marboxil,Xofluza,1242,1190,206603.72,0.0,137.1,HIGH_GROWTH,Low patient volume — prediction blended with simple trend extrapolation for stability
Isradipine,Isradipine,992,333,206017.49,0.0,-0.5,STABLE,Low patient volume — prediction blended with simple trend extrapolation for stability
Dicloxacillin Sodium,Dicloxacillin Sodium,3174,1777,205882.68,0.03,-14.3,STABLE,Low patient volume — prediction blended with simple trend extrapolation for stability
Ethacrynate Sodium,Ethacrynate Sodium,13,5,204660.52,0.0,2.0,STABLE,Low patient volume — prediction blended with simple trend extrapolation for stability
Tretinoin Microspheres,Retin-A Micro Pump,418,159,200036.55,0.0,17.8,HIGH_GROWTH,Low patient volume — prediction blended with simple trend extrapolation for stability
Methsuximide,Celontin,594,186,199441.8,0.0,-17.2,STABLE,Low patient volume — prediction blended with simple trend extrapolation for stability
Amphetamine Sulfate,Evekeo,330,128,198662.24,0.0,48.4,HIGH_GROWTH,Low patient volume — prediction blended with simple trend extrapolation for stability
Penicillin G Potassium,Penicillin G Potassium,835,263,197535.69,0.0,-6.7,STABLE,Low patient volume — prediction blended with simple trend extrapolation for stability
Diflunisal,Diflunisal,2910,1267,194822.38,0.02,-22.7,STABLE,Low patient volume — prediction blended with simple trend extrapolation for stability
Praziquantel,Praziquantel,76,20,193522.42,0.0,38.1,HIGH_GROWTH,Low patient volume — prediction blended with simple trend extrapolation for stability
Linezolid In Dextrose 5%,Linezolid-D5w,448,155,192159.9,0.0,8.4,STABLE,Low patient volume — prediction blended with simple trend extrapolation for stability
Levonorgestrel/Ethin.Estradiol,Levonorgestrel-Eth Estradiol,11419,4406,188377.66,0.07,-7.8,STABLE,Low patient volume — prediction blended with simple trend extrapolation for stability
Tobramycin Sulfate,Tobramycin Sulfate,4191,1278,177420.8,0.01,-50.3,STABLE,Low patient volume — prediction blended with simple trend extrapolation for stability
Anidulafungin,Eraxis (Water Diluent),293,63,175806.09,0.0,24.8,HIGH_GROWTH,Low patient volume — prediction blended with simple trend extrapolation for stability
Desvenlafaxine,Desvenlafaxine Er,1414,484,175722.16,0.0,-24.3,STABLE,Low patient volume — prediction blended with simple trend extrapolation for stability
Cefepime Hcl In Dextrose 5 %,Cefepime-Dextrose,753,249,175193.23,0.0,49.2,HIGH_GROWTH,Low patient volume — prediction blended with simple trend extrapolation for stability
Doxercalciferol,Doxercalciferol,371,126,174542.38,0.0,-10.0,STABLE,Low patient volume — prediction blended with simple trend extrapolation for stability
Norelgestromin/Ethin.Estradiol,Xulane,1754,682,171787.22,0.0,0.1,STABLE,Low patient volume — prediction blended with simple trend extrapolation for stability
Difenoxin Hcl/Atropine Sulfate,Motofen,154,57,170079.02,0.0,-19.1,STABLE,Low patient volume — prediction blended with simple trend extrapolation for stability
Methenamine Mandelate,Methenamine Mandelate,3028,943,168158.15,0.01,-8.5,STABLE,Low patient volume — prediction blended with simple trend extrapolation for stability
Hydrocortisone Sodium Succ/Pf,Solu-Cortef,2126,777,165902.0,0.0,-6.6,STABLE,Low patient volume — prediction blended with simple trend extrapolation for stability
Mefloquine Hcl,Mefloquine Hcl,3132,2429,164046.95,0.02,45.2,HIGH_GROWTH,Low patient volume — prediction blended with simple trend extrapolation for stability
Norethindrone-Ethin. Estradiol,Dasetta,8371,3100,163190.72,0.05,-12.3,STABLE,Low patient volume — prediction blended with simple trend extrapolation for stability
Ceftriaxone In Is-Osm Dextrose,Ceftriaxone,1873,732,160983.81,0.0,-9.6,STABLE,Low patient volume — prediction blended with simple trend extrapolation for stability
Erythromycin/Benzoyl Peroxide,Erythromycin-Benzoyl Peroxide,1066,408,155605.39,0.0,-7.7,STABLE,Low patient volume — prediction blended with simple trend extrapolation for stability
Amiloride/Hydrochlorothiazide,Amiloride-Hydrochlorothiazide,6008,2044,155357.27,0.03,-11.6,STABLE,Low patient volume — prediction blended with simple trend extrapolation for stability
Cefixime,Suprax,2573,1902,154414.61,0.01,-6.7,STABLE,Low patient volume — prediction blended with simple trend extrapolation for stability
Milrinone Lactate/D5w,Milrinone In 5% Dextrose,1851,229,152856.64,0.0,31.6,HIGH_GROWTH,Low patient volume — prediction blended with simple trend extrapolation for stability
"Griseofulvin, Microsize",Griseofulvin,756,308,152501.97,0.0,-2.7,STABLE,Low patient volume — prediction blended with simple trend extrapolation for stability
Penciclovir,Denavir,194,77,152095.8,0.0,-21.9,STABLE,Low patient volume — prediction blended with simple trend extrapolation for stability
Sodium Fluoride/Potassium Nit,Prevident 5000 Enamel Protect,11646,4608,150729.5,0.06,21.9,HIGH_GROWTH,Low patient volume — prediction blended with simple trend extrapolation for stability
Ethinyl Estradiol/Drospirenone,Ocella,5012,1991,147197.77,0.03,-6.0,STABLE,Low patient volume — prediction blended with simple trend extrapolation for stability
Goserelin Acetate,Zoladex,135,50,146146.17,0.0,-19.0,STABLE,Low patient volume — prediction blended with simple trend extrapolation for stability
Moexipril Hcl,Moexipril Hcl,3249,1218,140652.39,0.02,-22.8,STABLE,Low patient volume — prediction blended with simple trend extrapolation for stability
Lamivudine/Tenofovir Disop Fum,Cimduo,109,42,140554.46,0.0,18.3,HIGH_GROWTH,Low patient volume — prediction blended with simple trend extrapolation for stability
Delafloxacin Meglumine,Baxdela,27,11,139444.52,0.0,5.0,STABLE,Low patient volume — prediction blended with simple trend extrapolation for stability
Chloroquine Phosphate,Chloroquine Phosphate,996,306,136931.83,0.0,-17.9,STABLE,Low patient volume — prediction blended with simple trend extrapolation for stability
Decitabine,Decitabine,88,36,135489.24,0.0,-33.0,STABLE,Low patient volume — prediction blended with simple trend extrapolation for stability
Magnesium Sulfate,Magnesium Sulfate,7436,1362,135333.19,0.01,6.0,STABLE,Low patient volume — prediction blended with simple trend extrapolation for stability
Promethazine/Dextromethorphan,Promethazine-Dm,10755,7136,134378.52,0.06,98.6,HIGH_GROWTH,Low patient volume — prediction blended with simple trend extrapolation for stability
Immune Globul G (Igg)/Glycine,Gamastan,272,61,129857.32,0.0,-5.1,STABLE,Low patient volume — prediction blended with simple trend extrapolation for stability
Isoniazid,Isoniazid,13472,4352,128178.46,0.07,11.8,STABLE,Low patient volume — prediction blended with simple trend extrapolation for stability
Aminolevulinic Acid Hcl,Levulan,225,177,124157.57,0.0,58.6,HIGH_GROWTH,Low patient volume — prediction blended with simple trend extrapolation for stability
"Piperacillin-Tazo-Dextrose,iso",Zosyn,505,156,124153.52,0.0,-12.1,STABLE,Low patient volume — prediction blended with simple trend extrapolation for stability
Cefaclor,Cefaclor,2151,1101,123956.1,0.01,-9.7,STABLE,Low patient volume — prediction blended with simple trend extrapolation for stability
Paclitaxel,Paclitaxel,1104,294,123010.47,0.0,10.7,STABLE,Low patient volume — prediction blended with simple trend extrapolation for stability
Molindone Hcl,Molindone Hcl,111,34,119893.91,0.0,-3.0,STABLE,Low patient volume — prediction blended with simple trend extrapolation for stability
Cobicistat,Tybost,325,133,119752.79,0.0,23.3,HIGH_GROWTH,Low patient volume — prediction blended with simple trend extrapolation for stability
Flavoxate Hcl,Flavoxate Hcl,1573,499,118919.79,0.0,-15.5,STABLE,Low patient volume — prediction blended with simple trend extrapolation for stability
Cyclopentolate Hcl,Cyclopentolate Hcl,14148,11064,118891.31,0.13,30.7,HIGH_GROWTH,Low patient volume — prediction blended with simple trend extrapolation for stability
Trifluridine,Trifluridine,707,314,115930.42,0.0,-11.1,STABLE,Low patient volume — prediction blended with simple trend extrapolation for stability
Methylprednisolone Acetate,Methylprednisolone Acetate,6502,4257,115014.18,0.06,7.2,STABLE,Low patient volume — prediction blended with simple trend extrapolation for stability
Miglitol,Glyset,490,147,113853.22,0.0,-10.2,STABLE,Low patient volume — prediction blended with simple trend extrapolation for stability
Isotretinoin,Myorisan,838,313,113392.65,0.0,-10.6,STABLE,Low patient volume — prediction blended with simple trend extrapolation for stability
Electrolyte-A Solution,Plasma-Lyte A Ph 7.4,269,82,112411.05,0.0,476.1,HIGH_GROWTH,Low patient volume — prediction blended with simple trend extrapolation for stability
Hydromorphone Hcl/Pf,Hydromorphone Hcl,344,76,112230.65,0.0,-4.9,STABLE,Low patient volume — prediction blended with simple trend extrapolation for stability
Telavancin Hcl,Vibativ,34,9,111825.26,0.0,-18.4,STABLE,Low patient volume — prediction blended with simple trend extrapolation for stability
Pyrazinamide,Pyrazinamide,461,156,107588.68,0.0,41.1,HIGH_GROWTH,Low patient volume — prediction blended with simple trend extrapolation for stability
Norgestrel-Ethinyl Estradiol,Cryselle,5522,2005,107294.63,0.03,-6.2,STABLE,Low patient volume — prediction blended with simple trend extrapolation for stability
Meperidine Hcl/Pf,Demerol,8502,7018,102599.5,0.1,9.7,STABLE,Low patient volume — prediction blended with simple trend extrapolation for stability
Oxymetazoline Hcl,Rhofade,142,57,102046.94,0.0,-21.8,STABLE,Low patient volume — prediction blended with simple trend extrapolation for stability
Mesna,Mesnex,139,48,98254.64,0.0,121.6,HIGH_GROWTH,Low patient volume — prediction blended with simple trend extrapolation for stability
Trimipramine Maleate,Surmontil,345,132,97924.48,0.0,9.0,STABLE,Low patient volume — prediction blended with simple trend extrapolation for stability
Vardenafil Hcl,Levitra,1158,470,97424.25,0.0,30.5,HIGH_GROWTH,Low patient volume — prediction blended with simple trend extrapolation for stability
Midazolam Hcl,Midazolam Hcl,34814,29979,97146.53,0.39,28.6,HIGH_GROWTH,Low patient volume — prediction blended with simple trend extrapolation for stability
Granisetron Hcl/Pf,Granisetron Hcl,1812,377,94006.18,0.0,32.7,HIGH_GROWTH,Low patient volume — prediction blended with simple trend extrapolation for stability
"Aripiprazole Lauroxil,submicr.",Aristada Initio,36,31,93686.21,0.0,-34.6,STABLE,Low patient volume — prediction blended with simple trend extrapolation for stability
Potassium Bicarbonate/Cit Ac,Effer-K,2685,935,92324.94,0.01,31.8,HIGH_GROWTH,Low patient volume — prediction blended with simple trend extrapolation for stability
Albumin Human,Flexbumin,65,18,92071.48,0.0,80.4,HIGH_GROWTH,Low patient volume — prediction blended with simple trend extrapolation for stability
Perphenazine/Amitriptyline Hcl,Perphenazine-Amitriptyline,795,323,90920.09,0.0,-4.9,STABLE,Low patient volume — prediction blended with simple trend extrapolation for stability
Dobutamine Hcl,Dobutamine Hcl,590,68,89789.72,0.0,806.6,HIGH_GROWTH,Low patient volume — prediction blended with simple trend extrapolation for stability
Carboplatin,Carboplatin,1748,509,89585.21,0.0,-6.8,STABLE,Low patient volume — prediction blended with simple trend extrapolation for stability
Trandolapril/Verapamil Hcl,Trandolapril-Verapamil Er,520,197,88573.17,0.0,0.7,STABLE,Low patient volume — prediction blended with simple trend extrapolation for stability
Sulfadiazine,Sulfadiazine,38,15,88453.73,0.0,-20.1,STABLE,Low patient volume — prediction blended with simple trend extrapolation for stability
Dextrose 5 % And 0.9 % Nacl,Dextrose 5%-0.9% Nacl,2250,881,88195.13,0.01,3.1,STABLE,Low patient volume — prediction blended with simple trend extrapolation for stability
Cefoxitin Sodium,Cefoxitin,262,88,87032.74,0.0,-30.6,STABLE,Low patient volume — prediction blended with simple trend extrapolation for stability
"N.Meningitidis B,lipid Fhbp Rc",Trumenba,395,267,86749.44,0.0,177.3,HIGH_GROWTH,Low patient volume — prediction blended with simple trend extrapolation for stability
Salsalate,Salsalate,1051,363,85204.24,0.0,-33.4,STABLE,Low patient volume — prediction blended with simple trend extrapolation for stability
Fentanyl Citrate/Pf,Fentanyl Citrate,31898,26439,83096.93,0.33,17.2,HIGH_GROWTH,Low patient volume — prediction blended with simple trend extrapolation for stability
"Rituximab/Hyaluronidase,human",Rituxan Hycela,13,5,82943.51,0.0,-0.2,STABLE,Low patient volume — prediction blended with simple trend extrapolation for stability
Midazolam Hcl/Pf,Midazolam Hcl,37832,31662,82402.63,0.46,3.5,STABLE,Low patient volume — prediction blended with simple trend extrapolation for stability
Prochlorperazine,Prochlorperazine,992,648,81096.92,0.01,-32.9,STABLE,Low patient volume — prediction blended with simple trend extrapolation for stability
Zidovudine,Zidovudine,1224,426,80636.68,0.0,-9.5,STABLE,Low patient volume — prediction blended with simple trend extrapolation for stability
Apraclonidine Hcl,Apraclonidine Hcl,846,275,78998.27,0.0,-18.0,STABLE,Low patient volume — prediction blended with simple trend extrapolation for stability
Sodium Acetate,Sodium Acetate,513,90,75657.83,0.0,81.8,HIGH_GROWTH,Low patient volume — prediction blended with simple trend extrapolation for stability
Tinidazole,Tinidazole,1221,598,74232.54,0.0,2.6,STABLE,Low patient volume — prediction blended with simple trend extrapolation for stability
Artemether/Lumefantrine,Coartem,131,47,72811.73,0.0,81.9,HIGH_GROWTH,Low patient volume — prediction blended with simple trend extrapolation for stability
"Syringe,needle,insuln,safe,1ml",Magellan Insulin Safety Syrng,1558,419,71698.03,0.0,18.7,HIGH_GROWTH,Low patient volume — prediction blended with simple trend extrapolation for stability
Flumazenil,Flumazenil,11741,9889,71498.89,0.11,15.7,HIGH_GROWTH,Low patient volume — prediction blended with simple trend extrapolation for stability
Natamycin,Natacyn,118,37,70285.45,0.0,40.2,HIGH_GROWTH,Low patient volume — prediction blended with simple trend extrapolation for stability
Deferoxamine Mesylate,Deferoxamine Mesylate,165,44,70082.3,0.0,-10.2,STABLE,Low patient volume — prediction blended with simple trend extrapolation for stability
Potassium Chloride In 0.9%nacl,Potassium Chl-Normal Saline,922,136,68301.66,0.0,7.8,STABLE,Low patient volume — prediction blended with simple trend extrapolation for stability
Alogliptin Benz/Pioglitazone,Oseni,277,97,67746.08,0.0,-29.1,STABLE,Low patient volume — prediction blended with simple trend extrapolation for stability
Tolcapone,Tasmar,42,14,67714.98,0.0,-58.5,STABLE,Low patient volume — prediction blended with simple trend extrapolation for stability
Etonogestrel/Ethinyl Estradiol,Nuvaring,605,246,65984.93,0.0,-12.4,STABLE,Low patient volume — prediction blended with simple trend extrapolation for stability
Milrinone Lactate,Milrinone Lactate,703,122,65945.16,0.0,-64.9,STABLE,Low patient volume — prediction blended with simple trend extrapolation for stability
Prochlorperazine Edisylate,Prochlorperazine Edisylate,621,120,63267.85,0.0,-12.9,STABLE,Low patient volume — prediction blended with simple trend extrapolation for stability
Sodium Chloride 3 %,Sodium Chloride,339,45,63120.18,0.0,442.3,HIGH_GROWTH,Low patient volume — prediction blended with simple trend extrapolation for stability
Rimantadine Hcl,Rimantadine Hcl,355,130,62705.25,0.0,-20.1,STABLE,Low patient volume — prediction blended with simple trend extrapolation for stability
Amitriptyline/Chlordiazepoxide,Chlordiazepoxide-Amitriptyline,954,374,61848.1,0.0,-7.9,STABLE,Low patient volume — prediction blended with simple trend extrapolation for stability
Dextrose 5%-Lactated Ringers,Dextrose In Lactated Ringers,946,344,61645.21,0.0,28.0,HIGH_GROWTH,Low patient volume — prediction blended with simple trend extrapolation for stability
"Syringe,needle,insuln,sf 0.5ml",Easy Touch Insulin Safety,848,256,61367.74,0.0,75.7,HIGH_GROWTH,Low patient volume — prediction blended with simple trend extrapolation for stability
Desogestrel-Ethinyl Estradiol,Apri,3907,1509,57592.76,0.02,-18.4,STABLE,Low patient volume — prediction blended with simple trend extrapolation for stability
Mesalamine W/Cleansing Wipes,Mesalamine,169,56,57571.55,0.0,-16.1,STABLE,Low patient volume — prediction blended with simple trend extrapolation for stability
Hepatitis B Virus Vaccine/Pf,Engerix-B Adult,1162,674,57040.36,0.0,-25.1,STABLE,Low patient volume — prediction blended with simple trend extrapolation for stability
Levofloxacin In Dextrose 5 %,Levofloxacin-D5w,1471,564,56629.49,0.0,16.0,HIGH_GROWTH,Low patient volume — prediction blended with simple trend extrapolation for stability
Erythromycin Lactobionate,Erythrocin Lactobionate,11,4,56295.57,0.0,111.8,HIGH_GROWTH,Low patient volume — prediction blended with simple trend extrapolation for stability
Phenylephrine Hcl,Phenylephrine Hcl,2127,1867,56050.56,0.01,13.8,HIGH_GROWTH,Low patient volume — prediction blended with simple trend extrapolation for stability
"Syrge-Ndl,ins 0.5 Ml Half Mark",Droplet Insulin Syringe,1010,376,54900.24,0.0,-5.1,STABLE,Low patient volume — prediction blended with simple trend extrapolation for stability
Alendronate Sodium/Vitamin D3,Fosamax Plus D,254,93,54540.86,0.0,-16.8,STABLE,Low patient volume — prediction blended with simple trend extrapolation for stability
Famotidine/Pf,Famotidine,7905,1725,53520.16,0.02,-5.3,STABLE,Low patient volume — prediction blended with simple trend extrapolation for stability
Miconazole Nitrate/Zinc Ox/Pet,Vusion,120,47,52094.51,0.0,-15.2,STABLE,Low patient volume — prediction blended with simple trend extrapolation for stability
Fosinopril/Hydrochlorothiazide,Fosinopril-Hydrochlorothiazide,1259,450,50754.69,0.0,-19.2,STABLE,Low patient volume — prediction blended with simple trend extrapolation for stability
Amoxapine,Amoxapine,658,227,50294.15,0.0,-0.8,STABLE,Low patient volume — prediction blended with simple trend extrapolation for stability
Malathion,Malathion,242,112,47290.11,0.0,64.3,HIGH_GROWTH,Low patient volume — prediction blended with simple trend extrapolation for stability
Rifapentine,Priftin,379,167,43986.22,0.0,63.4,HIGH_GROWTH,Low patient volume — prediction blended with simple trend extrapolation for stability
Paroxetine Mesylate,Pexeva,257,98,42624.92,0.0,-49.8,STABLE,Low patient volume — prediction blended with simple trend extrapolation for stability
"Estrogens,esterified",Menest,457,186,42356.32,0.0,-30.1,STABLE,Low patient volume — prediction blended with simple trend extrapolation for stability
Quinine Sulfate,Quinine Sulfate,516,168,41244.08,0.0,-24.2,STABLE,Low patient volume — prediction blended with simple trend extrapolation for stability
Dexamethasone Sodium Phosp/Pf,Dexamethasone Sodium Phosphate,3368,1676,41207.81,0.02,13.3,HIGH_GROWTH,Low patient volume — prediction blended with simple trend extrapolation for stability
Rolapitant Hcl,Varubi,35,11,40746.93,0.0,-32.1,STABLE,Low patient volume — prediction blended with simple trend extrapolation for stability
Calcium Gluconate,Calcium Gluconate,526,93,39890.73,0.0,-16.3,STABLE,Low patient volume — prediction blended with simple trend extrapolation for stability
Methylprednisolone Sod Succ/Pf,Solu-Medrol,2333,1229,39377.87,0.01,-16.1,STABLE,Low patient volume — prediction blended with simple trend extrapolation for stability
Desloratadine/Pseudoephedrine,Clarinex-D 12 Hour,108,45,38874.33,0.0,2.3,STABLE,Low patient volume — prediction blended with simple trend extrapolation for stability
Ribavirin,Ribavirin,151,53,38699.34,0.0,44.5,HIGH_GROWTH,Low patient volume — prediction blended with simple trend extrapolation for stability
Methenam/Sod Phos/Mblue/Hyoscy,Urogesic-Blue,148,51,37735.65,0.0,-3.3,STABLE,Low patient volume — prediction blended with simple trend extrapolation for stability
Fenoprofen Calcium,Fenoprofen Calcium,117,41,36838.0,0.0,-46.3,STABLE,Low patient volume — prediction blended with simple trend extrapolation for stability
Gentamicin Sulfate/Pf,Gentamicin Sulfate,1499,120,36089.79,0.0,133.6,HIGH_GROWTH,Low patient volume — prediction blended with simple trend extrapolation for stability
Drospirenone/Estradiol,Angeliq,174,74,35928.9,0.0,8.9,STABLE,Low patient volume — prediction blended with simple trend extrapolation for stability
Desog-E.Estradiol/E.Estradiol,Desogestr-Eth Estrad Eth Estra,1375,532,35440.1,0.0,-4.2,STABLE,Low patient volume — prediction blended with simple trend extrapolation for stability
Primaquine Phosphate,Primaquine,103,34,33487.54,0.0,442.0,HIGH_GROWTH,Low patient volume — prediction blended with simple trend extrapolation for stability
Fosphenytoin Sodium,Fosphenytoin Sodium,45,8,33186.91,0.0,-16.6,STABLE,Low patient volume — prediction blended with simple trend extrapolation for stability
Sulfacetamide/Prednisolone Sp,Sulfacetamide-Prednisolone,1953,1266,33159.65,0.02,-27.4,STABLE,Low patient volume — prediction blended with simple trend extrapolation for stability
Haemoph B Poly Conj-Tet Tox/Pf,Acthib,1026,914,33010.62,0.0,108.5,HIGH_GROWTH,Low patient volume — prediction blended with simple trend extrapolation for stability
Sodium Chloride,Sodium Chloride,772,167,32157.86,0.0,113.8,HIGH_GROWTH,Low patient volume — prediction blended with simple trend extrapolation for stability
Phenazopyridine Hcl,Phenazopyridine Hcl,4797,3001,31432.43,0.04,-16.0,STABLE,Low patient volume — prediction blended with simple trend extrapolation for stability
Parenteral Amino Acid 15% No.6,Plenamine,278,56,31148.95,0.0,-0.1,STABLE,Low patient volume — prediction blended with simple trend extrapolation for stability
Ketorolac Tromethamine/Pf,Acuvail,87,43,30840.07,0.0,2.7,STABLE,Low patient volume — prediction blended with simple trend extrapolation for stability
"Glyburide,micronized",Glyburide Micronized,1409,429,28525.3,0.0,-8.9,STABLE,Low patient volume — prediction blended with simple trend extrapolation for stability
Dextrose 70 % In Water,Dextrose In Water,196,38,27486.12,0.0,163.1,HIGH_GROWTH,Low patient volume — prediction blended with simple trend extrapolation for stability
Esomeprazole Sodium,Esomeprazole Sodium,104,20,27422.68,0.0,-24.1,STABLE,Low patient volume — prediction blended with simple trend extrapolation for stability
Podofilox,Podofilox,435,181,26559.07,0.0,27.2,HIGH_GROWTH,Low patient volume — prediction blended with simple trend extrapolation for stability
Halobetasol Propion/Tazarotene,Duobrii,22,11,26509.87,0.0,-51.6,STABLE,Low patient volume — prediction blended with simple trend extrapolation for stability
"Cefazolin Sodium/Dextrose,iso",Cefazolin Sodium-Dextrose,260,86,26402.1,0.0,-9.1,STABLE,Low patient volume — prediction blended with simple trend extrapolation for stability
Ethynodiol D-Ethinyl Estradiol,Zovia 1-35e,1168,438,26274.73,0.0,-9.4,STABLE,Low patient volume — prediction blended with simple trend extrapolation for stability
Citric Acid/Sodium Citrate,Sodium Citrate-Citric Acid,500,166,23436.23,0.0,1.7,STABLE,Low patient volume — prediction blended with simple trend extrapolation for stability
"Potassium Phosphate,monobasic",K-Phos Original,774,207,22908.61,0.0,-11.4,STABLE,Low patient volume — prediction blended with simple trend extrapolation for stability
Levetiracetam In Nacl (Iso-Os),Levetiracetam-Nacl,115,29,22865.44,0.0,-3.0,STABLE,Low patient volume — prediction blended with simple trend extrapolation for stability
Vancomycin Hcl In 5 % Dextrose,Vancomycin Hcl,396,130,22564.75,0.0,-41.1,STABLE,Low patient volume — prediction blended with simple trend extrapolation for stability
Zoledronic Ac/Mannitol/0.9nacl,Zoledronic Acid,143,44,22555.59,0.0,14.1,HIGH_GROWTH,Low patient volume — prediction blended with simple trend extrapolation for stability
Potassium Citrate/Citric Acid,Potassium Citrate-Citric Acid,507,178,22488.85,0.0,1.6,STABLE,Low patient volume — prediction blended with simple trend extrapolation for stability
"Fluconazole In Nacl,iso-Osm",Fluconazole-Nacl,333,96,21926.05,0.0,5.7,STABLE,Low patient volume — prediction blended with simple trend extrapolation for stability
Dobutamine Hcl In Dextrose 5 %,Dobutamine Hcl In Dextrose,156,29,21889.5,0.0,58.4,HIGH_GROWTH,Low patient volume — prediction blended with simple trend extrapolation for stability
Potassium Chloride/D5-0.45nacl,Dextrose 5%-0.45% Nacl-Kcl,404,51,21708.89,0.0,-9.9,STABLE,Low patient volume — prediction blended with simple trend extrapolation for stability
"Syringe With Needle, Insulin",Monoject Insulin Safety Syrng,783,197,20783.35,0.0,-48.8,STABLE,Low patient volume — prediction blended with simple trend extrapolation for stability
Multivit41/Iron/Folate8/Ps-Dha,Enbrace Hr,115,32,20398.65,0.0,-17.6,STABLE,Low patient volume — prediction blended with simple trend extrapolation for stability
Adapalene/Benzoyl Peroxide,Epiduo Forte,208,98,20122.16,0.0,-20.0,STABLE,Low patient volume — prediction blended with simple trend extrapolation for stability
Hydrocortisone Sod Succinate,Solu-Cortef,142,50,18636.3,0.0,-25.9,STABLE,Low patient volume — prediction blended with simple trend extrapolation for stability
"Syringe,insul U-500,ndl,0.5ml",Insulin Syringe U-500,391,128,18428.22,0.0,-24.8,STABLE,Low patient volume — prediction blended with simple trend extrapolation for stability
Estradiol Cypionate,Depo-Estradiol,84,42,17775.85,0.0,-51.2,STABLE,Low patient volume — prediction blended with simple trend extrapolation for stability
Clindamycin Palmitate Hcl,Clindamycin Pediatric,118,33,16683.46,0.0,-3.9,STABLE,Low patient volume — prediction blended with simple trend extrapolation for stability
Polymyxin B Sulfate,Polymyxin B Sulfate,52,13,16169.13,0.0,-23.0,STABLE,Low patient volume — prediction blended with simple trend extrapolation for stability
Ciprofloxacin,Cipro,70,26,16120.34,0.0,24.7,HIGH_GROWTH,Low patient volume — prediction blended with simple trend extrapolation for stability
Doxorubicin Hcl,Doxorubicin Hcl,262,77,15602.09,0.0,43.3,HIGH_GROWTH,Low patient volume — prediction blended with simple trend extrapolation for stability
Clindamycin Phosphate/D5w,Clindamycin Phosphate-D5w,94,33,15601.39,0.0,61.3,HIGH_GROWTH,Low patient volume — prediction blended with simple trend extrapolation for stability
Estradiol Valerate/Dienogest,Natazia,59,23,15065.21,0.0,14.1,HIGH_GROWTH,Low patient volume — prediction blended with simple trend extrapolation for stability
Noreth-Ethinyl Estradiol/Iron,Wymzya Fe,306,120,14989.27,0.0,-3.8,STABLE,Low patient volume — prediction blended with simple trend extrapolation for stability
"Gentamicin In Nacl, Iso-Osm",Gentamicin Sulfate In Ns,558,133,14481.01,0.0,15.5,HIGH_GROWTH,Low patient volume — prediction blended with simple trend extrapolation for stability
Bismuth/Metronid/Tetracycline,Pylera,14,13,13781.9,0.0,13.8,HIGH_GROWTH,Low patient volume — prediction blended with simple trend extrapolation for stability
Magnesium Sulfate In Water,Magnesium Sulfate,291,83,13666.86,0.0,5.1,STABLE,Low patient volume — prediction blended with simple trend extrapolation for stability
Meclofenamate Sodium,Meclofenamate Sodium,41,19,13633.68,0.0,11.2,STABLE,Low patient volume — prediction blended with simple trend extrapolation for stability
Neomycin Sulf/Polymyxin B Sulf,Neomycin-Polymyxin B,518,114,13500.85,0.0,-43.9,STABLE,Low patient volume — prediction blended with simple trend extrapolation for stability
Gr Pol-Orc/Sw Ver/Rye/Kent/Tim,Oralair,21,7,13332.68,0.0,-28.0,STABLE,Low patient volume — prediction blended with simple trend extrapolation for stability
Ciprofloxacin/Hydrocortisone,Cipro Hc,31,19,12533.09,0.0,-27.8,STABLE,Low patient volume — prediction blended with simple trend extrapolation for stability
Sod/Pot/K Cit/Sod Cit/Cit Acid,Tricitrates,63,27,12276.18,0.0,41.5,HIGH_GROWTH,Low patient volume — prediction blended with simple trend extrapolation for stability
"Betamethasone Acetate,sod Phos",Betamethasone Sod Phos-Acetate,251,196,12223.07,0.0,66.6,HIGH_GROWTH,Low patient volume — prediction blended with simple trend extrapolation for stability
"Potassium Phos,m-Basic-D-Basic",Potassium Phosphate,134,25,11786.98,0.0,78.7,HIGH_GROWTH,Low patient volume — prediction blended with simple trend extrapolation for stability
Dextrose 10 % In Water,Dextrose In Water,141,20,10924.73,0.0,-20.3,STABLE,Low patient volume — prediction blended with simple trend extrapolation for stability
Neomycin/Bacit/P-Myx/Hydrocort,Neomycin-Bacitracin-Poly-Hc,291,185,10921.39,0.0,-24.8,STABLE,Low patient volume — prediction blended with simple trend extrapolation for stability
Metronidazole/Sodium Chloride,Metronidazole,346,115,10004.16,0.0,8.5,STABLE,Low patient volume — prediction blended with simple trend extrapolation for stability
Quinapril Hcl,Quinapril Hcl,-447,-2,9706.37,0.0,-62.7,STABLE,Low patient volume — prediction blended with simple trend extrapolation for stability
Potassium Chloride/D5-0.9%nacl,Dextrose 5%-Ns-Kcl,211,30,9619.8,0.0,22.0,HIGH_GROWTH,Low patient volume — prediction blended with simple trend extrapolation for stability
"Diph,pertuss(Acell),tet Ped/Pf",Daptacel Dtap,254,175,9454.53,0.0,24.3,HIGH_GROWTH,Low patient volume — prediction blended with simple trend extrapolation for stability
Pamidronate Disodium,Pamidronate Disodium,217,58,9310.78,0.0,-22.6,STABLE,Low patient volume — prediction blended with simple trend extrapolation for stability
Cisplatin,Cisplatin,153,42,9212.43,0.0,-0.2,STABLE,Low patient volume — prediction blended with simple trend extrapolation for stability
Prenatal Vit 87/Iron/Folic/Dha,Prenate Mini,37,9,9191.35,0.0,-3.0,STABLE,Low patient volume — prediction blended with simple trend extrapolation for stability
Urea,Urea,80,30,8437.54,0.0,51.2,HIGH_GROWTH,Low patient volume — prediction blended with simple trend extrapolation for stability
Neomycin/Polymyxn B/Gramicidin,Neomycin-Polymyxin-Gramicidin,164,131,8285.33,0.0,0.1,STABLE,Low patient volume — prediction blended with simple trend extrapolation for stability
Levoleucovorin Calcium,Levoleucovorin Calcium,30,3,7334.16,0.0,-61.1,STABLE,Low patient volume — prediction blended with simple trend extrapolation for stability
Zanamivir,Relenza,88,34,6474.18,0.0,9.8,STABLE,Low patient volume — prediction blended with simple trend extrapolation for stability
Parenteral Amino Acid 10% No.6,Travasol,32,8,6438.11,0.0,-64.7,STABLE,Low patient volume — prediction blended with simple trend extrapolation for stability
Multivit-Mins60/Iron Fum/Folic,Vol-Plus,709,127,6367.74,0.0,-40.2,STABLE,Low patient volume — prediction blended with simple trend extrapolation for stability
"Prenatal Vit27,calcium/Iron/Fa",Trinatal Rx 1,574,209,6322.87,0.0,66.6,HIGH_GROWTH,Low patient volume — prediction blended with simple trend extrapolation for stability
Drospir/Eth Estra/Levomefol Ca,Drospirenone-Eth Estra-Levomef,63,27,6240.72,0.0,11.0,STABLE,Low patient volume — prediction blended with simple trend extrapolation for stability
Dimethyl Sulfoxide,Rimso-50,9,4,6058.08,0.0,-63.1,STABLE,Low patient volume — prediction blended with simple trend extrapolation for stability
Ciprofloxacin In 5 % Dextrose,Ciprofloxacin-D5w,165,64,5772.23,0.0,-18.5,STABLE,Low patient volume — prediction blended with simple trend extrapolation for stability
Fat Emul/Soy/Mct/Oliv/Fish Oil,Smoflipid,87,16,5741.5,0.0,-62.4,STABLE,Low patient volume — prediction blended with simple trend extrapolation for stability
Etoposide,Etoposide,90,31,5443.88,0.0,-2.5,STABLE,Low patient volume — prediction blended with simple trend extrapolation for stability
Luliconazole,Luliconazole,24,8,5067.37,0.0,-45.6,STABLE,Low patient volume — prediction blended with simple trend extrapolation for stability
Clocortolone Pivalate,Clocortolone Pivalate,16,12,4960.06,0.0,-64.1,STABLE,Low patient volume — prediction blended with simple trend extrapolation for stability
Prenatal Vit 85/Iron/Fa 1/Dha,Prenate Pixie,26,5,4953.22,0.0,9.3,STABLE,Low patient volume — prediction blended with simple trend extrapolation for stability
Mafenide Acetate,Sulfamylon,30,17,3851.57,0.0,-16.9,STABLE,Low patient volume — prediction blended with simple trend extrapolation for stability
Pnv No.118/Iron Fumarate/Fa,Se-Natal 19,152,58,3470.42,0.0,6.4,STABLE,Low patient volume — prediction blended with simple trend extrapolation for stability
Magnesium Sulfate/D5w,Magnesium Sulfate-D5w,60,21,3360.86,0.0,76.6,HIGH_GROWTH,Low patient volume — prediction blended with simple trend extrapolation for stability
Ganciclovir Sodium,Ganciclovir Sodium,8,4,3351.76,0.0,-20.5,STABLE,Low patient volume — prediction blended with simple trend extrapolation for stability
Promethazine Hcl/Codeine,Promethazine-Codeine,483,308,3345.44,0.0,-14.2,STABLE,Low patient volume — prediction blended with simple trend extrapolation for stability
Mefenamic Acid,Mefenamic Acid,37,8,3335.95,0.0,-46.4,STABLE,Low patient volume — prediction blended with simple trend extrapolation for stability
Lodoxamide Tromethamine,Alomide,6,3,3038.71,0.0,-9.6,STABLE,Low patient volume — prediction blended with simple trend extrapolation for stability
Gauze Bandage,Sterile Pads,543,416,2988.83,0.0,5.8,STABLE,Low patient volume — prediction blended with simple trend extrapolation for stability
Dextrose 10 % And 0.45 % Nacl,Dextrose 10%-0.45% Nacl,30,5,2969.92,0.0,43.1,HIGH_GROWTH,Low patient volume — prediction blended with simple trend extrapolation for stability
Trimethobenzamide Hcl,Trimethobenzamide Hcl,5,2,2586.31,0.0,-57.2,STABLE,Low patient volume — prediction blended with simple trend extrapolation for stability
Vincristine Sulfate,Vincristine Sulfate,129,49,2103.33,0.0,61.1,HIGH_GROWTH,Low patient volume — prediction blended with simple trend extrapolation for stability
Phenytoin Sodium,Phenytoin Sodium,23,10,1959.01,0.0,-2.8,STABLE,Low patient volume — prediction blended with simple trend extrapolation for stability
"Heparin Sodium,porcine/Pf",Heparin Sodium,30,8,1833.4,0.0,-20.4,STABLE,Low patient volume — prediction blended with simple trend extrapolation for stability
Pnv 119/Iron Fum/Folic Acid,Se-Natal-19,92,29,1730.26,0.0,-14.7,STABLE,Low patient volume — prediction blended with simple trend extrapolation for stability
Estramustine Phosphate Sodium,Emcyt,8,2,1683.29,0.0,-68.9,STABLE,Low patient volume — prediction blended with simple trend extrapolation for stability
Pentamidine Isethionate,Pentam 300,10,3,1520.23,0.0,-43.8,STABLE,Low patient volume — prediction blended with simple trend extrapolation for stability
Progesterone,Progesterone,35,13,1471.52,0.0,-23.0,STABLE,Low patient volume — prediction blended with simple trend extrapolation for stability
Bupivacaine Hcl/Pf,Bupivacaine Hcl,45,26,1293.07,0.0,-23.5,STABLE,Low patient volume — prediction blended with simple trend extrapolation for stability
Dextrose 5 %-0.2 % Sod Chlorid,Dextrose 5%-0.2% Nacl,55,21,951.85,0.0,-5.8,STABLE,Low patient volume — prediction blended with simple trend extrapolation for stability
Dextrose 50 % In Water,Dextrose In Water,44,5,905.8,0.0,98.1,HIGH_GROWTH,Low patient volume — prediction blended with simple trend extrapolation for stability
Mv-Mins 71/Iron/Folic No.1/Dha,Virt-Pn Plus,29,7,825.62,0.0,14.2,HIGH_GROWTH,Low patient volume — prediction blended with simple trend extrapolation for stability
Chlorothiazide,Chlorothiazide,18,9,616.27,0.0,-52.1,STABLE,Low patient volume — prediction blended with simple trend extrapolation for stability
Tetracaine Hcl/Pf,Tetracaine Hcl,47,21,554.46,0.0,32.6,HIGH_GROWTH,Low patient volume — prediction blended with simple trend extrapolation for stability
B Complex W-C No.20/Folic Acid,Virt-Caps,15,6,431.81,0.0,-30.8,STABLE,Low patient volume — prediction blended with simple trend extrapolation for stability
Hydrocodone Bit/Homatrop Me-Br,Hydrocodone-Homatropine Mbr,15,13,254.54,0.0,0.6,STABLE,Low patient volume — prediction blended with simple trend extrapolation for stability
"Prenatal Vit,calc76/Iron/Folic",Pnv 29-1,7,3,201.41,0.0,-64.8,STABLE,Low patient volume — prediction blended with simple trend extrapolation for stability
Povidone-Iodine,Betadine,12,4,171.37,0.0,-19.4,STABLE,Low patient volume — prediction blended with simple trend extrapolation for stability
L-Norgest/E.Estradiol-E.Estrad,Ashlyna,28,12,166.21,0.0,-1.9,STABLE,Low patient volume — prediction blended with simple trend extrapolation for stability
Multivit 47/Iron/Folate 1/Dha,Virt-Pn Dha,6,3,159.71,0.0,-60.9,STABLE,Low patient volume — prediction blended with simple trend extrapolation for stability
Vinorelbine Tartrate,Vinorelbine Tartrate,8,3,130.91,0.0,-78.0,STABLE,Low patient volume — prediction blended with simple trend extrapolation for stability
Tropicamide,Tropicamide,6,6,77.13,0.0,-52.0,STABLE,Low patient volume — prediction blended with simple trend extrapolation for stability
Bupivacaine Hcl,Sensorcaine,6,3,22.55,0.0,-70.3,STABLE,Low patient volume — prediction blended with simple trend extrapolation for stability
