Gnrc_Name,Brnd_Name,Gnrc_Name_Code,Tot_Clms_2021,Tot_Clms_2022,Tot_Clms_2023,Tot_Drug_Cst_2021,Tot_Drug_Cst_2022,Tot_Drug_Cst_2023,Tot_Benes_2021,Tot_Benes_2022,Tot_Benes_2023,clms_growth_5yr,cst_growth_5yr,clms_growth_21_22,cst_growth_21_22,clms_growth_22_23,cst_growth_22_23,avg_clms_growth,avg_cst_growth,claims_per_bene_2022,cost_per_claim_2022,cost_per_bene_2022,claims_per_bene_2023,cost_per_claim_2023,cost_per_bene_2023,TARGET_Tot_Clms_2024,TARGET_Tot_Drug_Cst_2024,TARGET_Tot_Benes_2024
0.9 % Sodium Chloride,Sodium Chloride,0,168682.0,179716.0,216889.0,3733735.819999999,4294902.8100000005,5379948.229999998,56009.0,60584.0,76392.0,0.3158664288401102,0.4610324529172048,0.06541302569331642,0.15029638331509,0.20684301898551047,0.25263561668348833,0.13612802233941346,0.20146599999928916,2.9663937673313088,23.89827733757707,70.89170094414368,2.839158550633574,24.805076467686224,70.425544952351,252375.0,6018859.75,89997.0
Abacavir Sulfate,Abacavir,1,20971.0,15474.0,12137.0,4554113.74,4035120.8000000007,2974796.2600000007,5302.0,4227.0,3378.0,-0.6311839066488392,-0.6061249480059252,-0.26212388536550474,-0.11396134783405727,-0.21565206152255395,-0.2627739273629676,-0.23888797344402934,-0.18836763759851244,3.660752306600426,260.7677911335143,954.6062928791107,3.5929544108940203,245.10144681552285,880.6383244523389,9903.0,1729580.12,2923.0
Abacavir Sulfate/Lamivudine,Abacavir-Lamivudine,2,22869.0,18002.0,13595.0,7059207.319999997,8087570.89,6106719.760000001,5639.0,4566.0,3548.0,-0.6702323776257701,-0.6304645648702986,-0.21282084918448554,0.14567691858071163,-0.24480613265192758,-0.2449253498908124,-0.22881349091820657,-0.04962421565505039,3.9426193604905824,449.25957615820465,1771.259502847131,3.83173618940248,449.1886546524458,1721.1724239007895,11201.0,3335926.7100000004,3080.0
Abacavir/Dolutegravir/Lamivudi,Triumeq,3,181472.0,162639.0,140123.0,623668034.2099999,591762680.4499998,547239027.64,28715.0,26604.0,23989.0,-0.36186481587743985,-0.19311324215983464,-0.1037790953976371,-0.05115759027222649,-0.1384415792030202,-0.07523903463486793,-0.12111033730032865,-0.0631983124535472,6.113328822733424,3638.504174582971,22243.37244211396,5.841135520446872,3905.4190078716556,22812.08168910751,122674.0,480628631.42,21478.0
Abaloparatide,Tymlos,4,43928.0,45531.0,52880.0,101064486.85,116068677.02,148194979.57999998,9989.0,10202.0,11632.0,0.38832733860169605,0.9327948532176981,0.03649153159715899,0.14846154804376768,0.1614065142430432,0.2767870142472999,0.09894902292010109,0.21262428114553378,4.462948441482062,2549.223101183809,11377.05126641835,4.546079779917469,2802.476920953101,12740.28366403026,70786.0,202816426.52,15403.0
Abatacept,Orencia Clickject,5,59093.0,72099.0,83520.0,316125653.95,401416553.25,493403084.77,13819.0,16377.0,18147.0,0.7736626388328485,1.200151355804114,0.22009375052882743,0.2698006259039326,0.1584071901135938,0.2291548038446518,0.18925047032121062,0.2494777148742922,4.402454662026012,5567.574491324429,24510.994275508336,4.602413622086296,5907.603984315134,27189.237051303244,103691.0,616325435.7900001,21297.0
Abatacept/Maltose,Orencia,6,6996.0,8784.0,9741.0,28392083.18,37848016.5,44347836.15,1481.0,1804.0,2034.0,0.6645591250854409,1.0696297579081682,0.2555746140651801,0.33304823954097756,0.10894808743169399,0.17173474995710802,0.18226135074843705,0.25239149474904277,4.869179600886918,4308.745047814207,20980.05349223947,4.789085545722714,4552.69850631352,21803.26261061947,11390.0,52447417.81,2325.0
Abemaciclib,Verzenio,7,14579.0,21593.0,35027.0,191537731.79,300821722.81000006,523800711.13000005,3941.0,5634.0,8566.0,2.5607400630273456,3.57586374422937,0.48110295630701694,0.5705611630601218,0.6221460658546751,0.7412330008522496,0.551624511080846,0.6558970819561858,3.8326233581824636,13931.446432177097,53393.98700922969,4.089073079617091,14954.198507722616,61148.81054517862,53775.0,787406593.2900003,12311.0
"Abiraterone Acet,submicronized",Yonsa,8,989.0,1035.0,797.0,9517415.310000002,10053869.429999998,8370084.300000001,234.0,249.0,168.0,0.30655737704918035,0.42247051180774,0.046511627906976744,0.05636552598858852,-0.22995169082125605,-0.16747632756953335,-0.09172003145713965,-0.055555400790472415,4.156626506024097,9713.883507246375,40376.98566265059,4.744047619047619,10501.987829360101,49821.93035714286,1003.0,10030622.06,278.0
Abiraterone Acetate,Abiraterone Acetate,9,182668.0,207931.0,290428.0,583878354.42,639773627.79,807734631.7499999,35860.0,40514.0,52857.0,1.183406507487821,-0.178192490356386,0.1383000854008365,0.09573102504463281,0.3967518070898519,0.2625319279573863,0.2675259462453442,0.17913147650100955,5.132324628523473,3076.8554366111834,15791.42093572592,5.494598634050362,2781.187184947732,15281.50730745218,361319.0,642196328.8700001,63895.0
Abobotulinumtoxina,Dysport,10,581.0,719.0,749.0,905921.84,1187184.5,1281372.5499999998,179.0,245.0,261.0,0.7582159624413145,1.1368064881331656,0.23752151462994836,0.31047122122588416,0.04172461752433936,0.07933733130781258,0.13962306607714386,0.19490427626684836,2.9346938775510205,1651.1606397774688,4845.651020408163,2.8697318007662833,1710.7777703604804,4909.473371647508,1106.0,1850962.63,400.0
Acalabrutinib,Calquence,11,42171.0,54918.0,395.0,574940567.21,762633714.5999997,5596790.32,9685.0,12337.0,134.0,-0.9043351901186728,-0.9015165206140281,0.30226933200540657,0.32645660802961524,-0.9928074583925125,-0.9926612340723284,-0.345269063193553,-0.3331023130213566,4.451487395639134,13886.77145198295,61816.78808462346,2.9477611940298507,14169.08941772152,41767.09194029851,25.0,345315.45,10.0
Acamprosate Calcium,Acamprosate Calcium,12,13764.0,13906.0,14313.0,2026478.26,1976731.3000000005,2009262.84,5008.0,5016.0,5143.0,0.2522309711286089,0.18974838692199936,0.01031676838128451,-0.024548479488745906,0.02926794189558464,0.01645723928183844,0.019792355138434574,-0.004045620103453733,2.7723285486443383,142.14952538472605,394.08518740031906,2.783006027610344,140.38027247956404,390.67914446820924,12512.0,1388363.22,4380.0
Acarbose,Acarbose,13,108348.0,102309.0,98300.0,6020690.099999998,5567253.029999999,5348162.139999999,28491.0,27085.0,26619.0,-0.18107218727871038,-0.051882813942664016,-0.05573706944290619,-0.07531313893734518,-0.03918521342208408,-0.039353499619901526,-0.047461141432495135,-0.057333319278623354,3.7773306258076427,54.416063396182146,205.54746280228906,3.6928509711108606,54.40653245167852,200.9152161989556,102012.0,3556527.5199999986,27834.0
Acebutolol Hcl,Acebutolol Hcl,14,32523.0,29414.0,27138.0,1576729.95,1561601.88,1686947.61,9460.0,8692.0,7958.0,-0.3270847281112847,0.11941101597820039,-0.09559388740276112,-0.009594585299784573,-0.07737811926293602,0.08026740464733574,-0.08648600333284856,0.03533640967377558,3.3840312931431202,53.0904290473924,179.65967326277035,3.410153304850465,62.16182511607341,211.98135335511435,27498.0,1398040.59,8116.0
Acetaminophen With Codeine,Acetaminophen-Codeine,15,2082461.0,1957144.0,1900609.0,33856716.60999999,32033384.71999999,25651625.020000007,918082.0,874451.0,870879.0,-0.2176834963117364,-0.11848948875119636,-0.060177357463116955,-0.05385436251846871,-0.028886479482347748,-0.19922214763697896,-0.04453191847273235,-0.12653825507772384,2.238140273154242,16.367413292021432,36.63256685623322,2.1824030663272396,13.49652928087787,29.454866887363234,1717843.0,26696161.27,756728.0
Acetazolamide,Acetazolamide,16,142746.0,137050.0,140110.0,10934300.58,10316804.57,9345948.9,53787.0,51911.0,53273.0,-0.0904605797007368,-0.39042714563581404,-0.039903044568674426,-0.056473297535780724,0.02232761765778913,-0.09410429977738737,-0.008787713455442648,-0.07528879865658404,2.6400955481497177,75.27766924480117,198.7402394482865,2.6300377301822686,66.70436728284919,175.43500272182908,152567.0,6934383.27,57446.0
Acetic Acid,Acetic Acid,17,19366.0,21389.0,28758.0,360072.4799999999,396832.1800000001,550202.3700000001,8812.0,9623.0,11915.0,0.07966661660910046,0.1435003642371737,0.10446142724362284,0.10208972371340402,0.3445228855953995,0.3864862723582547,0.22449215641951117,0.24428799803582937,2.2226956250649486,18.55309645144701,41.237886314039294,2.413596307175829,19.132150010431882,46.177286613512386,36704.0,664180.1399999998,14362.0
Acetohydroxamic Acid,Lithostat,18,131.0,220.0,584.0,215417.51,210457.14,223713.61,40.0,72.0,178.0,2.6729559748427674,0.12139216402588267,0.6793893129770993,-0.02302677252188086,1.6545454545454545,0.06298892971747108,1.1669673837612768,0.01998107859779511,3.0555555555555554,956.6233636363637,2923.0158333333334,3.2808988764044944,383.07124999999996,1256.8180337078652,659.0,243464.76,195.0
Acetylcysteine,Acetylcysteine,19,9920.0,9603.0,9950.0,865836.16,961867.3799999997,922453.9000000004,2259.0,2178.0,2407.0,-0.41287543518026787,-0.15691521457209887,-0.03195564516129032,0.11091153781334291,0.036134541289180463,-0.04097600232580847,0.002089448063945072,0.034967767743767225,4.409090909090909,100.16321774445483,441.628732782369,4.13377648525135,92.70893467336687,383.23801412546754,11549.0,974565.27,2854.0
Acitretin,Acitretin,20,22235.0,20314.0,21843.0,10438704.9,9338157.57,9615458.41,6344.0,5861.0,6174.0,-0.16775889659376667,-0.24934363070272983,-0.08639532268945356,-0.10542948962950376,0.07526828788027962,0.02969545522457915,-0.005563517404586972,-0.0378670172024623,3.465961440027299,459.6907339765679,1593.2703583006314,3.5379008746355685,440.20777411527723,1557.411469063816,24355.0,6557561.149999997,6848.0
Aclidinium Bromide,Tudorza Pressair,21,7162.0,3861.0,2793.0,4647478.690000002,2736992.9299999992,1945376.11,2452.0,1344.0,1035.0,-0.8958690627097159,-0.8490319376950959,-0.46090477520245743,-0.41108004736219717,-0.2766122766122766,-0.28922866819389237,-0.368758525907367,-0.35015435777804477,2.872767857142857,708.8818777518776,2036.453072916666,2.698550724637681,696.518478338704,1879.5904444444445,1401.0,663767.8400000003,545.0
Acyclovir,Acyclovir,22,1124503.0,1153275.0,1183877.0,30016364.8,29642221.160000008,28237055.100000005,352966.0,361321.0,371383.0,0.04744146458855339,-0.088516252293407,0.02558641462050346,-0.012464655280308731,0.02653486809303939,-0.047404209435430916,0.026060641356771424,-0.029934432357869824,3.191829425912139,25.702647816002262,82.03846762297239,3.1877522665280855,23.85134190460665,76.03216921614614,1277281.0,21677046.680000007,398141.0
Adalimumab,Humira,23,492100.0,532330.0,545396.0,3695576974.6500006,4329903625.97,4884226408.42,102565.0,107906.0,108243.0,0.284493641073952,0.7969050692422529,0.0817516764885186,0.1716448218156991,0.024544925140420417,0.12802196776973723,0.05314830081446951,0.14983339479271818,4.9332752580950086,8133.8711437829925,40126.625266157585,5.038626054340696,8955.376292492061,45122.792313775484,541153.0,4628444081.160001,106512.0
Adapalene,Adapalene,24,1765.0,1522.0,1512.0,758158.92,2811238.0200000005,1056688.6300000004,705.0,605.0,609.0,-0.3457377758546084,1.5807768522316559,-0.1376770538243626,2.7079798784138824,-0.006570302233902759,-0.6241198281744923,-0.07212367802913268,1.041930025119695,2.515702479338843,1847.0683442838374,4646.6744132231415,2.4827586206896552,698.8681415343917,1735.1209031198691,1738.0,1433819.6700000002,736.0
Adapalene/Benzoyl Peroxide,Epiduo Forte,25,133.0,147.0,179.0,40756.4,26479.06,25156.65,60.0,76.0,84.0,0.3769230769230769,-0.4363674737139973,0.10526315789473684,-0.3503091538997556,0.21768707482993196,-0.049941727538666394,0.16147511636233441,-0.20012544071921098,1.9342105263157894,180.1296598639456,348.40868421052636,2.130952380952381,140.5399441340782,299.4839285714286,148.0,7631.6,72.0
Adefovir Dipivoxil,Adefovir Dipivoxil,26,2177.0,1580.0,1140.0,1805427.92,1285336.85,901120.1,805.0,550.0,405.0,-0.583789704271632,-0.6076653300649579,-0.27423059255856685,-0.2880708026272242,-0.27848101265822783,-0.29892300216865336,-0.2763558026083973,-0.2934969023979388,2.8727272727272726,813.504335443038,2336.976090909091,2.814814814814815,790.4562280701754,2224.9879012345677,1142.0,733323.19,385.0
Ado-Trastuzumab Emtansine,Kadcyla,27,366.0,283.0,131.0,3090950.18,2565325.7800000003,1559383.24,105.0,85.0,45.0,-0.2640449438202247,0.4310724537727151,-0.226775956284153,-0.17005269234070924,-0.5371024734982333,-0.3921305230870132,-0.38193921489119315,-0.2810916077138612,3.3294117647058825,9064.755406360426,30180.30329411765,2.911111111111111,11903.688854961832,34652.96088888889,211.0,2104273.25,70.0
Afatinib Dimaleate,Gilotrif,28,1580.0,1533.0,1805.0,16292448.699999996,16508410.17,20750866.55,565.0,550.0,655.0,-0.3693221523410203,-0.19231939898069378,-0.029746835443037974,0.013255310725637237,0.17742987606001304,0.25698758004629835,0.07384152030848753,0.1351214453859678,2.787272727272727,10768.695479452055,30015.291218181817,2.7557251908396947,11496.324958448753,31680.71229007634,2499.0,28511217.320000004,865.0
Aflibercept,Eylea,29,11072.0,25462.0,27629.0,28482702.36,65392603.95,71104321.53,2784.0,6109.0,6886.0,2.5951854261548473,2.713496120866507,1.2996748554913296,1.29587077530378,0.08510721860026707,0.08734500899164756,0.6923910370457983,0.6916078921477138,4.167948927811426,2568.2430268635617,10704.305770175151,4.012343886145803,2573.5394523869845,10325.925287539936,31095.0,78055251.64999998,8063.0
Agalsidase Beta,Fabrazyme,30,1614.0,1720.0,1646.0,30160248.220000003,35137214.05,34413429.27,315.0,320.0,305.0,0.048407643312101914,0.34671799339006554,0.06567534076827757,0.1650174028309106,-0.04302325581395349,-0.02059880954050749,0.011326042477162037,0.07220929664520155,5.375,20428.61281976744,109803.79390625,5.39672131147541,20907.308183475092,112830.91563934427,1926.0,39054726.47,340.0
Albendazole,Albendazole,31,862.0,557.0,597.0,1565291.98,3363728.93,3297754.9800000004,318.0,232.0,263.0,1.2528301886792452,1.2201989711339831,-0.3538283062645012,1.1489466329470366,0.0718132854578097,-0.019613337273286083,-0.14100751040334575,0.5646666478368753,2.4008620689655173,6039.01064631957,14498.831594827587,2.2699619771863118,5523.877688442211,12538.992319391637,857.0,1623429.43,338.0
Albumin Human,Flexbumin,32,76.0,11.0,37.0,17533.05,21332.52,51027.42999999999,20.0,5.0,10.0,-0.27450980392156865,1.0341623337717052,-0.8552631578947368,0.2167033117455321,2.3636363636363638,1.392001976325347,0.7541866028708135,0.8043526440354396,2.2,1939.32,4266.504,3.7,1379.1197297297294,5102.7429999999995,111.0,74053.91,30.0
Albuterol Sulfate,Proair Hfa,33,14423446.0,15965991.0,17712090.0,789784862.7599998,807149940.9899999,698450606.3000001,5603602.0,6397646.0,7055257.0,0.46421277800226574,-0.17901861996456836,0.10694704996295615,0.02198709933400819,0.10936364676642997,-0.1346705601646653,0.10815534836469307,-0.056341730415328556,2.495604008099229,50.55432769503627,126.16358282249438,2.5104811915427034,39.433551111133696,98.99718838023902,19330031.0,636826136.89,7644521.0
Alclometasone Dipropionate,Alclometasone Dipropionate,34,32838.0,32312.0,29090.0,1738795.5499999998,1675208.4400000006,1334046.03,22401.0,22003.0,19856.0,-0.1911805594172274,-0.3693039068695791,-0.016018027894512454,-0.03656963005225035,-0.09971527605843031,-0.20365370771412808,-0.05786665197647138,-0.12011166888318922,1.4685270190428579,51.84477717256749,76.13545607417173,1.4650483481063659,45.85926538329323,67.18604099516519,23811.0,919010.8199999996,16588.0
Alcohol Antiseptic Pads,Alcohol Pads,35,984562.0,888697.0,943960.0,19761009.39,16299508.38,14753201.66,312818.0,288490.0,298996.0,-0.15451075088717436,-0.7066484168751265,-0.09736816980545664,-0.17516822859016917,0.0621842990355543,-0.09486830424268297,-0.017591935384951168,-0.13501826641642606,3.080512322784152,18.340906270641174,56.499387777739265,3.1570990916266437,15.629053837026992,49.34247167186183,1003535.0,18279680.64,318224.0
Alectinib Hcl,Alecensa,36,4547.0,5267.0,6437.0,68333564.78999999,83061130.27999999,108012315.30000004,1570.0,1735.0,2030.0,1.5056442195406774,2.0200599498268397,0.15834616230481635,0.21552461861546615,0.2221378393772546,0.3003954429212477,0.19024200084103549,0.25796003076835694,3.035734870317003,15770.102578317825,47873.8503054755,3.170935960591133,16779.915379835333,53208.03709359608,8686.0,146304346.58999997,2605.0
Alendronate Sodium,Alendronate Sodium,37,6965446.0,7242537.0,7647426.0,73827565.5,81577974.88,92642190.65000002,1966494.0,2091768.0,2240813.0,0.10287536342240067,0.3598827669441758,0.03978079795608207,0.10497988559571282,0.0559043053559823,0.13562748752068587,0.047842551656032184,0.12030368655819934,3.4623997498766594,11.26372911591615,38.99953287362652,3.412790804051922,12.114166341720733,41.343115489779834,8243198.0,71644651.06,2419962.0
Alendronate Sodium/Vitamin D3,Fosamax Plus D,38,551.0,486.0,327.0,96997.38,93012.94,65562.08000000002,210.0,190.0,120.0,-0.5198237885462555,-0.4455598669791818,-0.11796733212341198,-0.041077810555295434,-0.3271604938271605,-0.29512947338295065,-0.22256391297528624,-0.16810364196912303,2.557894736842105,191.38465020576132,489.5417894736842,2.725,200.49565749235478,546.3506666666668,438.0,89704.82999999999,145.0
Alfuzosin Hcl,Alfuzosin Hcl Er,39,615079.0,666194.0,728835.0,18795359.95,19499093.02,20939794.17,192694.0,212080.0,234271.0,0.3487203686226614,0.4000068634439965,0.08310314609993188,0.03744185117348606,0.09402816596967249,0.07388554680580739,0.08856565603480218,0.05566369898964672,3.1412391550358354,29.269391528593772,91.94215871369295,3.111076488340426,28.730500277840665,89.38278391264818,839076.0,18380738.06,272049.0
Alglucosidase Alfa,Lumizyme,40,859.0,566.0,272.0,41172290.85,23710211.76,16475820.22,195.0,130.0,70.0,-0.6299319727891156,-0.4882376894370356,-0.3410942956926659,-0.42412211537167843,-0.519434628975265,-0.305117120556666,-0.4302644623339655,-0.3646196179641722,4.3538461538461535,41890.833498233216,182386.2443076923,3.8857142857142857,60572.86845588236,235368.8602857143,169.0,9757740.77,45.0
Alirocumab,Praluent Pen,41,341869.0,374721.0,448170.0,219506382.87,276899823.66,362488837.42,70455.0,81127.0,99034.0,1.2777842719699934,0.8495596452593362,0.09609528796117811,0.26146593114784544,0.19600983131449798,0.30909739352197313,0.14605255963783803,0.28528166233490926,4.618943138535876,738.9493080451857,3413.1648361211437,4.525415513863925,808.8199509561105,3660.2463539794417,326519.0,241429342.34000003,78389.0
Aliskiren Hemifumarate,Tekturna,42,11508.0,8869.0,7546.0,2998233.26,2365969.7700000005,1971707.93,4029.0,3135.0,2546.0,-0.259106529209622,-0.30942421450174806,-0.22931873479318735,-0.21087868593653028,-0.14917127071823205,-0.1666385788183593,-0.1892450027557097,-0.18875863237744478,2.8290271132376397,266.76849362949605,754.6953014354068,2.9638648860958368,261.2918009541479,774.4335938727415,7307.0,1561874.1800000002,2440.0
Allopurinol,Allopurinol,43,8354291.0,8413585.0,8613058.0,125921520.20000002,126654061.18999995,127133335.24999996,2233645.0,2290612.0,2349769.0,0.027283600403802153,-0.07614141010026268,0.007097430530011464,0.00581744080627717,0.023708442952677128,0.0037841191628353705,0.015402936741344296,0.0048007799845562705,3.6730729604140726,15.053518944659137,55.292673394708466,3.6654913738329173,14.760533976434381,54.10460996378791,9025695.0,89801271.57,2457627.0
Almotriptan Malate,Almotriptan Malate,44,1297.0,1422.0,1111.0,359698.53,441453.6000000001,326214.02999999985,455.0,485.0,394.0,-0.2950507614213198,-0.33529589206484645,0.09637625289128758,0.2272877512176657,-0.21870604781997188,-0.2610457135245929,-0.06116489746434215,-0.01687898115346359,2.9319587628865977,310.44556962025325,910.2136082474228,2.8197969543147208,293.6219891989198,827.9543908629438,1405.0,299599.0099999999,510.0
Alogliptin Benz/Metformin Hcl,Alogliptin-Metformin,45,1603.0,1540.0,1231.0,295996.69999999995,277032.8,242504.31,492.0,446.0,361.0,-0.7096013210662893,-0.6464962725407281,-0.039301310043668124,-0.06406794400072693,-0.20064935064935066,-0.1246368300071327,-0.1199753303465094,-0.09435238700392981,3.4529147982062782,179.89142857142858,621.1497757847534,3.409972299168975,196.99781478472786,671.7570914127424,2479.0,448790.5799999999,702.0
Alogliptin Benz/Pioglitazone,Oseni,46,749.0,530.0,386.0,190269.38,135538.2,95581.84,255.0,190.0,135.0,-0.8146013448607109,-0.8156406404919735,-0.2923898531375167,-0.2876510135261911,-0.27169811320754716,-0.2947977765677869,-0.28204398317253193,-0.291224395046989,2.789473684210526,255.7324528301887,713.3589473684211,2.859259259259259,247.62134715025906,708.0136296296296,311.0,56801.38,105.0
Alogliptin Benzoate,Alogliptin,47,49445.0,48237.0,38580.0,9340305.71,8348477.539999999,7254828.720000002,10955.0,10320.0,9096.0,0.6518239424559,0.6029478498156414,-0.024431186166447568,-0.1061879772241418,-0.20019901735182535,-0.13099979184947266,-0.11231510175913646,-0.11859388453680723,4.674127906976744,173.07207206086613,808.9610019379844,4.241424802110818,188.04636391912913,797.5845118733511,43028.0,6782349.149999999,10632.0
Alosetron Hcl,Alosetron Hcl,48,6019.0,5453.0,5405.0,7206831.829999999,6851577.84,6339040.989999999,1883.0,1637.0,1677.0,-0.10290456431535269,-0.21180247498863328,-0.09403555407875062,-0.04929405852391027,-0.008802494039977994,-0.07480566695276727,-0.05141902405936431,-0.062049862738338776,3.3310934636530236,1256.478606271777,4185.447672571778,3.2230172927847347,1172.8105439407955,3779.9886642814545,6524.0,4933084.83,1945.0
Alpelisib,Piqray,49,1378.0,1466.0,1801.0,24787992.03,28889605.58,37980663.940000005,515.0,525.0,660.0,17.760416666666668,23.6857440065111,0.06386066763425254,0.16546776136751876,0.22851296043656208,0.3146826748750651,0.14618681403540731,0.24007521812129196,2.7923809523809524,19706.415811732604,55027.82015238095,2.728787878787879,21088.652937257084,57546.46051515152,1417.0,31391809.62,535.0
Alpha-1-Proteinase Inhibitor,Prolastin C,50,29090.0,27904.0,27054.0,296786024.29,306502597.36999995,304758822.81000006,8198.0,8031.0,7807.0,-0.05126946275775004,0.0710978186897569,-0.040770024063251975,0.03273932154738365,-0.03046158256880734,-0.005689265196975983,-0.035615803316029655,0.013525028175203832,3.4745361723322126,10984.181385106076,38164.935546009205,3.4653516075317023,11264.834139498782,39036.611093890104,25655.0,282494849.78,7531.0
Alprazolam,Alprazolam,51,11372148.0,11135328.0,10981542.0,122752359.9,107138003.79,81748730.22000001,2506990.0,2507359.0,2493422.0,-0.09025823262823611,-0.17000124881673498,-0.020824561903344908,-0.12720208493523227,-0.013810639435138328,-0.23697728790770847,-0.017317600669241616,-0.1820896864214704,4.441058500198815,9.621450197964533,42.72942318590996,4.40420514457641,7.444194104980887,32.7857579743822,10996238.0,64885979.93,2516574.0
Amantadine Hcl,Amantadine,52,378137.0,376228.0,398473.0,84557850.03000002,91910267.53000002,99320459.29,95687.0,95861.0,101039.0,-0.012744755547957594,0.5467492303571746,-0.005048434826531125,0.08695132973924312,0.0591263808116355,0.0806241996584469,0.027038972992552188,0.08378776469884501,3.9247243404512786,244.29406511477086,958.7868635837308,3.9437543918684863,249.2526702938468,982.9913131563061,418639.0,99091310.77,106502.0
Ambrisentan,Letairis,53,60327.0,59023.0,58345.0,332220429.60999995,305035099.06000006,289418020.98999995,11126.0,10462.0,10148.0,0.15756998591353688,-0.32706512159404016,-0.021615528701907936,-0.08182919569971445,-0.01148704742219135,-0.05119764288806729,-0.016551288062049644,-0.06651341929389087,5.641655515197859,5168.071752706573,29156.480506595304,5.749408750492708,4960.459696460707,28519.710385297592,57847.0,221256909.31,9893.0
Amifampridine Phosphate,Firdapse,54,1769.0,2290.0,2490.0,69083702.2,95403981.0,111214562.41,550.0,685.0,735.0,1.2844036697247707,1.8028286774445583,0.29451667608818544,0.3809911449708032,0.08733624454148471,0.16572244935984376,0.19092646031483507,0.27335679716532346,3.343065693430657,41661.12707423581,139275.88467153284,3.3877551020408165,44664.482895582325,151312.3298095238,2916.0,135057255.92,845.0
Amikacin Liposomal/Neb.Accessr,Arikayce,55,4731.0,5474.0,6742.0,60186085.02,75722755.1,100420142.16,1384.0,1579.0,1909.0,0.7667714884696016,1.4028072020448579,0.15704924963009934,0.25814388948603506,0.23164048227986847,0.3261554208821967,0.1943448659549839,0.29214965518411584,3.46675110829639,13833.166806722687,47956.14635845472,3.531691985332635,14894.711088697715,52603.531775798845,7513.0,113390033.96999995,2093.0
Amikacin Sulfate,Amikacin Sulfate,56,5963.0,6201.0,6811.0,552349.7600000001,526376.3800000001,613994.85,1568.0,1581.0,1665.0,0.09554447482708701,-0.027504355676634604,0.039912795572698306,-0.047023429502350104,0.09837123044670215,0.16645593026039626,0.06914201300970023,0.059716250379023075,3.9222011385199242,84.8857248830834,332.9388867805187,4.090690690690691,90.14753340184994,368.76567567567565,7121.0,498687.32,1803.0
Amiloride Hcl,Amiloride Hcl,57,36317.0,37014.0,38854.0,634270.92,621954.8200000001,654511.33,10998.0,11133.0,11783.0,0.03918264730268261,-0.049000501572718,0.01919211388605887,-0.01941772768015279,0.04971092019235965,0.052345458147586815,0.03445151703920926,0.016463865233717012,3.3247103206682835,16.803231750148594,55.865878020300016,3.2974624458966306,16.845404076800328,55.54708732920309,41322.0,604202.0100000001,12362.0
Amiloride/Hydrochlorothiazide,Amiloride-Hydrochlorothiazide,58,8974.0,7677.0,6604.0,227020.91999999995,191688.55,175802.83999999997,2941.0,2487.0,2176.0,-0.5429757785467128,-0.463195664889521,-0.1445286382883887,-0.15563486395879275,-0.13976813859580564,-0.08287250333940145,-0.14214838844209715,-0.11925368364909711,3.086851628468034,24.969200208414744,77.07621632488942,3.0349264705882355,26.620660205935792,80.7917463235294,5991.0,162359.17000000007,1928.0
Aminocaproic Acid,Amicar,59,317.0,356.0,323.0,428276.48,539763.5499999999,324703.82,110.0,120.0,105.0,-0.2364066193853428,-0.7073474941471088,0.12302839116719243,0.26031564936743656,-0.09269662921348315,-0.3984332213614646,0.015165880976854638,-0.06905878599701401,2.966666666666667,1516.189747191011,4498.029583333333,3.0761904761904764,1005.2749845201239,3092.4173333333333,338.0,328260.7400000001,103.0
Aminolevulinic Acid Hcl,Levulan,60,75.0,88.0,154.0,31336.29,45398.25,78265.63,64.0,62.0,121.0,2.5813953488372094,3.6494332388582924,0.17333333333333334,0.44874361323564466,0.75,0.7239790080014098,0.46166666666666667,0.5863613106185273,1.4193548387096775,515.8892045454545,732.2298387096774,1.2727272727272727,508.2183766233766,646.8233884297521,57.0,27688.33,40.0
Amiodarone Hcl,Amiodarone Hcl,61,2007444.0,2135707.0,2273370.0,65282902.53,65362626.42999999,67807272.24,654764.0,706249.0,764899.0,0.05549475983161261,0.10678272821866006,0.06389368769440144,0.001221206424811686,0.06445781186276957,0.03740127873561036,0.0641757497785855,0.019311242580211024,3.024014193294433,30.604678652081017,92.54898262510812,2.9721178874596514,29.8267647765212,88.64866111735013,2498996.0,60534071.56999999,848623.0
Amitriptyline Hcl,Amitriptyline Hcl,62,2982362.0,2901836.0,2899088.0,66448667.25999999,63077192.90000002,57639136.93000001,731388.0,720107.0,725152.0,-0.03194872923335939,-0.20728762791340924,-0.02700074638826541,-0.05073802830097529,-0.0009469866663725999,-0.0862127136605664,-0.013973866527319004,-0.06847537098077085,4.0297289152862,21.736994406300017,87.59419489048159,3.99790388773664,19.88181694726066,79.4855932687216,2940108.0,42354190.370000005,733656.0
Amitriptyline/Chlordiazepoxide,Chlordiazepoxide-Amitriptyline,63,1185.0,1249.0,1020.0,80776.68999999999,84778.93999999999,67162.26,460.0,490.0,400.0,-0.6012509773260359,-0.6155817624525195,0.0540084388185654,0.049547090874855114,-0.1833466773418735,-0.20779547373439672,-0.06466911926165404,-0.0791241914297708,2.548979591836735,67.87745396317052,173.01824489795916,2.55,65.84535294117647,167.90564999999998,1087.0,69068.06000000001,435.0
Amlodipine Bes/Olmesartan Med,Amlodipine-Olmesartan,64,90001.0,103476.0,134638.0,8617691.14,8328361.739999998,10347443.240000002,26005.0,30084.0,39459.0,0.06556183421181759,-0.2510626910534808,0.14972055866045933,-0.0335738883303727,0.3011519579419382,0.2424344142381121,0.2254362583011988,0.1044302629538697,3.439569206222577,80.48592659167342,276.83691463901073,3.412098634025191,76.85380977138699,262.23277934058143,176867.0,8503810.51,51972.0
Amlodipine Besylate,Amlodipine Besylate,65,43349540.0,44852631.0,46601898.0,308132480.64,340239063.66,402755302.21,12849846.0,13584532.0,14243749.0,0.12396156873657949,0.3019527495742191,0.03467374740308663,0.10419733406005673,0.039000320850743404,0.183742095565112,0.03683703412691502,0.14396971481258436,3.3017428204372443,7.585710271042964,25.046064425333167,3.2717438365419103,8.642465639704202,28.27593368922746,49246040.0,312717900.54999995,15037429.0
Amlodipine Besylate/Benazepril,Amlodipine Besylate-Benazepril,66,1239072.0,1207752.0,1186649.0,32139435.19,28200822.95,30075302.81000001,329823.0,325985.0,324848.0,-0.14277675118146868,-0.2991579402069017,-0.025276981482916246,-0.12254764953758361,-0.017472958024495094,0.06646897728209775,-0.021374969753705668,-0.028039336127742932,3.704931208491188,23.34984578787698,86.50957237296194,3.6529361424420035,25.344733623843286,92.58269347510223,1207426.0,21884438.790000003,330872.0
Amlodipine Besylate/Valsartan,Amlodipine-Valsartan,67,134276.0,151819.0,178232.0,8671547.740000002,10290923.810000002,13462385.15,39420.0,44516.0,52604.0,0.4856504597020897,0.724869370027834,0.13064881289284758,0.18674590956008505,0.1739769067112812,0.3081804314709038,0.15231285980206438,0.24746317051549443,3.4104366969179623,67.78416278594908,231.1735962350616,3.3881834081058475,75.53292983302661,255.91941962588396,221612.0,11139255.48,65132.0
Amlodipine/Atorvastatin,Amlodipine-Atorvastatin,68,22292.0,23271.0,25047.0,4609228.160000001,4783320.459999999,5282133.129999999,6983.0,7163.0,7585.0,0.0404602666888215,-0.04636495887645544,0.043917100305042166,0.03777038019311196,0.0763181642387521,0.10428167507723286,0.060117632271897134,0.0710260276351724,3.2487784447857044,205.54855657255808,667.7817199497416,3.302175346077785,210.88885415419008,696.3919749505602,26302.0,3883993.840000001,8134.0
Amlodipine/Valsartan/Hcthiazid,Amlodipine-Valsartan-Hctz,69,1001.0,629.0,2425.0,256069.78999999992,212215.22,823990.8199999998,401.0,235.0,874.0,-0.8633417864187095,-0.668479940660467,-0.37162837162837165,-0.1712602255814711,2.8553259141494434,2.88280736885884,1.241848771260536,1.3557735716386845,2.676595744680851,337.38508744038154,903.0434893617021,2.774599542334096,339.7900288659793,942.7812585812355,5477.0,1860649.5300000005,1767.0
Ammonium Lactate,Ammonium Lactate,70,872393.0,926696.0,926206.0,22152260.41,23970597.27,23545266.32,357678.0,391626.0,401062.0,0.08904041134466577,0.08716920047341052,0.06224602902590919,0.08208358092337897,-0.0005287602406830287,-0.01774386116495792,0.030858634392613084,0.032169859879210526,2.3662780305699824,25.86673220775745,61.20788014585344,2.309383586577636,25.42119822156194,58.70729792401175,1043565.0,22121385.579999994,453334.0
Amoxapine,Amoxapine,71,754.0,848.0,682.0,51800.46000000001,54919.39000000001,50710.61,261.0,275.0,235.0,-0.5507246376811594,-0.40771454497058035,0.1246684350132626,0.06021046917343977,-0.1957547169811321,-0.07663559263859278,-0.03554314098393475,-0.008212561732576503,3.0836363636363635,64.7634316037736,199.70687272727275,2.902127659574468,74.35573313782992,215.78982978723405,776.0,54886.77000000002,251.0
Amoxicillin,Amoxicillin,72,6336794.0,6931356.0,7566479.0,23657785.87,28237789.800000004,28087912.9,4820667.0,5305824.0,5828754.0,0.1910099395655025,0.05633899110070895,0.0938269415101706,0.19359393796051816,0.09163041113456011,-0.005307671069922262,0.09272867632236535,0.09414313344529796,1.3063674935316363,4.073919994875462,5.322036652553874,1.2981297546611164,3.7121510414553454,4.818853720709434,7967837.0,23992065.380000003,6134125.0
Amoxicillin/Potassium Clav,Amoxicillin-Clavulanate Potass,73,3032530.0,3989813.0,4970506.0,37027188.29,52288579.92999998,56770802.19000001,2495802.0,3368993.0,4269618.0,0.3074619013611213,0.20659625852543909,0.3156714030858722,0.4121671761968934,0.24579923921246435,0.08572086421165956,0.28073532114916827,0.24894402020427647,1.184274648240587,13.105521469301939,15.520536828067016,1.1641570744736414,11.421533781470139,13.296459353038143,5804661.0,54326058.13,5025414.0
Amphetamine,Adzenys Xr-Odt,74,540.0,458.0,1025.0,285513.4000000001,247515.7,567098.3599999999,205.0,170.0,355.0,1.1948608137044967,1.9206327722931413,-0.15185185185185185,-0.1330855224308213,1.237991266375546,1.2911611667461895,0.543069707261847,0.5790378221576841,2.6941176470588237,540.4272925764193,1455.974705882353,2.887323943661972,553.2666926829266,1597.4601690140842,1504.0,777060.1900000001,525.0
Amphetamine Sulfate,Evekeo,75,253.0,220.0,297.0,102639.2,55038.69,133856.71000000002,100.0,85.0,115.0,0.6971428571428572,0.3490141352663297,-0.13043478260869565,-0.4637654034715781,0.35,1.432047528747505,0.10978260869565216,0.4841410626379634,2.588235294117647,250.17586363636366,647.514,2.582608695652174,450.6959932659933,1163.9713913043481,389.0,69737.60999999999,145.0
Amphotericin B Liposome,Ambisome,76,272.0,308.0,229.0,413772.52,741486.9300000002,415009.07,70.0,85.0,75.0,-0.2103448275862069,-0.13684921282888557,0.1323529411764706,0.7920158883436729,-0.2564935064935065,-0.4403015707910052,-0.06207028265851795,0.17585715877633384,3.623529411764706,2407.425097402598,8723.375647058825,3.0533333333333332,1812.2666812227073,5533.454266666667,584.0,1009173.5,150.0
Ampicillin Sodium,Ampicillin Sodium,77,11849.0,10796.0,10595.0,2095485.2600000005,2043488.9500000004,2065128.6,3280.0,3028.0,2893.0,0.20438785949755597,0.325896448414267,-0.08886825892480378,-0.02481349355805063,-0.018618006669136718,0.0105895605650325,-0.05374313279697025,-0.007111966496509065,3.5653896961690883,189.28204427565768,674.8642503302511,3.6622882820601452,194.91539405379896,713.8363636363637,11955.0,2226243.1300000004,3230.0
Ampicillin Trihydrate,Ampicillin Trihydrate,78,27957.0,26649.0,24175.0,415859.58,393086.8100000001,353240.2400000001,17780.0,17227.0,15833.0,-0.27574223314059737,-0.2414314713556609,-0.046786135851486214,-0.05476071995263378,-0.09283650418402191,-0.10136837203975375,-0.06981132001775406,-0.07806454599619377,1.5469321414059325,14.750527599534696,22.818065246415518,1.5268742499842103,14.611798965873842,22.31037958693868,24094.0,324635.3900000001,16001.0
Anagrelide Hcl,Anagrelide Hcl,79,12191.0,12185.0,12833.0,4686886.72,3929290.53,3100139.5000000005,3666.0,3552.0,3785.0,-0.30414271770957596,-0.33993155330081787,-0.0004921663522270527,-0.1616416686085385,0.053180139515798114,-0.21101800023934586,0.02634398658178553,-0.1863298344239422,3.4304617117117115,322.4694731226918,1106.2191807432432,3.3904887714663143,241.57558637886703,819.0593130779394,13274.0,1869984.63,3836.0
Anakinra,Kineret,80,2353.0,2450.0,2604.0,12642473.309999997,13930670.79,15937102.69,805.0,835.0,880.0,0.3992477162815691,0.726994577893971,0.04122396940076498,0.10189441958173315,0.06285714285714286,0.14402981236483592,0.05204055612895392,0.12296211597328453,2.934131736526946,5685.98807755102,16683.438071856286,2.959090909090909,6120.239128264208,18110.34396590909,2801.0,17386731.73999999,940.0
Anastrozole,Anastrozole,81,1349951.0,1377086.0,1412211.0,37870649.26,36407157.23,39658103.98,402931.0,420749.0,437236.0,0.07158434203018199,0.308216452805967,0.02010072958203668,-0.03864449272977691,0.025506758474053183,0.08929416623941117,0.022803744028044932,0.02532483675481713,3.2729394484597707,26.43782394854061,86.52939693261303,3.22985984685616,28.082279475234223,90.70182688525189,1495359.0,28925554.559999995,465962.0
Anidulafungin,Eraxis (Water Diluent),82,177.0,134.0,234.0,207795.06000000003,64504.91999999999,140921.62,45.0,20.0,50.0,0.872,0.29479598514952604,-0.24293785310734464,-0.6895743334803052,0.746268656716418,1.1846646736403987,0.25166540180453667,0.24754517008004678,6.7,481.37999999999994,3225.2459999999996,4.68,602.2291452991453,2818.4323999999997,142.0,94770.9,35.0
Apalutamide,Erleada,83,43671.0,50450.0,57408.0,580687859.85,709900815.3600001,848132002.6500001,9212.0,10464.0,12170.0,3.6806359559722788,4.75548173589429,0.1552288704174395,0.22251706027292814,0.13791873141724478,0.1947190146836232,0.14657380091734212,0.20861803747827568,4.821292048929664,14071.373941724481,67842.2033027523,4.717173377156944,14773.759800898832,69690.38641331143,80841.0,1166878397.0200002,15433.0
Apixaban,Eliquis,84,16087778.0,17993528.0,20163420.0,11899569359.35,14443609917.289995,17392162956.070004,3680341.0,4189263.0,4771977.0,0.7843470808882737,1.5568651799640092,0.11845949142261908,0.21379265762596975,0.12059291540825123,0.20414238931019504,0.11952620341543516,0.2089675234680824,4.295153586680999,802.7113925234671,3447.7687166668684,4.225380801290535,862.5601686653357,3644.645176636435,22996543.0,19876304796.020004,5459419.0
Apomorphine Hcl,Apokyn,85,2420.0,2088.0,996.0,48072068.52,31966619.35,27353270.58,741.0,637.0,330.0,-0.5328330206378987,-0.42766198001616945,-0.1371900826446281,-0.3350271720323301,-0.5229885057471264,-0.14431769338786846,-0.33008929419587724,-0.2396724327100993,3.2778649921507066,15309.683596743296,50183.07590266876,3.018181818181818,27463.123072289156,82888.69872727273,1051.0,28938212.87,357.0
Apraclonidine Hcl,Apraclonidine Hcl,86,1483.0,1331.0,1018.0,143771.06000000003,125620.01,96312.89,502.0,468.0,331.0,-0.5761865112406328,-0.5254709883067165,-0.10249494268374916,-0.12624967778633633,-0.23516153268219384,-0.23329977445472258,-0.1688282376829715,-0.17977472612052947,2.844017094017094,94.3801728024042,268.41882478632476,3.0755287009063443,94.6099115913556,290.975498489426,1288.0,111815.8,462.0
Apremilast,Otezla,87,97575.0,109645.0,132754.0,405270693.8299999,497555720.14000016,640426450.65,24313.0,27252.0,32009.0,0.716676149588786,1.3162429747241147,0.12369971816551371,0.22771206434361946,0.2107620046513749,0.2871451874169981,0.16723086140844431,0.2574286258803088,4.023374431234405,4537.878791919377,18257.585503449292,4.147396044862383,4824.159352260572,20007.69941735137,163042.0,789471953.3199997,38251.0
Aprepitant,Aprepitant,88,5283.0,5158.0,5400.0,4013741.84,4645936.610000002,4450556.99,1636.0,1802.0,2139.0,0.023308698123934053,0.18558995808547626,-0.0236607987885671,0.1575075815040467,0.046917409848778596,-0.0420538712429832,0.011628305530105748,0.057726855130531746,2.8623751387347394,900.7244300116329,2578.2112153163166,2.524544179523142,824.1772203703704,2080.67180458158,7158.0,4549328.830000001,2541.0
Arformoterol Tartrate,Brovana,89,3284.0,4298.0,5424.0,1936281.97,1599559.92,1779045.3900000008,1001.0,1255.0,1503.0,-0.6199285263821737,-0.7910961403968713,0.3087697929354446,-0.1739013507418034,0.2619823173569102,0.11220928191299073,0.28537605514617737,-0.030846034414406337,3.4247011952191233,372.16377850162866,1274.5497370517928,3.6087824351297404,327.9950940265488,1183.662934131737,10176.0,2493171.76,2858.0
Aripiprazole,Aripiprazole,90,3173527.0,3248742.0,3380680.0,734077316.3100001,853551275.4000003,844314017.5800002,639490.0,657514.0,685346.0,0.15103867154636136,0.08224485095638523,0.023700759438946006,0.1627539176534731,0.04061202767101851,-0.010822147522035286,0.03215639355498226,0.07596588506571891,4.940947265001202,262.73285948838054,1298.1492035150588,4.932807662115194,249.7468017026161,1231.9529370274288,3538963.0,750159749.32,714527.0
Aripiprazole Lauroxil,Aristada,91,60018.0,64039.0,64941.0,166903475.54,184727411.86000004,194271828.0,13395.0,14144.0,14777.0,0.3744708770741619,0.6655915317480584,0.06699656769635776,0.1067918823279889,0.014085166851449898,0.05166756814215214,0.040540867273903824,0.07922972523507052,4.527644230769231,2884.608002311092,13060.478779694573,4.394735061243825,2991.512726936758,13146.905867226094,63377.0,188089683.47,14614.0
"Aripiprazole Lauroxil,submicr.",Aristada Initio,92,153.0,81.0,58.0,344374.02,188451.22,143294.19,137.0,74.0,50.0,0.6571428571428571,1.0361955901291806,-0.47058823529411764,-0.4527716695934264,-0.2839506172839506,-0.23962185015305287,-0.37726942628903415,-0.3461967598732396,1.0945945945945945,2326.5582716049385,2546.638108108108,1.16,2470.5894827586208,2865.8838,35.0,82452.56,21.0
Armodafinil,Armodafinil,93,59958.0,61462.0,63259.0,7065122.140000001,7116135.210000001,7041856.040000001,17124.0,17276.0,17836.0,0.054527572181102886,-0.2975557475748751,0.02508422562460389,0.0072204087897056925,0.029237577690280174,-0.01043813359471003,0.027160901657442033,-0.0016088624025021687,3.5576522343134984,115.78105512349096,411.90872945126193,3.5467032967032965,111.31785263756937,394.81139493159907,70176.0,5610750.35,19499.0
Artemether/Lumefantrine,Coartem,94,82.0,94.0,112.0,12788.12,28633.24,40036.22000000001,20.0,30.0,40.0,-0.43434343434343436,0.10553224225812771,0.14634146341463414,1.2390499932750083,0.19148936170212766,0.39824274165270873,0.16891541255838088,0.8186463674638585,3.1333333333333333,304.60893617021276,954.4413333333334,2.8,357.46625000000006,1000.9055000000002,145.0,40724.06,45.0
Asenapine Maleate,Saphris,95,50507.0,50357.0,47353.0,30819837.730000004,21439844.49,19279044.57,14025.0,13262.0,12866.0,-0.43571624343100923,-0.7530347804225574,-0.0029698853624250104,-0.30434920917411346,-0.059654069940623944,-0.10078430937350508,-0.03131197765152448,-0.20256675927380927,3.7970894284421655,425.75698492761677,1616.6373465540642,3.680475672314628,407.1345969632336,1498.448979480802,42727.0,12711408.76,11774.0
Asfotase Alfa,Strensiq,96,1530.0,1842.0,2135.0,150293066.86,183776050.57000005,210539310.28,360.0,430.0,465.0,1.6521739130434783,1.6632563109663858,0.20392156862745098,0.22278461947409645,0.15906623235613462,0.14562974678686905,0.18149390049179281,0.18420718313048273,4.283720930232558,99769.84287187843,427386.16411627916,4.591397849462366,98613.26008430913,452772.7102795699,2749.0,265657263.90000004,612.0
Aspirin/Dipyridamole,Aspirin-Dipyridamole Er,97,61459.0,45575.0,35021.0,14631954.52,10516929.250000002,7113316.309999999,19293.0,14832.0,11663.0,-0.7056415687461126,-0.8165522117789262,-0.2584487219121691,-0.281235515349319,-0.2315743280307186,-0.32363181866988433,-0.24501152497144385,-0.30243366700960167,3.07274811218986,230.76092704333522,709.0702029395902,3.0027437194546858,203.1157394134947,609.9045108462659,28958.0,3741452.93,9751.0
Atazanavir Sulfate,Atazanavir Sulfate,98,14866.0,11119.0,8500.0,7365086.120000001,5435942.400000001,4512895.22,4003.0,3145.0,2521.0,-0.7343916005249672,-0.7441181670575608,-0.2520516615094847,-0.26193091140664077,-0.23554276463710766,-0.1698044445798398,-0.2437972130732962,-0.21586767799324028,3.5354531001589824,488.8877057289326,1728.439554848967,3.371677905593019,530.9288494117646,1790.1210710035698,6733.0,2610735.7800000003,2030.0
Atazanavir Sulfate/Cobicistat,Evotaz,99,7002.0,5675.0,4580.0,11909499.57,9743954.029999996,7934284.669999997,1858.0,1533.0,1328.0,-0.5204188481675392,-0.499843127271109,-0.18951728077692087,-0.18183346220986552,-0.19295154185022026,-0.18572228013682443,-0.19123441131357055,-0.183777871173345,3.701891715590346,1716.9963048458142,6356.134396607956,3.4487951807228914,1732.3765655021828,5974.611950301202,4146.0,6650131.679999999,1233.0
Atenolol,Atenolol,100,7092942.0,6503733.0,6090618.0,68786377.92999999,62119953.48999999,64228470.29999999,1883280.0,1781267.0,1672003.0,-0.22280822575934076,-0.14405173161423218,-0.08306976146146408,-0.09691489275367934,-0.06351967400875774,0.033942665625778835,-0.07329471773511091,-0.03148611356395026,3.651183679931195,9.551430461551849,34.87402702121579,3.6427075788739613,10.545476715170775,38.41408795319146,5822437.0,45232313.12000001,1588124.0
Atenolol/Chlorthalidone,Atenolol-Chlorthalidone,101,196598.0,172797.0,151198.0,7561566.72,6990368.44,6001295.440000001,57234.0,50920.0,44929.0,-0.42369147265547574,-0.3420531935240311,-0.12106430380777017,-0.07553967334430918,-0.12499638303905738,-0.1414908253391003,-0.12303034342341378,-0.10851524934170473,3.3934996072270227,40.454223395082096,137.28139120188533,3.3652651961984463,39.69163242900039,133.5728691936166,137561.0,3400381.11,41092.0
Atezolizumab,Tecentriq,102,909.0,1482.0,1821.0,9251724.95,15715281.189999998,20068662.81,237.0,363.0,445.0,1.8232558139534885,2.2781515298301045,0.6303630363036303,0.6986325550026213,0.22874493927125505,0.2770158272936382,0.4295539877874427,0.4878241911481298,4.082644628099174,10604.103367071524,43292.785647382916,4.092134831460674,11020.682487644151,45098.118674157304,1277.0,13553505.040000005,320.0
Atomoxetine Hcl,Atomoxetine Hcl,103,120992.0,136084.0,159080.0,17592254.76,20904314.260000005,22413604.050000004,31761.0,35448.0,40986.0,0.5455914500850133,0.15102639472010873,0.12473551970378206,0.18826805007000724,0.16898386290820375,0.07219991869754826,0.1468596913059929,0.13023398438377776,3.838975400586775,153.61331427647633,589.7177347099979,3.881325330600693,140.89517255468948,546.8600021958719,184241.0,17394065.259999998,47290.0
Atorvastatin Calcium,Atorvastatin Calcium,104,60307126.0,63972233.0,67633912.0,832496098.2700002,842381424.5100001,993675781.9300004,18252467.0,19620926.0,20817428.0,0.2538362705046359,0.07229867092949574,0.060774028594896064,0.011874321405881016,0.05723856786427949,0.17960315009083425,0.05900629822958778,0.09573873574835763,3.2604084537090654,13.167922784718177,42.93280676508336,3.2489081744392245,14.691975557025305,47.732879485880794,72478232.0,751750949.9499999,22184851.0
Atovaquone,Atovaquone,105,31920.0,30918.0,35123.0,25607119.30000001,27211730.97,27606754.95,8672.0,8454.0,9751.0,0.49047315934648844,0.3009070678252892,-0.031390977443609025,0.06266271700464136,0.1360049162300278,0.014516679605406244,0.05230696939320939,0.038589698305023803,3.6572036905606815,880.1258480496798,3218.7994996451384,3.6019895395344066,786.0021908720781,2831.1716695723517,44082.0,21645670.84,12300.0
Atovaquone/Proguanil Hcl,Atovaquone-Proguanil Hcl,106,4884.0,18620.0,29204.0,638060.5,2038172.5500000005,2660430.1500000004,4124.0,17472.0,27557.0,-0.08594679186228482,-0.008583928445165702,2.8124488124488125,2.194324911195726,0.5684210526315789,0.30530172727524946,1.6904349325401957,1.2498133192354877,1.0657051282051282,109.4614688506982,116.65364869505497,1.0597670283412564,91.09814237775649,96.54280763508366,37996.0,2498671.77,36046.0
Atropine Sulfate,Atropine Sulfate,107,86864.0,97736.0,100593.0,4778379.7700000005,4794604.55,4703269.3500000015,52539.0,56724.0,58710.0,0.8569872623223186,0.7352068684401767,0.1251611714864616,0.003395456364071985,0.02923180813620365,-0.019049579386061846,0.07719648981133263,-0.00782706151099493,1.7230096608137648,49.05668893754604,84.52514896692757,1.7133878385283596,46.755433777698265,80.1101916198263,122812.0,4843166.7,70034.0
Auranofin,Ridaura,108,513.0,525.0,455.0,543589.35,569300.1699999999,585662.8,170.0,165.0,140.0,-0.272,-0.13341226485526622,0.023391812865497075,0.04729824085037713,-0.13333333333333333,0.02874165662026787,-0.05497076023391813,0.038019948735322495,3.1818181818181817,1084.381276190476,3450.3040606060604,3.25,1287.1709890109892,4183.305714285714,349.0,462574.12,110.0
Avatrombopag Maleate,Doptelet,109,929.0,1610.0,2758.0,11721759.77,20912324.24000001,38888331.28,295.0,530.0,922.0,20.37984496124031,27.080194295266274,0.7330462863293864,0.7840601283709818,0.7130434782608696,0.8595891510526801,0.723044882295128,0.821824639711831,3.0377358490566038,12989.02126708075,39457.21554716983,2.9913232104121477,14100.192632342278,42178.23349240781,5314.0,73525157.74,1640.0
Axitinib,Inlyta,110,12800.0,13328.0,14055.0,203259314.06000003,223582236.8700001,256923267.41,3554.0,3657.0,3882.0,2.186352301065518,3.029956395100917,0.04125,0.09998519823795601,0.054546818727490995,0.14912200095477957,0.047898409363745495,0.12455359959636779,3.6445173639595296,16775.377916416575,61138.156103363435,3.6205564142194744,18279.848268231945,66183.22189850593,13853.0,240932040.93000004,3836.0
Azacitidine,Azacitidine,111,1244.0,2173.0,2204.0,15978300.54,27995994.82,25729400.68,375.0,567.0,555.0,2.636963696369637,11.699824362224447,0.7467845659163987,0.7521259379190525,0.014265991716520939,-0.0809613716023684,0.38052527881645987,0.33558228315834204,3.8324514991181657,12883.568716060745,49375.65223985891,3.971171171171171,11673.956751361162,46359.2805045045,2943.0,45501359.91,800.0
Azathioprine,Azathioprine,112,275142.0,263656.0,258331.0,16747232.989999996,19990716.26,17517193.200000003,72379.0,70771.0,69826.0,-0.13507079648980658,-0.12390401223120324,-0.04174571675716539,0.1936727859424141,-0.02019677155080863,-0.12373358852325576,-0.03097124415398701,0.03496959870957917,3.7254807760240776,75.82120740662076,282.47045060830004,3.699639102912955,67.8091022757625,250.8692063128348,264785.0,12591251.19,71725.0
Azelaic Acid,Azelaic Acid,113,15849.0,18710.0,23697.0,3015979.430000001,3420977.38,3825435.25,7015.0,8119.0,10568.0,2.267199779401627,1.140453952337766,0.18051612089090793,0.13428405577686536,0.26654195617316945,0.11822874724766526,0.2235290385320387,0.1262564015122653,2.304470993964774,182.8421902725815,421.3545239561522,2.242335352006056,161.4312043718614,361.9828964799394,32988.0,3683046.23,14962.0
Azelastine Hcl,Azelastine Hcl,114,1786233.0,1989268.0,2232579.0,74774215.99,83844285.38000003,81907573.94000001,743464.0,854709.0,959825.0,0.5136754808164948,0.25294946979807065,0.11366658213122252,0.12129942480724941,0.12231182525431465,-0.02309890806776427,0.11798920369276858,0.04910025836974257,2.3274213796742518,42.14831052427326,98.09687903134287,2.326027140364129,36.68742469583384,85.3359455525747,2670346.0,69390514.80000001,1143055.0
Azelastine/Fluticasone,Dymista,115,35137.0,39671.0,43509.0,6687426.950000001,7158052.739999999,7416326.000000002,12363.0,14204.0,15808.0,0.1290774620474893,-0.17272618840289108,0.12903776645701112,0.07037471863524403,0.09674573365934813,0.036081497214562656,0.11289175005817963,0.053228107924903345,2.792945649112926,180.43539966222176,503.9462644325542,2.7523405870445345,170.4549863246685,469.1501771255062,57678.0,7148522.069999999,21296.0
Azilsartan Med/Chlorthalidone,Edarbyclor,116,45178.0,40791.0,36134.0,14141726.010000004,13519355.939999998,12668573.98,10741.0,9670.0,8595.0,-0.2279719682078455,0.015715398260307552,-0.0971047855150737,-0.04400948438400736,-0.11416734083498811,-0.06293065762717076,-0.10563606317503091,-0.053470071005589065,4.218304033092037,331.4298727660513,1398.0719689762147,4.204072134962187,350.5998223280013,1473.9469435718443,32711.0,11523018.81,7692.0
Azilsartan Medoxomil,Edarbi,117,54996.0,52273.0,48293.0,18172241.780000005,18333485.73,18117930.200000007,13266.0,12255.0,11682.0,-0.14254008274000818,0.14174835982329273,-0.04951269183213325,0.008873090725518373,-0.07613873318921814,-0.011757476629077113,-0.0628257125106757,-0.0014421929517793699,4.265442676458588,350.7257232223136,1496.0004675642595,4.133966786509159,375.16679850081806,1550.9270844033563,44717.0,17014991.51,10842.0
Azithromycin,Azithromycin,118,4616405.0,6573895.0,6703405.0,43713892.38999999,60166780.45,49317787.52,3544311.0,5198832.0,5331274.0,-0.007138013845018616,-0.18989105652736388,0.42402908756922325,0.376376642766403,0.0197006493106446,-0.1803153309659932,0.22186486843993392,0.09803065590020489,1.2644946018644188,9.15237928959924,11.573134205913945,1.2573739410129736,7.357124852220625,9.25065706996114,7141457.0,38032034.43999998,5689926.0
Aztreonam,Azactam,119,1195.0,848.0,780.0,915145.4300000002,686548.9699999999,654661.9500000001,345.0,250.0,223.0,-0.029850746268656716,0.2997270275629618,-0.2903765690376569,-0.2497924947294992,-0.08018867924528301,-0.046445368638452396,-0.18528262414146995,-0.1481189316839758,3.392,809.6096344339621,2746.1958799999993,3.497757847533632,839.3101923076924,2935.703811659193,803.0,492532.33,220.0
Aztreonam Lysine,Cayston,120,1789.0,1351.0,1240.0,18780507.63,15188854.28,15365346.359999996,497.0,387.0,358.0,-0.4072657743785851,-0.20584826390911148,-0.24482951369480158,-0.19124367779402776,-0.08216136195410807,0.011619841546073241,-0.16349543782445483,-0.08981191812397726,3.490956072351421,11242.67526276832,39247.685478036175,3.463687150837989,12391.408354838706,42919.96189944133,1354.0,16086667.830000006,399.0
B Complex W-C No.20/Folic Acid,Virt-Caps,121,222.0,250.0,25.0,4420.51,5632.53,623.6,68.0,90.0,10.0,-0.691358024691358,-0.6435328886068857,0.12612612612612611,0.274181033410172,-0.9,-0.8892859869365985,-0.386936936936937,-0.3075524767632133,2.7777777777777777,22.53012,62.583666666666666,2.5,24.944000000000003,62.36,12.0,325.08,5.0
Bacitracin,Bacitracin,122,11458.0,66.0,2287.0,1111212.83,6838.92,244332.54000000007,7261.0,26.0,1511.0,-0.9386386198384803,-0.93212072740287,-0.994239832431489,-0.9938455354227688,33.65151515151515,34.7267726483129,16.32863765954183,16.866463556445066,2.5384615384615383,103.62,263.0353846153846,1.5135671740569159,106.83539134236995,161.70254136333557,1790.0,156777.89,1138.0
Bacitracin/Polymyxin B Sulfate,Bacitracin-Polymyxin,123,13234.0,15557.0,13575.0,202839.5,233084.38,203933.28999999995,8483.0,9923.0,8908.0,0.024992449411054062,-0.058316046164072634,0.17553271875472268,0.1491074470209205,-0.12740245548627627,-0.1250666818600202,0.024065131634223205,0.012020382580450142,1.567771843192583,14.982604615285723,23.4893056535322,1.5239110911540188,15.02271012891344,22.893274584643013,14253.0,185995.58000000005,9522.0
Baclofen,Baclofen,124,4209919.0,4176992.0,4288521.0,121029225.64,120721377.73999998,99515404.91,1201888.0,1213751.0,1251351.0,0.025723934876356443,-0.04541808570392697,-0.007821290623406293,-0.0025435831583002174,0.026700793298143736,-0.1756604606987812,0.009439751337368721,-0.0891020219285407,3.4413911914387714,28.90151040270127,99.46140331913216,3.4271127765111467,23.205064149155383,79.52637182533118,4472772.0,76449143.03,1304396.0
Baloxavir Marboxil,Xofluza,125,372.0,1712.0,507.0,65841.79999999999,292671.47000000003,87123.91000000003,342.0,1620.0,486.0,0.17090069284064666,0.32096910993541977,3.6021505376344085,3.4450709123991157,-0.7038551401869159,-0.7023149882016172,1.4491476987237464,1.3713779620987492,1.05679012345679,170.95296144859816,180.66140123456793,1.0432098765432098,171.84203155818548,179.26730452674903,1046.0,178529.87,1018.0
Balsalazide Disodium,Balsalazide Disodium,126,71609.0,64525.0,59669.0,14605101.779999996,13277619.019999998,12042594.179999998,19308.0,17758.0,16520.0,-0.20786703306915183,-0.16283392976897076,-0.0989261126394727,-0.09089171578508495,-0.07525765207283998,-0.09301553525068684,-0.08709188235615634,-0.0919536255178859,3.633573600630702,205.7748007748934,747.6978837706947,3.6119249394673125,201.82329484321838,728.9705920096851,56768.0,9286548.750000004,15758.0
Baricitinib,Olumiant,127,3818.0,3724.0,3864.0,10076566.78,10617757.000000002,12195370.140000002,1113.0,1050.0,1210.0,0.32920536635706915,0.783955552122364,-0.02462022001047669,0.05370779867942309,0.03759398496240601,0.14858252453884566,0.006486882475964661,0.10114516160913437,3.546666666666667,2851.1699785177234,10112.149523809525,3.193388429752066,3156.1516925465844,10078.818297520664,4892.0,16150207.86,1462.0
Bcg Live,Bcg (Tice Strain),128,180.0,314.0,520.0,112745.29,198537.18,311883.9099999999,98.0,164.0,244.0,3.369747899159664,4.237383074302634,0.7444444444444445,0.7609354679029164,0.6560509554140127,0.5709093379889849,0.7002476999292286,0.6659224029459507,1.9146341463414633,632.2840127388534,1210.5925609756098,2.1311475409836067,599.7767499999999,1278.212745901639,368.0,214758.06000000003,196.0
Becaplermin,Regranex,129,137.0,1046.0,1188.0,184484.01,1780386.0800000003,2005742.08,67.0,455.0,489.0,-0.547773125237914,-0.49065831020829564,6.635036496350365,8.650625439028564,0.13575525812619502,0.12657703996427547,3.3853958772382797,4.38860123949642,2.2989010989010987,1702.0899426386236,3912.9364395604402,2.4294478527607364,1688.3350841750841,4101.722044989775,118.0,198106.32,63.0
Beclomethasone Dipropionate,Qvar Redihaler,130,68740.0,57329.0,50518.0,21090610.89,17874776.770000007,16811413.85,21146.0,18114.0,16215.0,-0.5932069637479265,-0.43051183541815496,-0.1660023276112889,-0.1524770494687171,-0.11880549111270038,-0.059489577614456834,-0.14240390936199465,-0.10598331354158697,3.1649000772882854,311.792928012001,986.7934619631228,3.1155103299414124,332.78066926640014,1036.7816127042863,74209.0,23997020.800000004,24719.0
Bedaquiline Fumarate,Sirturo,131,196.0,160.0,288.0,909806.51,644132.9400000001,1261347.09,60.0,60.0,85.0,2.031578947368421,2.2320647856562257,-0.1836734693877551,-0.2920110672762717,0.8,0.958209263448008,0.3081632653061225,0.3330990980858682,2.6666666666666665,4025.8308750000006,10735.549,3.388235294117647,4379.677395833333,14839.377529411766,291.0,1176369.19,95.0
Belatacept,Nulojix,132,2588.0,2186.0,1913.0,5465571.4,4734919.260000003,4154477.4699999993,548.0,486.0,490.0,0.10514153668399769,0.09456003505182504,-0.1553323029366306,-0.13368266307892304,-0.12488563586459286,-0.12258747364574976,-0.14010896940061174,-0.1281350683623364,4.497942386831276,2166.019789569992,9742.632222222228,3.904081632653061,2171.708034500784,8478.52544897959,1851.0,4067971.14,500.0
Belimumab,Benlysta,133,22838.0,26356.0,30590.0,92683206.67,114194710.21000004,145158069.44,5109.0,5832.0,6828.0,1.1647441794635907,1.83635558644651,0.1540415097644277,0.23209710057391603,0.1606465320989528,0.2711453023792384,0.15734402093169025,0.2516212014765772,4.51920438957476,4332.778502428291,19580.711627229088,4.4800820152314005,4745.278504086303,21259.236883421207,35996.0,170650112.99000007,7905.0
Benazepril Hcl,Benazepril Hcl,134,1866638.0,1724921.0,1647705.0,20588560.32,21295454.870000005,27372136.67000001,490436.0,461341.0,443308.0,-0.242785760536836,0.15706854748519147,-0.07592098735802014,0.03433433610767421,-0.04476494865561959,0.285351115395076,-0.06034296800681986,0.15984272575137512,3.7389284715644178,12.34575662885431,46.15990096262852,3.716840210418039,16.612279910542245,61.7451899582232,1570778.0,16166576.990000004,422942.0
Benazepril/Hydrochlorothiazide,Benazepril-Hydrochlorothiazide,135,102790.0,91258.0,84070.0,4910732.91,4155379.96,3963062.32,30660.0,27464.0,25586.0,-0.39981723945914305,-0.5509200323083194,-0.11218990174141454,-0.153816744637411,-0.07876569725393938,-0.04628160164684438,-0.09547779949767696,-0.10004917314212769,3.322822604136324,45.53441846194306,151.30279493154674,3.285781286641132,47.140029975020816,154.8918283436254,77653.0,2360820.85,23789.0
Bendamustine Hcl,Treanda,136,147.0,116.0,126.0,1344570.38,1006823.91,1324833.69,45.0,40.0,40.0,-0.31891891891891894,-0.07744648834771713,-0.2108843537414966,-0.25119285314019774,0.08620689655172414,0.31585441787928925,-0.062338728594886234,0.03233078236954576,2.9,8679.516465517241,25170.59775,3.15,10514.553095238094,33120.84225,158.0,1103626.52,43.0
Benralizumab,Fasenra,137,8296.0,13986.0,19666.0,45190754.15,78664024.02999999,115300833.66,2482.0,4068.0,5563.0,8.514271891630383,10.21100115395955,0.6858727097396335,0.7407105836050756,0.4061204061204061,0.4657378017685427,0.5459965579300199,0.6032241926868092,3.438053097345133,5624.483342628341,19337.272377089477,3.5351429085026065,5862.952998067731,20726.376714003236,28049.0,159751503.69000003,7444.0
Benzonatate,Benzonatate,138,26496.0,45735.0,78998.0,279908.52,617730.6500000001,844203.7500000001,18416.0,34534.0,59329.0,2.3081239530988276,3.9869452136703374,0.7261096014492754,1.2069019192413297,0.7272985678364491,0.36662111552988336,0.7267040846428623,0.7867615173856065,1.324347020327793,13.506737728216905,17.88760786471304,1.3315242124424818,10.686393959340744,14.229192300561278,82852.0,1121129.3699999996,62571.0
Benztropine Mesylate,Benztropine Mesylate,139,1927949.0,1854543.0,1780160.0,25404069.430000003,24545828.630000006,23828401.25,333897.0,320864.0,306858.0,-0.1387682493361129,-0.011469713236391493,-0.03807465861389487,-0.03378359527653035,-0.04010853347698058,-0.029228077438916197,-0.03909159604543773,-0.03150583635772327,5.779841303480603,13.235513347493159,76.49916671860977,5.801250089617999,13.385539080756786,77.65285979182553,1732441.0,21019049.500000004,294806.0
Bepotastine Besilate,Bepreve,140,45760.0,88630.0,50875.0,14561803.65,24388003.46,13169598.949999996,15632.0,26836.0,17061.0,0.37992296842790496,0.1759659729553875,0.9368444055944056,0.6747927692322647,-0.4259844296513596,-0.45999683936407004,0.25542998797152305,0.10739796493409734,3.302653152481741,275.1664612433713,908.7793806826651,2.981947130883301,258.8618958230957,771.9124875446923,49349.0,8005945.000000003,13630.0
Besifloxacin Hcl,Besivance,141,79430.0,57721.0,39878.0,15896984.69,12306240.94,9141204.509999998,56442.0,39377.0,26699.0,-0.7666766132476757,-0.6956442360687911,-0.2733098325569684,-0.225875775816703,-0.30912492853554163,-0.25718953866021105,-0.291217380546255,-0.24153265723845702,1.4658557025674885,213.2021437605031,312.523578230947,1.4936139930334469,229.2292619990972,342.38003333458175,25245.0,5605438.430000001,16633.0
Betaine,Cystadane,142,814.0,733.0,665.0,2768957.46,2923375.97,2242437.2700000005,245.0,220.0,210.0,-0.09646739130434782,-0.05461251751650714,-0.09950859950859951,0.05576774371968873,-0.0927694406548431,-0.2329288832459,-0.09613902008172132,-0.08858056976310563,3.331818181818182,3988.2346111869033,13288.072590909092,3.1666666666666665,3372.0861203007526,10678.272714285717,733.0,1325281.7700000005,225.0
"Betamethasone Acetate,sod Phos",Betamethasone Sod Phos-Acetate,143,55.0,85.0,151.0,2777.99,3607.98,7336.419999999999,43.0,66.0,118.0,0.39814814814814814,0.544652557289517,0.5454545454545454,0.2987735736989695,0.7764705882352941,1.0333871030327217,0.6609625668449197,0.6660803383658456,1.2878787878787878,42.446823529411766,54.666363636363634,1.2796610169491525,48.58556291390728,62.17305084745762,152.0,6526.280000000001,104.0
Betamethasone Dipropionate,Betamethasone Dipropionate,144,450342.0,436640.0,426379.0,28807310.26999999,27160287.92000001,24613335.96,234623.0,228289.0,222351.0,-0.0965091836821183,-0.2911595848326201,-0.030425765307255374,-0.057173763692724644,-0.023499908391352145,-0.09377485126453723,-0.02696283684930376,-0.07547430747863093,1.9126633346328556,62.202931293514126,118.97326599179115,1.9175942541297317,57.72642639529621,110.69586356706289,441016.0,19252284.890000004,233106.0
Betamethasone Valerate,Betamethasone Valerate,145,119437.0,115197.0,115226.0,4659453.809999999,4529282.569999998,4262160.979999999,61481.0,59080.0,59394.0,-0.052495682920812435,-0.20472543256175885,-0.03549988696969951,-0.027937016935467865,0.00025174266690972856,-0.05897657871233235,-0.01762407215139489,-0.043456797823900106,1.9498476641841571,39.317712874467205,76.66355060934323,1.9400276122167222,36.98957683161785,71.76080041755057,123855.0,3911369.649999999,63586.0
Betamethasone/Propylene Glyc,Betamethasone Diprop Augmented,146,265565.0,247420.0,233096.0,15423690.660000004,14294558.539999995,11340123.65,142210.0,132547.0,124348.0,-0.12211509490810485,-0.23640267696606457,-0.068326021877883,-0.07320764821407591,-0.057893460512488885,-0.206682485627849,-0.06310974119518595,-0.13994506692096245,1.866658619206772,57.77446665588875,107.84520615328898,1.8745456300061119,48.650013942753205,91.19667103612443,226005.0,8438376.869999997,122118.0
Betaxolol Hcl,Betaxolol Hcl,147,16641.0,13193.0,12478.0,2320273.42,1826903.29,1605958.0599999998,5176.0,4112.0,3848.0,-0.2327368874131464,-0.37186738151746374,-0.20719908659335376,-0.21263447908652072,-0.05419540665504434,-0.12093975155083343,-0.13069724662419904,-0.16678711531867707,3.2084143968871595,138.4751982111726,444.2858195525292,3.242723492723493,128.70316236576372,417.34876819126816,12621.0,1550609.0600000003,3957.0
Bethanechol Chloride,Bethanechol Chloride,148,138573.0,131104.0,127649.0,9627411.539999995,8289749.52,7704727.820000001,38259.0,36270.0,35756.0,-0.20059493987975952,-0.3037956044310577,-0.05389938876981808,-0.1389430600782229,-0.026353124237246766,-0.07057169804570866,-0.04012625650353242,-0.10475737906196578,3.6146677695064793,63.230332560410055,228.5566451612903,3.570002237386732,60.35870096906361,215.48069750531383,130142.0,7200692.87,35845.0
Bevacizumab,Avastin,149,2394.0,1609.0,1495.0,13669309.469999995,9387403.410000002,8529013.18,541.0,380.0,333.0,-0.4647332617257429,-0.47332126222194904,-0.3279030910609858,-0.31324962459862976,-0.07085146053449347,-0.09144064577917209,-0.19937727579773964,-0.20234513518890093,4.234210526315789,5834.309142324426,24703.693184210533,4.48948948948949,5705.025538461538,25612.652192192192,1169.0,5653428.199999998,274.0
Bexarotene,Bexarotene,150,2811.0,3182.0,4008.0,35363361.77,37894802.05,36564446.36000001,628.0,743.0,908.0,0.41027445460942996,-0.24002538753118033,0.1319815012451085,0.07158370000183366,0.2595851665619108,-0.03510654807603066,0.19578333390350963,0.018238575962901498,4.282637954239569,11909.114409176618,51002.42537012113,4.41409691629956,9122.865858283434,40269.21405286344,4677.0,30494567.940000005,1019.0
Bicalutamide,Bicalutamide,151,177874.0,162421.0,143401.0,6763648.749999998,5857113.23,5126430.040000001,58195.0,54653.0,50720.0,-0.36967147541560075,-0.30446733856224095,-0.08687610330908396,-0.13403054379487078,-0.11710308396081788,-0.12475141956577804,-0.10198959363495091,-0.12939098168032442,2.971858818363127,36.061305065231714,107.16910745979179,2.827306782334385,35.7489141637785,101.07314747634071,140559.0,4501531.56,51083.0
Bictegrav/Emtricit/Tenofov Ala,Biktarvy,152,558338.0,641231.0,703775.0,2063533618.6800003,2524806158.53,2929480787.71,82377.0,95692.0,106083.0,1.2045326400200476,1.804002222955946,0.148463833735121,0.2235352676953557,0.09753739292080389,0.1602794843528149,0.12300061332796244,0.1919073760240853,6.700988588387744,3937.436210242487,26384.715112339592,6.634192094869112,4162.524653063834,27614.988148053882,781030.0,3202748091.09,115940.0
Bimatoprost,Lumigan,153,1542579.0,1482360.0,1362771.0,615173556.16,644007068.5399997,635783675.1999998,406847.0,387599.0,366209.0,-0.15032592938975917,0.16210088125448002,-0.0390378709939653,0.04687053286227484,-0.08067473488221484,-0.012769104163162076,-0.05985630293809007,0.017050714349556382,3.8244680713830532,434.44714410804374,1661.5292313447653,3.721293032121002,466.53742646416737,1736.1224743247703,1302903.0,588661288.2400002,356415.0
Binimetinib,Mektovi,154,3323.0,3533.0,2176.0,36734773.510000005,41799745.38,28062902.71000001,847.0,941.0,630.0,1.349892008639309,2.0036047213327857,0.06319590731266927,0.13787949090311397,-0.38409283894707047,-0.32863460160148933,-0.1604484658172006,-0.09537755534918768,3.75451647183847,11831.232771016133,44420.558320935175,3.453968253968254,12896.554554227945,44544.290015873026,3981.0,51658851.21,1097.0
Bismuth/Metronid/Tetracycline,Pylera,155,46.0,104.0,12.0,46801.50000000001,100885.3,12112.44,46.0,96.0,11.0,-0.8974358974358975,-0.9167287580454683,1.2608695652173914,1.1555997136843903,-0.8846153846153846,-0.8799385044203665,0.18812709030100339,0.1378306046320119,1.0833333333333333,970.0509615384616,1050.8885416666667,1.0909090909090908,1009.37,1101.1309090909092,84.0,54453.03,76.0
Bisoprolol Fumarate,Bisoprolol Fumarate,156,596579.0,631361.0,668643.0,25707306.63,26411385.71,27697279.14000001,176215.0,190492.0,204577.0,0.22684763003913697,0.3819960664029225,0.05830242097023194,0.027388286534006382,0.05905021057683322,0.048687086854103986,0.05867631577353258,0.03803768669405518,3.314370157276946,41.83246305996094,138.6482671713248,3.2684172707586874,41.42311987114202,135.38804039554793,728027.0,19718388.63,223687.0
Bisoprolol/Hydrochlorothiazide,Bisoprolol-Hydrochlorothiazide,157,390181.0,358861.0,329374.0,13482933.529999996,12886816.15,13190373.609999998,107285.0,99375.0,92724.0,-0.28588680390690213,0.05590739784384905,-0.08027043859132044,-0.044212735950497226,-0.08216830471965468,0.023555660022355263,-0.08121937165548757,-0.010328537964070982,3.6111798742138363,35.91032781494785,129.678653081761,3.552197920710927,40.046796680976634,142.25414790129844,314711.0,8687471.49,88557.0
Bortezomib,Velcade,158,1962.0,1688.0,1963.0,10039292.25,6535810.960000001,3686562.04,497.0,445.0,470.0,0.03152916447714135,-0.6400855922100123,-0.1396534148827727,-0.3489769201608808,0.16291469194312796,-0.43594420607293705,0.011630638530177637,-0.3924605631169089,3.7932584269662923,3871.925924170617,14687.21564044944,4.176595744680851,1878.0244727457973,7843.749021276596,3259.0,2710425.72,699.0
Bosentan,Bosentan,159,8358.0,7159.0,6331.0,48771173.72,37621531.28,38696126.20000001,2397.0,2061.0,1856.0,-0.012170385395537525,-0.43799527470710076,-0.1434553720985882,-0.22861132077753896,-0.1156586115379243,0.02856329562989572,-0.12955699181825625,-0.10002401257382162,3.473556525958273,5255.1377678446715,18254.01808830665,3.4110991379310347,6112.166513978836,20849.205926724142,5650.0,26226472.320000004,1737.0
Bosutinib,Bosulif,160,6489.0,6798.0,7529.0,84755791.04999998,92417224.67999996,112920351.35999998,2071.0,2132.0,2370.0,0.9854957805907173,1.583578494748571,0.047619047619047616,0.09039422008910601,0.10753162694910268,0.2218539536433094,0.07757533728407515,0.1561240868662077,3.1885553470919326,13594.766796116499,43347.66636022512,3.1767932489451476,14998.054371098417,47645.717873417714,8967.0,132465478.92,2730.0
Brexpiprazole,Rexulti,161,235324.0,253088.0,305200.0,311155481.3000001,366557781.24000007,458040775.63,47969.0,52688.0,65303.0,0.4754439142772887,0.8428145896448561,0.07548741309853649,0.17805342752931919,0.20590466557086862,0.24957318892680208,0.14069603933470254,0.21381330822806063,4.803522623747343,1448.341214281199,6957.139789705437,4.673598456426198,1500.788910976409,7014.084737760899,460866.0,634758164.9799998,94499.0
Brigatinib,Alunbrig,162,483.0,689.0,732.0,7524083.15,11644161.330000004,13390052.790000005,160.0,225.0,255.0,1.3238095238095238,1.8031173694968698,0.42650103519668736,0.5475854131144209,0.062409288824383166,0.1499370723679247,0.24445516201053527,0.3487612427411728,3.062222222222222,16900.089013062414,51751.82813333335,2.8705882352941177,18292.421844262302,52510.010941176486,1033.0,19530305.14,380.0
Brimonidine Tartrate,Alphagan P,163,2120071.0,2158051.0,2256874.0,253313571.47,243747960.8,224568582.83000004,623999.0,651539.0,698640.0,0.03025146021304617,-0.17258844766865208,0.017914494373065807,-0.03776193519553628,0.045792708328023755,-0.07868528584629689,0.03185360135054478,-0.05822361052091658,3.3122361055899954,112.94819297597694,374.1110828361771,3.2303818848047636,99.50426245771808,321.4367669042712,2424834.0,155616492.36000004,748811.0
Brimonidine Tartrate/Timolol,Combigan,164,1032870.0,845452.0,799035.0,350071179.22,296168150.66,271326054.95000005,269991.0,250506.0,219527.0,-0.2930482882608688,-0.1610472678852722,-0.18145361952617464,-0.15397733878036554,-0.05490199325331302,-0.08387834969641492,-0.11817780638974383,-0.11892784423839023,3.374977046457969,350.30746944829514,1182.2796685907724,3.6398028488523053,339.56717158822835,1235.9575585235532,798560.0,198733310.34000003,224136.0
Brinzolamide,Azopt,165,169175.0,145968.0,133998.0,73899555.61000001,54415765.2,46963532.85,55849.0,42753.0,38086.0,-0.5502713515218843,-0.6110767732798684,-0.13717747894192403,-0.26365233524304826,-0.08200427490956923,-0.13694987698160682,-0.10959087692574662,-0.20030110611232754,3.4142165462072835,372.7924284774745,1272.7940776085889,3.51830068791682,350.4793567814445,1233.0917620648008,146622.0,32206454.980000004,45265.0
Brinzolamide/Brimonidine Tart,Simbrinza,166,201615.0,199376.0,212415.0,49165438.53999999,51291332.320000015,58028027.940000005,49911.0,51611.0,56620.0,-0.2403277375238722,0.00521159903231639,-0.011105324504625152,0.043239597634635966,0.06539904502046384,0.1313417943205416,0.027146860257919344,0.08729069597758879,3.863052450059096,257.25931064922565,993.8062103040053,3.751589544330625,273.18234559706235,1024.8680314376547,234298.0,61291490.55,62920.0
Brivaracetam,Briviact,167,68144.0,80925.0,92413.0,96755244.6,121892063.76,150236536.84000003,12864.0,15284.0,17438.0,1.0738072797450742,1.6181986510219346,0.18755869922517024,0.25979800127547825,0.14195860364535062,0.23253747787722276,0.16475865143526042,0.24616773957635052,5.2947526825438365,1506.2349553290085,7975.141570269563,5.299518293382269,1625.7078207611487,8615.46833581833,111759.0,179183679.96999994,20458.0
Brodalumab,Siliq,168,1320.0,1291.0,1321.0,5505849.55,6046418.06,6883098.640000001,383.0,391.0,400.0,0.24505183788878418,0.7367186007725965,-0.02196969696969697,0.09818076303955668,0.023237800154918668,0.1383762372527713,0.0006340515926108493,0.11827850014616398,3.3017902813299234,4683.515151045701,15463.984808184143,3.3025,5210.521302043907,17207.746600000002,975.0,5110240.229999999,330.0
Bromfenac Sodium,Bromsite,169,259891.0,271610.0,271181.0,80250919.74000001,88165773.90000004,92261939.58999996,157519.0,162601.0,155723.0,0.019554101812166328,0.26179129419159103,0.04509198086890273,0.098626335818242,-0.0015794705644122087,0.04645981664773797,0.02175625515224526,0.07254307623298999,1.6704079310705346,324.60429991531987,542.2215970381488,1.741431901517438,340.2227279566045,592.4747120849197,214117.0,55942186.57,119160.0
Bromocriptine Mesylate,Bromocriptine Mesylate,170,20217.0,18183.0,17408.0,5457515.700000001,4879452.049999999,4560782.970000002,5988.0,5432.0,5313.0,-0.33241294677097716,-0.32615678319675284,-0.10060839887223624,-0.10592065726902117,-0.04262222955507892,-0.0653083741236882,-0.07161531421365758,-0.08561451569635468,3.3473858615611194,268.35241984271016,898.2790960972015,3.2764916243177113,261.99350700827216,858.4195313382273,16766.0,3542477.08,4907.0
Budesonide,Budesonide,171,300812.0,273830.0,271932.0,99440497.29999997,77569473.5,77313723.70000002,89483.0,82572.0,81638.0,-0.35310965630114566,-0.43852735777836843,-0.08969721952581679,-0.21994081278593902,-0.006931307745681627,-0.0032970418446888403,-0.048314263635749206,-0.11161892731531393,3.316257326938914,283.27602344520324,939.4161882962748,3.330948822852103,284.3127094273569,947.0310847889465,310477.0,75624523.10000001,92670.0
Budesonide/Formoterol Fumarate,Symbicort,172,3377648.0,3263847.0,3236078.0,1708096112.0199995,1675972043.8500006,1691865577.63,905021.0,883949.0,887971.0,-0.1515854299583275,-0.024975431106342816,-0.03369238002302194,-0.018806944143212684,-0.008508058128950285,0.009483173563855678,-0.021100219075986113,-0.004661885289678503,3.6923476354405063,513.4958972801116,1896.0053621306213,3.644350997949257,522.8135964676995,1905.3162520285011,2301446.0,616711047.65,698760.0
Bumetanide,Bumetanide,173,1493790.0,1530965.0,1649360.0,86675761.36999997,84110894.34000002,72599424.07000001,412259.0,425055.0,462636.0,0.14853779668145722,-0.14377902720184413,0.024886362875638477,-0.029591514276420337,0.07733357718824402,-0.13686063333802387,0.051109970031941246,-0.0832260738072221,3.6018044723624003,54.93978917872062,197.88237837456333,3.5651354412540313,44.01672410510744,156.92558311501918,1824544.0,59856252.07999998,512687.0
Bupivacaine Hcl,Sensorcaine,174,50.0,37.0,11.0,980.97,393.22,75.94,15.0,15.0,5.0,-0.8307692307692308,-0.9573954803527748,-0.26,-0.5991518598937786,-0.7027027027027027,-0.8068765576522049,-0.4813513513513514,-0.7030142087729918,2.466666666666667,10.627567567567569,26.21466666666667,2.2,6.903636363636363,15.187999999999999,26.0,1663.71,10.0
Bupivacaine Hcl/Pf,Bupivacaine Hcl,175,176.0,89.0,70.0,2895.69,2134.23,1691.0000000000002,113.0,42.0,41.0,-0.05405405405405406,-0.060732972660719475,-0.4943181818181818,-0.2629632315613895,-0.21348314606741572,-0.20767677335619864,-0.3539006639427988,-0.2353200024587941,2.119047619047619,23.980112359550564,50.815,1.7073170731707317,24.157142857142862,41.243902439024396,146.0,2518.49,76.0
Buprenorphine,Buprenorphine,176,249509.0,292454.0,347313.0,95662880.41,115333240.98999998,137623199.42999998,72902.0,84126.0,99475.0,0.8823124532555795,0.7830668784666799,0.17211803983022655,0.20562166323755987,0.1875816367702271,0.19326569034796012,0.17984983830022683,0.19944367679275998,3.4763806670945963,394.363698188433,1370.9583361861967,3.491460165870822,396.251218439851,1383.4953448605174,422169.0,137105550.78,121129.0
Buprenorphine Hcl,Buprenorphine Hcl,177,411503.0,431278.0,456478.0,127797753.1,141261217.13000005,149905581.61,89206.0,93245.0,101789.0,0.49652160799407263,0.9179804775353229,0.04805554272994365,0.10534977105164818,0.05843098882855142,0.061194180933926916,0.05324326577924753,0.08327197599278754,4.625213148158078,327.54097619169085,1514.9468296423406,4.48455137588541,328.3960708073555,1472.7090511744886,505217.0,156059609.45999998,115935.0
Buprenorphine Hcl/Naloxone Hcl,Buprenorphine-Naloxone,178,1545416.0,1604957.0,1623131.0,331778515.44999987,334560531.34000003,314372498.33000004,253886.0,274414.0,296031.0,0.21778695775152998,-0.06784636795223642,0.03852749033270006,0.008385159859513035,0.01132366786150657,-0.060341944488017704,0.024925579097103315,-0.025978392314252335,5.848670257348386,208.45451394647958,1219.1817157287894,5.482976445034473,193.68276394819645,1061.958032537133,1668902.0,258799331.52000004,312838.0
Bupropion Hbr,Aplenzin,179,1813.0,2076.0,2201.0,6879026.36,8154138.72,9013465.640000002,570.0,670.0,680.0,0.5445614035087719,0.8765399243348994,0.1450634307777165,0.185362330840087,0.06021194605009634,0.10538536925945291,0.10263768841390641,0.14537385004976994,3.098507462686567,3927.812485549133,12170.356298507462,3.236764705882353,4095.1683961835543,13255.096529411769,2242.0,9639514.700000005,700.0
Bupropion Hcl,Bupropion Hcl,180,6720074.0,7024678.0,7462789.0,278014563.94000006,274467865.23,246317720.04000005,1573947.0,1668938.0,1788178.0,0.16259316547877745,-0.07249605440012072,0.04532747704861583,-0.012757240698963784,0.062367413851567285,-0.10256262665361776,0.053847445450091555,-0.05765993367629077,4.209070678479368,39.07194966516615,164.4565976866726,4.173403878137411,33.00612144333707,137.74787523389733,8139319.0,211195562.6,1964583.0
Burosumab-Twza,Crysvita,181,1097.0,1204.0,1188.0,21941935.579999994,25104868.94999999,29077902.53,265.0,285.0,300.0,4.823529411764706,7.214520457426644,0.097538742023701,0.14415015295564906,-0.013289036544850499,0.15825749132221664,0.04212485273942525,0.15120382213893285,4.224561403508772,20851.220058139526,88087.25947368419,3.96,24476.348930976434,96926.34176666666,1753.0,45165663.05,450.0
Buspirone Hcl,Buspirone Hcl,182,5381950.0,5894170.0,6459819.0,101114157.08,107409455.37000002,120815761.68999998,1222385.0,1349637.0,1476611.0,0.4339551900865192,0.26638519316275183,0.09517368240136011,0.06225931631926948,0.09596754080727227,0.12481495482700687,0.09557061160431618,0.09353713557313817,4.36722615043897,18.222999229747362,79.58395877558189,4.374760177189524,18.702654314308184,81.81962730197729,7170148.0,101452295.8,1626236.0
Butalb/Acetaminophen/Caffeine,Butalbital-Acetaminophen-Caffe,183,512670.0,506391.0,496057.0,22922803.570000004,21955459.840000004,19219524.760000005,128721.0,126255.0,124201.0,0.027013989387361312,-0.3150143028835246,-0.01224764468371467,-0.0422000619185169,-0.02040715573539024,-0.1246129709848062,-0.016327400209552458,-0.08340651645166156,4.010858975882143,43.3567339071982,173.89774535661957,3.9939855556718546,38.74458935162694,154.74533023083555,500071.0,15281323.68,126326.0
Butalbit/Acetamin/Caff/Codeine,Butalb-Caff-Acetaminoph-Codein,184,21304.0,20169.0,19277.0,2814650.64,2904189.22,2701271.3000000003,6899.0,6583.0,6307.0,-0.18175644127509658,0.08774093120641008,-0.05327638002253098,0.031811614104974704,-0.04422628786751946,-0.06987076413705574,-0.04875133394502522,-0.01902957501604052,3.063800698769558,143.99272249491796,441.1650037976607,3.056445219597273,140.12923691445766,428.2973362930078,18656.0,2104276.119999999,6070.0
Butalbital/Acetaminophen,Butalbital-Acetaminophen,185,6418.0,6513.0,4781.0,1376604.8400000003,1562837.0,1379908.3099999998,2032.0,2000.0,1472.0,-0.16736328805294323,0.7961459046388807,0.014802119040199438,0.13528367370842576,-0.2659296791033318,-0.11704911644656492,-0.12556378003156618,0.009117278630930419,3.2565,239.95654844157838,781.4185,3.2479619565217392,288.623365404727,937.4377105978259,4794.0,1387638.7299999995,1526.0
Butalbital/Aspirin/Caffeine,Butalbital-Aspirin-Caffeine,186,18161.0,16260.0,15202.0,1294004.4399999997,1145879.13,1033783.7599999998,6273.0,5576.0,5264.0,-0.3578880675818374,-0.4129098539813224,-0.10467485270634877,-0.11447048048768663,-0.06506765067650677,-0.09782477668478011,-0.08487125169142777,-0.10614762858623336,2.9160688665710186,70.47227121771218,205.50199605451934,2.887917933130699,68.00314169188263,196.38749240121575,13512.0,733446.0000000001,4687.0
Butorphanol Tartrate,Butorphanol Tartrate,187,21356.0,18771.0,16294.0,2408445.6099999994,2022940.74,1725964.74,5578.0,5043.0,4415.0,-0.3601664965051441,-0.251456284468383,-0.1210432665293126,-0.1600637641138176,-0.13195887272920995,-0.14680410262536905,-0.12650106962926128,-0.15343393336959332,3.7221891731112433,107.76947099248841,401.1383581201666,3.690600226500566,105.92639867435867,390.93199093997737,16311.0,1438838.7,4370.0
C1 Esterase Inhibitor,Cinryze,188,2692.0,2571.0,2087.0,125868791.39000005,120906001.64000005,103673538.57000002,775.0,765.0,620.0,-0.08944153577661432,0.006162688491216842,-0.044947994056463596,-0.039428278409561986,-0.1882535978218592,-0.14252777228801275,-0.1166007959391614,-0.09097802534878736,3.3607843137254902,47026.83844418516,158047.0609673203,3.3661290322580646,49675.86898418784,167215.38479032263,2271.0,111235762.98,655.0
"C1 Esterase Inhibitor, Recomb",Ruconest,189,315.0,262.0,241.0,29952350.18,22926799.870000005,26302928.750000004,80.0,70.0,70.0,0.13679245283018868,0.17800220719597168,-0.16825396825396827,-0.23455756452430723,-0.08015267175572519,0.14725687401396584,-0.12420332000484673,-0.0436503452551707,3.742857142857143,87506.86973282445,327525.7124285715,3.442857142857143,109140.78319502076,375756.12500000006,292.0,31789537.32,85.0
Cabazitaxel,Jevtana,190,203.0,152.0,148.0,2546480.57,2025942.3,2086622.06,70.0,50.0,45.0,0.45098039215686275,0.6501505159239976,-0.2512315270935961,-0.20441478177074793,-0.02631578947368421,0.029951376206518818,-0.13877365828364013,-0.08723170278211456,3.04,13328.567763157895,40518.846,3.2888888888888888,14098.797702702703,46369.37911111111,197.0,2906917.9799999995,65.0
Cabergoline,Cabergoline,191,39853.0,40197.0,41760.0,4908287.229999999,5087926.79,4403593.539999999,11002.0,11150.0,11577.0,0.042228212039532795,-0.25705570521352417,0.00863172157679472,0.03659923545264923,0.03888349876856482,-0.13450139482058093,0.023757610172679768,-0.04895107968396585,3.6051121076233184,126.57478891459562,456.31630403587445,3.6071521119461,105.45003687739461,380.3743232270881,47785.0,3563748.28,13265.0
Cabozantinib S-Malate,Cabometyx,192,18056.0,24450.0,26573.0,384115660.44,567624941.3000001,671560156.1799998,4720.0,6266.0,6707.0,1.1379837476868613,1.8593131370947553,0.3541205139565795,0.47774485593686117,0.08683026584867076,0.18310544043741747,0.22047538990262514,0.3304251481871393,3.902010852218321,23215.7440204499,90588.0851101181,3.961980020873714,25272.27472171,100128.24752944682,32442.0,769037445.6599998,7971.0
Calcifediol,Rayaldee,193,23018.0,20975.0,23867.0,31970965.05,29063505.800000004,33518313.73,4662.0,4182.0,4827.0,-0.18883186622710124,-0.14690646525976678,-0.0887566252498045,-0.0909406158197904,0.13787842669845055,0.15327840903487958,0.024560900724323022,0.031168896607544586,5.0155428024868485,1385.6260214541123,6949.66661884266,4.944478972446654,1404.3790057401434,6943.922463227677,25817.0,34992752.85,5279.0
Calcipotriene,Calcipotriene,194,70234.0,63338.0,71769.0,17904861.449999996,14597989.770000003,17571102.859999996,32790.0,31036.0,36130.0,-0.327646777774655,-0.5810063906567141,-0.09818606372981746,-0.18469127444714145,0.1331112444346206,0.2036659250241406,0.017462590352401573,0.009487325288499576,2.040791339090089,230.47759275632328,470.3566751514372,1.9864101854414613,244.8285869943847,486.3299988928867,79221.0,12867220.8,41564.0
Calcipotriene/Betamethasone,Enstilar,195,3051.0,2991.0,2604.0,3611642.54,3466193.2,3469888.99,1158.0,997.0,867.0,-0.21210287443267775,-0.21315471482778262,-0.01966568338249754,-0.04027235209163304,-0.12938816449348045,0.0010662388928580314,-0.074526923937989,-0.019603056599387502,3.0,1158.874356402541,3476.623069207623,3.0034602076124566,1332.5226536098312,4002.1787658592852,2299.0,2516643.19,694.0
"Calcitonin,salmon,synthetic",Calcitonin-Salmon,196,81607.0,70097.0,64919.0,6533535.869999999,6646609.849999999,5140308.36,25430.0,22399.0,21411.0,-0.397715886740639,-0.41423677188521546,-0.1410418223926869,0.01730670532003975,-0.07386906714980669,-0.2266270360370255,-0.1074554447712468,-0.10466016535849287,3.1294700656279297,94.8201756137923,296.7369012009464,3.032039605810098,79.18033795961121,240.0779206949699,63142.0,5597020.319999998,21156.0
Calcitriol,Calcitriol,197,870258.0,884662.0,962282.0,25894012.09,23368607.079999994,23037970.28,252331.0,260558.0,280133.0,-0.024044868609215102,-0.1864972749403247,0.016551413488873415,-0.09752853289874266,0.08773972432409213,-0.014148759439024012,0.052145568906482774,-0.05583864616888334,3.3952594048158184,26.415294293187674,89.68677637992306,3.4350897609349844,23.94097601326846,82.23940156996855,1038712.0,19398112.83,301399.0
Calcium Acetate,Calcium Acetate,198,339802.0,308645.0,288643.0,37538390.91,32113851.97,27442860.41,101566.0,92366.0,87271.0,-0.33479061470847843,-0.22955919588979318,-0.09169163218580233,-0.14450643217514508,-0.06480584490271996,-0.1454509899455079,-0.07824873854426115,-0.1449787110603265,3.341543425069831,104.047860713765,347.680444860663,3.3074331679481155,95.07544063081384,314.4556657996356,282992.0,20912351.219999995,85637.0
Calcium Gluconate,Calcium Gluconate,199,413.0,399.0,483.0,69130.62,64861.26,47678.4,85.0,75.0,85.0,0.1103448275862069,-0.09251741414361357,-0.03389830508474576,-0.061757872271360995,0.21052631578947367,-0.26491714777048736,0.08831400535236396,-0.16333751002092417,5.32,162.55954887218044,864.8168000000001,5.682352941176471,98.71304347826087,560.9223529411765,521.0,41966.43000000001,95.0
Canagliflozin,Invokana,200,273937.0,215224.0,147982.0,236597611.28000003,198551824.54999995,141402869.76999995,73855.0,59256.0,42332.0,-0.6131138969136851,-0.5131807634824626,-0.21433030222277386,-0.16080376519513978,-0.31242798200944133,-0.2878289076895819,-0.2633791421161076,-0.22431633644236085,3.632104765762117,922.535704893506,3350.746330329417,3.4957478975715772,955.5410101904282,3340.3304774166104,116409.0,98621209.56000002,33863.0
Canagliflozin/Metformin Hcl,Invokamet,201,18394.0,14484.0,8510.0,12900769.690000003,10671432.95,6537728.12,5814.0,4659.0,2908.0,-0.7351384998443822,-0.6823191628211183,-0.21256931608133087,-0.1728064908970562,-0.4124551228942281,-0.38736173945599306,-0.31251221948777946,-0.28008411517652465,3.1088216355441083,736.7738849765258,2290.4985941189093,2.9264099037138926,768.2406721504113,2248.187111416781,6626.0,4583918.27,2342.0
Canakinumab/Pf,Ilaris,202,396.0,580.0,679.0,10582420.85,15922040.97,19350192.09,150.0,225.0,240.0,1.6944444444444444,1.9942924478111383,0.46464646464646464,0.5045745388211433,0.1706896551724138,0.21530852272389292,0.31766805990943925,0.3599415307725181,2.577777777777778,27451.79477586207,70764.62653333334,2.8291666666666666,28498.07377025037,80625.800375,829.0,24906439.92,290.0
Candesartan Cilexetil,Candesartan Cilexetil,203,264029.0,243908.0,246613.0,29106364.76,28636819.71,27834431.509999994,70972.0,67098.0,68612.0,-0.09861363412075601,-0.05912884434580818,-0.07620753780834681,-0.01613204032422772,0.011090247142365154,-0.028019459148245156,-0.032558645332990827,-0.02207574973623644,3.6351008971951475,117.40828390212704,426.79095815076454,3.5943129481723313,112.86684607056398,405.6787662508015,267847.0,21556012.970000003,74727.0
Candesartan/Hydrochlorothiazid,Candesartan-Hydrochlorothiazid,204,67959.0,57622.0,52599.0,11112979.92,9890631.89,9029497.129999995,17327.0,15212.0,14161.0,-0.07462922890167309,0.05583047400446908,-0.15210641710443062,-0.10999282269917027,-0.08717156641560515,-0.08706569707347639,-0.11963899176001788,-0.09852925988632333,3.7879305811201682,171.64679965985215,650.1861615829608,3.7143563307676013,171.66670716173303,637.631320528211,50768.0,6335241.99,13619.0
Cannabidiol (Cbd),Epidiolex,205,29319.0,32721.0,35256.0,121456347.44,149088496.05,169144085.03999996,5443.0,5919.0,6461.0,1.3861928934010153,2.6593651361219135,0.1160339711449913,0.2275068301691719,0.07747318235995232,0.13452137167762346,0.09675357675247181,0.18101410092339767,5.528129751647238,4556.355125148987,25188.12232640649,5.456740442655936,4797.597147719536,26179.242383531957,37883.0,179075448.98,6885.0
Captopril,Captopril,206,29114.0,22601.0,20486.0,2384794.76,1791985.0000000005,1545472.4600000004,8589.0,6676.0,6046.0,-0.5802049180327868,-0.6495865851799665,-0.22370680772137116,-0.2485789427011318,-0.09357993009158887,-0.1375639528232658,-0.15864336890648,-0.1930714477621988,3.3854104254044337,79.28786336887751,268.4219592570402,3.3883559378101222,75.44042077516355,255.61899768441953,17957.0,940191.1100000002,5229.0
Carbamazepine,Carbamazepine Er,207,972418.0,917677.0,871763.0,105175583.96,97249747.08,89786593.78999999,223489.0,211241.0,202462.0,-0.2416497905270923,-0.2471158615760373,-0.056293692630124084,-0.07535814474787533,-0.05003285469724097,-0.07674213572875038,-0.05316327366368252,-0.07605014023831286,4.344218215213902,105.9738307487275,460.3734458746171,4.305810473076429,102.99426999081172,443.47380639329845,855051.0,71428102.33000001,199579.0
Carbidopa,Carbidopa,208,9615.0,9657.0,10283.0,5342542.99,5548097.55,4482162.159999999,2746.0,2766.0,2973.0,0.08872419269454739,-0.40207875794058573,0.00436817472698908,0.038475040890592734,0.06482344413378896,-0.19212628840673515,0.03459580943038902,-0.07682562375807121,3.4913232104121477,574.5156415035725,2005.8197939262473,3.458795829128826,435.880789652825,1507.6226572485702,12367.0,3878441.42,3490.0
Carbidopa/Levodopa,Carbidopa-Levodopa,209,2889498.0,2971679.0,3074397.0,319511679.53,347770938.81,380816114.47,711572.0,739988.0,769448.0,-0.006038008155643271,0.5263290694344498,0.02844127249785257,0.08844515268289803,0.03456564453966932,0.09501994552239977,0.03150345851876095,0.0917325491026489,4.015847554284664,117.02843369354497,469.9683492299875,3.995587746020524,123.86692885466647,494.92118306890137,3308337.0,349925135.0,829274.0
Carbidopa/Levodopa/Entacapone,Carbidopa-Levodopa-Entacapone,210,44150.0,35675.0,33221.0,14089463.289999995,10727776.35,9215217.45,10829.0,9029.0,8449.0,-0.5040383380857829,-0.5362653135852962,-0.19195922989807473,-0.2385958124030143,-0.06878766643307638,-0.14099463399048215,-0.13037344816557556,-0.18979522319674824,3.951157381769853,300.70851716888575,1188.1466773729094,3.9319446088294474,277.39133228981666,1090.6873535329623,32446.0,7145010.079999998,8188.0
Carbinoxamine Maleate,Ryvent,211,1485.0,1688.0,1873.0,1147946.1900000002,1316798.6699999997,614931.63,466.0,553.0,652.0,0.33404558404558404,0.289271822596936,0.1367003367003367,0.14709093637916903,0.10959715639810426,-0.533010137381138,0.12314874654922048,-0.19295960050098449,3.0524412296564196,780.0939988151657,2381.1910849909577,2.8726993865030677,328.3137373198078,943.1466717791411,2513.0,601792.3700000002,988.0
Carboplatin,Carboplatin,212,2034.0,2882.0,1732.0,124989.14999999997,156112.18000000002,96090.74,567.0,715.0,504.0,0.09828788839568801,-0.01169998738021871,0.4169124877089479,0.24900585370810238,-0.39902845246356694,-0.384476342589028,0.008942017622690479,-0.06773524444046282,4.030769230769231,54.16800138792506,218.33871328671333,3.4365079365079363,55.47964203233256,190.65623015873018,2431.0,129601.28,626.0
Carfilzomib,Kyprolis,213,413.0,838.0,920.0,3470484.14,6802117.430000001,7754297.129999999,100.0,145.0,190.0,2.4716981132075473,1.4885992263397443,1.0290556900726393,0.9599909279516259,0.09785202863961814,0.1399828376676523,0.5634538593561287,0.549986882809639,5.779310344827586,8117.085238663485,46911.15468965517,4.842105263157895,8428.58383695652,40812.09015789473,1154.0,10057107.150000002,245.0
Carglumic Acid,Carbaglu,214,12.0,37.0,38.0,2292467.16,3935725.01,4574790.75,5.0,15.0,15.0,2.1666666666666665,1.1570293119884882,2.0833333333333335,0.7168075855882705,0.02702702702702703,0.1623756076393153,1.0551801801801803,0.4395915966137929,2.466666666666667,106370.94621621621,262381.66733333335,2.533333333333333,120389.2302631579,304986.05,42.0,9276566.419999998,15.0
Cariprazine Hcl,Vraylar,215,354148.0,410852.0,510260.0,464888211.12,562652094.07,741099757.53,70012.0,81321.0,102597.0,1.667203320282893,2.1787215047456283,0.1601138507064843,0.21029546590237064,0.24195574075336132,0.3171545353527096,0.2010347957299228,0.2637250006275401,5.052225132499601,1369.4763420161032,6918.902793497376,4.973439769194031,1452.3963421197036,7223.405728530073,620682.0,901672327.92,124057.0
Carisoprodol,Carisoprodol,216,286956.0,263743.0,239793.0,4505638.69,4681433.039999998,4251097.739999997,69728.0,64814.0,59633.0,-0.21360780249763878,-0.04960164961215252,-0.08089393495866962,0.0390165217619786,-0.0908080972765154,-0.09192383962838886,-0.08585101611759251,-0.026453658933205133,4.069228870305798,17.74998024592121,72.22873206406021,4.021146009759697,17.728197820620274,71.28767192661778,235319.0,3376172.2500000005,59072.0
Carteolol Hcl,Carteolol Hcl,217,13736.0,12184.0,11773.0,340698.86999999994,321737.99999999994,296095.65,4318.0,3748.0,3685.0,0.015001293214932323,0.1363236982081011,-0.11298776936517181,-0.05565287023112228,-0.03373276428102429,-0.07969947597113156,-0.07336026682309806,-0.06767617310112692,3.250800426894344,26.406598818122124,85.84258271077907,3.1948439620081412,25.150399218550923,80.35160108548169,10660.0,239696.82,3281.0
Carvedilol,Carvedilol,218,13935851.0,14038473.0,14325976.0,154845970.85999998,160420544.16000003,169220130.76000008,3989541.0,4098142.0,4211647.0,0.0016364891065032369,0.14209520232670184,0.007363884702843049,0.03600076430170824,0.020479649033053667,0.05485323993929066,0.013921766867948358,0.04542700212049945,3.425570173019871,11.427207514663456,39.14470122313966,3.4015139445447353,11.812118822480233,40.17908688928585,14918248.0,128802867.17,4377365.0
Carvedilol Phosphate,Carvedilol Er,219,25288.0,22787.0,21809.0,8660795.47,7687289.29,7861951.76,8269.0,7338.0,7084.0,-0.3553545564718749,-0.28045724709323966,-0.09890066434672572,-0.11240378362150613,-0.042919208320533635,0.022720944068959286,-0.07090993633362967,-0.04484141977627342,3.1053420550558735,337.3541620222056,1047.6000667756882,3.0786278938452853,360.4911623641616,1109.8181479390175,22627.0,6607805.990000001,7352.0
Caspofungin Acetate,Caspofungin Acetate,220,2531.0,2156.0,1852.0,898787.54,1122898.7499999998,840023.94,828.0,646.0,622.0,4.544910179640719,0.674438744626924,-0.14816278150928486,0.24934837214142924,-0.14100185528756956,-0.2519147964141913,-0.14458231839842722,-0.0012832121363810234,3.3374613003095974,520.8250231910945,1738.2333591331267,2.977491961414791,453.57664146868245,1350.5208038585208,2962.0,884137.23,1018.0
Cefaclor,Cefaclor,221,2658.0,2310.0,2188.0,168537.56,156582.7,137214.4,1370.0,1239.0,1102.0,-0.4857814336075206,-0.4176106333477573,-0.1309255079006772,-0.07093291252110204,-0.05281385281385281,-0.1236937413903325,-0.091869680357265,-0.09731332695571726,1.8644067796610169,67.78471861471861,126.37828894269573,1.985480943738657,62.71224862888482,124.51397459165153,2151.0,127908.64,989.0
Cefadroxil,Cefadroxil,222,191049.0,229962.0,278718.0,2426859.649999999,3142943.030000001,3960729.51,149376.0,183310.0,223535.0,0.7143542523942207,1.061194518661246,0.20368073112133536,0.29506583950992077,0.21201763769666293,0.26019767847971403,0.20784918440899913,0.2776317589948174,1.2544978451802957,13.667227759368945,17.145507773716663,1.2468651441608696,14.21052644608529,17.718610105799986,379209.0,4717645.91,309202.0
Cefazolin Sodium,Cefazolin Sodium,223,37760.0,41195.0,45777.0,2348740.16,2550504.5,2907837.940000001,9424.0,10343.0,11539.0,0.6783501374885427,0.8106880761537657,0.09096927966101695,0.08590321885584816,0.11122709066634301,0.14010304235887483,0.10109818516367998,0.1130031306073615,3.9828869766992168,61.912962738196384,246.59233297882625,3.9671548661062483,63.521810953098736,252.00086142646683,47652.0,2464581.29,11981.0
"Cefazolin Sodium/Dextrose,iso",Cefazolin Sodium-Dextrose,224,452.0,263.0,301.0,47341.73,21186.98,29041.28,160.0,85.0,100.0,-0.5016556291390728,-0.3037581020860445,-0.41814159292035397,-0.5524671362875839,0.1444866920152091,0.37071352311655553,-0.13682745045257244,-0.0908768065855142,3.0941176470588236,80.55885931558934,249.2585882352941,3.01,96.48265780730897,290.4128,530.0,47466.45999999999,140.0
Cefdinir,Cefdinir,225,969832.0,1271203.0,1372695.0,21090165.54,26095901.82000001,28632746.600000005,823723.0,1093586.0,1194410.0,0.2075376592667659,0.08822682491180225,0.3107455724290393,0.23734931195803277,0.07983933329295163,0.09721238213947238,0.19529245286099545,0.16728084704875257,1.1624170389891604,20.528508680360265,23.86268827508766,1.1492661648847549,20.85878261376344,23.97229309868471,1646124.0,25171135.84,1433792.0
Cefepime Hcl,Cefepime Hcl,226,45224.0,48448.0,52699.0,8662726.569999998,10207854.46,12131282.03,12852.0,13444.0,14899.0,0.37226258365231885,0.7160955599891022,0.07128958075358217,0.17836507680514296,0.08774356010568032,0.18842623369455822,0.07951657042963126,0.18339565524985058,3.6036893781612616,210.6971280548217,759.2870023802441,3.537083025706423,230.1994730450293,814.2346486341364,55332.0,10149307.170000002,16032.0
Cefepime Hcl In Dextrose 5 %,Cefepime-Dextrose,227,325.0,300.0,548.0,62667.16,56275.93,117409.03,117.0,106.0,181.0,0.03984819734345351,0.5772441591711912,-0.07692307692307693,-0.10198690989028389,0.8266666666666667,1.0863099019420914,0.3748717948717949,0.49216149602590376,2.830188679245283,187.58643333333333,530.905,3.027624309392265,214.25005474452556,648.6686740331492,781.0,185057.5,256.0
Cefepime In Iso-Osm Dextrose,Cefepime,228,915.0,950.0,1096.0,268106.15,265616.78,300631.51,275.0,319.0,307.0,-0.23410202655485673,-0.13734251407711753,0.03825136612021858,-0.009285016401153033,0.15368421052631578,0.1318242394174042,0.09596778832326719,0.061269611508125585,2.9780564263322886,279.5966105263158,832.6544827586208,3.570032573289902,274.29882299270076,979.2557328990229,698.0,195069.41999999995,235.0
Cefixime,Suprax,229,1453.0,532.0,1483.0,240284.05,122174.03,165502.18000000002,937.0,341.0,1109.0,0.4043560606060606,-0.3270416828957271,-0.6338609772883689,-0.4915433213315657,1.787593984962406,0.3546428811425802,0.5768665038370187,-0.06845022009449275,1.5601173020527859,229.65043233082707,358.2816129032258,1.3372407574391343,111.59958192852328,149.2355094679892,2770.0,248554.05,1970.0
Cefoxitin Sodium,Cefoxitin,230,869.0,707.0,386.0,263050.61,200251.85,125437.56,185.0,185.0,130.0,-0.5563218390804597,-0.4290292648677067,-0.18642117376294592,-0.23873261498994428,-0.45403111739745405,-0.37360099294962823,-0.3202261455802,-0.30616680396978624,3.8216216216216217,283.2416548797737,1082.4424324324325,2.9692307692307693,324.96777202072536,964.9043076923077,703.0,155201.93000000002,180.0
Cefpodoxime Proxetil,Cefpodoxime Proxetil,231,87597.0,113985.0,161626.0,5628637.739999999,7143809.849999999,8940981.940000003,73171.0,97267.0,139787.0,0.9512978389472413,0.5239983946048155,0.3012431932600432,0.2691898430827065,0.41795850331183926,0.251570538373163,0.3596008482859412,0.2603801907279347,1.1718774096044908,62.673245163837336,73.44536019410488,1.1562305507665234,55.31895821216885,63.961469521486286,227615.0,10241742.849999998,200164.0
Cefprozil,Cefprozil,232,14667.0,15450.0,16752.0,504391.69,548492.1800000002,511552.88000000006,11731.0,12359.0,13753.0,-0.4173217391304348,-0.4880454763175353,0.05338515033749233,0.08743302253849615,0.08427184466019418,-0.06734699481039108,0.06882849749884326,0.010043013864052534,1.2501011408690024,35.501111974110046,44.379980580953166,1.2180615138515234,30.53682425978988,37.19573038609758,15862.0,428428.07,12988.0
Ceftaroline Fosamil Acetate,Teflaro,233,1143.0,1288.0,1289.0,1990527.23,2835590.73,3025320.41,340.0,350.0,360.0,-0.1325706594885599,0.02449724939092144,0.1268591426071741,0.42454254695124166,0.0007763975155279503,0.06691010729887673,0.06381777006135102,0.2457263271250592,3.68,2201.545597826087,8101.6878,3.5805555555555557,2347.029022498061,8403.667805555557,1613.0,3308563.38,385.0
Ceftazidime,Ceftazidime,234,4462.0,4911.0,4924.0,549478.55,563035.5599999998,591938.1099999999,1182.0,1285.0,1242.0,0.3387710712343665,0.37008705313827156,0.10062752129090094,0.024672500864683027,0.0026471187130930563,0.05133343620427821,0.051637320001997,0.03800296853448062,3.8217898832684827,114.64784361637138,438.1599688715952,3.964573268921095,120.21488830219332,476.6007326892109,5892.0,673814.4100000003,1549.0
Ceftazidime/Avibactam,Avycaz,235,1461.0,1048.0,1184.0,4637455.42,2998854.21,4366410.649999999,345.0,290.0,340.0,0.8187403993855606,1.1138690769685664,-0.28268309377138945,-0.35334058478129804,0.1297709923664122,0.4560263167978411,-0.07645605070248862,0.05134286600827154,3.613793103448276,2861.502108778626,10340.876586206896,3.4823529411764707,3687.84683277027,12842.384264705881,1379.0,5320693.12,345.0
Ceftriaxone In Is-Osm Dextrose,Ceftriaxone,236,1993.0,1760.0,1866.0,218383.1400000001,190419.91,178038.99000000002,724.0,609.0,722.0,-0.4408151033862751,-0.40208572649565455,-0.11690918213748118,-0.12804665231940562,0.060227272727272727,-0.06501904133869187,-0.028340954705104227,-0.09653284682904875,2.889983579638752,108.19313068181819,312.6763711001642,2.5844875346260388,95.41210610932477,246.59139889196678,2648.0,276351.05999999994,1258.0
Ceftriaxone Sodium,Ceftriaxone,237,183039.0,190685.0,214178.0,12266229.18,12891019.279999996,15500585.98,80289.0,82904.0,95239.0,0.06761775159137244,0.3781412304808668,0.0417725184250351,0.050935792151895525,0.12320318850460182,0.2024329219682934,0.08248785346481846,0.12668435706009445,2.300069960436167,67.60374061934601,155.4933330116761,2.2488476359474583,72.37244712342071,162.75460662123712,240082.0,14823680.45,107286.0
Cefuroxime Axetil,Cefuroxime,238,566886.0,647242.0,735591.0,13036643.489999998,16098137.529999996,13879136.100000003,459335.0,532848.0,612489.0,-0.14334776244030087,-0.3767187785642963,0.1417498403559093,0.23483759775653706,0.13650072152301612,-0.13784212154137268,0.1391252809394627,0.04849773810758219,1.2146841125424135,24.871898810645778,30.21150033405398,1.2009864666957284,18.86800694951407,22.66022099988735,780011.0,11602000.879999995,655951.0
Celecoxib,Celecoxib,239,3345987.0,3731395.0,4295142.0,168018268.53999996,188625469.67999995,171345726.26999998,1113448.0,1271648.0,1484923.0,0.4275337054658276,-0.07212423172437493,0.11518514566852771,0.12264857458100782,0.15108210200206626,-0.09160874954646778,0.13313362383529698,0.015519912517270022,2.9342986423916053,50.550925238416184,148.33151129872414,2.892501496710604,39.8929130329102,115.3903106558387,4993112.0,144433309.59,1741171.0
Cemiplimab-Rwlc,Libtayo,240,117.0,152.0,326.0,1145915.13,1506123.27,3265300.06,35.0,50.0,100.0,1.4696969696969697,1.5745206430774465,0.29914529914529914,0.3143410280305839,1.144736842105263,1.16801647318018,0.7219410706252811,0.741178750605382,3.04,9908.70572368421,30122.4654,3.26,10016.257852760737,32653.0006,773.0,7876761.019999999,240.0
Cenegermin-Bkbj,Oxervate,241,4985.0,5628.0,7205.0,153475836.20000002,194495585.71,265950488.03,1277.0,1526.0,1990.0,0.39307811291569994,2.1431883671391354,0.12898696088264794,0.26727171211854905,0.28020611229566456,0.36738572785164314,0.20459653658915625,0.3173287199850961,3.688073394495413,34558.56178216063,127454.51226081258,3.620603015075377,36911.93449410132,133643.46132160805,10391.0,407389196.59,2750.0
Cephalexin,Cephalexin,242,4805303.0,5020185.0,5406721.0,35182719.5,43584669.55999999,48054087.7,3772621.0,3982974.0,4339691.0,0.10238026109430598,0.30265942559840314,0.04471767961354362,0.23880899996943067,0.07699636567178302,0.1025456470157994,0.06085702264266332,0.17067732349261502,1.2604111902312192,8.681885141683024,10.942745184879437,1.2458769529904319,8.887843056817617,11.073158826285098,5743487.0,43365699.219999984,4628603.0
Ceritinib,Zykadia,243,170.0,161.0,213.0,1800007.26,1844532.72,2443867.25,70.0,65.0,80.0,0.13903743315508021,0.2768503054434678,-0.052941176470588235,0.024736266897056828,0.32298136645962733,0.3249248568493814,0.13502009499451956,0.1748305618732191,2.476923076923077,11456.7249689441,28377.42646153846,2.6625,11473.555164319248,30548.340625,212.0,2368238.06,80.0
Certolizumab Pegol,Cimzia,244,23280.0,25341.0,26490.0,137797813.44999996,159725539.08,177939618.76000002,6319.0,6839.0,7143.0,0.25682023058310005,0.6114827487682065,0.08853092783505155,0.1591297066404943,0.04534154137563632,0.11403360905783086,0.06693623460534394,0.1365816578491626,3.70536628162012,6303.047988635019,23355.101488521716,3.7085258294834103,6717.237401283504,24911.048405431895,26688.0,173433669.6,7074.0
Cetirizine Hcl,Cetirizine Hcl,245,24750.0,12691.0,20183.0,7113008.249999999,3647870.540000001,7399692.149999999,7662.0,5300.0,6184.0,1.6757258385257856,65.40255432538213,-0.48723232323232324,-0.48715502473935673,0.590339610747774,1.0284963703783188,0.051553643757725365,0.270670672819481,2.3945283018867927,287.4375967220866,688.2774603773587,3.263745148771022,366.6299435168211,1196.5866995472186,11699.0,3273977.0300000007,4264.0
Cetuximab,Erbitux,246,274.0,348.0,399.0,2034277.2,2521718.6300000004,2980076.3400000003,80.0,75.0,85.0,0.4199288256227758,0.12059364582447597,0.27007299270072993,0.23961406537909408,0.14655172413793102,0.18176401781986276,0.2083123584193305,0.21068904159947843,4.64,7246.317902298852,33622.91506666667,4.694117647058824,7468.8630075187975,35059.721647058825,367.0,3150127.2099999995,95.0
Cevimeline Hcl,Cevimeline Hcl,247,42924.0,41692.0,46922.0,8840065.87,9091729.22,9928622.160000002,12673.0,12476.0,13804.0,0.12156993976479587,0.04819883364570798,-0.028701891715590344,0.028468492622216346,0.1254437302120311,0.09204991919018034,0.04837091924822037,0.06025920590619834,3.3417762103238218,218.06891537944932,728.7375136261622,3.399159663865546,211.59844337411027,719.2568936540134,55174.0,8763009.320000002,16200.0
Chenodiol,Chenodal,248,277.0,280.0,243.0,14323780.419999998,13142511.61,10989228.83,100.0,105.0,90.0,-0.07251908396946564,-0.1233836794817199,0.010830324909747292,-0.08246906719895102,-0.13214285714285715,-0.16384104073087438,-0.060656266116554926,-0.12315505396491269,2.6666666666666665,46937.541464285714,125166.77723809524,2.7,45223.16390946502,122102.54255555556,288.0,14326754.23,105.0
Chlorambucil,Leukeran,249,1196.0,869.0,672.0,1011897.29,1427358.61,5190838.23,350.0,255.0,205.0,-0.7075718015665796,2.031525896762914,-0.2734113712374582,0.41057657146210963,-0.22669735327963175,2.6366741992049216,-0.25005436225854494,1.5236253853335155,3.407843137254902,1642.5300460299195,5597.48474509804,3.2780487804878047,7724.461651785715,25321.162097560977,287.0,4239744.600000001,85.0
Chlordiazepoxide Hcl,Chlordiazepoxide Hcl,250,47863.0,50071.0,52945.0,495746.56,522446.43,559550.44,15148.0,13886.0,14284.0,0.058286194007475665,0.21238390412183966,0.04613166746756367,0.053857902715452016,0.05739849413832358,0.07101974072250805,0.051765080802943626,0.062438821718980034,3.6058620193000146,10.434112160731761,37.62396874549906,3.706594791374965,10.568522806686182,39.17323158779053,54796.0,518882.71,14682.0
Chlordiazepoxide/Clidinium Br,Chlordiazepoxide-Clidinium,251,3498.0,4937.0,5214.0,3153619.2700000005,2662783.319999999,2324758.88,1173.0,1693.0,1739.0,3.1087470449172576,0.08623737710898798,0.4113779302458548,-0.15564210767902922,0.05610694753899129,-0.12694402787531325,0.23374243889242305,-0.14129306777717124,2.9161252215002955,539.3525055701841,1572.8194447725923,2.998274870615296,445.86859992328345,1336.836618746406,5037.0,2440529.8800000004,1630.0
Chlorhexidine Gluconate,Chlorhexidine Gluconate,252,1704959.0,1782189.0,1907877.0,10119590.03,11017264.62,11178709.730000002,1071744.0,1150083.0,1262833.0,0.27946428032535897,0.14718112612011056,0.045297276943316526,0.0887066163094356,0.07052450666006804,0.014653828837597907,0.05791089180169229,0.05168022257351675,1.5496177232425834,6.181872192006571,9.57953871155386,1.5107912130899335,5.859240260247386,8.852088700564526,2051145.0,10500260.989999998,1365648.0
Chloroquine Phosphate,Chloroquine Phosphate,253,1392.0,1065.0,1105.0,249804.86,183448.98,166685.94,367.0,278.0,340.0,-0.3465405085748078,-0.20929058986869226,-0.2349137931034483,-0.26563086082472526,0.03755868544600939,-0.09137712294720858,-0.09867755382871946,-0.1785039918859669,3.8309352517985613,172.2525633802817,659.888417266187,3.25,150.84700452488687,490.2527647058824,877.0,94775.25999999997,278.0
Chlorothiazide,Chlorothiazide,254,155.0,122.0,34.0,7919.34,5845.740000000001,1286.3,55.0,50.0,16.0,-0.984396512161542,-0.9776910486872094,-0.2129032258064516,-0.2618400018183333,-0.7213114754098361,-0.7799594234433964,-0.46710735060814385,-0.5208997126308649,2.44,47.91590163934427,116.91480000000001,2.125,37.83235294117647,80.39375,44.0,3794.0,15.0
Chlorpromazine Hcl,Chlorpromazine Hcl,255,188361.0,181424.0,177449.0,71334001.14,64158903.320000015,57627013.25000001,36574.0,34956.0,34349.0,-0.10822926351232505,-0.29689847873837344,-0.03682821815556299,-0.10058454180802433,-0.021910000881911987,-0.10180800687040183,-0.029369109518737488,-0.10119627433921308,5.190067513445475,353.64066121351095,1835.4189071976202,5.166060147311421,324.7525387576149,1677.691148213922,174886.0,39773330.14000001,33709.0
Chlorthalidone,Chlorthalidone,256,1949974.0,2078622.0,2154162.0,56220073.06999997,54212755.17999999,48615405.060000025,563510.0,607912.0,629168.0,0.19921038435866276,-0.27052145879054174,0.06597421298950652,-0.035704647475300395,0.036341383859114354,-0.10324784456011056,0.05115779842431044,-0.06947624601770548,3.4192810801563382,26.08110333672981,89.17862318888258,3.423826386593088,22.56812860871189,77.26935422653413,2246636.0,36480905.73,653810.0
Chlorzoxazone,Chlorzoxazone,257,36316.0,33585.0,32687.0,14959956.570000002,12140130.599999998,9442905.369999995,11263.0,10553.0,10688.0,-0.2909390659233389,-0.536442503349006,-0.07520101332745897,-0.1884915879805929,-0.026738127140092303,-0.2221743174657448,-0.050969570233775637,-0.20533295272316884,3.182507343883256,361.4747833854399,1150.3961527527715,3.0582896706586826,288.8887132499157,883.5053677020953,34442.0,11672605.3,11502.0
Cholestyramine (With Sugar),Cholestyramine,258,219353.0,218361.0,216903.0,23439360.06000001,22554414.99,20143868.51,78581.0,78157.0,77135.0,-0.008094277757199106,-0.14116826457459783,-0.004522390849452709,-0.03775466001352987,-0.006677016500199211,-0.10687692325732084,-0.00559970367482596,-0.07231579163542536,2.793876428215003,103.28957547364226,288.57831019614366,2.8119919621442926,92.87040063991739,261.15082012056786,235448.0,18157083.05,83278.0
"Chorionic Gonadotropin, Human",Chorionic Gonadotropin,259,240.0,236.0,331.0,101059.92999999998,91051.74,165890.5,85.0,90.0,125.0,0.3187250996015936,0.44876408717745037,-0.016666666666666666,-0.09903222770884539,0.4025423728813559,0.8219366263621101,0.19293785310734463,0.36145219932663236,2.6222222222222222,385.81245762711865,1011.686,2.648,501.1797583081571,1327.124,270.0,164050.6,100.0
Ciclesonide,Alvesco,260,183993.0,191487.0,193193.0,26038020.82,27230892.640000004,28422841.309999995,76354.0,83463.0,85217.0,0.5968739151278702,0.8546468720666228,0.04072981037322072,0.04581269168829261,0.00890922099150334,0.04377192792604651,0.024819515682362032,0.04479230980716956,2.2942741094856403,142.20752656838326,326.26304637983304,2.267071124306183,147.12148633749666,333.53487344074534,187862.0,27504089.140000004,81989.0
Ciclopirox,Ciclopirox,261,375301.0,438766.0,516229.0,13523783.54,16052401.939999996,19163526.770000003,173314.0,203819.0,240799.0,0.38434825048806126,0.16057165386603886,0.1691042656427774,0.18697566346880445,0.1765474079577725,0.1938105488280596,0.17282583680027494,0.19039310614843202,2.1527237401812394,36.5853369221863,78.75812333491969,2.1438170424295784,37.12214302179847,79.58308286163981,611839.0,18285697.97,286313.0
Ciclopirox Olamine,Ciclopirox,262,309440.0,322895.0,355235.0,9981918.36,11329356.48,11859935.4,152213.0,160771.0,178326.0,0.2752091036364289,0.03687164231911086,0.04348177352637022,0.13498789224719737,0.10015639759054801,0.046832220429875636,0.07181908555845912,0.09091005633853651,2.008415696860752,35.08681298874247,70.4689059594081,1.9920538788510929,33.3861680296142,66.50704552336732,405961.0,10291584.2,201184.0
Cilostazol,Cilostazol,263,537490.0,521044.0,514567.0,13556728.920000002,13371776.06,13996115.49,150294.0,146955.0,146994.0,-0.16175732735589643,0.050950790473292984,-0.030597778563322107,-0.013642882519185258,-0.012430811985168239,0.04669083801572427,-0.02151429527424517,0.016523977748269504,3.5456023952910756,25.66342969115852,90.99231778435576,3.500598663891043,27.199792233081407,95.21555634923875,527294.0,10870371.460000005,149368.0
Cimetidine,Cimetidine,264,72760.0,51358.0,47334.0,3758557.770000001,2709623.63,2527723.660000001,21664.0,15613.0,14318.0,8.244921875,12.475439738927468,-0.2941451346893898,-0.27907889254020984,-0.07835196074613497,-0.06713108344128177,-0.1862485477177624,-0.1731049879907458,3.2894382886056492,52.75952393005958,173.54919810414398,3.305908646459003,53.40186039633247,176.5416720212321,42352.0,2055078.22,12183.0
Cinacalcet Hcl,Sensipar,265,154702.0,157763.0,173633.0,94972758.03999998,81706856.4,86026082.68000002,37506.0,39211.0,43940.0,0.2042543156960252,-0.42651439416778336,0.019786428100477045,-0.13968112450111989,0.10059392886798552,0.052862470425431955,0.06019017848423128,-0.04340932703784396,4.023437300757441,517.9088658303912,2083.7738491749765,3.9515930814747384,495.4477701819356,1957.8079808830228,200573.0,56013826.52,51509.0
Ciprofloxacin,Cipro,266,50.0,26.0,54.0,8466.34,9134.71,12926.87,10.0,10.0,20.0,0.38461538461538464,1.2276607000994335,-0.48,0.07894438446837701,1.0769230769230769,0.4151374263660261,0.29846153846153844,0.24704090541720153,2.6,351.335,913.4709999999999,2.7,239.3864814814815,646.3435000000001,53.0,11173.79,20.0
Ciprofloxacin Hcl,Ciprofloxacin Hcl,267,3335820.0,3256959.0,3350770.0,21576431.75,25183259.770000003,27007385.899999995,2603289.0,2554115.0,2640907.0,-0.13192082242870562,-0.08822814885360739,-0.023640664064607804,0.16716517641986856,0.028803248674607203,0.07243407512211797,0.0025812923049996998,0.11979962577099326,1.275181031394436,7.73213901986485,9.859877010236424,1.2687951525744754,8.06005362946427,10.226556974554573,3362534.0,22888290.750000004,2654133.0
Ciprofloxacin Hcl/Dexameth,Ciprodex,268,69381.0,71870.0,75545.0,12517760.92,11986397.82,11931670.980000002,44458.0,47052.0,50255.0,-0.11178911972534772,-0.42987253908257683,0.03587437482884363,-0.04244873371491102,0.05113399192987338,-0.004565745340829843,0.043504183379358505,-0.023507239527870434,1.5274589815523252,166.77887602615834,254.74789211935732,1.5032335091035718,157.94124005559604,237.42256452094324,106245.0,12022292.84,72163.0
Ciprofloxacin In 5 % Dextrose,Ciprofloxacin-D5w,269,354.0,362.0,207.0,10695.490000000003,9300.62,7079.26,133.0,100.0,80.0,-0.591715976331361,-0.6072502088781828,0.022598870056497175,-0.13041665225249166,-0.4281767955801105,-0.23883999131240718,-0.20278896276180666,-0.18462832178244942,3.62,25.69232044198895,93.0062,2.5875,34.19932367149759,88.49075,235.0,7709.009999999998,89.0
Ciprofloxacin/Hydrocortisone,Cipro Hc,270,116.0,113.0,45.0,38976.17,38951.48,17349.49,57.0,50.0,27.0,-0.6052631578947368,-0.5412550731144566,-0.02586206896551724,-0.0006334639858147954,-0.6017699115044248,-0.5545871427735224,-0.31381599023497103,-0.2776103033796686,2.26,344.70336283185844,779.0296000000001,1.6666666666666667,385.54422222222223,642.5737037037038,30.0,10593.42,10.0
Cisplatin,Cisplatin,271,209.0,249.0,165.0,10625.31,14398.200000000004,9230.19,65.0,81.0,45.0,0.1,0.14645079554346638,0.19138755980861244,0.35508516927976735,-0.3373493975903614,-0.35893445013960096,-0.07298091889087449,-0.0019246404299168018,3.074074074074074,57.824096385542184,177.75555555555562,3.6666666666666665,55.94054545454546,205.11533333333335,315.0,14115.649999999998,100.0
Citalopram Hydrobromide,Citalopram Hbr,272,6844133.0,6511582.0,6227631.0,54609477.180000015,53843204.690000005,56552139.44000002,1600472.0,1537908.0,1472943.0,-0.20002417539674242,-0.07894062201171095,-0.04858920771995518,-0.014031859112554305,-0.04360706814411613,0.05031154377969501,-0.046098137932035654,0.01813984233357035,4.234051711805908,8.26883615840206,35.01067989112483,4.228019006845479,9.080843010769266,38.39397684771238,6061804.0,43926773.83,1426472.0
Citric Ac/Gluconolact/Mag Carb,Renacidin,273,7776.0,7029.0,7231.0,1412909.3200000003,1407811.3499999996,1491784.06,1996.0,1922.0,1932.0,0.035811488325454804,0.20379153680963646,-0.09606481481481481,-0.00360813672033862,0.028738085076113244,0.059647700666712516,-0.03366336486935079,0.028019781973186948,3.6571279916753383,200.28615023474174,732.472086368366,3.7427536231884058,206.30397731987279,772.1449585921325,5281.0,1058833.84,1486.0
Citric Acid/Sodium Citrate,Sodium Citrate-Citric Acid,274,568.0,435.0,514.0,22506.13,20494.06,23036.849999999995,196.0,155.0,170.0,-0.06715063520871144,0.2520714452260691,-0.23415492957746478,-0.08940097653394874,0.18160919540229886,0.1240744879247935,-0.02627286708758296,0.01733675569542238,2.806451612903226,47.11278160919541,132.21974193548388,3.023529411764706,44.81877431906614,135.51088235294114,344.0,10347.97,110.0
Cladribine,Mavenclad,275,706.0,433.0,496.0,46815200.39,30475284.200000003,36686580.91,327.0,180.0,223.0,14.030303030303031,17.599942317060226,-0.386685552407932,-0.34903014520664744,0.14549653579676675,0.20381423415897112,-0.12059450830558263,-0.07260795552383816,2.4055555555555554,70381.71870669747,169307.13444444447,2.2242152466367715,73964.88086693548,164513.8157399103,650.0,48612212.35999999,293.0
Clarithromycin,Clarithromycin,276,51307.0,54520.0,53194.0,2023083.87,2071001.82,1661511.8699999992,39397.0,42568.0,42020.0,-0.4977860440525307,-0.594447229689428,0.06262303389401057,0.023685597374665416,-0.024321349963316214,-0.19772553845462137,0.01915084196534718,-0.08701997053997798,1.2807742905468897,37.98609354365371,48.65161200902086,1.2659209900047597,31.23494886641349,39.54097739171821,52036.0,1458023.0399999998,40964.0
Clemastine Fumarate,Clemastine Fumarate,277,652.0,3165.0,2850.0,178380.7,16091013.24,14111390.869999995,218.0,1020.0,959.0,1.0607375271149675,153.48696465443592,3.854294478527607,89.20602139132765,-0.0995260663507109,-0.1230265826317849,1.8773842060884482,44.541497404347936,3.1029411764705883,5084.048417061612,15775.50317647059,2.9718456725755997,4951.365217543858,14714.693295099058,3660.0,12026403.979999997,992.0
Clindamycin Hcl,Clindamycin Hcl,278,1167859.0,1128720.0,1108598.0,9982677.160000002,11000420.46,9749777.6,863062.0,837186.0,824616.0,-0.06455004489087804,-0.08009596804951567,-0.033513463525990723,0.10195093797864527,-0.017827273371606774,-0.11369045979175246,-0.025670368448798747,-0.005869760906553598,1.3482308590922447,9.745924994684245,13.13975682823172,1.3443808997157465,8.79469167362741,11.823415504913802,1069311.0,7725046.329999997,793431.0
Clindamycin Palmitate Hcl,Clindamycin Pediatric,279,144.0,156.0,125.0,20382.06,24997.36,17367.600000000002,40.0,40.0,35.0,0.42045454545454547,0.32057839746158423,0.08333333333333333,0.22643932948877588,-0.1987179487179487,-0.3052226315098874,-0.05769230769230769,-0.03939165101055575,3.9,160.23948717948718,624.934,3.5714285714285716,138.94080000000002,496.2171428571429,82.0,10653.999999999998,27.0
Clindamycin Phos/Benzoyl Perox,Clindamycin-Benzoyl Peroxide,280,2924.0,2987.0,3209.0,467039.9,375356.72,380933.68,1248.0,1222.0,1352.0,-0.029634109464771696,-0.41291910406091387,0.021545827633378933,-0.19630695364571646,0.07432206226983595,0.014857759839759952,0.047933944951607445,-0.09072459690297825,2.444353518821604,125.66344827586207,307.16589198036,2.3735207100591715,118.70790900592084,281.75568047337276,4209.0,318484.99000000005,1780.0
Clindamycin Phosphate,Clindamycin Phosphate,281,295790.0,317824.0,362430.0,17741783.0,17783663.72,17070061.610000003,144331.0,153584.0,176326.0,0.26947043226373657,-0.42130478469481003,0.07449203827039454,0.0023605699607530317,0.14034811719693918,-0.040126833324983485,0.10742007773366685,-0.018883131682115226,2.0693822273153453,55.9544393123238,115.79112225231795,2.0554541020609554,47.09892009491489,96.80966851173396,439279.0,16185075.999999998,214365.0
Clindamycin Phosphate/D5w,Clindamycin Phosphate-D5w,282,46.0,82.0,71.0,3905.93,7668.740000000001,9675.26,20.0,25.0,25.0,-0.6282722513089005,-0.5078810665698222,0.782608695652174,0.9633582783101594,-0.13414634146341464,0.2616492409444054,0.32423117709437965,0.6125037596272824,3.28,93.52121951219513,306.74960000000004,2.84,136.2712676056338,387.0104,117.0,14084.670000000002,40.0
Clobazam,Clobazam,283,115240.0,125220.0,135270.0,42819032.78000001,49729760.70999999,46306682.110000014,23218.0,25200.0,27335.0,0.41343531550735085,-0.2259938696351389,0.08660187434918432,0.1613938354354389,0.0802587446094873,-0.06883360287940504,0.0834303094793358,0.046280116278016925,4.969047619047619,397.13912082734385,1973.4032027777776,4.948600695079568,342.3278044651439,1694.0436111212737,150448.0,39416024.82,30495.0
Clobetasol Propionate,Clobetasol Propionate,284,1306995.0,1381855.0,1683838.0,84995471.49000002,97541033.59000003,112840131.58999996,693712.0,734265.0,908921.0,0.7672003761434383,0.14497561513857854,0.05727642416382618,0.14760271200420405,0.21853450615296105,0.1568478150878278,0.1379054651583936,0.15222526354601593,1.8819567867186915,70.58702511479137,132.84173096906434,1.8525680449676045,67.01365071342966,124.14734788832028,2068536.0,97691421.02000004,1110688.0
Clobetasol Propionate/Emoll,Clobetasol Emollient,285,6772.0,7116.0,8340.0,786001.14,997069.72,1126019.2800000005,2885.0,2974.0,3480.0,0.541019955654102,0.651999039392211,0.050797401063201415,0.2685346995807156,0.17200674536256325,0.12932852880137663,0.11140207321288233,0.1989316141910461,2.3927370544720916,140.11659921304104,335.26217888365835,2.396551724137931,135.01430215827344,323.5687586206898,12993.0,1575507.1000000003,5312.0
Clocortolone Pivalate,Clocortolone Pivalate,286,308.0,131.0,43.0,109486.22999999998,44398.4,13833.72,170.0,82.0,33.0,-0.7152317880794702,-0.8049659268549618,-0.5746753246753247,-0.5944841648123238,-0.6717557251908397,-0.6884185015676241,-0.6232155249330822,-0.6414513331899739,1.5975609756097562,338.91908396946565,541.4439024390244,1.303030303030303,321.71441860465114,419.20363636363635,64.0,17565.92,40.0
Clomipramine Hcl,Clomipramine Hcl,287,79224.0,75584.0,76062.0,23315957.290000003,19616355.630000003,16218006.609999996,20167.0,19252.0,19401.0,-0.12320461095100864,-0.5153701075712676,-0.04594567302837524,-0.15867251830945517,0.006324089754445385,-0.1732405898475244,-0.019810791636964926,-0.1659565540784898,3.92603365884064,259.53053066786623,1018.9255988988158,3.920519560847379,213.22088046593564,835.9366326478014,78450.0,8626136.730000002,19900.0
Clonazepam,Clonazepam,288,8719777.0,8499259.0,8276010.0,75535549.49000001,73692073.07999998,77511462.39000003,1610471.0,1586453.0,1556336.0,-0.08280693984934158,0.03161384205890809,-0.025289408203902464,-0.024405414701379517,-0.02626687808901929,0.05182903873329395,-0.025778143146460875,0.013711812015957215,5.357397288164226,8.67041151234478,46.450839123503805,5.317624214822506,9.365800958432871,49.803809967770476,8263838.0,67724022.52,1547346.0
Clonidine,Clonidine,289,261182.0,244712.0,250946.0,39012360.05,36978398.36,37043545.77,70158.0,66043.0,67248.0,-0.17834422015945517,-0.19212991960604886,-0.06305947576785537,-0.05213634056983942,0.025474843898133315,0.0017617693812957203,-0.018792315934861026,-0.02518728559427185,3.7053434883333587,151.10986939749583,559.9139705949154,3.7316500118962646,147.61560562830252,550.8497764989294,258039.0,29921514.390000004,69229.0
Clonidine Hcl,Clonidine Hcl,290,2984270.0,2845105.0,2784308.0,28869515.469999995,27940600.96,27476166.79,801887.0,775682.0,762260.0,-0.1642815507345645,-0.13536152393271658,-0.046632844883338305,-0.032176311062971724,-0.02136898286706466,-0.016622196876326663,-0.03400091387520148,-0.024399253969649193,3.6678754953705255,9.82058692385694,36.02069012817108,3.652701178075722,9.868221040919323,36.04566262167764,2723121.0,17879976.67,749167.0
Clopidogrel Bisulfate,Clopidogrel,291,12124692.0,11983500.0,12148014.0,150546545.65000004,189292598.81,189623807.31,3487745.0,3533999.0,3638337.0,-0.06396275395894832,0.05221109777762224,-0.011644996837857819,0.2573692607340138,0.013728376517711853,0.0017497171156303172,0.001041689839927017,0.12955948892482205,3.3909177676620734,15.796102875620646,53.563285900760015,3.3388919168290347,15.609449191448084,52.11826373147952,12681186.0,145447151.01999995,3818002.0
Clorazepate Dipotassium,Clorazepate Dipotassium,292,101920.0,86234.0,75404.0,10644441.12,9427543.6,8070025.320000001,28709.0,24801.0,22007.0,-0.37198920611653397,-0.35578645095448286,-0.1539050235478807,-0.11432234969232463,-0.12558851497089316,-0.1439949087055931,-0.13974676925938692,-0.12915862919895887,3.4770372162412806,109.32513393788992,380.1275593726059,3.42636433861953,107.0238358707761,366.7026546098969,66221.0,5619128.949999999,19660.0
Clotrimazole,Clotrimazole,293,407719.0,422115.0,448876.0,12291618.230000002,13190448.859999996,12901512.94,171269.0,178114.0,192683.0,0.048626247193741076,-0.1360343754564439,0.03530863168015226,0.07312549195566687,0.06339741539627826,-0.02190493462858521,0.04935302353821526,0.025610278663540827,2.3699147736842696,31.248472240976973,74.05621601895413,2.3296087355916195,28.741819433429274,66.95719362891381,502509.0,11690358.229999997,218087.0
Clotrimazole/Betamethasone Dip,Clotrimazole-Betamethasone,294,1095336.0,1074430.0,1117697.0,29958688.660000004,32613115.980000008,32275788.770000003,542503.0,530947.0,559012.0,0.06906011028268906,0.028805587579802464,-0.019086380800046744,0.08860292084626924,0.04026972441201381,-0.010343299002979983,0.010591671805983534,0.03912981092164463,2.0236106428701923,30.35387692078591,61.424428389274276,1.9994150393909254,28.877046972480024,57.737202009974744,1206036.0,26757495.240000013,601483.0
Clozapine,Clozapine,295,1159804.0,1126165.0,1107362.0,115256282.98,116832516.21,106115207.33,116637.0,119390.0,119737.0,-0.0675293901682193,-0.09785987734683985,-0.02900403861342089,0.013675898521501922,-0.016696487637246762,-0.09173224396482418,-0.022850263125333826,-0.039028172721661133,9.432657676522322,103.74369316219203,978.578743697127,9.248285826436273,95.82702614863071,886.2357277199195,1108545.0,96853765.73999996,120531.0
Cobicistat,Tybost,296,248.0,322.0,294.0,65460.49999999999,93358.01,97109.18,100.0,125.0,120.0,-0.15028901734104047,0.13385551142382784,0.29838709677419356,0.4261731884113321,-0.08695652173913043,0.040180483709967664,0.10571528751753156,0.2331768360606499,2.576,289.93170807453413,746.86408,2.45,330.3033333333333,809.2431666666666,313.0,116815.16,125.0
Cobimetinib Fumarate,Cotellic,297,261.0,408.0,433.0,1284068.21,2125993.6,2269003.0800000005,95.0,140.0,145.0,1.366120218579235,1.3955868219507384,0.5632183908045977,0.6556703011906199,0.061274509803921566,0.06726712629802857,0.3122464503042596,0.3614687137443242,2.914285714285714,5210.768627450981,15185.668571428572,2.986206896551724,5240.191870669747,15648.29710344828,604.0,2875136.96,207.0
Codeine Sulfate,Codeine Sulfate,298,5696.0,5214.0,4668.0,545763.53,512844.96,446844.9100000001,2006.0,1824.0,1564.0,-0.313226423422098,-0.08039452049246365,-0.08462078651685394,-0.06031654405342916,-0.1047180667433832,-0.12869396240142425,-0.09466942663011857,-0.0945052532274267,2.8585526315789473,98.35921749136939,281.165,2.9846547314578005,95.72513067694946,285.70646419437344,4467.0,357454.5199999999,1526.0
Codeine/Butalbital/Asa/Caffein,Butalbital Compound-Codeine,299,11432.0,8806.0,8756.0,1649044.1799999997,1220755.98,1090078.84,4105.0,3175.0,3170.0,-0.390929326655537,-0.533602657605122,-0.22970608817354793,-0.2597190573754063,-0.005677946854417443,-0.10704607811955989,-0.11769201751398269,-0.1833825677474831,2.773543307086614,138.62775153304565,384.49007244094486,2.7621451104100947,124.49507080858841,343.873451104101,8283.0,861611.4099999999,2990.0
Colchicine,Colchicine,300,623616.0,617391.0,703212.0,85232130.61000001,74195764.21,61705288.85000001,204320.0,204396.0,242242.0,0.10920218303416511,-0.5631966093600657,-0.009982104371921182,-0.12948598516795917,0.13900591359446446,-0.16834485759385895,0.06451190461127164,-0.14891542138090907,3.0205630247167266,120.17629704676614,363.00007930683574,2.902931778964837,87.74777570633039,254.72580663138518,825465.0,46310164.66000001,287835.0
Colesevelam Hcl,Colesevelam Hcl,301,127038.0,114692.0,112866.0,42689026.38,37052652.71,32505942.87,38831.0,34950.0,34334.0,-0.30572625440587575,-0.5804573760356341,-0.09718351989168596,-0.13203331506854576,-0.01592090119624734,-0.12270942854174934,-0.05655221054396665,-0.12737137180514754,3.281602288984263,323.0622250026157,1060.1617370529327,3.2872953923224792,288.0047389825102,946.7566514242442,125726.0,18868378.05,38332.0
Colestipol Hcl,Colestipol Hcl,302,256208.0,274703.0,295766.0,25297686.06,25962225.46,27039010.51,81537.0,88695.0,96013.0,0.18191990153531382,0.16977043066728884,0.07218744145381877,0.026268781991517935,0.07667553685252801,0.0414750673688973,0.07443148915317338,0.03387192468020762,3.097164439934607,94.51016355846133,292.71351778567,3.080478685178049,91.42027991723187,281.6182236780436,351397.0,26883172.95,113622.0
Colistin (Colistimethate Na),Colistimethate,303,1434.0,1483.0,1613.0,1119976.15,1232387.9000000004,1246919.39,412.0,409.0,451.0,-0.22152509652509653,-0.36002558277068875,0.03417015341701534,0.10036977126700464,0.08766014834794336,0.011791328038841926,0.060915150882479355,0.05608054965292328,3.625916870415648,831.0100472016186,3013.1733496332527,3.57649667405765,773.043639181649,2764.7880044345898,1561.0,1005389.12,454.0
Collagenase Clostridium Hist.,Santyl,304,178496.0,166152.0,157887.0,103920220.21999998,119159254.71,140750407.92,78033.0,74164.0,72385.0,-0.3054966613588577,0.3438399115953993,-0.0691556113302259,0.14664166855823482,-0.049743608262314026,0.18119577251927907,-0.05944960979626996,0.16391872053875695,2.240332236664689,717.1701496822186,1606.6994055067148,2.181211576984182,891.4629318436603,1944.4692673896523,140988.0,133610799.36,65140.0
Corticotropin,Acthar,305,3838.0,3452.0,3626.0,224521061.89,214549021.37,242261667.89,1046.0,948.0,1079.0,-0.45555555555555555,-0.375149739226514,-0.10057321521625846,-0.04441472187979229,0.05040556199304751,0.12916696773092337,-0.025083826611605478,0.04237612292556554,3.6413502109704643,62152.09193800695,226317.5330907173,3.360518999073216,66812.37393546608,224524.25198331787,3871.0,251942896.93,1100.0
Crisaborole,Eucrisa,306,3354.0,2424.0,2630.0,2595245.75,1957061.3500000003,2297106.1700000004,1205.0,899.0,925.0,-0.487429351003703,-0.35832019836101575,-0.2772808586762075,-0.24590519028881935,0.08498349834983498,0.17375276457225014,-0.09614868016318626,-0.036076212858284606,2.696329254727475,807.3685437293731,2176.9314238042275,2.843243243243243,873.4243992395438,2483.358021621622,2525.0,2151382.0700000003,770.0
Crizotinib,Xalkori,307,1342.0,1574.0,1135.0,23540948.62,28876950.56000001,22184016.98,475.0,580.0,410.0,-0.3488238668961561,-0.1739705315605294,0.17287630402384502,0.22666894296122925,-0.2789072426937738,-0.23177425075038835,-0.0530154693349644,-0.0025526538945795513,2.713793103448276,18346.22017789073,49787.845793103465,2.768292682926829,19545.38940969163,54107.35848780488,1463.0,28283481.53,575.0
Crofelemer,Mytesi,308,2096.0,1616.0,1577.0,5112979.21,4453160.430000001,4556469.109999999,549.0,425.0,410.0,-0.4925997425997426,1.0750676960984946,-0.22900763358778625,-0.12904781202894805,-0.024133663366336634,0.023198957599647664,-0.12657064847706145,-0.052924427214650197,3.8023529411764705,2755.6685829207927,10478.024541176472,3.846341463414634,2889.327273303741,11113.339292682926,1674.0,4749287.64,451.0
Cromolyn Sodium,Cromolyn Sodium,309,47369.0,53393.0,45752.0,5428169.690000001,5639847.219999999,4689954.150000002,18505.0,20879.0,18181.0,-0.052047074424001326,0.2384244438032925,0.12717177901158985,0.03899611509749936,-0.14310864720094393,-0.16842531950714734,-0.00796843409467704,-0.06471460220482399,2.557258489391254,105.6289629726743,270.1205622874658,2.5164732412958584,102.50817778457777,257.95908640888854,47800.0,4543712.889999999,19324.0
Cyanocobalamin (Vitamin B-12),Cyanocobalamin Injection,310,60336.0,78960.0,104898.0,530674.91,746332.56,863772.35,20199.0,26474.0,34255.0,19.92519449431478,8.189599376815,0.30867143993635643,0.40638373123764227,0.3284954407294833,0.15735584415612244,0.31858344033291985,0.28186978769688237,2.982548915917504,9.452033434650456,28.19115207373272,3.0622682820026275,8.234402467158572,25.215949496423878,153278.0,1967592.6800000004,49100.0
Cyclobenzaprine Hcl,Cyclobenzaprine Hcl,311,4961900.0,5180059.0,5783649.0,73886316.19999999,79739046.50000001,63506826.69000001,1708199.0,1825851.0,2107652.0,0.31042065152522375,0.10112220381455739,0.04396682722344263,0.07921264181255835,0.1165218388439205,-0.2035667658754861,0.08024433303368157,-0.06217706203146388,2.837065565591059,15.393462989514214,43.67226378275117,2.744119522577731,10.980408162736019,30.131552405235784,6281618.0,55444543.81999999,2369773.0
Cyclopentolate Hcl,Cyclopentolate Hcl,312,4613.0,8216.0,8646.0,49889.88999999999,89230.65999999997,90938.49,3838.0,6613.0,7045.0,-0.29351201176662856,-0.34993769477531084,0.7810535443312379,0.7885519491023129,0.05233690360272639,0.019139497567316338,0.4166952239669821,0.4038457233348146,1.2424013307122335,10.860596397273609,13.493219416301221,1.2272533711852378,10.517984038861902,12.908231369765792,5571.0,58697.85,4568.0
Cyclophosphamide,Cyclophosphamide,313,1319.0,1822.0,1570.0,734688.1499999998,1000755.4499999996,891792.4499999998,429.0,593.0,492.0,-0.025450031036623216,0.006618283413011463,0.3813495072024261,0.36214998159423134,-0.13830954994511527,-0.10888074604040358,0.12151997862865542,0.12663461777691387,3.072512647554806,549.262047200878,1687.6145868465424,3.1910569105691056,568.0206687898088,1812.5862804878045,1519.0,677527.5200000001,453.0
Cyclosporine,Restasis,314,1551588.0,1568903.0,1642296.0,1494807965.95,1569087611.12,1550673258.57,560345.0,578743.0,591200.0,0.1071011581345809,0.26687567553495606,0.011159534618726106,0.04969176433495433,0.046779820039862245,-0.011735707056444071,0.028969677329294174,0.01897802863925513,2.710880304383811,1000.1176689189834,2711.1992907387216,2.7779025710419485,944.2105799259085,2622.924997581191,1852153.0,1436284116.54,666685.0
"Cyclosporine, Modified",Cyclosporine Modified,315,25958.0,23601.0,22492.0,4749355.200000001,4149652.19,3840010.62,7096.0,6413.0,6144.0,-0.2756432965121896,-0.341815589476298,-0.09080052392326066,-0.12627040613850088,-0.04698953434176518,-0.07461868027064693,-0.06889502913251291,-0.10044454320457391,3.680180882582255,175.8252696919622,647.0687961952284,3.6608072916666665,170.727841899342,625.001728515625,23981.0,3607305.38,6506.0
Cyproheptadine Hcl,Cyproheptadine Hcl,316,110443.0,115035.0,118960.0,3404389.16,3359122.9,3441060.57,32760.0,34617.0,35204.0,0.15031668520040614,-0.017701885129071802,0.04157800856550438,-0.013296441115445286,0.03412005041943756,0.024392578788945154,0.03784902949247097,0.005548068836749934,3.323078256348037,29.200877124353458,97.03679983822977,3.379161458925122,28.926198470073974,97.7462950232928,130958.0,2448426.87,38506.0
Cysteamine Bitartrate,Procysbi,317,363.0,358.0,357.0,22579787.87,19986378.930000003,22123652.149999995,105.0,110.0,110.0,0.07207207207207207,0.10009819540185308,-0.013774104683195593,-0.11485532791234311,-0.002793296089385475,0.10693649047111262,-0.008283700386290534,-0.003959418720615247,3.2545454545454544,55827.87410614526,181694.35390909095,3.2454545454545456,61971.01442577029,201124.1104545454,337.0,19656909.31,100.0
Cysteamine Hcl,Cystaran,318,209.0,161.0,295.0,1679010.38,1316071.12,2517229.74,70.0,55.0,100.0,0.18,0.47949196050028886,-0.22966507177033493,-0.21616260645154547,0.8322981366459627,0.9126851898398926,0.3013165324378139,0.3482612916941735,2.9272727272727272,8174.354782608696,23928.56581818182,2.95,8532.982169491526,25172.297400000003,350.0,3128656.2800000003,120.0
Dabigatran Etexilate Mesylate,Pradaxa,319,597293.0,542885.0,502535.0,384297965.44,298527767.90000004,149913264.93,180341.0,176297.0,169334.0,-0.3524066886253164,-0.6574383070139368,-0.09109097210246897,-0.22318670732955304,-0.07432513331552723,-0.4978247216847931,-0.0827080527089981,-0.36050571450717306,3.079377414249817,549.8913543383959,1693.3230168408993,2.9677146940366375,298.3140774871402,885.3110711965701,548684.0,135630139.61,201697.0
Dabrafenib Mesylate,Tafinlar,320,5315.0,5779.0,5450.0,55808186.35999999,63336378.82000002,68680946.68,1683.0,1830.0,1743.0,0.4315734173890202,0.9087463382086554,0.08730009407337723,0.13489405320284326,-0.056930264751687144,0.08438385584355994,0.015184914660845043,0.1096389545232016,3.1579234972677597,10959.747156947573,34610.043071038264,3.1267928858290306,12602.008565137616,39403.870728628804,6719.0,84963998.05000003,2068.0
Dacomitinib,Vizimpro,321,39.0,59.0,76.0,583372.0,942976.11,1328368.94,10.0,10.0,20.0,1.1714285714285715,1.913804940896897,0.5128205128205128,0.6164233285107958,0.288135593220339,0.40869840276229263,0.4004780530204259,0.5125608656365442,5.9,15982.64593220339,94297.611,3.8,17478.538684210525,66418.447,65.0,954666.18,25.0
Dalbavancin Hcl,Dalvance,322,652.0,885.0,1241.0,2773969.08,3987827.15,5975798.090000001,229.0,293.0,374.0,2.8184615384615386,3.104296478900824,0.35736196319018404,0.4375888969894357,0.40225988700564974,0.4985098062738253,0.3798109250979169,0.46804935163163053,3.0204778156996586,4506.019378531073,13610.33156996587,3.3181818181818183,4815.308694601129,15978.06975935829,1630.0,7664560.6499999985,515.0
Dalfampridine,Dalfampridine Er,323,99570.0,100095.0,93929.0,98450195.79000002,85069976.31,78047513.2,19879.0,19968.0,19412.0,-0.06373413873189597,-0.46881466329214944,0.005272672491714371,-0.1359085106193268,-0.061601478595334436,-0.08254925432692882,-0.028164403051810033,-0.10922888247312781,5.0127704326923075,849.8923653529148,4260.31532001202,4.8387080156604165,830.9203036335956,4020.580733566866,96448.0,61625591.67999997,20050.0
"Dalteparin Sodium,porcine",Fragmin,324,287.0,218.0,195.0,835057.74,688380.01,640652.69,105.0,80.0,70.0,-0.5815450643776824,-0.48033267167586075,-0.24041811846689895,-0.1756498059643157,-0.10550458715596331,-0.06933280935917949,-0.17296135281143113,-0.1224913076617476,2.725,3157.7064678899083,8604.750125,2.7857142857142856,3285.39841025641,9152.181285714285,140.0,434280.84,50.0
Danazol,Danazol,325,2619.0,2635.0,2234.0,683277.87,749793.7300000001,647173.49,808.0,852.0,721.0,-0.30771614502634026,-0.19713282053756853,0.0061092019854906456,0.09734818427530824,-0.1521821631878558,-0.1368646280891147,-0.07303648060118258,-0.019758221906903232,3.0927230046948355,284.5517001897534,880.039589201878,3.0984743411927878,289.69269919427035,897.6053952843273,1824.0,392873.81,615.0
Dantrolene Sodium,Dantrolene Sodium,326,26114.0,24484.0,24246.0,2178589.71,1976284.69,1910886.2800000005,7459.0,6799.0,6790.0,-0.1517928983732727,-0.2627694758661519,-0.06241862602435475,-0.09286054141878786,-0.009720633883352394,-0.033091593701512434,-0.03606962995385357,-0.06297606756015015,3.601117811442859,80.71739462506126,290.6728474775702,3.570839469808542,78.81243421595316,281.4265508100148,25313.0,1813340.1700000004,6786.0
Dapagliflozin Propanediol,Farxiga,327,1203593.0,2217887.0,3755745.0,1062589115.8399998,2089074035.0,3719615328.450001,312683.0,566260.0,953082.0,7.437828571942091,10.503609365916754,0.8427217506250037,0.9660224294209353,0.6933887975356725,0.7805090993101165,0.7680552740803381,0.8732657643655259,3.916729064387384,941.9208620637571,3689.2488167979373,3.940631551115224,990.3801585171519,3902.7233002511857,5200687.0,4739872154.829999,1323829.0
Dapagliflozin/Saxagliptin Hcl,Qtern,328,885.0,880.0,829.0,523793.6100000001,508778.01,466663.27,275.0,262.0,222.0,1.2165775401069518,1.5566958928353842,-0.005649717514124294,-0.028667016384564314,-0.05795454545454545,-0.08277625835283249,-0.031802131484334875,-0.0557216373686984,3.3587786259541983,578.1568295454546,1941.9008015267175,3.734234234234234,562.9231242460796,2102.086801801802,905.0,453091.79999999993,242.0
Dapsone,Dapsone,329,41939.0,38228.0,36756.0,3414733.56,3198738.6299999994,3018429.91,12620.0,11588.0,11177.0,-0.24643267180580614,-0.26719528916313817,-0.0884856577410048,-0.06325381649981518,-0.038505807261693,-0.05636869430623011,-0.06349573250134889,-0.059811255403022644,3.2989299275112187,83.67528068431514,276.0388876423886,3.288538963943813,82.12073974317119,270.0572523933077,37122.0,2409421.5700000003,11347.0
Daptomycin,Daptomycin,330,62895.0,77027.0,90504.0,98759703.62,92761722.83,90243317.07,15043.0,18176.0,21708.0,1.4742065119330763,-0.0007279468083776618,0.2246919468956197,-0.060733078068749335,0.17496462279460448,-0.027149191316933257,0.1998282848451121,-0.0439411346928413,4.23784110915493,1204.2754206966388,5103.527884573064,4.169154228855722,997.1196529435163,4157.14561774461,108740.0,84040842.14000002,26583.0
Daratumumab,Darzalex,331,982.0,1061.0,1108.0,9083830.780000005,10159062.1,11349142.52,245.0,230.0,205.0,-0.02206531332744925,0.13719232798226122,0.08044806517311609,0.11836760790033059,0.04429783223374175,0.11714471358532201,0.062372948703428924,0.1177561607428263,4.613043478260869,9574.987841658813,44169.8352173913,5.404878048780488,10242.908411552346,55361.67082926829,1435.0,14190908.81,232.0
Darbepoetin Alfa In Polysorbat,Aranesp,332,13007.0,13818.0,15614.0,32361671.96,37094784.96999999,43726175.25000001,3306.0,3467.0,3910.0,-0.006363752068219423,0.5467115618998031,0.06235104174675175,0.14625675137706914,0.1299753944130844,0.17876880228212894,0.09616321807991807,0.16251277682959903,3.985578309777906,2684.5263402807927,10699.389953850588,3.9933503836317135,2800.4467304982713,11183.16502557545,18619.0,47271138.89999999,4541.0
Darifenacin Hydrobromide,Darifenacin Er,333,17728.0,16220.0,14359.0,3455798.479999999,3197475.4600000004,2543340.289999999,5848.0,5247.0,4774.0,-0.34535424455183733,-0.4712985571701564,-0.08506317689530686,-0.0747506029344624,-0.11473489519112207,-0.20457863654722191,-0.09989903604321446,-0.13966461974084216,3.091290261101582,197.1316559802713,609.3911682866401,3.0077503142019273,177.1251681871996,532.7482802681188,14624.0,1802211.0500000005,4651.0
Darolutamide,Nubeqa,334,13749.0,19656.0,34064.0,165001189.63,244138015.79000005,446966468.1,3013.0,4205.0,7178.0,346.59183673469386,393.11344336983205,0.42963124590879337,0.47961367028599683,0.733007733007733,0.8307942196288951,0.5813194894582632,0.6552039449574459,4.674435196195006,12420.533973850226,58058.98116290132,4.745611590972416,13121.37353511038,62268.94233769853,64907.0,828748991.2700001,13032.0
Darunavir/Cob/Emtri/Tenof Alaf,Symtuza,335,77447.0,79753.0,80106.0,334009582.76000005,366484732.61,397354074.9800001,13093.0,13759.0,14229.0,0.6536135251739157,1.1247022737866363,0.029775201105271994,0.09722819801051853,0.004426165786866952,0.08423090956656609,0.01710068344606947,0.0907295537885423,5.796424158732466,4595.246982684037,26636.000625772223,5.629770187644951,4960.353468903703,27925.650079415285,76838.0,373028942.6199998,13934.0
Darunavir/Cobicistat,Prezcobix,336,99750.0,93845.0,88388.0,227063230.83,228756160.69,231965216.3100001,17056.0,16623.0,16043.0,-0.2448051948051948,-0.03334086617764911,-0.05919799498746867,0.007455763990548802,-0.05814907560338856,0.01402828063874031,-0.05867353529542862,0.010742022314644556,5.6454911869097035,2437.595617134637,13761.424573783312,5.509443370940597,2624.3971614925113,14458.967544100236,85239.0,216510876.85000005,15284.0
Dasatinib,Sprycel,337,23389.0,25751.0,24371.0,273286671.62000006,315684282.26000005,315004632.55,6711.0,7331.0,6821.0,0.13527740252480552,0.36883882921025446,0.10098764376416264,0.15513969411195092,-0.05359015183876354,-0.002152941239691729,0.02369874596269955,0.07649337643612959,3.512617651070795,12259.107695235138,43061.55807666076,3.5729365195719103,12925.388065733865,46181.59104969946,23139.0,294956121.42,6507.0
Decitabine,Decitabine,338,128.0,98.0,99.0,472238.0500000001,247518.8,202115.96,40.0,35.0,40.0,0.43478260869565216,-0.30716602168951007,-0.234375,-0.47586010911234294,0.01020408163265306,-0.18343188476996494,-0.11208545918367346,-0.32964599694115393,2.8,2525.702040816326,7071.965714285714,2.475,2041.5753535353535,5052.898999999999,148.0,140617.96000000002,50.0
Deferasirox,Jadenu,339,9029.0,9334.0,9264.0,40174107.70000001,32372557.899999995,28739095.44,2592.0,2686.0,2622.0,-0.028115820394460762,-0.7283505490302631,0.03378004208660981,-0.1941934804939056,-0.007499464323976859,-0.11223896706660903,0.013140288881316476,-0.15321622378025732,3.4750558451228595,3468.240614956074,12052.329821295605,3.533180778032037,3102.23396373057,10960.753409610985,9471.0,17430053.140000004,2718.0
Deferiprone,Ferriprox,340,590.0,944.0,957.0,10678406.250000004,17423725.389999997,20091531.07,165.0,285.0,260.0,0.30027173913043476,0.8528304708952021,0.6,0.6316784529526577,0.013771186440677966,0.1531133910966674,0.306885593220339,0.39239592202466256,3.312280701754386,18457.336218220335,61135.8785614035,3.6807692307692306,20994.285339602928,77275.1195,1296.0,24678709.02,374.0
Deferoxamine Mesylate,Deferoxamine Mesylate,341,337.0,234.0,208.0,98616.22,76921.54999999999,78081.99,65.0,50.0,55.0,-0.5251141552511416,-0.15248922267940948,-0.3056379821958457,-0.21999088993676713,-0.1111111111111111,0.015086019457486452,-0.2083745466534784,-0.10245243523964034,4.68,328.7245726495726,1538.4309999999998,3.7818181818181817,375.3941826923077,1419.6725454545456,309.0,73597.71999999999,60.0
Deflazacort,Emflaza,342,746.0,895.0,969.0,6640110.549999999,9062228.05,12023435.37,195.0,225.0,225.0,1.3576642335766422,3.1937896413526183,0.19973190348525469,0.3647706588258538,0.08268156424581005,0.3267637167881687,0.14120673386553237,0.3457671878070112,3.977777777777778,10125.394469273744,40276.569111111115,4.306666666666667,12408.086037151703,53437.49053333333,855.0,11429471.939999998,191.0
Degarelix Acetate,Firmagon,343,1119.0,1145.0,1223.0,648888.23,678157.1999999998,731559.9299999999,295.0,302.0,261.0,0.20019627085377822,0.2723011954407941,0.02323503127792672,0.04510633518502848,0.06812227074235808,0.07874683038092069,0.0456786510101424,0.06192658278297458,3.7913907284768213,592.2770305676854,2245.5536423841054,4.685823754789272,598.1683810302534,2802.911609195402,1499.0,810164.5700000002,344.0
Delafloxacin Meglumine,Baxdela,344,86.0,35.0,37.0,239949.39,74097.76000000001,132767.09,32.0,21.0,15.0,-0.907035175879397,-0.8525105401397469,-0.5930232558139535,-0.6911942139131922,0.05714285714285714,0.7917827745400128,-0.2679401993355482,0.05029428031341027,1.6666666666666667,2117.0788571428575,3528.4647619047623,2.466666666666667,3588.2997297297297,8851.139333333333,22.0,64476.09,10.0
Demeclocycline Hcl,Demeclocycline Hcl,345,7006.0,6136.0,5284.0,3083515.6800000006,2825646.48,2567636.6200000006,2086.0,1808.0,1620.0,-0.4577732170343766,-0.28117167882787597,-0.12417927490722239,-0.08362830832110463,-0.13885267275097785,-0.09131002828067841,-0.13151597382910013,-0.08746916830089152,3.393805309734513,460.5030117340287,1562.8575663716815,3.2617283950617284,485.92668811506445,1584.9608765432101,4798.0,2075995.89,1491.0
Denosumab,Prolia,346,194559.0,227079.0,256048.0,282202840.92999995,357023777.6599999,444869751.3,115147.0,133066.0,150749.0,0.414653281546103,0.9040441251118257,0.1671472406827749,0.26513176296676333,0.12757234266488754,0.24605076506601023,0.14735979167383123,0.25559126401638677,1.7065140606916869,1572.2448031742254,2683.0578634662493,1.6985054627228042,1737.4466947603576,2951.0627022401477,291226.0,517926086.15,171444.0
Desipramine Hcl,Desipramine Hcl,347,26734.0,23562.0,22033.0,1842126.2,1619063.8199999998,1428795.0200000005,8524.0,7500.0,7066.0,-0.3130573049822286,-0.5437156500364374,-0.11865040772050572,-0.12108963001557664,-0.06489262371615313,-0.11751778876758506,-0.09177151571832942,-0.11930370939158086,3.1416,68.71504201680672,215.87517599999998,3.118171525615624,64.84795624744703,202.20705066515717,21508.0,961137.6799999996,7030.0
Desloratadine,Desloratadine,348,45229.0,47673.0,56981.0,2291847.59,2540924.47,2614858.24,15017.0,16035.0,19968.0,-0.030341705806275952,-0.05966445390540814,0.05403612726348139,0.10867951302119543,0.1952467853921507,0.029097193117275152,0.12464145632781605,0.06888835306923528,2.9730589335827875,53.299026073458776,158.46114561895854,2.85361578525641,45.89000263245644,130.95243589743592,68861.0,2467933.660000001,24549.0
Desloratadine/Pseudoephedrine,Clarinex-D 12 Hour,349,216.0,85.0,120.0,62765.28999999999,22500.2,37986.39,90.0,35.0,50.0,-0.6930946291560103,-0.6917487774271471,-0.6064814814814815,-0.6415184252315252,0.4117647058823529,0.6882689931645051,-0.0973583877995643,0.023375283966489913,2.4285714285714284,264.7082352941176,642.8628571428571,2.4,316.55325,759.7278,138.0,56204.4,55.0
Desmopressin (Nonrefrigerated),Desmopressin Acetate,350,7155.0,6194.0,5751.0,1353504.470000001,1296650.51,1162256.3199999998,2484.0,2155.0,2050.0,-0.2121917808219178,-0.26951053682189285,-0.13431167016072676,-0.042005003500284605,-0.07152082660639328,-0.10364719634437207,-0.10291624838356002,-0.07282609992232833,2.874245939675174,209.33976590248628,601.6939721577726,2.8053658536585364,202.09638671535382,566.9543024390243,5444.0,778734.7699999998,1909.0
Desmopressin Acetate,Desmopressin Acetate,351,116956.0,113729.0,112029.0,10641401.189999996,11149840.1,10450157.31,33690.0,32718.0,32365.0,-0.12246304724156569,-0.015353247903256186,-0.027591572899209958,0.04777931974576781,-0.0149478145415857,-0.06275271965559391,-0.02126969372039783,-0.007486699954913051,3.476037655113393,98.0386717547855,340.7861146769362,3.4614243781863125,93.2808229119246,322.8845144446161,116246.0,8099429.73,33224.0
Desog-E.Estradiol/E.Estradiol,Desogestr-Eth Estrad Eth Estra,352,1432.0,1381.0,1388.0,40284.55999999999,39269.10999999999,36990.640000000014,555.0,530.0,535.0,-0.3679417122040073,-0.4658555628541674,-0.0356145251396648,-0.025206927914813947,0.005068790731354091,-0.058021941419094544,-0.015272867204155355,-0.04161443466695425,2.6056603773584905,28.435271542360603,74.09266037735848,2.594392523364486,26.650317002881856,69.14138317757012,935.0,18968.3,360.0
Desogestrel-Ethinyl Estradiol,Apri,353,5337.0,4652.0,4150.0,105734.86999999998,83574.89,70572.30999999998,2010.0,1745.0,1555.0,-0.3508524949163147,-0.4351352013308507,-0.12834925988382986,-0.20958062368639585,-0.10791057609630267,-0.15557998341367862,-0.11812991799006627,-0.18258030355003724,2.665902578796562,17.965367583834908,47.893919770773635,2.6688102893890675,17.005375903614453,45.38412218649517,3437.0,54189.83,1295.0
Desonide,Desonide,354,58467.0,53631.0,66254.0,6072646.600000002,4920916.459999998,4965778.670000001,34909.0,33186.0,42170.0,0.08577515568666011,-0.525026876393794,-0.08271332546564729,-0.18965868028612168,0.23536760455706587,0.009116637188350638,0.0763271395457093,-0.09027102154888553,1.6160730428493943,91.75507560925581,148.28290423672627,1.5711169077543277,74.95062441512967,117.75619326535454,85914.0,4651533.0,55556.0
Desoximetasone,Desoximetasone,355,20905.0,17295.0,12603.0,3732385.17,3105012.15,2414401.0600000005,8782.0,7565.0,5621.0,-0.5755708223883613,-0.39509853599754513,-0.17268596029657976,-0.1680890346051825,-0.2712922810060711,-0.22241816026388156,-0.22198912065132542,-0.19525359743453202,2.2861863846662263,179.5323590633131,410.4444348975545,2.2421277352784204,191.57351900341192,429.53230030243736,10395.0,930394.4299999996,4630.0
Desvenlafaxine,Desvenlafaxine Er,356,2823.0,2513.0,1755.0,412466.1999999999,351885.5300000001,232119.22999999995,914.0,850.0,595.0,-0.2865853658536585,-0.2817483328411297,-0.1098122564647538,-0.14687426509129675,-0.30163151611619576,-0.3403558537914307,-0.20572188629047478,-0.24361505944136372,2.956470588235294,140.02607640270597,413.9829764705883,2.9495798319327733,132.2616695156695,390.1163529411764,1675.0,230666.65000000005,595.0
Desvenlafaxine Succinate,Desvenlafaxine Succinate Er,357,494551.0,518707.0,581990.0,45068103.470000006,52166013.5,47983950.26,112713.0,118615.0,132298.0,0.31565978533127165,0.10257126086302551,0.04884430523848905,0.15749298247539487,0.12200143819150311,-0.08016835022288989,0.08542287171499607,0.03866231612625249,4.373030392446149,100.56932622848737,439.79272014500697,4.399083886377723,82.4480665647176,362.69596108784714,672652.0,40725896.54,151891.0
Deutetrabenazine,Austedo,358,86260.0,107260.0,135031.0,519661888.67,692515196.8399999,909547831.74,18088.0,22650.0,28770.0,1.8648321805915051,2.571384091302471,0.2434500347785764,0.3326264864494741,0.25891292187208653,0.31339764945280146,0.25118147832533144,0.3230120679511378,4.735540838852097,6456.416155509975,30574.62237704194,4.693465415363225,6735.844596722234,31614.45365797706,178660.0,1208369454.3400004,38754.0
Dexamethasone,Dexamethasone,359,953816.0,1024708.0,951787.0,16646364.02,17149876.240000002,14502936.500000002,590155.0,646851.0,574245.0,0.431454529867997,0.05435866707723787,0.07432460768114604,0.030247579555214038,-0.07116271171885064,-0.15434162340054297,0.001580947981147704,-0.062047021922664466,1.5841484360385931,16.736354395593672,26.512869640767352,1.657458053618229,15.23758624566211,25.25566004057502,1017398.0,13665964.490000002,615691.0
Dexamethasone Sodium Phosp/Pf,Dexamethasone Sodium Phosphate,360,1753.0,2019.0,2594.0,28715.860000000008,27571.31,36356.4,710.0,988.0,1276.0,1.3160714285714286,0.6970486820197253,0.1517398745008557,-0.03985776501208761,0.2847944526993561,0.31863157753476345,0.2182671636001059,0.13938690626133793,2.0435222672064777,13.655923724616148,27.906184210526316,2.0329153605015673,14.015574402467232,28.492476489028213,3091.0,40878.68,1326.0
Dexamethasone Sodium Phosphate,Dexamethasone Sodium Phosphate,361,48212.0,49329.0,53200.0,1820779.11,1910507.7,2009715.4400000009,25715.0,27174.0,28936.0,-0.19206645708992057,-0.3394996061562079,0.023168505766199287,0.04928032703538643,0.07847310912445012,0.05192742222394651,0.0508208074453247,0.050603874629666465,1.8153013910355487,38.72990938393237,70.30645837933318,1.838540226707216,37.77660601503761,69.45380978711643,51265.0,1635686.3899999997,28531.0
Dexlansoprazole,Dexilant,362,984390.0,704034.0,621114.0,468654904.5599998,309168267.98999995,221469233.9900001,223454.0,186405.0,157119.0,-0.44334248677172805,-0.5040071813739576,-0.28480175540182245,-0.3403071962294625,-0.11777840274759457,-0.2836611744476845,-0.20129007907470853,-0.3119841853385735,3.776905125935463,439.1382631946752,1658.5835572543651,3.95314379546713,356.56777015169536,1409.5636682387242,571900.0,145389771.87000006,144206.0
Dexmethylphenidate Hcl,Dexmethylphenidate Hcl Er,363,27373.0,30415.0,32852.0,3299511.2,3499156.659999999,3540825.37,9159.0,10166.0,10649.0,0.6041015625,0.19718755244927375,0.11113140686077522,0.060507586699508405,0.08012493835278646,0.011908215049737414,0.09562817260678083,0.03620790087462291,2.9918355301987014,115.04707085319741,344.2019142238835,3.084984505587379,107.78112047972726,332.50308667480516,30037.0,2502505.590000001,10036.0
Dextroamphetamine Sulfate,Dextroamphetamine Sulfate Er,364,46553.0,41558.0,38486.0,7673505.79,6734796.82,5697027.26,15484.0,13870.0,12662.0,-0.21141709695926564,-0.3473582095182011,-0.10729705926578309,-0.12233117374112254,-0.07392078540834496,-0.15409070054172777,-0.09060892233706402,-0.13821093714142516,2.996250901225667,162.05777034505994,485.56574044700795,3.039488232506713,148.02856259419008,449.93107407992414,42649.0,4194792.100000001,14194.0
Dextroamphetamine/Amphetamine,Dextroamphetamine-Amphet Er,365,1688280.0,1717992.0,1593491.0,90750876.76,86512826.55000004,86466686.43000002,348903.0,359267.0,345530.0,0.04821900434748574,-0.0909040923196311,0.01759897647309688,-0.046699826616638886,-0.07246890555951367,-0.0005333327072992236,-0.027434964543208394,-0.023616579661969055,4.781936554150534,50.35694377505835,240.80371019325472,4.611729806384395,54.26242534786831,250.2436443434724,1939675.0,76948572.31,409165.0
Dextromethorphan Hbr/Quinidine,Nuedexta,366,158206.0,144086.0,132636.0,137037401.41000003,132836428.65,132204408.23,28447.0,26626.0,25059.0,-0.5152919335918229,-0.28083245464338885,-0.08925072373993401,-0.030655665656058352,-0.07946642977110892,-0.00475788476416557,-0.08435857675552147,-0.01770677521011196,5.411477503192368,921.924605096956,4988.974260121686,5.292948641206752,996.7460435326759,5275.725616744483,126336.0,128153985.96,23944.0
Dextrose 10 % And 0.45 % Nacl,Dextrose 10%-0.45% Nacl,367,33.0,19.0,29.0,1351.53,967.67,2075.94,10.0,5.0,5.0,-0.546875,-0.10540264508539003,-0.42424242424242425,-0.2840188527076721,0.5263157894736842,1.145297467111722,0.051036682615629964,0.4306393072020249,3.8,50.93,193.534,5.8,71.58413793103449,415.188,73.0,5123.539999999999,25.0
Dextrose 10 % In Water,Dextrose In Water,368,523.0,294.0,217.0,21553.74,17451.67,13700.83,55.0,55.0,30.0,0.16666666666666666,1.5834634414928126,-0.4378585086042065,-0.19031824639250558,-0.2619047619047619,-0.21492728203088865,-0.34988163525448424,-0.20262276421169712,5.345454545454546,59.35942176870748,317.3030909090909,7.233333333333333,63.137465437788016,456.6943333333333,118.0,6545.72,10.0
Dextrose 5 % And 0.9 % Nacl,Dextrose 5%-0.9% Nacl,369,2825.0,2315.0,2344.0,80360.13000000002,79659.04000000002,85547.49,1044.0,808.0,905.0,-0.13664825046040516,0.12103393943015471,-0.18053097345132743,-0.008724351242338661,0.012526997840172787,0.07392067491649386,-0.08400198780557733,0.0325981618370776,2.86509900990099,34.409952483801305,98.58792079207923,2.5900552486187847,36.49636945392492,94.52761325966851,1904.0,65986.84,759.0
Dextrose 5 % In Water,Dextrose In Water,370,7336.0,5955.0,7735.0,157715.48,133191.70000000007,188047.74000000005,2396.0,1927.0,2607.0,-0.011501597444089457,0.3550831903531047,-0.18824972737186477,-0.1554938044128575,0.2989084802686818,0.4118577959437409,0.055329376448408504,0.1281819957654417,3.090295796574987,22.36636439966416,69.11868188894658,2.967011891062524,24.311278603749198,72.13185270425778,8392.0,194081.18,2999.0
Dextrose 5 %-0.2 % Sod Chlorid,Dextrose 5%-0.2% Nacl,371,81.0,138.0,53.0,1661.5800000000002,2442.36,1010.62,28.0,30.0,20.0,-0.39080459770114945,-0.4798902778564039,0.7037037037037037,0.46990214133535546,-0.6159420289855072,-0.5862116968833424,0.04388083735909826,-0.05815477777399347,4.6,17.698260869565217,81.412,2.65,19.068301886792455,50.531,27.0,603.38,11.0
Dextrose 5 %-0.45 % Sod Chlord,Dextrose 5%-0.45% Nacl,372,11986.0,10199.0,10621.0,296387.38,275055.96,281948.41000000003,5139.0,4831.0,5178.0,-0.3714268805113334,-0.20316514931347726,-0.14909060570665778,-0.0719714179463376,0.04137660554956368,0.025058355397934336,-0.053857000078547046,-0.023456531274201633,2.1111571103291245,26.968914599470537,56.935615814531154,2.0511780610274237,26.546314847942757,54.451218617226736,10539.0,251139.3200000001,5321.0
Dextrose 5%-Lactated Ringers,Dextrose In Lactated Ringers,373,885.0,742.0,914.0,31398.33,29979.570000000003,48145.850000000006,346.0,289.0,332.0,0.3911719939117199,0.9337888337464998,-0.1615819209039548,-0.04518584268653773,0.23180592991913745,0.6059553222411129,0.03511200450759133,0.2803847397772876,2.5674740484429064,40.40373315363882,103.73553633217995,2.753012048192771,52.675984682713356,145.01762048192774,921.0,42429.92,364.0
Dextrose 50 % In Water,Dextrose In Water,374,36.0,29.0,40.0,1873.37,117.29,457.3,10.0,5.0,5.0,-0.14893617021276595,-0.5739308674182428,-0.19444444444444445,-0.9373909051602193,0.3793103448275862,2.8988831102395767,0.09243295019157087,0.9807461025396786,5.8,4.04448275862069,23.458000000000002,8.0,11.432500000000001,91.46000000000001,61.0,875.7,16.0
Dextrose 70 % In Water,Dextrose In Water,375,605.0,125.0,209.0,26346.55,2014.67,10447.079999999998,100.0,30.0,40.0,-0.9942398853489142,-0.9896463122308782,-0.7933884297520661,-0.9235319235345804,0.672,4.185504325770473,-0.06069421487603305,1.6309862011179461,4.166666666666667,16.11736,67.15566666666668,5.225,49.986028708133965,261.17699999999996,344.0,16569.329999999998,70.0
Diazepam,Diazepam,376,2402950.0,2291881.0,2215656.0,24029956.15000001,23461858.610000003,26638203.28,629487.0,618078.0,616760.0,-0.17563304915046513,0.028295362628514228,-0.046221935537568405,-0.02364122249969259,-0.033258707585603266,0.13538333525913263,-0.039740321561585835,0.05587105637972002,3.708077297687347,10.236944505408442,37.95938151819026,3.592411959271029,12.022716197821323,43.19054945197484,2239291.0,27809194.42,655207.0
Diazoxide,Proglycem,377,876.0,736.0,791.0,763187.5499999998,612912.18,644842.49,276.0,231.0,251.0,-0.045838359469240045,-0.19802060200059277,-0.1598173515981735,-0.1969049023401912,0.07472826086956522,0.05209606048292259,-0.042544545364304145,-0.0724044209286343,3.186147186147186,832.7611141304349,2653.2994805194808,3.151394422310757,815.2243868520859,2569.0935856573706,781.0,562845.66,253.0
Dichlorphenamide,Keveyis,378,434.0,370.0,426.0,8078229.599999999,8869128.239999998,11615544.800000004,180.0,155.0,180.0,0.18005540166204986,1.23768752131507,-0.14746543778801843,0.09790494689579012,0.15135135135135136,0.3096602603639889,0.0019429567816664634,0.2037826036298895,2.3870967741935485,23970.61686486486,57220.182193548375,2.3666666666666667,27266.537089201887,64530.80444444447,444.0,13153149.770000003,185.0
Diclofenac Epolamine,Diclofenac Epolamine,379,173466.0,203382.0,146226.0,135618253.32,156133053.37999997,102560554.92000002,49809.0,54663.0,39351.0,1.8997560830507467,1.6668395876732698,0.1724603092248625,0.15126872347776063,-0.2810278195710535,-0.34312080177932636,-0.0542837551730955,-0.09592603915078286,3.720651994950881,767.6837349421285,2856.2840199037732,3.7159411450789053,701.3838504780273,2606.3011084851723,163776.0,111175607.3,41257.0
Diclofenac Potassium,Diclofenac Potassium,380,163350.0,200071.0,215537.0,11221678.829999998,32288869.04,36174775.61000001,73208.0,91288.0,98803.0,5.025972936703198,7.070698321286348,0.2247995102540557,1.8773652792199904,0.07730255759205482,0.12034817835168153,0.15105103392305524,0.998856728785836,2.1916462185610377,161.38705279625734,353.7033239856279,2.1814823436535327,167.83557166518978,366.13033622460864,246150.0,68150499.80999999,109717.0
Diclofenac Sodium,Diclofenac Sodium,381,7694520.0,7605339.0,7631609.0,423569832.2700001,471437144.1700001,476347545.2899998,2999545.0,2910583.0,3021432.0,0.14024899700161306,0.13144109453796748,-0.011590196659440746,0.11300925668730691,0.0034541524053036954,0.010415812968332884,-0.004068022127068525,0.061712534827819895,2.6129950597526337,61.98765685132511,161.97344111815403,2.5258251716404674,62.4177084137827,157.65621906764733,5925081.0,320639779.7600001,2315708.0
Diclofenac Sodium/Misoprostol,Diclofenac Sodium-Misoprostol,382,9887.0,9396.0,8959.0,1484563.46,1438055.0899999994,1357437.9500000002,3788.0,3524.0,3402.0,-0.3037227014844175,-0.3264408150330513,-0.04966117123495499,-0.031327977047205906,-0.04650915283099191,-0.05605984121234134,-0.04808516203297345,-0.043693909129773625,2.666288308740068,153.04971157939542,408.07465664018144,2.633450911228689,151.51668154928007,399.01174309229873,9399.0,1159602.64,3571.0
Dicloxacillin Sodium,Dicloxacillin Sodium,383,8743.0,4565.0,3968.0,348949.30000000005,223046.58,240312.30000000005,5589.0,2780.0,2194.0,-0.7374445841328657,-0.5804748498816652,-0.47786800869266843,-0.3608051943362547,-0.1307776560788609,0.07740858434144142,-0.3043228323857647,-0.14169830499740663,1.6420863309352518,48.86014895947426,80.23258273381295,1.8085688240656335,60.56257560483872,109.53158614402919,4900.0,197096.31,2975.0
Dicyclomine Hcl,Dicyclomine Hcl,384,1660650.0,1606509.0,1676552.0,38527015.54,37741851.33999999,38901735.14999998,584109.0,571682.0,607702.0,0.08335325719617617,0.31425937638015905,-0.03260229428235932,-0.020379574929307136,0.0435995067565759,0.030732032712203334,0.005498606237108291,0.005176228891448099,2.81014445093601,23.493084283997156,66.0189604360466,2.758839036238156,23.2034169831893,64.01449254733403,1667748.0,30979693.81,612104.0
Difenoxin Hcl/Atropine Sulfate,Motofen,385,361.0,248.0,204.0,322198.8899999999,278961.57,210106.50000000003,130.0,85.0,75.0,0.5,0.9646796867007926,-0.31301939058171746,-0.13419450327715252,-0.1774193548387097,-0.24682636393249427,-0.24521937271021357,-0.1905104336048234,2.9176470588235293,1124.8450403225806,3281.900823529412,2.72,1029.933823529412,2801.4200000000005,177.0,126740.52,65.0
Diflorasone Diacetate,Diflorasone Diacetate,386,14503.0,16322.0,14587.0,13820322.42,15282399.350000003,11892071.48,6024.0,5617.0,5027.0,0.40991687608737676,-0.24333016843592536,0.12542232641522444,0.10579181046342068,-0.10629824776375445,-0.22184526083595651,0.009562039325734996,-0.05802672518626792,2.905821612960655,936.3067853204266,2720.740493145808,2.9017306544658843,815.2513525742099,2365.6398408593595,23090.0,14935802.12,6662.0
Diflunisal,Diflunisal,387,6345.0,2762.0,3300.0,530261.4699999999,230410.1,252189.75000000003,2667.0,1216.0,1396.0,-0.6787383177570093,-0.7009724245529403,-0.5646966115051222,-0.565478329021341,0.1947863866763215,0.09452558720299163,-0.18495511241440032,-0.23547637090917467,2.2713815789473686,83.4214699493121,189.48199013157895,2.3638968481375358,76.42113636363638,180.65168338108884,3326.0,251710.2500000001,1344.0
Difluprednate,Durezol,388,175856.0,114962.0,105760.0,40434458.820000015,21034852.37,15843882.869999995,98298.0,62652.0,52634.0,-0.7790516938813029,-0.8353350636259594,-0.34627194977709036,-0.47977905519547664,-0.08004384057340687,-0.24677945956984176,-0.2131578951752486,-0.3632792573826592,1.8349294515737726,182.97222012491085,335.74111552703823,2.0093475700117795,149.80978507942507,301.0199276133297,94835.0,10211259.0,44275.0
Digoxin,Digoxin,389,1521912.0,1365844.0,1231837.0,50706157.59,42425320.33,35808860.00000001,394985.0,360339.0,326905.0,-0.3280356406435128,-0.4326507237282232,-0.10254732205278623,-0.16331028919519447,-0.09811296165594313,-0.15595545958250143,-0.10033014185436467,-0.15963287438884793,3.7904417784364166,31.06161489159816,117.73724279081642,3.768180358208042,29.06947915998627,109.53904039399828,1148061.0,26496596.01,306039.0
Dihydroergotamine Mesylate,Dihydroergotamine Mesylate,390,12187.0,12301.0,12987.0,28572579.56,27928592.739999995,27705508.01,3238.0,2632.0,2526.0,0.7868739680792515,0.2963649057013335,0.009354229917124805,-0.022538630740276223,0.05576782375416633,-0.007987682447045953,0.032561026835645566,-0.015263156593661089,4.673632218844984,2270.4327079099257,10611.167454407292,5.141330166270784,2133.32625009625,10968.134604117182,13361.0,18808125.399999995,2598.0
Diltiazem Hcl,Diltiazem Hcl,391,4362421.0,4343942.0,4153827.0,199663549.03,181842101.0,170939579.74,1251604.0,1212102.0,1169135.0,-0.17734499120075004,-0.21465113850883535,-0.004235950633833828,-0.08925739383367506,-0.04376554751421635,-0.05995597939115316,-0.02400074907402509,-0.07460668661241411,3.583808953371911,41.86107940667716,150.02211117546213,3.5529062084361516,41.15231080639613,146.21030055553894,4093677.0,122475292.41000004,1186072.0
Dimethyl Fumarate,Tecfidera,392,86025.0,76161.0,66699.0,581604627.8399997,362899990.63000005,243401987.76,19091.0,17827.0,15715.0,-0.3920869866384732,-0.7543061456952092,-0.11466434176111595,-0.37603661790353843,-0.1242368141174617,-0.3292863211777704,-0.11945057793928882,-0.3526614695406544,4.272227520053851,4764.9057999501065,20356.761689011055,4.244288895959275,3649.259925336212,15488.513379573655,56069.0,156122701.41000012,13435.0
Dimethyl Sulfoxide,Rimso-50,393,179.0,91.0,23.0,176494.29,101564.23,16433.98,65.0,35.0,10.0,-0.8977777777777778,-0.9202196452833145,-0.49162011173184356,-0.42454665247243983,-0.7472527472527473,-0.8381912608405538,-0.6194364294922954,-0.6313689566564968,2.6,1116.0904395604396,2901.8351428571427,2.3,714.5208695652174,1643.398,51.0,34876.91,20.0
"Diph,pertuss(Acell),tet Ped/Pf",Daptacel Dtap,394,130.0,134.0,201.0,4970.469999999999,5582.239999999999,7606.9,82.0,99.0,138.0,1.7162162162162162,1.2968456077949446,0.03076923076923077,0.12308091588924179,0.5,0.3626966952334549,0.2653846153846154,0.24288880556134834,1.3535353535353536,41.65850746268656,56.386262626262614,1.4565217391304348,37.8452736318408,55.12246376811594,275.0,10029.64,160.0
"Diph,pertuss(Acell),tet Vac/Pf",Adacel Tdap,395,118580.0,163151.0,177661.0,6846582.040000003,9798122.96,11605465.82,118392.0,162800.0,177122.0,0.7480297141732671,0.9113026540666772,0.37587282847023107,0.4310969915727464,0.08893601632843194,0.1844580709364765,0.2324044223993315,0.30777753125461144,1.0021560196560197,60.055549521608825,60.185030466830476,1.0030431002359956,65.32365471318973,65.52244114226353,196471.0,11640237.519999998,195948.0
Diphenhydramine Hcl,Diphenhydramine Hcl,396,27886.0,28732.0,32356.0,1009563.79,1153903.980000001,1095281.4900000002,7610.0,7495.0,9265.0,0.3352040605785499,0.5289113820421308,0.030337803915943484,0.14297282789827562,0.12613114297647224,-0.050803611926185266,0.07823447344620786,0.046084607986045176,3.8334889926617746,40.16093484616459,153.95650166777864,3.4922827846735025,33.85095469155644,118.21710631408529,35464.0,937687.1100000005,10128.0
Diphenoxylate Hcl/Atropine,Diphenoxylate-Atropine,397,374599.0,371457.0,370538.0,13676218.21,13130141.160000002,10137005.61,132110.0,136252.0,136693.0,-0.08301966170483933,-0.31891014460283507,-0.008387635845263869,-0.039928951236001,-0.0024740414099074723,-0.22795912957267872,-0.00543083862758567,-0.13394404040433985,2.726249889909873,35.34767458952181,96.36659395825384,2.7107313468868193,27.35753312750649,74.15892262222644,372740.0,8085776.04,138072.0
"Diphth,pertuss(Acell),tet Vac",Boostrix Tdap,398,354615.0,569119.0,1037794.0,22376772.57,36097707.16999999,69171023.04,353596.0,567148.0,1033420.0,1.700928595967062,2.00411061920221,0.6048926300353905,0.613177550832121,0.8235096702095696,0.9162165262808306,0.7142011501224801,0.7646970385564757,1.0034752833475566,63.42734501923145,63.64777301515652,1.0042325482378898,66.65197817678654,66.93408588957055,1297505.0,79852211.58000003,1291625.0
Dipyridamole,Dipyridamole,399,5735.0,4676.0,3979.0,627997.67,466148.2400000001,343004.6500000001,1963.0,1617.0,1398.0,-0.6029734583915386,-0.47140730626327154,-0.18465562336530078,-0.25772297849449016,-0.1490590248075278,-0.2641725945377376,-0.1668573240864143,-0.2609477865161139,2.8917748917748916,99.68952951240378,288.27967841682135,2.84620886981402,86.20373209349084,245.35382689556516,3131.0,232274.50000000003,1099.0
Disopyramide Phosphate,Disopyramide Phosphate,400,4631.0,4396.0,3820.0,1094235.6000000006,1174809.5300000005,1063246.18,1518.0,1428.0,1190.0,-0.33932895191975093,-0.28455419185191855,-0.05074497948607212,0.07363490092992761,-0.13102820746132848,-0.09496292560718375,-0.0908865934737003,-0.01066401233862807,3.0784313725490198,267.2451160145588,822.6957492997202,3.2100840336134455,278.3366963350785,893.4841848739495,3724.0,886154.1399999999,1194.0
Disulfiram,Disulfiram,401,5064.0,5337.0,5618.0,371999.73999999993,419775.17,435083.3000000001,1748.0,1823.0,1889.0,0.0062690309869245925,0.1277485389704437,0.05390995260663507,0.12842866503078754,0.05265130222971707,0.0364674499446933,0.053280627418176074,0.08244805748774042,2.927591881513988,78.65376990818812,230.26613823368075,2.974060349391212,77.44451762192953,230.32466913710962,3123.0,254780.72,1027.0
Divalproex Sodium,Divalproex Sodium,402,4273311.0,4251693.0,4290850.0,256159487.64,265085570.15000013,231747648.26000005,750985.0,747489.0,752828.0,-0.0762430734646014,-0.13938187253602952,-0.00505884079113362,0.03484580091971697,0.00920974303647982,-0.12576286921666702,0.0020754511226731003,-0.04545853414847502,5.687967314569177,62.348238725138465,354.63474398954384,5.6996418836706395,54.009729601361045,307.83611696164337,4418428.0,194602809.30000004,767627.0
Dobutamine Hcl,Dobutamine Hcl,403,16.0,67.0,174.0,393.32,6536.1,9903.48,5.0,15.0,20.0,-0.5714285714285714,-0.7530283915054663,3.1875,15.617766703956068,1.5970149253731343,0.5151971359067332,2.392257462686567,8.0664819199314,4.466666666666667,97.55373134328359,435.74,8.7,56.91655172413793,495.174,89.0,8128.23,15.0
Dobutamine Hcl In Dextrose 5 %,Dobutamine Hcl In Dextrose,404,60.0,123.0,107.0,6682.31,15012.64,13822.09,15.0,25.0,20.0,-0.5900383141762452,-0.5129661093990375,1.05,1.2466242960892262,-0.13008130081300814,-0.07930317385882825,0.45995934959349594,0.5836605611151989,4.92,122.05398373983739,600.5056,5.35,129.1784112149533,691.1045,96.0,11915.58,25.0
Docetaxel,Docetaxel,405,902.0,1049.0,1273.0,651003.4299999998,987252.64,863565.0499999998,220.0,254.0,347.0,0.8859259259259259,0.7951608064364976,0.1629711751662971,0.516509121925825,0.21353670162059105,-0.12528463838800188,0.18825393839344406,0.19561224176891157,4.1299212598425195,941.1369304099143,3886.821417322835,3.6685878962536025,678.370031421838,2488.6600864553307,1498.0,741935.1799999997,404.0
Dofetilide,Dofetilide,406,207292.0,204882.0,221054.0,62800039.52999998,59948482.00999999,59643250.42000002,56692.0,58958.0,64994.0,0.015266614614430718,-0.40226636326629833,-0.011626111958010922,-0.045406938297192966,0.07893323962085493,-0.00509156495320529,0.033653563831422,-0.02524925162519913,3.475050035618576,292.60004300036115,1016.7997898504018,3.401144721051174,269.81303400978953,917.6731762931965,254175.0,50266854.99,75789.0
Dolutegravir Sodium,Tivicay,407,270962.0,254612.0,238489.0,590492408.4699998,587440402.8399999,586777443.57,41330.0,39564.0,37546.0,-0.21581657481816627,-0.010412325829944186,-0.060340564359578096,-0.005168577252174673,-0.06332380249163433,-0.0011285557935660595,-0.061832183425606216,-0.003148566522870366,6.4354463653826715,2307.198415000078,14847.851654028913,6.351914984285942,2460.396259659775,15628.22786901401,228372.0,559756909.46,36397.0
Dolutegravir Sodium/Lamivudine,Dovato,408,60070.0,94843.0,127035.0,163487507.42,273938062.03000003,386788259.11,10407.0,15422.0,20188.0,29.736752963948707,37.45155973595238,0.5788746462460462,0.6755901802714025,0.33942410088251107,0.41195515600764276,0.45914937356427865,0.5437726681395226,6.1498508624043575,2888.3318961863292,17762.810402671512,6.2925995640974834,3044.737742433188,19159.315390826236,159927.0,485647727.91999984,24536.0
Dolutegravir/Rilpivirine,Juluca,409,79955.0,87329.0,91801.0,256031565.38000005,296954531.34,335035361.23,13655.0,15017.0,15957.0,0.7412275710329653,1.2159141388299948,0.0922268776186605,0.15983562768622833,0.05120864775733147,0.1282379148018427,0.07171776268799598,0.14403677124403552,5.815342611706733,3400.411447972609,19774.557590730503,5.753023751331704,3649.5829155455826,20996.137195588144,97084.0,353946122.4999999,16870.0
Donepezil Hcl,Donepezil Hcl,410,6870268.0,6941010.0,7068757.0,102576839.6,105386092.25,111947841.96,1555293.0,1595827.0,1636242.0,-0.059115255754681656,-0.04423040701462879,0.01029683267086524,0.02738681227609206,0.01840467021370089,0.062263905700517076,0.014350751442283064,0.044825358988304566,4.349475225071389,15.18310624102256,66.03854443495442,4.320117073146882,15.836991137197105,68.41765579908106,7511975.0,93253985.59,1745072.0
Doravirine,Pifeltro,411,22980.0,27257.0,31221.0,37746086.2,47449374.57000001,57079198.47999999,4555.0,5338.0,6102.0,3.934566145092461,5.233986370632498,0.186118363794604,0.25706740345440116,0.14543053160655978,0.202949438159475,0.1657744477005819,0.23000842080693806,5.106219557886849,1740.8142704626337,8888.979874484827,5.116519174041298,1828.2309496813039,9354.178708620122,34892.0,63786127.37999999,6678.0
Doravirine/Lamivu/Tenofov Diso,Delstrigo,412,2019.0,2842.0,3682.0,4940545.580000001,7351764.380000001,10003040.039999995,567.0,798.0,1009.0,6.219607843137255,8.20227508620716,0.40762753838533927,0.4880470711090979,0.2955665024630542,0.3606312067362521,0.3515970204241967,0.424339138922675,3.56140350877193,2586.8277199155527,9212.73731829574,3.649157581764123,2716.7409125475274,9913.81569871159,4488.0,12023075.29,1229.0
Dornase Alfa,Pulmozyme,413,160.0,146.0,127.0,836035.1900000001,863776.11,762177.69,60.0,45.0,45.0,-0.2742857142857143,-0.11837597231911026,-0.0875,0.033181521940481865,-0.13013698630136986,-0.11762124331037593,-0.10881849315068493,-0.042219860684947035,3.2444444444444445,5916.274726027397,19195.024666666668,2.8222222222222224,6001.399133858267,16937.282,156.0,711446.68,55.0
Dorzolamide Hcl,Dorzolamide Hcl,414,814683.0,862109.0,923587.0,28275277.260000005,26431633.63,27654924.17,254410.0,265588.0,277905.0,0.08790274229322666,-0.00193116905520482,0.05821405380988679,-0.06520337937085913,0.07131116830934371,0.04628130660117669,0.06476261105961525,-0.009461036384841217,3.2460389776646537,30.659271194245736,99.5211893233128,3.323391086882208,29.942955206168993,99.51215044709524,902858.0,18254086.49,287075.0
Dorzolamide Hcl/Timolol Maleat,Dorzolamide-Timolol,415,2001162.0,2222528.0,2484075.0,76005238.30000001,72934492.10000001,75562010.85999998,623741.0,690804.0,762935.0,0.5042264216296869,-0.06202650313459997,0.11061873051756929,-0.040401770571121313,0.11767995723788406,0.03602573603168994,0.11414934387772668,-0.0021880172697156877,3.2173062113131943,32.81600596257955,105.57913981389802,3.255945788304377,30.418570638970234,99.04121695819433,2757691.0,51291871.59000002,848990.0
Dorzolamide/Timolol/Pf,Cosopt Pf,416,73445.0,79485.0,86370.0,14141129.650000002,14776570.070000002,15802931.5,20376.0,22426.0,24260.0,0.3876036244457297,0.29749103908515756,0.08223840969432909,0.044935619411423745,0.08662011700320815,0.06945870558173435,0.08442926334876863,0.05719716249657905,3.5443235530188173,185.90388211612256,658.9035079818069,3.560181368507832,182.96783026513836,651.398660346249,98872.0,16096781.629999995,27904.0
Doxazosin Mesylate,Doxazosin Mesylate,417,1761874.0,1685164.0,1630349.0,41533864.51000001,36046029.60000001,35261877.57000001,464607.0,449786.0,438368.0,-0.17147843179703431,-0.40601680864766876,-0.043538868273213634,-0.13212916675930098,-0.03252799134090213,-0.021754185931201726,-0.038033429807057886,-0.07694167634525136,3.746590600863522,21.390220536398836,80.14039921206977,3.719133239652529,21.628422853021046,80.43898635393096,1646696.0,26659398.55,441502.0
Doxepin Hcl,Doxepin Hcl,418,785921.0,795987.0,837684.0,44190380.190000005,48404729.69,51701206.52999998,195015.0,200927.0,208079.0,0.10530628401781296,-0.19221620623960806,0.012807903084406703,0.09536802991692007,0.0523840213470823,0.06810237059708248,0.032595962215744505,0.08173520025700128,3.961573108641447,60.810955065849065,240.907044299671,4.02579789406908,61.719224110762504,248.46912244868525,870008.0,42137822.17000001,215449.0
Doxercalciferol,Doxercalciferol,419,506.0,577.0,403.0,262921.92000000004,306715.69,194026.54,161.0,174.0,137.0,-0.8124709167054444,-0.7823759243608088,0.14031620553359683,0.16656568611700368,-0.30155979202772965,-0.36740588653942025,-0.0806217932470664,-0.10042010021120829,3.3160919540229883,531.5696533795494,1762.7338505747127,2.9416058394160585,481.45543424317617,1416.2521167883212,534.0,240477.47,168.0
Doxorubicin Hcl,Doxorubicin Hcl,420,122.0,162.0,203.0,5657.35,10135.83,10888.26,45.0,55.0,60.0,0.38095238095238093,0.14163578829494772,0.32786885245901637,0.7916215189090298,0.25308641975308643,0.07423467047099254,0.2904776361060514,0.43292809469001114,2.9454545454545453,62.56685185185185,184.28781818181818,3.3833333333333333,53.636748768472906,181.471,265.0,14374.99,75.0
Doxorubicin Hcl Peg-Liposomal,Doxorubicin Hcl Liposome,421,87.0,40.0,112.0,165376.83000000002,78269.56,254158.06000000003,30.0,15.0,35.0,1.0740740740740742,0.3675814957751602,-0.5402298850574713,-0.5267199159640441,1.8,2.247214625966979,0.6298850574712644,0.8602473550014675,2.6666666666666665,1956.739,5217.970666666666,3.2,2269.268392857143,7261.658857142858,11.0,15884.54,5.0
Doxycycline Hyclate,Doxycycline Hyclate,422,3104509.0,3844583.0,4539991.0,79993690.96000002,91924330.62,90914391.32000002,2211600.0,2870563.0,3463235.0,0.2750810197635141,-0.12429840704280831,0.23838681092565683,0.1491447577530304,0.1808799549912175,-0.010986637522278016,0.20963338295843717,0.06907906011537619,1.339313228798671,23.9100913206972,32.02310160759405,1.3109104637715894,20.025236023595646,26.251291442827306,5222616.0,64715572.88999999,4016798.0
Doxycycline Monohydrate,Doxycycline Monohydrate,423,784029.0,984663.0,1159741.0,20108146.19999999,24814895.44,25905171.37,555512.0,735550.0,893090.0,0.29958695281894054,0.21177127505161217,0.25590124855075513,0.23407176341297994,0.17780499521155968,0.04393634994901271,0.2168531218811574,0.13900405668099633,1.3386758208143565,25.20140945683955,33.736517490313375,1.2985712526173174,22.337031604470308,29.00622711036962,1302585.0,23755238.62,1010221.0
Dronabinol,Dronabinol,424,49969.0,43777.0,38939.0,9759267.609999994,9526223.48,7254172.499999996,15242.0,13698.0,12214.0,-0.34701167158572577,-0.5184022144526651,-0.12391682843362885,-0.02387926423507445,-0.11051465381364643,-0.23850490016007939,-0.11721574112363764,-0.13119208219757691,3.1958680099284567,217.60795577586404,695.4463045700103,3.1880628786638283,186.29580882919427,593.9227525790074,6688.0,1265524.15,2326.0
Dronedarone Hcl,Multaq,425,228776.0,221067.0,219971.0,243162101.96000004,259892984.76,276557391.62,58979.0,58291.0,58604.0,-0.12158471036427095,0.19151991124216514,-0.033696716438787286,0.06880547036376651,-0.0049577729828513524,0.06412026425179917,-0.01932724471081932,0.06646286730778284,3.792472251290937,1175.6299436822321,4458.5439392015915,3.7535151184219506,1257.2447805392528,4719.087291311173,226664.0,281769276.9600001,60244.0
Drospir/Eth Estra/Levomefol Ca,Drospirenone-Eth Estra-Levomef,426,34.0,24.0,47.0,4724.5,4268.4800000000005,5621.259999999999,15.0,10.0,20.0,-0.6178861788617886,-0.6686802697351864,-0.29411764705882354,-0.09652238332098624,0.9583333333333334,0.31692312017392577,0.33210784313725494,0.11020036842646977,2.4,177.85333333333335,426.84800000000007,2.35,119.60127659574466,281.063,41.0,5308.16,15.0
Drospirenone/Estradiol,Angeliq,427,121.0,110.0,152.0,28019.82,27980.980000000003,32995.31,50.0,45.0,65.0,-0.12643678160919541,-0.06762857745957117,-0.09090909090909091,-0.001386161652715703,0.38181818181818183,0.17920494564522021,0.14545454545454545,0.08890939199625225,2.4444444444444446,254.37254545454547,621.7995555555556,2.3384615384615386,217.07440789473682,507.6201538461538,177.0,33229.54,75.0
Droxidopa,Northera,428,10763.0,18847.0,20154.0,70393082.80000001,59092129.54,51471429.260000005,3065.0,4872.0,5285.0,0.5036932030142506,-0.6353868543927447,0.7510917030567685,-0.16054067829516924,0.06934790682867299,-0.12896303347540508,0.41021980494272076,-0.14475185588528716,3.868431855500821,3135.35997983764,12128.926424466337,3.813434247871334,2553.9063838443985,9739.154070009461,21706.0,36206060.3,5567.0
Dulaglutide,Trulicity,429,3313160.0,4174280.0,4851616.0,4156252166.099999,5581472135.650002,6666365125.900001,699126.0,895871.0,1018826.0,1.6238637992250011,2.445937095960089,0.25990896908087746,0.342909889148365,0.16226415094339622,0.19437398662631783,0.21108656001213683,0.2686419378873414,4.659465481079307,1337.1101448992404,6230.218564558962,4.761967205391303,1374.0504454392105,6543.183159734833,3816376.0,4786817612.429999,827507.0
Duloxetine Hcl,Duloxetine Hcl,430,10333713.0,10746503.0,11444110.0,393029007.06,470996222.54000014,375083684.41,2399221.0,2547833.0,2753788.0,0.18391517107947736,-0.10100218399508762,0.03994595166325986,0.1983752193336143,0.06491479135119582,-0.20363759525025613,0.05243037150722784,-0.002631187958320916,4.217899289317628,43.82785940133271,184.86149702119414,4.155770160956472,32.77526032255894,136.20644886607104,12298888.0,292821461.44,2981548.0
Dupilumab,Dupixent,431,157401.0,223545.0,350986.0,540520169.67,815870279.34,1368118588.69,37206.0,52504.0,77113.0,5.044188048906492,6.327381782988815,0.42022604684849524,0.5094169008311155,0.5700910331253215,0.6768824938650081,0.4951585399869084,0.5931496973480618,4.2576756056681395,3649.6914685633765,15539.202333917416,4.551580148613074,3897.9292299123044,17741.737303567494,522353.0,2067920188.6600003,106171.0
Durvalumab,Imfinzi,432,559.0,648.0,1327.0,5226422.469999999,6059591.06,14780917.81,135.0,155.0,305.0,1.1577235772357723,2.237435052307886,0.1592128801431127,0.15941470380215952,1.0478395061728396,1.4392599539547146,0.6035261931579762,0.7993373288784371,4.180645161290323,9351.220771604938,39094.13587096774,4.350819672131148,11138.596691785984,48462.02560655738,1482.0,16450240.239999998,414.0
Dutasteride,Dutasteride,433,555538.0,563771.0,600269.0,29952910.739999995,30665279.83,27809739.780000005,155779.0,161711.0,175568.0,-0.021823123841990935,-0.2190911649246123,0.014819868307838527,0.023782967077342673,0.06473905184906638,-0.09311964755679171,0.039779460078452455,-0.03466834023972452,3.4862872655539823,54.3931486898049,189.6301416106511,3.419011437163948,46.328795556658775,158.39868187824663,672355.0,22245101.06000001,198330.0
Dutasteride/Tamsulosin Hcl,Dutasteride-Tamsulosin,434,19636.0,17681.0,16444.0,3691258.309999999,3360613.8800000004,3071631.4100000006,6141.0,5458.0,5257.0,-0.47821672219577976,-0.4692933987023242,-0.0995620289264616,-0.08957499102792371,-0.06996210621571178,-0.0859909767438084,-0.08476206757108669,-0.08778298388586606,3.239465005496519,190.06922006673832,615.7225870282156,3.1280197831462813,186.79344502554127,584.2935914019404,16222.0,2504806.17,5103.0
Duvelisib,Copiktra,435,334.0,442.0,255.0,5127167.5200000005,8119747.8999999985,6780555.619999999,125.0,160.0,95.0,1.1982758620689655,3.7151780576543634,0.32335329341317365,0.5836712704093581,-0.4230769230769231,-0.16493027819250394,-0.04986181483187471,0.20937049610842706,2.7625,18370.470361990945,50748.42437499999,2.6842105263157894,26590.41419607843,71374.26968421052,287.0,10012525.55,90.0
Ecallantide,Kalbitor,436,260.0,341.0,289.0,15637409.509999998,20470906.99,21041865.89,50.0,55.0,55.0,0.3568075117370892,0.6863883075216529,0.31153846153846154,0.3090983501397094,-0.15249266862170088,0.027891236098083718,0.07952289645838033,0.16849479311889654,6.2,60031.98530791789,372198.3089090909,5.254545454545455,72809.22453287197,382579.37981818186,189.0,15389380.639999997,30.0
Echothiophate Iodide,Phospholine Iodide,437,106.0,91.0,260.0,10551.15,150821.76,663959.29,33.0,30.0,61.0,-0.8808978469995419,2.1218509630066658,-0.14150943396226415,13.294343270638747,1.8571428571428572,3.4022778278147663,0.8578167115902965,8.348310549226756,3.033333333333333,1657.381978021978,5027.392000000001,4.262295081967213,2553.689576923077,10884.578524590164,384.0,986384.41,89.0
Econazole Nitrate,Econazole Nitrate,438,77458.0,67320.0,73336.0,4480416.909999999,3948653.69,3950315.210000001,36756.0,32674.0,37457.0,-0.31777926620525415,-0.6600180222200756,-0.13088383381961838,-0.1186861023609518,0.08936423054070113,0.00042078139296154634,-0.020759801639458626,-0.059132660483995125,2.0603537981269513,58.65498648247178,120.8500241782457,1.9578716928744961,53.865975919057504,105.46266946098196,80295.0,2702742.0000000005,41845.0
Eculizumab,Soliris,439,4850.0,5047.0,4126.0,203118136.39,210886288.56,175341836.48999998,1180.0,1265.0,1085.0,0.8754545454545455,0.9934118334579479,0.04061855670103093,0.03824450296789186,-0.18248464434317416,-0.1685479521343425,-0.07093304382107161,-0.06515172458322532,3.989723320158103,41784.48356647514,166708.52850592884,3.8027649769585254,42496.80961948618,161605.3792534562,3580.0,148715855.64000002,1045.0
Edaravone,Radicava,440,4721.0,7667.0,20039.0,54777639.93,101613520.86,279059830.6,967.0,1829.0,3308.0,2.827889207258835,3.8534234344745526,0.6240203346748571,0.85501823353199,1.6136689709143082,1.7462864020279358,1.1188446527945826,1.300652317779963,4.191908146528157,13253.361270379548,55556.8730781848,6.057738814993954,13925.83614950846,84359.07817412335,25184.0,352735101.6400001,4005.0
Edoxaban Tosylate,Savaysa,441,3882.0,3167.0,2450.0,1671206.5100000002,1321525.07,992336.4700000004,1392.0,1125.0,890.0,-0.5926172264715663,-0.6009488735570274,-0.18418341061308605,-0.20923891685893453,-0.22639722134512158,-0.24909750671623626,-0.2052903159791038,-0.2291682117875854,2.815111111111111,417.27978212819704,1174.6889511111112,2.752808988764045,405.0352938775512,1114.9847977528095,2286.0,964276.6599999996,840.0
Efavirenz,Efavirenz,442,12221.0,8929.0,7338.0,6677142.670000001,4429073.419999998,3488473.05,3616.0,2718.0,2248.0,-0.66249655045534,-0.7798405527141049,-0.269372391784633,-0.33668132629551895,-0.17818344719453466,-0.21236955922938813,-0.22377791948958384,-0.27452544276245355,3.2851361295069905,496.0324134841525,1629.53400294334,3.26423487544484,475.3983442354865,1551.8118549822063,6336.0,1961540.5999999992,1906.0
Efavirenz/Emtricit/Tenofovr Df,Atripla,443,23388.0,22183.0,18149.0,50374998.95,22595483.86,16939504.63,6892.0,6092.0,5125.0,-0.6633213371424331,-0.8960863670755025,-0.051522148110141955,-0.5514544053404888,-0.18185096695667854,-0.2503145878638423,-0.11668655753341026,-0.4008844966021656,3.641332895600788,1018.594593156922,3709.041999343401,3.541268292682927,933.3574648740977,3305.269196097561,15543.0,10115651.009999998,4477.0
Efavirenz/Lamivu/Tenofov Disop,Symfi,444,664.0,549.0,433.0,1411167.38,1038379.2900000002,819089.7900000003,222.0,190.0,145.0,-0.5034403669724771,-0.6842599758747099,-0.17319277108433734,-0.2641700022856252,-0.21129326047358835,-0.211184392939886,-0.19224301577896286,-0.2376771976127556,2.889473684210526,1891.4012568306014,5465.154157894738,2.986206896551724,1891.662332563511,5648.895103448278,403.0,594067.66,150.0
Efinaconazole,Jublia,445,17906.0,23672.0,35345.0,18534329.8,26463841.09,44337701.680000015,5531.0,7193.0,10617.0,1.4857584921583797,2.319170161241929,0.3220149670501508,0.4278283258993265,0.4931142277796553,0.6754068893178958,0.40756459741490303,0.5516176076086112,3.2909773390796606,1117.9385387799932,3679.110397608786,3.3290948478854667,1254.4264161833362,4176.104519167375,52039.0,60865267.27,14954.0
Elagolix Sodium,Orilissa,446,754.0,913.0,752.0,785414.6,1016399.5200000004,871701.9699999997,305.0,350.0,290.0,1.5405405405405406,2.4950592955897704,0.21087533156498675,0.29409297968232373,-0.17634173055859803,-0.14236286731028816,0.01726680050319436,0.07586505618601778,2.6085714285714285,1113.2524863088722,2903.9986285714294,2.593103448275862,1159.1781515957443,3005.8688620689645,580.0,659568.46,235.0
Electrolyte-A Solution,Plasma-Lyte A Ph 7.4,447,41.0,20.0,99.0,3257.51,1777.9,19513.49,15.0,5.0,30.0,1.1063829787234043,1.7824462040162157,-0.5121951219512195,-0.4542150292708234,3.95,9.975583553630688,1.7189024390243903,4.760684262179932,4.0,88.89500000000001,355.58000000000004,3.3,197.1059595959596,650.4496666666668,96.0,10459.25,15.0
Eletriptan Hydrobromide,Eletriptan Hbr,448,19792.0,19582.0,22334.0,4006496.13,3936179.38,3373029.45,6174.0,6090.0,6884.0,0.12912032355915065,-0.07659573929882427,-0.01061034761519806,-0.01755068461778347,0.14053722806659177,-0.143070189550152,0.06496344022569686,-0.08031043708396773,3.2154351395730707,201.01007966499847,646.3348735632184,3.244334689134224,151.02666114444347,489.9810357350378,27610.0,2983677.9600000004,8468.0
Elexacaftor/Tezacaftor/Ivacaft,Trikafta,449,21565.0,23049.0,23578.0,550390745.7000002,621915629.64,644768118.1200002,2918.0,3215.0,3289.0,22.275419545903258,24.85009096835415,0.06881520983074427,0.12995291890133936,0.022951104169378282,0.03674531944667249,0.04588315700006128,0.08334911917400592,7.169206842923795,26982.325898737472,193441.87547122862,7.168744299179082,27346.17516837731,196037.7373426574,26306.0,697556362.73,3651.0
Eliglustat Tartrate,Cerdelga,450,876.0,923.0,968.0,25237987.63,27769798.28,29271352.55,229.0,229.0,265.0,0.32967032967032966,0.5041419529457978,0.05365296803652968,0.10031745347994699,0.04875406283856988,0.05407148639900021,0.05120351543754978,0.0771944699394736,4.03056768558952,30086.45534127844,121265.49467248909,3.6528301886792454,30239.00056818182,110457.9341509434,1139.0,33836669.470000006,272.0
Elosulfase Alfa,Vimizim,451,128.0,110.0,139.0,12048443.02,11202206.06,14071865.34,40.0,40.0,50.0,-0.05442176870748299,0.03327262884214073,-0.140625,-0.07023620882758667,0.2636363636363636,0.256169121031148,0.06150568181818181,0.09296645610178064,2.75,101838.23690909092,280055.15150000004,2.78,101236.44129496402,281437.3068,124.0,12228686.760000002,45.0
Elotuzumab,Empliciti,452,359.0,222.0,136.0,3197095.65,2274149.6,1319289.34,72.0,57.0,35.0,-0.6136363636363636,-0.592154381741946,-0.3816155988857939,-0.28868265170608826,-0.38738738738738737,-0.4198757460810845,-0.38450149313659066,-0.3542791988935864,3.8947368421052633,10243.917117117118,39897.361403508774,3.8857142857142857,9700.656911764707,37693.98114285715,170.0,1439002.02,20.0
Eltrombopag Olamine,Promacta,453,19535.0,22215.0,24242.0,221495087.31,271117011.08,323929537.4599998,5604.0,6429.0,6869.0,0.26967998742994814,0.8111660898312296,0.1371896595853596,0.22403171272394926,0.09124465451271663,0.1947960630342599,0.11421715704903812,0.2094138878791046,3.4554363042463834,12204.231873959036,42170.94588271893,3.5291891104964335,13362.327260952059,47158.17986024164,28251.0,398308379.46,7910.0
Eluxadoline,Viberzi,454,16093.0,15916.0,14362.0,21485947.340000004,22705942.88,21664748.46,5381.0,5332.0,4820.0,-0.1380903798835744,0.05694171046805844,-0.010998570807183248,0.056781091412653306,-0.09763759738627796,-0.04585559056070338,-0.054318084096730605,0.0054627504259749625,2.9849962490622657,1426.6111384770043,4258.428897224306,2.979668049792531,1508.4771243559394,4494.761091286307,14438.0,22114969.57,4762.0
Elviteg/Cob/Emtri/Tenof Alafen,Genvoya,455,168888.0,149253.0,127543.0,619118107.12,582571577.4100001,534328975.19,27220.0,25089.0,22305.0,-0.42131125226860255,-0.2605670334930743,-0.11626048031831747,-0.05902998036999154,-0.14545771274279243,-0.08280974234012121,-0.13085909653055494,-0.07091986135505637,5.948941767308382,3903.2486945656037,23220.19918729324,5.718134947321229,4189.402595124781,23955.56938758126,112011.0,466011898.79000014,20245.0
Elviteg/Cob/Emtri/Tenofo Disop,Stribild,456,6126.0,4647.0,3700.0,23067087.93,18848871.559999995,16006842.269999996,1960.0,1470.0,1225.0,-0.7249275146829232,-0.6494310418900144,-0.2414299706170421,-0.18286731219825914,-0.20378738971379384,-0.15077981092678208,-0.22260868016541796,-0.1668235615625206,3.1612244897959183,4056.137628577576,12822.361605442173,3.020408163265306,4326.173586486485,13066.810016326528,2818.0,11775250.250000002,935.0
Empagliflozin,Jardiance,457,3316184.0,5027481.0,7460553.0,3186646441.7900004,5148228313.540003,8031744087.31,814550.0,1272574.0,1920264.0,4.014597715905784,5.938107060775806,0.5160440433944558,0.615563071580713,0.48395448933571306,0.5600986588310896,0.4999992663650844,0.5878308652059012,3.950639412717846,1024.017457955585,4045.523728710474,3.8851704765594732,1076.5614944776883,4182.624934545459,10654599.0,10678957371.719995,2731340.0
Empagliflozin/Linagliptin,Glyxambi,458,53248.0,65620.0,74960.0,43537502.28999999,58029699.00999999,72134728.51,14186.0,17180.0,19431.0,1.4461558543271114,2.0907549581456584,0.23234675480769232,0.3328669757734052,0.14233465406888143,0.24306570153964369,0.18734070443828688,0.28796633865652443,3.819557625145518,884.3294576348673,3377.7473230500577,3.857753074983274,962.3096119263608,3712.3528644948797,85355.0,77173754.48999996,21230.0
Empagliflozin/Metformin Hcl,Synjardy Xr,459,159194.0,208885.0,261711.0,134379802.32999998,192613076.04,260254751.42000005,42013.0,54892.0,68658.0,2.7096870216023135,4.425801012229256,0.3121411610990364,0.43334841025435533,0.2528951336859995,0.35117904127107596,0.2825181473925179,0.3922637257627156,3.805381476353567,922.101041434282,3508.9462224003496,3.811806344490081,994.4356615503362,3790.596163884763,324848.0,301379605.01,84170.0
Emtricita/Rilpivirine/Tenof Df,Complera,460,5898.0,4759.0,3892.0,19218714.89,16514087.86,14558423.670000006,1873.0,1540.0,1310.0,-0.6658080027477246,-0.5690370292208429,-0.19311631061376738,-0.14072881800266934,-0.18218113048959866,-0.11842399087248129,-0.18764872055168302,-0.12957640443757532,3.0902597402597403,3470.0751964698466,10723.433675324675,2.9709923664122138,3740.6021762589944,11113.300511450387,3509.0,12868902.0,1220.0
Emtricitab/Rilpiviri/Tenof Ala,Odefsey,461,92995.0,89358.0,84438.0,312442245.94,319724786.14,323975236.5599999,15924.0,16033.0,15317.0,-0.150394928812195,0.08949540600442188,-0.03910962954997581,0.023308436341859144,-0.05505942389041832,0.013294091056608682,-0.04708452672019706,0.018301263699233912,5.573379903948107,3578.0208390966673,19941.66944052891,5.512698309068355,3836.8416656007944,21151.35056212051,82689.0,315804894.59000003,15289.0
Emtricitabine,Emtriva,462,4850.0,4270.0,3627.0,1840207.49,1635316.04,1356780.5599999998,1575.0,1396.0,1206.0,-0.6160279483379208,-0.6785755956824846,-0.11958762886597939,-0.11134149334431845,-0.1505854800936768,-0.17032516846101517,-0.1350865544798281,-0.1408333309026668,3.0587392550143266,382.97799531615925,1171.4298280802293,3.0074626865671643,374.07790460435615,1125.0253399668325,2475.0,803136.0499999999,841.0
Emtricitabine/Tenofov Alafenam,Descovy,463,242502.0,230020.0,217876.0,500738836.5599999,505851224.38000005,511609931.08,38944.0,38041.0,37451.0,-0.1678627490671321,0.06046382880298157,-0.05147174043925411,0.010209689056917381,-0.052795409094861315,0.011384190494068936,-0.05213357476705771,0.010796939775493158,6.046633895008018,2199.16191800713,13297.526994032756,5.817628367733839,2348.1702026840953,13660.781583402311,206851.0,466486128.4700001,37403.0
Emtricitabine/Tenofovir (Tdf),Truvada,464,37719.0,42724.0,39339.0,43157676.96,18051116.83,15169796.159999996,11433.0,12862.0,11816.0,-0.5775677852348994,-0.9117351369578469,0.1326917468649752,-0.581740304355807,-0.07922947289579628,-0.15962007764591052,0.02673113698458946,-0.3706801910008588,3.321722904680454,422.50530919389564,1403.4455628984604,3.3292992552471223,385.61722870433914,1283.8351523358156,31512.0,8517557.309999999,9682.0
Enalapril Maleate,Enalapril Maleate,465,1830656.0,1646305.0,1499762.0,43739794.5,38092013.99999999,38684791.41,472834.0,433166.0,400476.0,-0.35623469741663205,-0.4668530489272994,-0.10070215267095511,-0.12912224587612106,-0.08901327518290961,0.01556172404010993,-0.09485771392693236,-0.056780260918005566,3.8006330136714332,23.137883927947733,87.93860552305581,3.744948511271587,25.793953580634792,96.59702806160668,1439449.0,25150985.030000005,382547.0
Enalapril/Hydrochlorothiazide,Enalapril-Hydrochlorothiazide,466,41183.0,34853.0,24869.0,755916.5600000002,799075.5599999997,675506.0799999997,12378.0,10697.0,7830.0,-0.6013241635806922,-0.4769959453265854,-0.15370419833426413,0.05709492592674451,-0.2864602760164118,-0.154640544881638,-0.22008223717533795,-0.04877280947744675,3.2582032345517433,22.927023785613855,74.70090305693182,3.176117496807152,27.162575093489878,86.27153001277135,9504.0,188868.12,3152.0
Enasidenib Mesylate,Idhifa,467,894.0,998.0,1239.0,26044214.78,30409078.67,40210441.12,340.0,335.0,416.0,0.6857142857142857,1.0006337008628277,0.116331096196868,0.16759437467670893,0.24148296593186372,0.3223169815950229,0.17890703106436587,0.24495567813586594,2.97910447761194,30470.01870741483,90773.36916417911,2.9783653846153846,32453.947635189666,96659.71423076923,2492.0,83547460.13,810.0
Encorafenib,Braftovi,468,3508.0,3836.0,2478.0,42678743.05999999,50481259.6,35746687.54999999,907.0,1050.0,725.0,1.6587982832618027,2.7615848832629792,0.09350057012542759,0.18281973602246984,-0.354014598540146,-0.2918820205112317,-0.1302570142073592,-0.05453114224438092,3.6533333333333333,13159.869551616268,48077.39009523809,3.4179310344827587,14425.620480225985,49305.77593103447,4290.0,62212180.95000001,1221.0
Enfuvirtide,Fuzeon,469,187.0,138.0,115.0,697883.86,524997.51,439679.97,75.0,55.0,45.0,-0.7695390781563126,-0.7626408673481623,-0.2620320855614973,-0.24772940013256645,-0.16666666666666666,-0.16251037076347283,-0.214349376114082,-0.20511988544801962,2.5090909090909093,3804.3297826086955,9545.409272727273,2.5555555555555554,3823.3040869565216,9770.666,61.0,209088.56,25.0
Enoxaparin Sodium,Enoxaparin Sodium,470,244356.0,230347.0,212067.0,38755128.79,34651177.91,32613350.31,105620.0,101616.0,93491.0,-0.25726563977556893,-0.4466744308372036,-0.05733028859532813,-0.10589439406169504,-0.07935853299587145,-0.05880976413826037,-0.06834441079559979,-0.0823520790999777,2.266837899543379,150.4303416584544,341.00119971264365,2.268314597126996,153.7879552688537,348.8394637986544,210307.0,27976178.24,92273.0
Entacapone,Entacapone,471,85027.0,84706.0,85115.0,17982881.909999996,18968966.92,18635307.01,22779.0,22609.0,22801.0,-0.16513815460368217,-0.17509615708273868,-0.003775271384383784,0.054834648580529194,0.004828465516020117,-0.017589777630336027,0.0005265970658181664,0.018622435475096583,3.7465611039851385,223.93888177933087,839.0007041443673,3.732950309196965,218.94268942019622,817.3021801675366,92140.0,14048891.269999998,24648.0
Entecavir,Entecavir,472,71693.0,74964.0,76457.0,23436822.34,24997390.54,21857755.78,17785.0,19035.0,19500.0,0.016728945863641802,-0.18000307065232768,0.04562509589499672,0.06658616843873721,0.01991622645536524,-0.12559850017049012,0.03277066117518098,-0.029506165865876455,3.9382190701339637,333.4586006616509,1313.2330202258995,3.920871794871795,285.8829901774854,1120.910552820513,81911.0,16408860.95,20945.0
Enzalutamide,Xtandi,473,172611.0,164282.0,165326.0,2093533835.2800004,2111997541.28,2240072642.96,32985.0,31639.0,31932.0,0.639033191894357,0.9718944743772459,-0.0482530082092103,0.008819396987453078,0.006354926285289928,0.06064169071067133,-0.020949040961960187,0.034730543849062205,5.192389139985461,12855.927863551697,66752.98022314232,5.177439559063009,13549.427452185379,70151.3416935989,227932.0,3030169345.65,40861.0
Epinastine Hcl,Epinastine Hcl,474,7835.0,7989.0,8714.0,588269.16,667638.3600000001,735400.8400000002,2975.0,2861.0,3326.0,-0.47845343548000957,-0.28498206195692366,0.0196553924696873,0.13491987239310668,0.0907497809488046,0.1014957858323181,0.05520258670924595,0.11820782911271238,2.7923802866130725,83.5697033420954,233.35839217056977,2.6199639206253758,84.39302731237092,221.10668671076374,10292.0,741074.6900000001,4018.0
Epinephrine,Epinephrine,475,95391.0,87742.0,118797.0,25800746.280000005,24130884.7,30319007.06,74406.0,67348.0,88261.0,1.2775935121455548,0.952045157763504,-0.08018576175949513,-0.06472144494883988,0.3539354015180871,0.25643992903418084,0.136874819879296,0.09585924204267048,1.3028152283660985,275.0209101684484,358.30142988655933,1.3459738729450152,255.2169420103201,343.51533587881397,139114.0,28449489.56,101035.0
Eplerenone,Eplerenone,476,106416.0,115106.0,130228.0,14155890.069999998,15340483.089999992,13883227.35,30601.0,34070.0,38520.0,0.1884502363613134,-0.04261674695370351,0.08166065253345361,0.08368198779040067,0.13137455910204507,-0.09499412316095408,0.10651760581774934,-0.005656067685276704,3.37851482242442,133.27266250238904,450.2636656882886,3.380789200415369,106.60708411401542,360.41607866043614,172453.0,13421062.79,50932.0
Epoetin Alfa,Procrit,477,64768.0,64918.0,81030.0,96904397.13000004,101108014.75000004,125164344.99000002,16670.0,17070.0,20927.0,-0.12457730577673103,-0.03625365381509287,0.0023159584980237155,0.043379018336605825,0.24819002433839613,0.23792703574965574,0.12525299141820992,0.1406530270431308,3.803046280023433,1557.4727309837033,5923.1408758055095,3.872031347063602,1544.666728248797,5980.997992545516,87015.0,122974223.69000004,21942.0
Epoetin Alfa-Epbx,Retacrit,478,36436.0,35525.0,24326.0,20552658.620000005,20935511.500000007,14232529.620000005,9487.0,9419.0,7147.0,2.795599937587767,3.3744669224077324,-0.025002744538368645,0.018627900510518117,-0.3152427867698804,-0.3201728259660625,-0.1701227656541245,-0.1507724627277722,3.7716318080475633,589.3177058409573,2222.6894043953716,3.4036658737931997,585.0748014470116,1991.3991353015258,29854.0,17208619.650000002,8491.0
Eravacycline Di-Hydrochloride,Xerava,479,241.0,283.0,322.0,113359.63,200857.68,268825.21,65.0,82.0,105.0,6.488372093023256,7.003749321546377,0.17427385892116182,0.771862522839921,0.13780918727915195,0.33838651327646535,0.1560415231001569,0.5551245180581932,3.451219512195122,709.7444522968198,2449.4839024390244,3.066666666666667,834.860900621118,2560.2400952380954,298.0,203956.42,70.0
Erdafitinib,Balversa,480,84.0,90.0,63.0,1358639.29,1565087.87,1127820.1,35.0,25.0,25.0,1.8636363636363635,2.32026555292064,0.07142857142857142,0.15195245825696685,-0.3,-0.279388639054496,-0.11428571428571428,-0.06371809039876458,3.6,17389.865222222223,62603.514800000004,2.52,17901.90634920635,45112.804000000004,131.0,2122086.32,55.0
Erenumab-Aooe,Aimovig Autoinjector,481,276511.0,263016.0,267981.0,211275908.3700001,236243766.44,253409340.76,54169.0,53517.0,54781.0,0.9313110784398513,1.6415118890998481,-0.04880456835351939,0.11817655057137215,0.018877178574687473,0.07266043281764058,-0.014963694889415957,0.09541849169450636,4.914625259263412,898.2106276424248,4414.368638750304,4.891860316533105,945.6242821692582,4625.861900293898,272021.0,236593818.20999995,55633.0
Ergocalciferol (Vitamin D2),Vitamin D2,482,771638.0,882663.0,1183684.0,4351896.899999999,5480895.32,7037407.760000002,243836.0,284176.0,388348.0,5.277359411128317,13.500577115079842,0.14388223493399754,0.25942673871708705,0.3410372928286334,0.2839887188358126,0.24245976388131546,0.27170772877644983,3.106043437869489,6.209499344596976,19.28697469174033,3.0479981871929303,5.945343317980138,18.12139565544306,1336939.0,9599170.59,443303.0
Ergotamine Tartrate/Caffeine,Ergotamine-Caffeine,483,5926.0,3150.0,4054.0,5251379.219999999,3342634.9399999995,3161523.1900000004,2190.0,1303.0,1547.0,1.83298392732355,0.7579951604358032,-0.4684441444481944,-0.3634748510887393,0.286984126984127,-0.054182330182906274,-0.09073000873203368,-0.20882859063582276,2.417498081350729,1061.1539492063491,2565.337636224098,2.6205559146735617,779.8527849037988,2043.647828054299,4081.0,2943690.7100000004,1359.0
Erlotinib Hcl,Tarceva,484,3792.0,3330.0,3047.0,10398765.429999996,7040527.180000002,5019650.620000001,1285.0,1130.0,1030.0,-0.28574777308954524,-0.8386381032522717,-0.12183544303797468,-0.32294586050682705,-0.08498498498498498,-0.2870348353658369,-0.10341021401147983,-0.30499034793633195,2.9469026548672566,2114.272426426427,6230.555026548674,2.958252427184466,1647.4074893337713,4873.4472038834965,2884.0,2819793.2,945.0
Ertapenem Sodium,Ertapenem,485,62754.0,69153.0,82696.0,36381823.27,37244362.48999999,43372422.42999999,20132.0,22123.0,27483.0,0.5991955289976988,0.4200383503728897,0.1019695955636294,0.02370797124703816,0.19584110595346552,0.16453657762689247,0.14890535075854747,0.09412227443696532,3.125841884012114,538.5791287435106,1683.513198481218,3.008987374013026,524.4802944519686,1578.1545839246076,103253.0,42591572.82999998,35881.0
Ertugliflozin Pidolate,Steglatro,486,10743.0,11670.0,12568.0,4263904.7,4722435.65,5072087.529999999,3345.0,3552.0,3879.0,2.4366967459666395,3.325914109280614,0.08628874616029042,0.10753780449173739,0.07694944301628107,0.07404058115646296,0.08161909458828574,0.09078919282410017,3.285472972972973,404.66458011996576,1329.5145411036037,3.240010311936066,403.57157304264797,1307.5760582624387,14315.0,4674272.67,4273.0
Ertugliflozin/Metformin,Segluromet,487,438.0,476.0,599.0,152839.17000000004,180765.66,254090.53,153.0,156.0,207.0,4.759615384615385,8.21602240363983,0.0867579908675799,0.1827181474487198,0.25840336134453784,0.40563495301043345,0.17258067610605887,0.2941765502295766,3.051282051282051,379.7597899159664,1158.7542307692308,2.893719806763285,424.1912020033389,1227.4904830917874,504.0,220085.04000000004,170.0
Erythromycin Base,Erythromycin,488,794306.0,848779.0,883073.0,16405557.569999998,16296666.75,16131740.489999996,489795.0,524092.0,552518.0,0.24324997817805022,0.049846794223151386,0.0685793636205694,-0.006637434877502822,0.04040392139767831,-0.010120244988135595,0.05449164250912386,-0.008378839932819208,1.6195229081916915,19.200129539020168,31.095049628691147,1.5982701016075493,18.267731535218488,29.19676913693309,956364.0,15018552.8,604967.0
Erythromycin Base In Ethanol,Erythromycin,489,6278.0,6210.0,6178.0,301063.62999999995,263468.73,246560.89000000004,2838.0,2850.0,2856.0,-0.21339444868856633,-0.8188048666120996,-0.01083147499203568,-0.12487360230128086,-0.0051529790660225444,-0.06417399134994099,-0.007992227029029112,-0.09452379682561093,2.1789473684210527,42.4265265700483,92.44516842105263,2.1631652661064424,39.909499838135325,86.33084383753503,6714.0,204273.37000000005,2964.0
Erythromycin Ethylsuccinate,Erythromycin Ethylsuccinate,490,4439.0,3738.0,3295.0,2143418.2,2137054.819999999,1997736.4300000004,982.0,891.0,828.0,-0.40992120343839544,-0.4159091607803879,-0.15791845010137417,-0.0029688000223200887,-0.11851257356875335,-0.06519177173002917,-0.13821551183506375,-0.03408028587617463,4.1952861952861955,571.7107597645797,2398.490258136924,3.9794685990338166,606.293301972686,2412.7251570048315,3587.0,1817490.52,906.0
Erythromycin Lactobionate,Erythrocin Lactobionate,491,22.0,29.0,13.0,10216.26,7610.44,26574.6,5.0,5.0,5.0,0.0,0.31127366927774003,0.3181818181818182,-0.25506594389727755,-0.5517241379310345,2.491861180168295,-0.11677115987460815,1.1183976181355089,5.8,262.42896551724135,1522.088,2.6,2044.1999999999998,5314.92,21.0,33389.41,5.0
Erythromycin/Benzoyl Peroxide,Erythromycin-Benzoyl Peroxide,492,1438.0,1247.0,1177.0,198046.9,191857.41999999995,168496.5700000001,530.0,486.0,451.0,-0.552130898021309,-0.6614167783880079,-0.13282336578581364,-0.03125259723833112,-0.056134723336006415,-0.12176151435790113,-0.09447904456091002,-0.07650705579811612,2.565843621399177,153.85518845228546,394.7683539094649,2.6097560975609757,143.15766355140195,373.60658536585385,1062.0,107489.75,435.0
Escitalopram Oxalate,Escitalopram Oxalate,493,9934046.0,10455708.0,11090501.0,146075223.67999995,157910572.15999997,164168681.24,2395615.0,2570955.0,2745646.0,0.20353663176459583,0.09867886781473043,0.052512541214324956,0.08102228551726989,0.060712579195976016,0.03963071626172774,0.056612560205150486,0.06032650088949881,4.06685764628319,15.102810078475793,61.42097864801211,4.039304775633858,14.802638874474653,59.79236989764886,11938670.0,135688950.33999997,2967627.0
Esketamine Hcl,Spravato,494,22457.0,34438.0,53245.0,29586052.24000001,46155856.24000002,74832798.02000001,2590.0,3663.0,5295.0,9.470993117010815,12.020282830822339,0.5335084828783898,0.5600545779337812,0.5461118531854346,0.6213066795010016,0.5398101680319123,0.5906806287173914,9.401583401583402,1340.2594877751326,12600.56135408136,10.055712936732768,1405.4427273922436,14132.728615675167,80669.0,120604476.78,7655.0
Eslicarbazepine Acetate,Aptiom,495,71548.0,70216.0,68999.0,97987584.04,103156607.69,109424474.51,12978.0,13454.0,13351.0,-0.00802219762209411,0.32028925243138273,-0.01861687258903114,0.052751822597135546,-0.017332231969921386,0.06076069153840171,-0.017974552279476263,0.05675625706776863,5.218968336554185,1469.1325009969237,7667.356004905604,5.168077297580705,1585.8849332599025,8195.975920155794,68101.0,110556377.94000006,13331.0
Esomeprazole Magnesium,Esomeprazole Magnesium,496,2219475.0,2071875.0,2157897.0,220667345.10000008,200054329.9400001,149461205.62,564687.0,540103.0,566082.0,-0.29219666981989845,-0.5536683116617717,-0.06650221336126787,-0.09341216821482477,0.04151891402714932,-0.25289692222694643,-0.012491649667059273,-0.1731545452208856,3.836073859985966,96.55714265580698,370.400330936877,3.8119866026476728,69.26243728037066,264.0274829794977,2335279.0,108588815.28,618857.0
Esomeprazole Sodium,Esomeprazole Sodium,497,229.0,131.0,132.0,63288.51,52353.240000000005,36140.89,40.0,20.0,25.0,-0.6373626373626373,-0.6552164260237073,-0.4279475982532751,-0.17278444381136476,0.007633587786259542,-0.3096723335556692,-0.21015700523350778,-0.24122838868351698,6.55,399.64305343511455,2617.6620000000003,5.28,273.7946212121212,1445.6356,103.0,16446.21,20.0
Estazolam,Estazolam,498,75559.0,76796.0,76543.0,3793619.929999999,4352123.8,4225811.629999999,14054.0,13629.0,13489.0,-0.009882675566248852,0.5934430410329912,0.016371312484283803,0.1472218831368279,-0.0032944424188759832,-0.029023110509862074,0.0065384350327039095,0.05909938631348292,5.634749431359601,56.67123027241002,319.32818255191137,5.6744754985543775,55.2083355760814,313.2783475424419,55862.0,3224731.540000001,10454.0
Estradiol,Estradiol,499,2724256.0,2874392.0,3166307.0,234592118.34,238874827.7199999,259482531.41000003,967042.0,1060760.0,1216398.0,0.22718323255076658,0.042750027130032835,0.055110826588984294,0.018255981532136863,0.1015571292989961,0.08626988405055258,0.07833397794399019,0.052262932791344724,2.709747728044044,83.10447138734031,225.19215253214668,2.6030189132175487,81.95115995069335,213.32041931177133,3876477.0,249490559.96,1564568.0
Estradiol Acetate,Femring,500,1077.0,1039.0,950.0,655868.43,699873.4500000001,705686.16,318.0,327.0,298.0,-0.1887275832621691,0.2662858236315462,-0.035283194057567316,0.06709427986951592,-0.08565928777670838,0.00830537292134737,-0.06047124091713785,0.037699826395431645,3.1773700305810397,673.6029355149183,2140.285779816514,3.1879194630872485,742.8275368421052,2368.0743624161073,951.0,718599.7600000004,320.0
Estradiol Cypionate,Depo-Estradiol,501,1569.0,307.0,199.0,221835.68,48079.51999999999,36460.55,597.0,153.0,100.0,-0.8775384615384615,-0.8153511946030287,-0.804333970681963,-0.783265162754702,-0.3517915309446254,-0.2416615224112052,-0.5780627508132942,-0.5124633425829537,2.0065359477124183,156.61081433224751,314.24522875816984,1.99,183.21884422110554,364.6055,210.0,43565.45,108.0
Estradiol Valerate,Estradiol Valerate,502,1502.0,2486.0,3718.0,208606.91000000003,380165.42,540824.4500000001,467.0,782.0,1185.0,2.9095688748685595,2.4605746200978516,0.6551264980026631,0.8224008974582862,0.49557522123893805,0.4226029553135056,0.5753508596208006,0.6225019263858959,3.1790281329923276,152.92253419147224,486.14503836317135,3.137552742616034,145.46112157073696,456.3919409282701,4795.0,612680.77,1569.0
Estradiol Valerate/Dienogest,Natazia,503,95.0,26.0,52.0,25477.84,6520.41,13206.96,35.0,10.0,20.0,-0.36585365853658536,-0.34664324396792123,-0.7263157894736842,-0.7440752434272293,1.0,1.025479992822537,0.13684210526315788,0.1407023746976539,2.6,250.785,652.0409999999999,2.6,253.98,660.348,71.0,17681.02,30.0
Estradiol/Levonorgestrel,Climara Pro,504,2145.0,2159.0,1783.0,605463.8600000001,625327.04,525351.86,810.0,801.0,662.0,-0.22173723264949805,-0.09965948448777144,0.006526806526806527,0.03280654934548848,-0.17415470125057897,-0.15987663031491497,-0.08381394736188622,-0.06353504048471324,2.6953807740324596,289.6373506252895,780.6829463171036,2.693353474320242,294.64490185081326,793.5828700906344,1541.0,442079.36,579.0
Estradiol/Norethindrone Acet,Combipatch,505,18375.0,17496.0,17706.0,2332284.04,2289989.4500000007,2126055.56,6031.0,5704.0,5841.0,-0.0921862182116489,-0.10101677715520252,-0.04783673469387755,-0.018134407848539487,0.012002743484224965,-0.07158718132959108,-0.01791699560482629,-0.04486079458906528,3.067321178120617,130.88645690443533,401.470801192146,3.031330251669235,120.07542979780865,363.9882828282828,19262.0,1943646.32,6264.0
Estramustine Phosphate Sodium,Emcyt,506,83.0,54.0,17.0,106781.12,56185.47,5408.68,20.0,15.0,5.0,-0.711864406779661,-0.9154530858792047,-0.3493975903614458,-0.4738258036626699,-0.6851851851851852,-0.9037352539722459,-0.5172913877733155,-0.6887805288174579,3.6,1040.4716666666666,3745.698,3.4,318.15764705882356,1081.736,14.0,5371.84,5.0
"Estrogen,con/M-Progest Acet",Prempro,507,37586.0,32582.0,29439.0,11066794.71,10210017.099999998,9706619.570000002,12799.0,11241.0,10181.0,-0.37560447951132603,-0.18795561338492256,-0.1331346778055659,-0.07741876780508229,-0.09646430544472408,-0.04930427883416529,-0.114799491625145,-0.06336152331962379,2.898496575037808,313.36373150819463,908.2837025175694,2.8915627148610157,329.7197448962262,953.4053206954133,28572.0,9019254.649999997,9915.0
"Estrogens, Conjugated",Premarin,508,381640.0,332921.0,291026.0,138886045.88000005,126390319.75000004,116025602.87000002,140282.0,121308.0,106257.0,-0.4273576589481638,-0.29356211324768994,-0.1276569541976732,-0.08997106981356884,-0.12584066490248438,-0.08200562274469617,-0.12674880955007878,-0.0859883462791325,2.744427407920335,379.64057464083083,1041.8959982029219,2.7388877909220097,398.6777912282752,1091.933734906877,261101.0,98612632.75,94228.0
"Estrogens,esterified",Menest,509,1452.0,1192.0,664.0,127437.32,104242.05999999995,60556.31,586.0,455.0,270.0,-0.6237960339943343,-0.5826012269211318,-0.1790633608815427,-0.1820130869042134,-0.4429530201342282,-0.4190798800407434,-0.3110081905078855,-0.3005464834724784,2.61978021978022,87.45139261744963,229.10342857142848,2.4592592592592593,91.19926204819276,224.2826296296296,818.0,73915.68,330.0
Eszopiclone,Eszopiclone,510,366622.0,395747.0,390754.0,14093465.389999997,16829038.72,17007958.020000003,102802.0,110332.0,109311.0,0.3609716001309584,0.17986081666209058,0.07944149560037314,0.1941022491133391,-0.012616646493845815,0.01063158169500037,0.03341242455326366,0.10236691540416973,3.5868741616212887,42.52474110985048,152.53089511655728,3.574699710001738,43.525998505453565,155.59237423498095,553455.0,13054301.63,149084.0
Etanercept,Enbrel,511,303243.0,318284.0,332317.0,1998734907.24,2269646646.92,2552950971.3,55177.0,57223.0,58898.0,0.16847631169963642,0.5145619170553617,0.049600485419284204,0.13554160619233638,0.04408955523997436,0.12482309735943048,0.04684502032962928,0.13018235177588344,5.5621690578963,7130.88514320544,39663.18869894972,5.642245916669497,7682.276173954388,43345.2913732215,362373.0,2826294709.379999,63272.0
Eteplirsen,Exondys-51,512,264.0,383.0,356.0,18000823.2,24089447.28,22134876.789999995,40.0,65.0,70.0,0.9560439560439561,1.4922562111564615,0.45075757575757575,0.3382414244255231,-0.07049608355091384,-0.08113803804966362,0.19013074610333094,0.12855169318792972,5.892307692307693,62896.72919060053,370606.8812307693,5.085714285714285,62176.6201966292,316212.52557142853,410.0,25643033.87,75.0
Ethacrynate Sodium,Ethacrynate Sodium,513,13.0,15.0,13.0,192989.47,200628.18,200668.85,5.0,5.0,5.0,0.0,0.039608120356298585,0.15384615384615385,0.03958096781135256,-0.13333333333333333,0.00020271329780299462,0.010256410256410262,0.01989184055457778,3.0,13375.212,40125.636,2.6,15436.065384615385,40133.770000000004,12.0,182217.6,5.0
Ethacrynic Acid,Ethacrynic Acid,514,3274.0,3235.0,2956.0,1868356.33,1879859.83,1347076.4600000004,1215.0,1160.0,1025.0,-0.40403225806451615,-0.6265846079094815,-0.011912034208918754,0.006157016097673403,-0.08624420401854714,-0.28341654068963196,-0.04907811911373295,-0.1386297622959793,2.788793103448276,581.1004111282845,1620.5688189655173,2.88390243902439,455.70922192151573,1314.2209365853662,2807.0,1024672.8100000004,990.0
Ethambutol Hcl,Ethambutol Hcl,515,36621.0,40207.0,44810.0,2028530.14,2279210.22,2567926.44,9239.0,9893.0,11030.0,0.10740411229735074,0.1290464416132432,0.09792195734687748,0.12357720255514681,0.1144825527893153,0.12667380019031316,0.10620225506809639,0.12512550137272999,4.064186798746588,56.68690078841993,230.38615384615386,4.062556663644606,57.306994867217135,232.8129138712602,50246.0,2465214.069999999,12260.0
Ethinyl Estradiol/Drospirenone,Ocella,516,4738.0,4660.0,4707.0,178073.97999999998,173223.48999999993,156538.14999999997,1830.0,1805.0,1815.0,-0.13664710198092442,-0.29221073089759175,-0.01646264246517518,-0.027238622958840192,0.010085836909871245,-0.0963226176773137,-0.003188402777651967,-0.06178062031807695,2.581717451523546,37.1724227467811,95.96869252077559,2.593388429752066,33.25645846611429,86.24691460055095,4632.0,137393.76,1765.0
Ethosuximide,Ethosuximide,517,7295.0,7190.0,7095.0,1002355.2700000004,861449.93,792931.2500000002,2565.0,2490.0,2370.0,-0.12655422873322664,-0.31470908645851664,-0.01439342015078821,-0.1405742496869401,-0.01321279554937413,-0.07953878410553683,-0.01380310785008117,-0.11005651689623847,2.887550200803213,119.81222948539639,345.963827309237,2.9936708860759493,111.75916138125444,334.570147679325,7420.0,566330.3400000001,2525.0
Ethynodiol D-Ethinyl Estradiol,Zovia 1-35e,518,1647.0,1360.0,1307.0,35484.829999999994,30390.47,29014.35,600.0,510.0,490.0,-0.3293996921498204,-0.3284523622156592,-0.1742562234365513,-0.14356444711726093,-0.03897058823529412,-0.04528130035501269,-0.10661340583592271,-0.09442287373613681,2.6666666666666665,22.345933823529414,59.5891568627451,2.66734693877551,22.199196633511857,59.21295918367347,1175.0,24232.080000000005,450.0
Etodolac,Etodolac,519,177882.0,166081.0,166692.0,9349440.88,9091794.1,8220830.05,71661.0,68253.0,69572.0,-0.14481838703057665,-0.21543448410535185,-0.06634173215952148,-0.027557453253825075,0.003678927752120953,-0.09579671959355084,-0.031331402203700266,-0.06167708642368795,2.4333142865515067,54.743131965727564,133.20724510277935,2.3959638935203817,49.31748404242555,118.16291108491922,153359.0,5193791.480000001,68186.0
Etonogestrel/Ethinyl Estradiol,Nuvaring,520,764.0,543.0,640.0,102832.44,70790.12999999998,75312.77000000002,315.0,215.0,260.0,-0.6812749003984063,-0.7967442986187379,-0.2892670157068063,-0.31159729361668387,0.17863720073664824,0.06388800246588111,-0.05531490748507903,-0.12385464557540138,2.525581395348837,130.36856353591156,329.25641860465106,2.4615384615384617,117.67620312500003,289.6645000000001,530.0,55556.47000000001,210.0
Etoposide,Etoposide,521,137.0,101.0,103.0,6143.16,4721.66,5581.46,40.0,35.0,35.0,0.2716049382716049,0.8805711667273141,-0.26277372262773724,-0.23139556840453449,0.019801980198019802,0.18209697436918376,-0.12148587121485872,-0.024649297017675362,2.8857142857142857,46.74910891089109,134.90457142857142,2.942857142857143,54.18893203883495,159.47028571428572,60.0,2486.32,20.0
Etravirine,Intelence,522,23043.0,21185.0,18663.0,34808179.92000001,27189642.34,21779537.24000001,5606.0,5611.0,5010.0,-0.572351687633189,-0.6597366387365607,-0.0806318621707243,-0.2188720466714942,-0.119046495161671,-0.19897669238704632,-0.09983917866619765,-0.20892436952927027,3.7756193191944396,1283.4383922586735,4845.774788807699,3.7251497005988026,1166.9901537802073,4347.2130219560895,16393.0,17363910.870000005,4380.0
Everolimus,Zortress,523,15095.0,17319.0,20035.0,144948679.09000003,140525988.01,126356244.52000004,4653.0,5099.0,5690.0,0.15635461156643196,-0.4300386781452199,0.14733355415700564,-0.030512117169787738,0.15682198741266817,-0.10083361583617982,0.15207777078483692,-0.06567286650298378,3.396548342812316,8113.978174836884,27559.51912335752,3.5210896309314585,6306.77536910407,22206.721356766262,23484.0,83398612.22999999,6547.0
Evolocumab,Repatha Sureclick,524,725583.0,903437.0,1187888.0,485182101.15,703060560.2899998,1031069707.36,150612.0,193166.0,258971.0,3.214834921141803,3.5099399544179293,0.24511875278224546,0.4490653274792593,0.3148542731811958,0.46654465574729764,0.2799865129817206,0.4578049916132785,4.676998022426307,778.2065161046092,3639.670336860523,4.5869537515783625,867.9856243686273,3981.409916013762,1883534.0,1616984122.2000003,422888.0
Exemestane,Exemestane,525,152563.0,146374.0,149289.0,38035311.72,37358241.32000001,32674383.73,41451.0,40915.0,42654.0,-0.092572894316158,-0.3448903319045121,-0.04056684779402608,-0.017801100329722527,0.019914738956372035,-0.12537682247618198,-0.010326054418827021,-0.07158896140295226,3.577514359037028,255.22457075710173,913.0695666625934,3.5,218.86665280094314,766.033284803301,165249.0,24582394.050000004,47901.0
Exenatide,Byetta,526,7293.0,3549.0,2699.0,6817498.5,3316688.939999999,2453400.99,2845.0,1415.0,1095.0,-0.8256797778208358,-0.820580948649557,-0.5133689839572193,-0.5135035321239896,-0.23950408565793183,-0.2602860761491848,-0.37643653480757555,-0.38689480413658717,2.5081272084805653,934.541825866441,2343.9497809187274,2.464840182648402,909.0037013708782,2240.5488493150688,1865.0,1651417.47,746.0
Exenatide Microspheres,Bydureon Bcise,527,186870.0,160802.0,109771.0,208517458.07,184348490.09,128348778.43,50178.0,44856.0,32395.0,-0.6350795191617244,-0.5307969490339197,-0.13949804677048216,-0.11590860642415077,-0.3173530179972886,-0.3037709266436661,-0.22842553238388538,-0.20983976653390846,3.584849295523453,1146.4315747938458,4109.784423265561,3.3885167464114834,1169.2412242759929,3961.9934690538666,85420.0,89277848.66,25636.0
Ezetimibe,Ezetimibe,528,4456964.0,5222660.0,6372346.0,253091174.9,297454416.62,264260810.88000005,1268710.0,1526718.0,1910184.0,0.8519050453244552,0.14885139233626488,0.17179766316263717,0.17528561293189523,0.2201341844960231,-0.11159224366940566,0.19596592382933015,0.031846684631244786,3.4208413079560205,56.954581883561254,194.83258638464994,3.335985433863963,41.46994072198842,138.34311819175537,8112620.0,194134730.72,2472385.0
Ezetimibe/Simvastatin,Ezetimibe-Simvastatin,529,84130.0,81442.0,80269.0,14256210.020000003,12672266.62,11094354.310000002,26736.0,26000.0,25699.0,-0.2312282113167069,-0.4962830961425526,-0.03195055271603471,-0.1111055040419504,-0.014402887944795068,-0.12451697532228823,-0.023176720330414888,-0.11781123968211932,3.1323846153846153,155.59866678126764,487.39486999999997,3.1234289271956106,138.21468200675233,431.7037359430329,84801.0,7110494.120000001,27136.0
Famciclovir,Famciclovir,530,34943.0,33782.0,32571.0,2092117.3500000008,2201164.49,1852254.89,13613.0,13101.0,12817.0,-0.21274744398520776,-0.20890619912065206,-0.033225538734510486,0.05212286012541285,-0.035847492747617074,-0.15851137049734992,-0.034536515741063784,-0.05319425518596854,2.5785817876497976,65.15790924160797,168.01499809174874,2.5412342981977063,56.86822295907402,144.51547866115314,31263.0,1640116.08,12142.0
Famotidine,Famotidine,531,9698052.0,10710682.0,11747802.0,185539330.82,168289785.50999993,188376389.31,2896190.0,3258933.0,3588594.0,1.2675704931373375,1.9346024517513423,0.1044158146398885,-0.09296975058476749,0.09683043526079851,0.11935723691802143,0.1006231249503435,0.01319374316662697,3.2865609694952305,15.712331437904695,51.639535243590444,3.27365034885529,16.035032707394965,52.493090416469514,13009220.0,167582071.94000006,3972375.0
Famotidine/Pf,Famotidine,532,7090.0,7299.0,7558.0,63132.38999999999,58753.49,56494.26000000002,1651.0,1667.0,1628.0,0.8657121698346087,0.8178116665170446,0.029478138222849084,-0.0693605928747509,0.03548431291957802,-0.03845269446972395,0.03248122557121355,-0.05390664367223742,4.378524295140972,8.04952596246061,35.2450449910018,4.642506142506143,7.47476316485843,34.701633906633916,7928.0,59712.91000000001,1634.0
Fat Emul/Soy/Mct/Oliv/Fish Oil,Smoflipid,533,629.0,354.0,168.0,114551.96,53446.32,15265.9,110.0,60.0,30.0,-0.7209302325581395,-0.8795608937829946,-0.43720190779014306,-0.5334316409775965,-0.5254237288135594,-0.7143694832497354,-0.48131281830185124,-0.623900562113666,5.9,150.97830508474576,890.772,5.6,90.86845238095238,508.86333333333334,165.0,11844.89,35.0
Fat Emulsions,Intralipid,534,672.0,108.0,153.0,184006.97999999992,19181.64,121191.08,175.0,40.0,45.0,-0.994770839741618,-0.9836198803541792,-0.8392857142857143,-0.8957559109985935,0.4166666666666667,5.318077077872382,-0.2113095238095238,2.2111605834368944,2.7,177.60777777777778,479.541,3.4,792.0985620915033,2693.135111111111,335.0,174096.18000000005,65.0
Febuxostat,Uloric,535,185999.0,154233.0,149764.0,36142921.74,27877296.51,25868328.829999994,50677.0,42684.0,41486.0,-0.43810334930383854,-0.7652952520505909,-0.17078586444013139,-0.22869277944545055,-0.02897564075133078,-0.07206465229795007,-0.09988075259573108,-0.15037871587170032,3.613368006747259,180.74793662834804,653.1088114984537,3.6099889119220943,172.72728312545067,623.5435768693052,163160.0,16260290.179999994,45373.0
Fedratinib Dihydrochloride,Inrebic,536,1098.0,1139.0,1000.0,20093122.059999995,22005646.26,19657596.63,323.0,337.0,309.0,14.873015873015873,17.799982595935315,0.037340619307832425,0.09518302801769807,-0.12203687445127305,-0.10670214372518058,-0.04234812757172031,-0.005759557853741257,3.379821958456973,19320.145970149257,65298.65359050446,3.236245954692557,19657.59663,63616.81757281553,1141.0,22630851.57,367.0
Felbamate,Felbamate,537,19102.0,18438.0,17363.0,14407296.52,12995593.63,10363489.31,4949.0,4711.0,4452.0,-0.14248320821809562,-0.33740246174237865,-0.03476075803580777,-0.09798527350639957,-0.05830350363379976,-0.2025382137160594,-0.046532130834803766,-0.1502617436112295,3.913818722139673,704.826642260549,2758.563708342178,3.9000449236298294,596.87204457755,2327.8277875112312,17161.0,7915010.24,4398.0
Felodipine,Felodipine Er,538,178498.0,162683.0,146493.0,6581441.220000001,5471861.320000001,5343326.310000001,50830.0,46685.0,42614.0,-0.3864655797025577,-0.3761367393651666,-0.0886004324978431,-0.16859223730938364,-0.09951869586865253,-0.02349018048578756,-0.09405956418324782,-0.09604120889758559,3.4846952982756774,33.63511442498602,117.2081250937132,3.4376730651898435,36.47495996395733,125.38898742197404,142297.0,3865709.329999999,41391.0
Fenofibrate,Fenofibrate,539,1525045.0,1498285.0,1490662.0,71472373.08999997,61199590.92000001,54080183.92999999,404356.0,403730.0,403082.0,-0.14173902028972157,-0.3774351832818133,-0.017547023202594023,-0.14373081130332968,-0.005087817070851006,-0.11633095716777736,-0.011317420136722515,-0.13003088423555353,3.711106432516781,40.84642836309514,151.58544304361828,3.69816067202207,36.27930673083502,134.16670536019964,1536152.0,42719839.82000001,414227.0
Fenofibrate Nanocrystallized,Fenofibrate,540,1288190.0,1307890.0,1340176.0,62784969.02,61119806.82000001,51512539.76000001,324469.0,333499.0,341962.0,-0.03587651056152098,-0.2791859832861631,0.015292775134102888,-0.026521669533189737,0.024685562241472905,-0.15718745787750502,0.019989168687787898,-0.09185456370534738,3.921720904710359,46.73161108350091,183.26833609695984,3.919078728045806,38.43714538985925,150.6381988642013,1430397.0,37929712.46,366220.0
"Fenofibrate,micronized",Fenofibrate,541,319043.0,303670.0,299882.0,15337034.439999996,13230619.929999998,11405026.800000004,86258.0,82894.0,82395.0,-0.22439563111190428,-0.47771874857462016,-0.04818472745053175,-0.1373417082839907,-0.012474067244047815,-0.1379824331481642,-0.03032939734728978,-0.13766207071607744,3.6633531980601735,43.569071459149725,159.60889726638837,3.6395655076157536,38.03171514128892,138.41891862370295,311078.0,8015159.859999999,85462.0
Fenofibric Acid (Choline),Fenofibric Acid,542,72306.0,63616.0,58966.0,7603190.530000001,5717291.250000001,3927853.46,21382.0,19136.0,17569.0,-0.45918133374911724,-0.7052519949520719,-0.12018366387298426,-0.24804051306603256,-0.07309481891348088,-0.31298699187311835,-0.09663924139323257,-0.28051375246957544,3.3244147157190636,89.8719072245976,298.7714909071907,3.35625249018157,66.61217413424686,223.56727531447436,58542.0,2769864.6,17547.0
Fenoprofen Calcium,Fenoprofen Calcium,543,1025.0,333.0,230.0,279189.84,92456.84,68632.69,372.0,123.0,80.0,-0.8910984848484849,-0.8706668326719598,-0.6751219512195122,-0.6688388087474817,-0.30930930930930933,-0.25767860982486523,-0.4922156302644108,-0.46325870928617346,2.707317073170732,277.6481681681682,751.6816260162601,2.875,298.403,857.908625,24.0,6176.129999999999,10.0
Fentanyl,Fentanyl,544,994656.0,841059.0,722609.0,107456442.61,95179824.29,80682701.03999999,204021.0,176675.0,155661.0,-0.4925609063285841,-0.4919863710115169,-0.15442223240999903,-0.11424739198334041,-0.14083435288130797,-0.15231298605710017,-0.1476282926456535,-0.1332801890202203,4.760486769492005,113.16664382641409,538.7283106834584,4.6421968251520935,111.65471373868854,518.3231576310058,657037.0,75243166.41,143296.0
Fentanyl Citrate,Fentanyl Citrate,545,811.0,681.0,456.0,4988424.75,4929030.9,2576739.3000000003,255.0,215.0,170.0,-0.71712158808933,-0.7590229240950257,-0.16029593094944514,-0.011906333757966306,-0.3303964757709251,-0.4772320660436517,-0.24534620336018514,-0.244569199900809,3.167441860465116,7237.9308370044055,22925.72511627907,2.6823529411764704,5650.744078947369,15157.29,240.0,856283.1,85.0
Fentanyl Citrate/Pf,Fentanyl Citrate,546,9385.0,16938.0,19049.0,37053.06999999999,63531.22,70922.22000000002,8406.0,15063.0,16807.0,3.0851383229680462,2.36463918552852,0.8047948854555141,0.7146007065001635,0.1246310072027394,0.11633650353322374,0.46471294632912674,0.41546860501669364,1.1244771957777335,3.7508100129885467,4.217700325300405,1.1333967989528173,3.7231466218699154,4.219802463259358,15119.0,51240.490000000005,13377.0
Ferric Citrate,Auryxia,547,106489.0,89631.0,76184.0,163455600.32999998,155369906.87000006,142276532.06000003,25430.0,21231.0,18542.0,-0.1831185263022453,0.20317367638436334,-0.1583074308144503,-0.04946721582910429,-0.15002621860740145,-0.08427227044008864,-0.15416682471092588,-0.06686974313459647,4.221704111911827,1733.4394000959496,7318.0682431350415,4.10872613526049,1867.5382240365436,7673.203109696906,53294.0,95505404.01,13650.0
Fesoterodine Fumarate,Toviaz,548,176317.0,101606.0,91207.0,85222743.71,45480958.62999998,14755854.28,47188.0,29630.0,27399.0,-0.601122195059018,-0.8476232166853908,-0.42373112065200746,-0.4663283925149752,-0.10234631813081904,-0.6755597347882901,-0.26303871939141327,-0.5709440636516326,3.4291596355045564,447.6207963112413,1534.9631667229153,3.328844118398482,161.78423015777298,538.5544830103288,86039.0,8469812.01,25535.0
Fidaxomicin,Dificid,549,912.0,252.0,440.0,4203030.87,1249457.38,2414603.44,186.0,119.0,169.0,0.5384615384615384,0.834003059467605,-0.7236842105263158,-0.7027246721126271,0.746031746031746,0.9325216519190116,0.011173767752715114,0.11489848990319224,2.1176470588235294,4958.164206349206,10499.641848739495,2.603550295857988,5487.735090909091,14287.594319526626,463.0,2590077.61,198.0
Filgrastim,Neupogen,550,1746.0,1480.0,1063.0,4179271.19,3738107.42,2675416.31,554.0,449.0,315.0,-0.7563044475011462,-0.7570896658654801,-0.15234822451317298,-0.10555997683414271,-0.28175675675675677,-0.28428586731196714,-0.21705249063496487,-0.19492292207305492,3.2962138084632517,2525.7482567567567,8325.406280623607,3.3746031746031746,2516.854477892756,8493.38511111111,834.0,1787441.42,264.0
Filgrastim-Aafi,Nivestym,551,448.0,4059.0,11042.0,780567.38,3597070.559999999,9653174.060000004,149.0,1293.0,3253.0,393.35714285714283,285.0950774040238,8.060267857142858,3.6082768152571263,1.7203744764720375,1.6836209907430915,4.890321166807448,2.645948903000109,3.1392111368909514,886.1962453806354,2781.9571229698367,3.394405164463572,874.2233345408445,2967.4682016600073,9150.0,9445322.150000002,2898.0
Filgrastim-Sndz,Zarxio,552,14612.0,12118.0,9396.0,24785251.34,22332691.27,20019781.609999992,4825.0,4175.0,3180.0,0.0129366106080207,0.0328484657755524,-0.17068163153572405,-0.09895239860012653,-0.2246245254992573,-0.10356609653700763,-0.19765307851749067,-0.10125924756856708,2.9025149700598805,1842.9354076580294,5349.147609580838,2.9547169811320755,2130.670669433801,6295.528808176098,11674.0,21814885.49,3915.0
Finasteride,Finasteride,553,5876606.0,6044512.0,6242654.0,110993356.82999998,101591934.34,100804524.96999998,1639254.0,1709882.0,1783420.0,0.0679047498649863,-0.09726781521091649,0.028571934208282808,-0.08470256922132212,0.032780479218173446,-0.007750707525311794,0.030676206713228127,-0.046226638373316954,3.535046278047257,16.80730129082381,59.41458787214557,3.5003835327628936,16.147703359820998,56.52315493265747,6706842.0,87871173.81,1914238.0
Fingolimod Hcl,Gilenya,554,34301.0,26171.0,24580.0,327567618.7199999,267159339.8400001,162466606.12000003,7367.0,5767.0,6412.0,-0.43542274387302754,-0.5809408376862338,-0.23701932888253988,-0.18441468395456984,-0.06079248022620458,-0.39187375512568573,-0.14890590455437222,-0.2881442195401278,4.5380613837350445,10208.220543349513,46325.53144442519,3.8334373050530255,6609.70732790887,25337.898646288217,22150.0,65343199.71999999,5631.0
Flavoxate Hcl,Flavoxate Hcl,555,2889.0,2922.0,1881.0,206068.69,210648.37999999992,140662.30000000002,951.0,973.0,592.0,-0.5036939313984169,-0.45503924517234684,0.01142263759086189,0.02222409430564107,-0.35626283367556466,-0.3322412448650207,-0.1724200980423514,-0.1550085752796898,3.0030832476875644,72.09047912388772,216.49371017471728,3.177364864864865,74.78059542796386,237.60523648648652,1527.0,90383.13000000002,481.0
Flecainide Acetate,Flecainide Acetate,556,838633.0,874240.0,943178.0,63452958.99000001,61988350.10999999,57936651.27000001,247629.0,265922.0,291482.0,0.1831727633097496,0.029455223171228187,0.04245838167589398,-0.023081805849760852,0.07885477672035139,-0.06536226295441212,0.06065657919812269,-0.04422203440208649,3.2875805687382016,70.9054151148426,233.1072649498725,3.2358018676968046,61.42705965363909,198.7657943543684,1045744.0,43373927.04,325588.0
Fluconazole,Fluconazole,557,1820504.0,1943619.0,2115709.0,26243696.610000003,28497011.59,26233118.300000004,1007721.0,1098042.0,1220271.0,0.1561087110237778,0.011704598875326759,0.06762687695275595,0.08586118844025138,0.08854101549737886,-0.07944318241406152,0.0780839462250674,0.00320900301309493,1.7700771008759228,14.661830116910773,25.952569746876712,1.7338025733628022,12.399209106734435,21.497780656919655,2308172.0,24209798.059999995,1357263.0
"Fluconazole In Nacl,iso-Osm",Fluconazole-Nacl,558,396.0,470.0,346.0,20966.97,29638.98,20747.49,95.0,105.0,100.0,0.1419141914191419,1.0683041642242774,0.18686868686868688,0.4136033961988784,-0.26382978723404255,-0.29999311717204835,-0.03848055018267783,0.05680513951341504,4.476190476190476,63.06165957446808,282.276,3.46,59.96384393063584,207.47490000000002,361.0,16191.27,105.0
Flucytosine,Ancobon,559,12.0,1122.0,1767.0,73879.2,4367258.710000001,6631204.170000002,5.0,520.0,850.0,22.56,5.035779364332129,92.5,58.113508402906376,0.5748663101604278,0.5183905077150789,46.537433155080215,29.315949455310726,2.1576923076923076,3892.387442067737,8398.574442307694,2.0788235294117645,3752.803718166385,7801.416670588237,1016.0,2816812.5400000005,499.0
Fludrocortisone Acetate,Fludrocortisone Acetate,560,215947.0,221276.0,232372.0,5449108.740000001,5566400.06,5824754.8900000015,61604.0,62189.0,65020.0,-0.020193033424551254,-0.00576947660627237,0.02467735138714592,0.021524863165053743,0.05014551962255283,0.04641327019531578,0.03741143550484938,0.03396906668018476,3.558121211146666,25.15591415246118,89.50779173165672,3.57385419870809,25.06650926101252,89.58404936942482,252735.0,5552143.509999999,69562.0
Flumazenil,Flumazenil,561,3557.0,6365.0,6964.0,41829.43,56239.12,61779.95,3245.0,5633.0,6188.0,1.8171521035598706,1.3585633901646528,0.7894292943491706,0.34448688399531147,0.09410840534171248,0.09852270092419643,0.44176884984544157,0.22150479245975396,1.1299485176637671,8.835682639434408,9.98386650097639,1.125404007756949,8.871331131533601,9.983831609566904,5824.0,49699.07000000001,5092.0
Flunisolide,Flunisolide,562,19482.0,19194.0,18371.0,1329000.8099999998,1323586.0699999998,1193483.16,7202.0,7396.0,7330.0,-0.40725325073403673,-0.42016349812762155,-0.014782876501385895,-0.004074293980302383,-0.042877982702927996,-0.09829576855549706,-0.028830429602156947,-0.05118503126789972,2.5951865873445104,68.95832395540272,178.9597174148188,2.506275579809004,64.96560666267486,162.82171350613913,13261.0,684289.1000000002,5354.0
Fluocinolone Acetonide,Fluocinolone Acetonide,563,55147.0,50030.0,52297.0,4169629.36,3947970.539999999,3862729.66,28529.0,25746.0,27859.0,0.10085041889445544,-0.470375685184456,-0.09278836564092335,-0.05316031734772723,0.04531281231261243,-0.021591062835032954,-0.023737776664155462,-0.03737569009138009,1.9432144799192108,78.91206356186287,153.34306455371706,1.8772030582576547,73.86140046274166,138.65284683585196,56448.0,2775969.44,31128.0
Fluocinolone Acetonide Oil,Fluocinolone Acetonide Oil,564,48193.0,55525.0,87615.0,3281870.33,4049986.1600000006,6959296.069999999,33743.0,38415.0,59534.0,1.6585447263017357,0.9463642778262186,0.1521382773431826,0.23404819592613232,0.5779378658262044,0.718350580733836,0.36503807158469354,0.47619938832998415,1.4453989327085774,72.93986780729402,105.4272070805675,1.471680048375718,79.43041796496033,116.89616135317632,114309.0,4977659.11,78260.0
Fluocinolone/Shower Cap,Fluocinolone Acetonide,565,17423.0,18386.0,24152.0,1446358.73,1565810.9899999998,1933469.84,8363.0,8858.0,11488.0,0.7459697824043953,0.19308485499945466,0.05527176720427022,0.08258826632864433,0.3136081801370608,0.2348041062095243,0.18443997367066553,0.15869618626908433,2.07563784149921,85.16322147285977,176.7680051930458,2.102367688022284,80.05423318979796,168.30343314763232,33814.0,1839570.3700000008,15696.0
Fluocinonide,Fluocinonide,566,509478.0,489907.0,472585.0,49336917.91000001,52007098.84999999,34106814.370000005,262060.0,249479.0,248551.0,-0.14391583081384923,-0.34204066357172364,-0.03841382748617212,0.05412135684825097,-0.035357731161220395,-0.3441892525408574,-0.03688577932369626,-0.14503394784630322,1.9637203932996365,106.15708460993615,208.46283194176658,1.9013602842072652,72.17075101833534,137.22259966767385,506150.0,22299089.82,269888.0
Fluocinonide/Emollient Base,Fluocinonide-E,567,6383.0,3472.0,3474.0,926808.28,344116.3000000001,329812.47000000003,2889.0,1673.0,1687.0,-0.24642082429501086,-0.26908778867835426,-0.45605514648284506,-0.6287082156840463,0.000576036866359447,-0.041566848184756346,-0.22773955480824282,-0.3351375319344013,2.075313807531381,99.11183755760372,205.68816497310226,2.0592768227622997,94.93738341968913,195.5023532898637,4653.0,415141.81999999983,2036.0
Fluoride (Sodium),Sf 5000 Plus,568,69760.0,87411.0,105626.0,1065557.76,1408939.17,1640616.1099999996,30603.0,37098.0,44555.0,0.7300422576735349,1.417719196565286,0.25302465596330276,0.32225508826475996,0.20838338424225783,0.16443360006805668,0.2307040201027803,0.24334434416640832,2.356218664078926,16.11855681779181,37.978844412097686,2.3706879138143866,15.532313161532196,36.8222670856245,126118.0,1646833.5,53080.0
Fluorometholone,Fluorometholone,569,247501.0,253364.0,263789.0,20315247.67,20937671.19,22254716.21,117463.0,121482.0,129653.0,0.03357090521547992,0.05596477663506913,0.023688793176593226,0.030638244244452252,0.04114633491735211,0.0629031284352689,0.03241756404697267,0.046770686339860576,2.085609390691625,82.6386984338738,172.35204548822048,2.034576909134382,84.36559602561138,171.6482935990683,314500.0,24708296.7,156858.0
Fluorometholone Acetate,Flarex,570,10285.0,16276.0,18884.0,1411055.34,2293059.34,2705833.14,5546.0,9103.0,10198.0,4.076344086021505,6.299450052604603,0.5824987846378221,0.6250669091405017,0.16023593020398133,0.18001008207663755,0.3713673574209017,0.4025384956085696,1.7879819839613313,140.88592651757187,251.9014984071185,1.851735634438125,143.28707583139166,265.3297842714258,11982.0,1599174.6199999996,6246.0
Fluorouracil,Fluorouracil,571,430746.0,428790.0,487769.0,42713585.90999998,44297832.04000002,43393262.79000001,377267.0,376729.0,428907.0,0.2578952254710315,-0.10784516597256119,-0.004540959173155409,0.037089981940128816,0.13754751743277596,-0.020420169754203944,0.06650327912981027,0.008334906092962436,1.1381921752771886,103.30892054385602,117.58540499934972,1.1372372099312904,88.96273192843336,101.17172904615687,586754.0,38868625.72000001,510933.0
Fluoxetine Hcl,Fluoxetine Hcl,572,6282296.0,6357662.0,6495496.0,95291560.19,97777914.93999995,98928141.97000004,1392490.0,1425863.0,1457227.0,0.040180072728577126,-0.0015150700206440636,0.011996569407108484,0.026092077252617762,0.021679982358294606,0.011763669032070394,0.016838275882701544,0.01892787314234408,4.45881687090555,15.379539670400842,68.57455094914445,4.457435938258075,15.230267553086023,67.88794194041151,6775117.0,77003539.63,1516185.0
Fluphenazine Decanoate,Fluphenazine Decanoate,573,56324.0,54176.0,53491.0,6159180.259999999,6207230.07,6170833.700000001,12418.0,12119.0,12164.0,-0.11725196382599512,-0.080971750453381,-0.038136495987500886,0.007801331990890856,-0.012643975191966923,-0.005863544542340313,-0.025390235589733905,0.0009688937242752715,4.470335836290123,114.57527447578263,512.1899554418682,4.3974843801381125,115.36209268848967,507.30300065767847,54161.0,5484502.369999999,12416.0
Fluphenazine Hcl,Fluphenazine Hcl,574,178236.0,169837.0,164698.0,59343910.58999998,47851035.82,36682316.23,36829.0,35502.0,34554.0,-0.14370535203651905,-0.31377599257011923,-0.047122915684822374,-0.19366561211988345,-0.03025842425384339,-0.23340601511768913,-0.03869066996933288,-0.2135358136187863,4.783871331192609,281.74682678097236,1347.8405672919835,4.766394628697112,222.72472179382868,1061.5939176361635,165705.0,20598230.540000003,33786.0
Flurandrenolide,Cordran,575,1296.0,724.0,518.0,960013.74,670823.4800000001,454900.75,624.0,326.0,220.0,-0.8761654315084867,-0.807852536454694,-0.44135802469135804,-0.3012355427329612,-0.2845303867403315,-0.3218771203417031,-0.36294420571584474,-0.3115563315373322,2.2208588957055215,926.5517679558012,2057.740736196319,2.3545454545454545,878.1867760617761,2067.730681818182,532.0,556928.0499999998,205.0
Flurbiprofen,Flurbiprofen,576,9864.0,9392.0,9120.0,274302.25999999995,242811.24,326812.9600000001,5150.0,5028.0,4770.0,-0.25508453810340603,-0.02279444886730988,-0.047850770478507706,-0.11480408509940809,-0.028960817717206135,0.34595482482606693,-0.038405794097856924,0.11557536986332942,1.86793953858393,25.85298551959114,48.2918138424821,1.9119496855345912,35.83475438596492,68.51424737945494,8152.0,236893.3,4137.0
Flurbiprofen Sodium,Flurbiprofen Sodium,577,11908.0,11460.0,12245.0,542571.53,552758.6900000001,579105.4200000002,6787.0,6692.0,7130.0,-0.002687734158657762,0.4781813816999489,-0.037621766879408804,0.01877569949164128,0.06849912739965096,0.04766407200219701,0.015438680260121077,0.03321988574691914,1.71249252839211,48.23374258289704,82.59992378959953,1.7173913043478262,47.29321518987343,81.22095652173915,14833.0,571999.1900000001,8316.0
Fluticasone Furoate,Arnuity Ellipta,578,185288.0,171744.0,165062.0,50585611.71999999,50020359.05999997,52128759.26999999,49080.0,46207.0,46070.0,0.008726792720339294,0.2870332436340997,-0.07309701653641898,-0.011174178600998024,-0.03890674492267561,0.04215084116991177,-0.056001880729547295,0.015488331284456872,3.7168394399117015,291.2495287171603,1082.527735191637,3.5828521814629912,315.8132051592734,1131.512031039722,388728.0,112256095.73,108939.0
Fluticasone Propion/Salmeterol,Wixela Inhub,579,2911479.0,2890901.0,2882959.0,1214760600.4699998,1189596332.93,1169817281.4699998,825192.0,833199.0,845017.0,-0.030238945390878465,-0.16486735489009588,-0.0070678854286773144,-0.020715413004227735,-0.0027472403932199685,-0.016626691687325622,-0.004907562910948642,-0.01867105234577668,3.469640506049575,411.49673853584056,1427.7457521312435,3.4117171607198435,405.76965592295966,1384.3712984117476,3270503.0,625851243.23,977422.0
Fluticasone Propionate,Fluticasone Propionate,580,11259143.0,11674239.0,11946980.0,472479839.81000006,456205888.7300001,418370615.45,4400966.0,4803344.0,5044049.0,0.011010273191562607,-0.034197794346532806,0.036867459628143986,-0.0344436941194026,0.02336263631402441,-0.08293464467398061,0.030115047971084198,-0.05868916939669161,2.4304399185234287,39.07799803738814,94.97672636604834,2.3685297268127252,35.01894331872992,82.9434082519817,12140541.0,215709259.51999995,5176325.0
Fluticasone/Umeclidin/Vilanter,Trelegy Ellipta,581,2621894.0,3515422.0,4532469.0,2100960348.63,2971640378.18,4011731369.58,643340.0,857170.0,1097862.0,3.5190023729286724,4.840867497854706,0.3407948605092349,0.4144200199293409,0.28931007429549,0.3500056733099752,0.3150524674023625,0.38221284661965804,4.101195795466477,845.3154068501591,3466.8039924169066,4.128450570290255,885.1094998289012,3654.1308193379496,5725949.0,4832494642.930001,1355099.0
Fluticasone/Vilanterol,Breo Ellipta,582,2596284.0,2238940.0,2016549.0,1267970141.9900002,1155777113.0099998,1091902924.66,619055.0,555452.0,505569.0,-0.23356810322121618,-0.03727763752031577,-0.1376367146275215,-0.08848239029029542,-0.09932870018848206,-0.05526514379892123,-0.11848270740800178,-0.07187376704460832,4.030843349200291,516.2162063342473,2080.786662051806,3.9886721693774736,541.4710600436687,2159.7505477195004,2144335.0,1088316632.36,535910.0
Fluvastatin Sodium,Fluvastatin Er,583,6001.0,6185.0,6321.0,1246302.4,1275270.71,1220373.0799999998,2111.0,2111.0,2124.0,0.042725173210161664,-0.038014768044510636,0.030661556407265457,0.0232434038480549,0.02198868229587712,-0.043047824724211,0.026325119351571287,-0.009902210438078051,2.9298910468972053,206.18766531932093,604.1073945997158,2.975988700564972,193.0664578389495,574.5635969868173,7108.0,1025920.7999999996,2404.0
Fluvoxamine Maleate,Fluvoxamine Maleate,584,269964.0,280426.0,282617.0,14990698.61,15712300.430000002,14584185.750000004,59393.0,62185.0,59374.0,0.07508397399564058,0.22033299312019744,0.03875331525684906,0.048136637175710796,0.007813112906791809,-0.07179818671529804,0.023283214081820436,-0.011830774769793623,4.509544102275468,56.030112863999776,252.67026501567904,4.759945430659885,51.60406398058151,245.6325285478493,296124.0,13299572.620000005,61239.0
Folic Acid,Folic Acid,585,436141.0,513093.0,631622.0,1760848.4599999995,2477919.7500000005,2579252.96,127174.0,151041.0,184703.0,2.0088700457317072,3.4320568737793926,0.17643835365168603,0.4072305517988761,0.231008803472275,0.040894468031097246,0.20372357856198053,0.22406250991498666,3.3970445110930143,4.829377422806393,16.405610066140984,3.419662918306687,4.083538825436733,13.964326296811638,699956.0,4341230.14,208429.0
Fondaparinux Sodium,Fondaparinux Sodium,586,6329.0,5922.0,5519.0,7824247.959999999,8241559.480000002,8027021.129999998,2081.0,1886.0,1795.0,-0.2853813284992878,-0.20834874088060668,-0.06430715752883552,0.053335671636869156,-0.06805133400878081,-0.026031280914811068,-0.06617924576880817,0.013652195361029044,3.139978791092259,1391.685153664303,4369.861866383882,3.074651810584958,1454.4339789816993,4471.878066852367,5691.0,6499849.98,1903.0
Formoterol Fumarate,Perforomist,587,3109.0,3974.0,5639.0,1966792.7200000004,2066019.19,2565873.550000001,935.0,1190.0,1620.0,-0.3679668235821565,-0.5407596578649773,0.2782245094885815,0.050450903641741915,0.4189733266230498,0.24194081178887852,0.34859891805581567,0.1461958577153102,3.339495798319328,519.8840437845998,1736.1505798319326,3.480864197530864,455.0227965951412,1583.8725617283958,6045.0,2646184.2800000003,1777.0
Fosamprenavir Calcium,Fosamprenavir Calcium,588,1557.0,1248.0,792.0,1871075.7600000007,1508438.3800000006,943307.14,550.0,455.0,290.0,-0.7170418006430869,-0.7185167316082514,-0.19845857418111754,-0.19381223772574552,-0.36538461538461536,-0.37464655334479113,-0.28192159478286644,-0.2842293955352683,2.742857142857143,1208.6845993589748,3315.2491868131883,2.731034482758621,1191.0443686868687,3252.7832413793103,703.0,706573.9900000001,265.0
Fosaprepitant Dimeglumine,Emend,589,1078.0,1534.0,1917.0,266623.08,326306.20000000007,446119.93000000005,281.0,395.0,515.0,1.4143576826196473,0.10082618977746081,0.4230055658627087,0.22384828800267423,0.24967405475880053,0.36718189847450017,0.3363398103107546,0.2955150932385872,3.883544303797468,212.71590612777058,826.0916455696205,3.7223300970873785,232.71775169535735,866.252291262136,2030.0,424342.31000000006,511.0
Fosfomycin Tromethamine,Monurol,590,16013.0,22174.0,30115.0,3835804.750000001,4830767.45,6491189.790000002,6202.0,8932.0,11971.0,0.8773767221494919,0.5100141227205429,0.38474989071379506,0.25938825483752764,0.35812212501127444,0.34371812702348187,0.3714360078625347,0.30155319093050476,2.4825347066726375,217.8572855596645,540.8382725033588,2.5156628518920727,215.54673053295707,542.2429028485508,42163.0,8121242.690000001,17055.0
Fosinopril Sodium,Fosinopril Sodium,591,83367.0,71880.0,62200.0,1690072.7300000002,1445706.7700000007,1501136.9799999993,25185.0,22002.0,19248.0,-0.47991136753208746,-0.3370460782608804,-0.13778833351326064,-0.14458902014234587,-0.13466889259877574,0.0383412536693029,-0.1362286130560182,-0.05312388323652149,3.2669757294791384,20.11278199777408,65.70797063903285,3.2315045719035744,24.1340350482315,77.98924459684119,57128.0,974997.8500000004,17553.0
Fosinopril/Hydrochlorothiazide,Fosinopril-Hydrochlorothiazide,592,2029.0,1627.0,1470.0,96932.35,72177.31999999998,62849.17999999999,724.0,553.0,524.0,-0.46584302325581395,-0.5411557288130002,-0.1981271562345983,-0.25538460586171724,-0.09649661954517517,-0.12923921253934045,-0.14731188788988675,-0.19231190920052885,2.942133815551537,44.362212661339875,130.5195660036166,2.8053435114503817,42.75454421768707,119.94118320610686,1388.0,50520.13999999999,496.0
Fosnetupitant/Palonosetron,Akynzeo,593,169.0,1829.0,3609.0,147986.74000000002,2155683.4900000007,4248705.430000001,30.0,479.0,905.0,19.162011173184357,28.42451268548286,9.822485207100591,13.566734087121592,0.9732094040459267,0.9709319339825715,5.397847305573259,7.268833010552082,3.8183716075156577,1178.6131711317664,4500.3830688935295,3.9878453038674033,1177.2528207259631,4694.702132596686,4152.0,4531624.17,1011.0
Fosphenytoin Sodium,Fosphenytoin Sodium,594,105.0,74.0,60.0,61974.08,65985.0,39796.45,25.0,10.0,10.0,0.22448979591836735,4.698223513425667,-0.29523809523809524,0.06471931491358965,-0.1891891891891892,-0.39688641357884374,-0.24221364221364222,-0.16608354933262703,7.4,891.6891891891892,6598.5,6.0,663.2741666666666,3979.6449999999995,94.0,46343.82,10.0
Fostamatinib Disodium,Tavalisse,595,732.0,945.0,1278.0,8723156.239999998,11811487.499999998,16986888.54,295.0,365.0,500.0,1.6081632653061224,2.5163302952884803,0.29098360655737704,0.35403828328082315,0.3523809523809524,0.43816674572106196,0.3216822794691647,0.3961025145009426,2.589041095890411,12498.928571428569,32360.239726027394,2.556,13291.775070422535,33973.77708,1371.0,18481053.000000004,535.0
Fremanezumab-Vfrm,Ajovy Syringe,596,42225.0,54855.0,64585.0,31701709.16,44167778.1,53814932.58999999,11366.0,14234.0,16232.0,1.2352391499965392,1.8071725516972923,0.2991119005328597,0.39323018443842167,0.17737672044480904,0.21842064294377506,0.23824431048883438,0.3058254136910984,3.853800758746663,805.1732403609516,3102.9772446255447,3.9788689009364218,833.2419693427265,3315.360558772794,79571.0,66251478.280000016,19380.0
Frovatriptan Succinate,Frovatriptan Succinate,597,2864.0,2601.0,2467.0,1311247.36,1241346.91,953813.6,946.0,887.0,823.0,-0.11735241502683363,-0.3342627882487431,-0.09182960893854748,-0.05330836280959237,-0.05151864667435602,-0.2316301008877526,-0.07167412780645174,-0.1424692318486725,2.9323562570462234,477.25755863129564,1399.4891882750844,2.9975698663426487,386.62894203486013,1158.9472660996355,2445.0,624648.4900000001,815.0
Fulvestrant,Fulvestrant,598,3039.0,4078.0,4886.0,4064253.500000001,5197003.71,5507100.279999999,788.0,904.0,1051.0,1.352431391429947,0.28359919489798474,0.34188877920368543,0.2787105208865536,0.19813634134379599,0.0596683372388817,0.2700125602737407,0.16918942906271767,4.511061946902655,1274.4001250613046,5748.897909292035,4.648905803996194,1127.1183544821938,5239.867059942911,5159.0,3663224.8000000007,1154.0
Furosemide,Furosemide,599,22490651.0,21895127.0,22000367.0,135458898.29,134829834.76999995,139952166.82999998,6822812.0,6786626.0,6865813.0,-0.12031249337746305,-0.07367756488504511,-0.026478735542159272,-0.0046439438674105915,0.00480654896406858,0.03799108757151549,-0.010836093289045346,0.016673571852052448,3.226216827035997,6.157983681483096,19.866990573813844,3.2043353059572115,6.36135600965202,20.38391765549105,22501895.0,121338077.99,7059929.0
Gabapentin,Gabapentin,600,31918211.0,33098365.0,33913654.0,620893813.1800001,690712097.6199998,651205397.5199999,8572234.0,9029262.0,9401345.0,0.1115416591801646,0.013114577925736481,0.03697431538377887,0.11244802727605702,0.024632304344942717,-0.05719705827671025,0.030803309864360792,0.027625484499673385,3.6656777707856967,20.86846578735837,76.49707114712142,3.607319378237901,19.20186475689113,69.26725883583677,35529509.0,537771943.6400001,9918654.0
Gabapentin Enacarbil,Horizant,601,19294.0,18669.0,16741.0,15868767.5,15993519.480000004,15172919.779999996,5389.0,5015.0,4611.0,-0.0981036526236397,0.17054715050606775,-0.032393490204208564,0.007861478845159474,-0.10327280518506615,-0.051308262763938454,-0.06783314769463736,-0.02172339195938949,3.7226321036889334,856.6886003535275,3189.13648654038,3.6306657991758837,906.3329418792184,3290.5920147473425,14647.0,13360547.98,4069.0
Galantamine Hbr,Galantamine Er,602,140197.0,150043.0,165527.0,13720061.690000003,14429224.519999998,14716291.589999998,36672.0,38729.0,42523.0,0.01938046557457815,-0.07883474157562831,0.07022974814011712,0.05168802050772662,0.10319708350272921,0.019894837009577584,0.08671341582142317,0.0357914287586521,3.8741769733274807,96.16726218484033,372.568992744455,3.8926463325729603,88.9056866251427,346.0783949862427,189232.0,14973506.74,47800.0
Galcanezumab-Gnlm,Emgality Pen,603,162534.0,190828.0,232105.0,125970804.35,157411793.06,199744335.0,34996.0,40979.0,49566.0,5.057019832985386,6.561411373148366,0.17408050007998327,0.24958948918547577,0.21630473515417026,0.26892865596076576,0.19519261761707676,0.25925907257312075,4.656726616071646,824.8883447921688,3841.279510480978,4.682746237340112,860.5774757114237,4029.865936327321,274363.0,228377999.37,56906.0
Ganciclovir,Zirgan,604,4308.0,3974.0,4097.0,1974022.21,1922993.5,2133459.78,1539.0,1376.0,1423.0,-0.20892064105039582,0.04535530108760154,-0.07753017641597029,-0.025850119487764,0.030951182687468545,0.10944721342011805,-0.023289496864250872,0.041798546966177026,2.8880813953488373,483.8936839456467,1397.5243459302326,2.8791286015460296,520.7370710275811,1499.268995080815,4373.0,2272717.5300000003,1563.0
Ganciclovir Sodium,Ganciclovir Sodium,605,57.0,77.0,11.0,48441.78,74301.18,4214.6,20.0,20.0,5.0,0.0,-0.4563917755813548,0.3508771929824561,0.5338243144657359,-0.8571428571428571,-0.9432768093319648,-0.2531328320802005,-0.20472624743311446,3.85,964.9503896103895,3715.0589999999997,2.2,383.1454545454546,842.9200000000001,41.0,20325.75,15.0
Gatifloxacin,Gatifloxacin,606,54130.0,47585.0,34916.0,3592076.8399999994,2946538.37,2036749.7299999995,35632.0,31233.0,22992.0,-0.49787160607455133,-0.651611902864326,-0.1209126177720303,-0.17971176529731456,-0.2662393611432174,-0.30876524441797804,-0.19357598945762383,-0.2442385048576463,1.523548810552941,61.921579699485136,94.3405490987097,1.518615170494085,58.33284826440599,88.58514831245648,24318.0,1103395.68,15769.0
Gauze Bandage,Sterile Pads,607,507.0,439.0,526.0,2529.630000000001,2591.64,2826.26,370.0,335.0,403.0,2.530201342281879,1.4078892438764645,-0.1341222879684418,0.024513466396270927,0.19817767653758542,0.0905295488570945,0.032027694284571806,0.05752150762668271,1.31044776119403,5.903507972665148,7.736238805970149,1.305210918114144,5.373117870722434,7.013052109181142,82.0,477.3200000000001,50.0
Gefitinib,Iressa,608,377.0,414.0,125.0,2994787.3,3241648.6100000003,984073.46,140.0,140.0,45.0,-0.8688352570828961,-0.8659872974974437,0.09814323607427056,0.08243033152972185,-0.6980676328502415,-0.6964280900266979,-0.2999621983879855,-0.306998879248488,2.9571428571428573,7830.069106280194,23154.63292857143,2.7777777777777777,7872.58768,21868.29911111111,397.0,1739186.3999999997,155.0
Gemcitabine Hcl,Gemcitabine Hcl,609,1403.0,1385.0,1605.0,259594.17,275049.42000000004,388702.6900000001,362.0,361.0,488.0,0.4684354986276304,0.6030878136310109,-0.012829650748396294,0.05953619836685865,0.1588447653429603,0.4132103605235745,0.073007557297282,0.23637327944521658,3.8365650969529086,198.5916389891697,761.9097506925209,3.2889344262295084,242.1823613707166,796.5219057377052,1916.0,288304.70000000007,612.0
Gemfibrozil,Gemfibrozil,610,609805.0,530246.0,469936.0,13819539.880000005,11434304.349999998,11008222.1,160363.0,141362.0,126217.0,-0.42555807909797894,-0.34168280258788153,-0.13046629660301243,-0.17259876600175245,-0.11373966045948485,-0.03726350436001804,-0.12210297853124863,-0.10493113518088525,3.750979754106478,21.564150130316868,80.88669055333115,3.723238549482241,23.424938927854004,87.21663563545323,429519.0,7510571.59,115710.0
"Gentamicin In Nacl, Iso-Osm",Gentamicin Sulfate In Ns,611,263.0,391.0,431.0,9408.5,11065.850000000002,12540.73,73.0,114.0,103.0,0.8903508771929824,0.7624796392045975,0.4866920152091255,0.17615454110644654,0.10230179028132992,0.1332821247351082,0.2944969027452277,0.15471833292077736,3.4298245614035086,28.301406649616375,97.06885964912283,4.184466019417476,29.096821345707657,121.75466019417475,417.0,8257.17,110.0
Gentamicin Sulfate,Gentamicin Sulfate,612,205330.0,190994.0,217912.0,8620241.599999996,8064547.499999997,7918161.880000004,117609.0,112688.0,130968.0,-0.02800736871685304,-0.3621615577121801,-0.06981931524862417,-0.06446386607076059,0.14093636449312544,-0.018151746269706222,0.035558524622250634,-0.041307806170233406,1.6948920914383074,42.224088191252065,71.56527314354676,1.6638568199865615,36.336511435808966,60.45875236699044,234172.0,7825543.750000001,139940.0
Gentamicin Sulfate/Pf,Gentamicin Sulfate,613,63.0,353.0,438.0,2930.4300000000003,8101.45,15450.369999999995,20.0,55.0,35.0,1.4745762711864407,0.725423081475988,4.603174603174603,1.7645942745603884,0.24079320113314448,0.9071116898826748,2.421983902153874,1.3358529822215317,6.418181818181818,22.950283286118978,147.2990909090909,12.514285714285714,35.274817351598166,441.4391428571427,582.0,24192.74,55.0
Gilteritinib Fumarate,Xospata,614,892.0,1044.0,1332.0,19708733.329999994,24666232.28,30434523.58000001,275.0,332.0,415.0,3.8436363636363637,3.9051081585463194,0.17040358744394618,0.25153818193145183,0.27586206896551724,0.23385376552531223,0.2231328282047317,0.24269597372838203,3.144578313253012,23626.65927203065,74295.88036144579,3.2096385542168675,22848.741426426433,73336.20139759038,1846.0,39817119.87000001,558.0
Glatiramer Acetate,Copaxone,615,126391.0,103956.0,90775.0,659022114.7400004,537645802.5899999,447002288.96,28264.0,24025.0,21464.0,-0.464653255722062,-0.5213815627421274,-0.1775047273935644,-0.1841763871579427,-0.12679402824271807,-0.16859336238345607,-0.15214937781814125,-0.1763848747706994,4.326992715920916,5171.859273057831,22378.597402289277,4.229174431606411,4924.288504103552,20825.675035408123,76592.0,297193453.18999994,18870.0
Glecaprevir/Pibrentasvir,Mavyret,616,3520.0,2667.0,2301.0,48227426.50000001,36837163.48,31937349.56000001,1470.0,1132.0,1007.0,-0.8451756156641098,-0.8411665493587025,-0.24232954545454546,-0.23617812200698723,-0.1372328458942632,-0.13301279081002648,-0.18978119567440432,-0.18459545640850686,2.356007067137809,13812.209778777651,32541.663851590103,2.285004965243297,13879.769474141682,31715.342164846086,1239.0,16103254.670000004,523.0
Glimepiride,Glimepiride,617,4882859.0,4519316.0,4214846.0,60545361.56,54565414.96,56389807.78000001,1328049.0,1248020.0,1174080.0,-0.2296782989798119,-0.2507469210685404,-0.07445289737016776,-0.09876803847432505,-0.06737081452148953,0.03343496647716152,-0.07091185594582865,-0.03266653599858177,3.621188763000593,12.073821560607845,43.721586961747406,3.589913804851458,13.378853647321874,48.02893140160808,4104456.0,37046460.70999999,1141163.0
Glipizide,Glipizide,618,6843530.0,6750116.0,6621024.0,88202677.69000003,89511465.46,105162508.81,1892664.0,1897347.0,1879495.0,-0.047079512945840604,0.0799705807668767,-0.013649973040229238,0.014838413121650044,-0.019124412084177516,0.17484959350815224,-0.016387192562203376,0.09484400331490114,3.557660248757871,13.260729957825909,47.177171840469875,3.522767551922192,15.883118504025964,55.952534489317614,6701877.0,77749211.82,1900568.0
Glipizide/Metformin Hcl,Glipizide-Metformin,619,149399.0,136659.0,126293.0,8843151.780000003,8900699.149999999,8918387.320000002,41120.0,38018.0,36028.0,-0.31790661877886095,-0.32679706633982664,-0.08527500184070844,0.0065075633022772155,-0.0758530356580979,0.0019872787184368156,-0.08056401874940317,0.004247421010357015,3.5945867746856752,65.1307206257912,234.11802698721655,3.505412456977906,70.61664003547308,247.54044965027208,120960.0,6126322.089999999,34541.0
Glucagon,Baqsimi,620,40399.0,50916.0,71611.0,17975717.499999993,24626618.62,37381060.86,22154.0,28099.0,41006.0,298.6276150627615,354.271544640342,0.26032822594618676,0.3699936383624193,0.4064537669887658,0.517912850188931,0.3333909964674763,0.4439532442756751,1.8120217801345244,483.67151033074083,876.423311149863,1.7463541920694532,522.0016598008685,911.5997868604594,84427.0,42487118.45,49368.0
Glutamine,Endari,621,1040.0,945.0,1122.0,3364370.0500000003,3092569.8200000003,4101249.310000001,265.0,299.0,309.0,0.11864406779661017,0.408993899272687,-0.09134615384615384,-0.08078785209730421,0.1873015873015873,0.32616223681572387,0.04797771672771673,0.12268719235920983,3.160535117056856,3272.5606560846563,10343.042876254181,3.6310679611650487,3655.3024153297692,13272.651488673142,613.0,2052285.91,179.0
Glyburide,Glyburide,622,81525.0,73493.0,62682.0,1624793.22,1488555.59,1195196.5399999998,24887.0,22341.0,19271.0,-0.3888558475113343,-0.44345465459399985,-0.09852192578963508,-0.08384921128609824,-0.1471024451308288,-0.19707631476497312,-0.12281218546023193,-0.14046276302553568,3.289602076898975,20.254385995945192,66.62887023857482,3.252659436458928,19.06761973134233,62.02047324996107,57693.0,738002.8,17940.0
"Glyburide,micronized",Glyburide Micronized,623,2199.0,1894.0,1634.0,37769.19000000001,33227.19999999999,31310.87000000001,679.0,572.0,498.0,-0.5087191822008419,-0.22121117076988983,-0.1386994088221919,-0.12025648418724412,-0.13727560718057022,-0.05767353252756719,-0.13798750800138104,-0.08896500835740566,3.3111888111888113,17.543400211193237,58.089510489510474,3.281124497991968,19.16209914320686,62.873232931726925,1330.0,25462.139999999992,438.0
Glyburide/Metformin Hcl,Glyburide-Metformin Hcl,624,17603.0,14609.0,12063.0,309897.5000000001,280500.82,248576.72999999995,5512.0,4709.0,3900.0,-0.5203006322821808,-0.4116991893042864,-0.17008464466284157,-0.0948593647899712,-0.17427613115202958,-0.11381103983938462,-0.17218038790743556,-0.10433520231467791,3.10235718836271,19.200548976658226,59.566961138245915,3.0930769230769233,20.606543148470525,63.737623076923065,10775.0,171703.69,3516.0
Glycerol Phenylbutyrate,Ravicti,625,512.0,529.0,601.0,44670778.70999999,46492609.74,56919977.26999999,160.0,140.0,155.0,0.3536036036036036,0.5622549241971686,0.033203125,0.0407835073085971,0.13610586011342155,0.22428010792065264,0.08465449255671077,0.13253180761462488,3.7785714285714285,87887.73107750472,332090.0695714286,3.8774193548387097,94708.78081530781,367225.6598064515,719.0,61060146.06,185.0
Glycopyrrolate,Glycopyrrolate,626,127868.0,127114.0,131152.0,5052707.23,4956782.730000002,6221014.609999999,35274.0,34841.0,35583.0,0.0064537913146242454,-0.029874047070251354,-0.0058967059780398534,-0.01898477304017437,0.03176676054565193,0.25505089669322595,0.01293502728380604,0.11803306182652579,3.6484027438936883,38.9947820853722,142.26866995780838,3.6858050192507656,47.43362365804562,174.83108816007643,133879.0,5814828.899999996,36081.0
Glycopyrrolate/Formoterol Fum,Bevespi Aerosphere,627,81386.0,63105.0,55228.0,40014995.6,32157902.40000001,29061556.739999995,22457.0,18231.0,16255.0,-0.40664818754163173,-0.266116747418381,-0.22462094217678716,-0.196353718954301,-0.1248237065208779,-0.09628568497676683,-0.17472232434883253,-0.14631970196553393,3.4614118808622676,509.59357261706697,1763.9132466677643,3.3976007382343894,526.2105587745345,1787.8533829590892,59678.0,28994624.83,17430.0
Golimumab,Simponi,628,16597.0,18305.0,19841.0,103341013.45999998,121776568.48000003,137309706.89000005,4709.0,5047.0,5402.0,0.30335676279314194,0.5856773702787205,0.10291016448755799,0.17839533794717305,0.08391149959027588,0.12755441053958666,0.09341083203891694,0.15297487424337985,3.6269070735090154,6652.6396328871915,24128.505742024972,3.672898926323584,6920.503346101509,25418.309309515003,21232.0,145301928.04999995,5767.0
Goserelin Acetate,Zoladex,629,296.0,243.0,175.0,279325.27,255007.55,180390.28,83.0,85.0,65.0,-0.22566371681415928,-0.17954597976107414,-0.17905405405405406,-0.08705878991900744,-0.27983539094650206,-0.29260808160385837,-0.22944472250027806,-0.1898334357614329,2.8588235294117648,1049.4137860082303,3000.0888235294115,2.6923076923076925,1030.8016,2775.235076923077,179.0,189356.47000000003,65.0
Gr Pol-Orc/Sw Ver/Rye/Kent/Tim,Oralair,630,54.0,39.0,29.0,36931.46,31365.05,18520.65,20.0,15.0,10.0,-0.5245901639344263,-0.4263518278818536,-0.2777777777777778,-0.15072271716309077,-0.2564102564102564,-0.40951313643689385,-0.2670940170940171,-0.2801179267999923,2.6,804.2320512820513,2091.003333333333,2.9,638.643103448276,1852.065,12.0,7711.77,5.0
Granisetron,Sancuso,631,1426.0,1425.0,1246.0,2630837.77,2529799.89,2486413.35,488.0,432.0,410.0,-0.4624676445211389,-0.23384846517321026,-0.0007012622720897616,-0.03840521112786057,-0.1256140350877193,-0.01715018653115683,-0.06315764867990453,-0.0277776988295087,3.298611111111111,1775.2981684210527,5856.018263888889,3.0390243902439025,1995.5163322632425,6064.422804878049,1295.0,2429936.6300000004,476.0
Granisetron Hcl,Granisetron Hcl,632,2691.0,2879.0,3226.0,307380.7,445726.5099999999,423829.5299999999,1025.0,1161.0,1458.0,0.18952802359882007,0.5717916434573442,0.06986250464511334,0.4500796894535014,0.12052796109760333,-0.04912649238655333,0.09519523287135834,0.20047659853347405,2.479758828596038,154.81990621743657,383.91602928509894,2.212620027434842,131.37927154370735,290.69240740740736,3700.0,483686.0000000001,1497.0
Granisetron Hcl/Pf,Granisetron Hcl,633,695.0,875.0,1313.0,40648.09999999999,48454.64,70840.08,181.0,192.0,273.0,3.3333333333333335,3.011284130417549,0.2589928057553957,0.1920517810180552,0.5005714285714286,0.4619875413376305,0.37978211716341215,0.32701966117784287,4.557291666666667,55.376731428571425,252.36791666666667,4.809523809523809,53.95284082254379,259.48747252747256,1186.0,36741.02,276.0
Griseofulvin Ultramicrosize,Griseofulvin Ultramicrosize,634,841.0,740.0,925.0,181469.6600000001,184033.51,236650.99,388.0,333.0,353.0,0.2251655629139073,0.4019468882063257,-0.12009512485136742,0.014128257032056583,0.25,0.2859124949581192,0.06495243757431629,0.15002037599508788,2.2222222222222223,248.69393243243243,552.6531831831832,2.6203966005665724,255.8389081081081,670.3994050991502,1023.0,215230.13000000003,403.0
"Griseofulvin, Microsize",Griseofulvin,635,719.0,682.0,742.0,167782.11,144437.6,156734.01,336.0,326.0,302.0,0.16118935837245696,0.3064595867698953,-0.05146036161335188,-0.1391358709221143,0.08797653958944282,0.08513302630340025,0.01825808898804547,-0.027001422309357023,2.0920245398773005,211.78533724340176,443.0601226993865,2.456953642384106,211.2318194070081,518.9867880794702,962.0,209509.45,413.0
Guanfacine Hcl,Guanfacine Hcl Er,636,91449.0,102182.0,121707.0,4572508.840000001,5040276.7,5521332.430000002,24903.0,27837.0,32751.0,0.6796671220966339,0.5967517315854279,0.11736596354252096,0.10230004497924586,0.1910806208529878,0.09544232561676651,0.15422329219775438,0.09887118529800618,3.670726012142113,49.32646356501145,181.06393289506772,3.7161308051662543,45.36577542787187,168.58515556776896,140181.0,4836724.899999999,36979.0
Guselkumab,Tremfya,637,7855.0,12418.0,15109.0,96498257.62,162263959.63,207640285.19000003,2379.0,3664.0,4405.0,3.2765355222190773,4.268932277654856,0.5809038828771483,0.6815221707834188,0.21670156224834916,0.27964512676424713,0.39880272256274873,0.48058364877383297,3.3891921397379914,13066.83520937349,44286.01518286026,3.4299659477866062,13742.821178767625,47137.408669693534,19172.0,257287952.49,5716.0
Haemoph B Poly Conj-Tet Tox/Pf,Acthib,638,142.0,292.0,530.0,3662.62,8241.439999999999,15829.25,79.0,226.0,472.0,16.666666666666668,18.080351008305108,1.056338028169014,1.250148800585373,0.815068493150685,0.9206898309033376,0.9357032606598494,1.0854193157443552,1.2920353982300885,28.224109589041092,36.46654867256637,1.1228813559322033,29.866509433962264,33.536546610169495,573.0,13950.300000000005,459.0
Halcinonide,Halog,639,939.0,1298.0,665.0,1087471.86,1558165.71,679302.08,359.0,424.0,208.0,2.633879781420765,2.5734751426452944,0.38232161874334397,0.4328331309648783,-0.487673343605547,-0.5640373320755467,-0.052675862431101506,-0.06560210055533422,3.061320754716981,1200.4358320493066,3674.9191273584906,3.1971153846153846,1021.506887218045,3265.8753846153845,825.0,917963.11,284.0
Halobetasol Propion/Tazarotene,Duobrii,640,259.0,105.0,50.0,236471.43,103886.34,54825.490000000005,115.0,44.0,26.0,-0.504950495049505,-0.3540602063525033,-0.5945945945945946,-0.5606812205601328,-0.5238095238095238,-0.47225506260014544,-0.5592020592020592,-0.5164681415801391,2.3863636363636362,989.3937142857143,2361.0531818181817,1.9230769230769231,1096.5098,2108.6726923076926,62.0,62544.02,30.0
Halobetasol Propionate,Halobetasol Propionate,641,149962.0,141621.0,121574.0,15969047.86,17787195.790000003,11921358.38,63049.0,60323.0,53602.0,-0.19359781375820007,-0.42833185059576306,-0.05562075725850549,0.11385449814789418,-0.14155386559902838,-0.3297786497238529,-0.09858731142876694,-0.10796207578797937,2.3477114864976873,125.5971627795313,294.86590172902544,2.2680870116786687,98.05845312320069,222.40510391403308,113396.0,7698145.1,51358.0
Haloperidol,Haloperidol,642,772657.0,768289.0,763757.0,29271613.91999999,28295199.55,25871888.629999995,139142.0,138207.0,137036.0,0.13263119493534978,0.0015991750237445027,-0.0056532199928299364,-0.0333570390983071,-0.005898821927686066,-0.08564388866449982,-0.005776020960258001,-0.059500463881403454,5.558973134501147,36.82884897479985,204.73058202551246,5.573404069003765,33.874502793427745,188.79629170436962,766454.0,22727570.84,135651.0
Haloperidol Decanoate,Haloperidol Decanoate,643,264598.0,265118.0,263164.0,16199263.950000005,15705158.21,14445635.409999998,47465.0,47381.0,47211.0,-0.009906056125539416,-0.19587737926049625,0.001965245391121626,-0.03050174017320113,-0.007370303034875037,-0.08019803322949158,-0.0027025288218767056,-0.05534988670134636,5.595449652814419,59.23837012198342,331.4653175323442,5.574209400351613,54.8921410603274,305.98028870390374,266546.0,12992049.76,47318.0
Haloperidol Lactate,Haloperidol Lactate,644,41040.0,35718.0,33211.0,1037694.36,933394.64,921552.0000000002,14411.0,14132.0,13813.0,-0.6613230540173973,-0.5211838522876667,-0.12967836257309942,-0.10051102137627498,-0.07018870037516098,-0.012687709455884363,-0.0999335314741302,-0.05659936541607967,2.527455420322672,26.132332157455625,66.04830455703369,2.404329255049591,27.748396615579182,66.71628176355608,31461.0,790064.9899999998,13783.0
"Heparin Sodium,porcine",Heparin Sodium,645,41011.0,36780.0,32987.0,2150610.1300000004,2003117.77,1846884.16,8860.0,8250.0,7347.0,-0.4774916048913388,-0.4452031269387755,-0.10316744288117823,-0.0685816354822063,-0.10312669929309408,-0.07799521942237081,-0.10314707108713615,-0.07328842745228856,4.458181818181818,54.46214709081023,242.80215393939395,4.489859806723833,55.98824264104041,251.37936028310875,29955.0,1590599.08,7023.0
"Heparin Sodium,porcine/Pf",Heparin Sodium,646,80.0,83.0,40.0,5523.67,1825.26,2303.0,28.0,15.0,10.0,-0.6694214876033058,-0.8503753609864961,0.0375,-0.6695566534568502,-0.5180722891566265,0.2617380537567251,-0.24028614457831327,-0.20390929985006256,5.533333333333333,21.9910843373494,121.684,4.0,57.575,230.3,99.0,5306.02,15.0
Hepatitis A And B Vaccine/Pf,Twinrix,647,16100.0,44393.0,170056.0,2171368.93,6193638.420000001,24932726.430000007,11169.0,28751.0,108404.0,2.9859366210388147,3.711508125173067,1.757329192546584,1.852411828514098,2.830694028337801,3.025537937359928,2.294011610442192,2.438974882937013,1.5440506417168098,139.51835694816754,215.423408577093,1.5687244013136046,146.61480000705654,229.99821436478365,259716.0,33112431.93,180040.0
Hepatitis A Virus Vaccine/Pf,Havrix,648,10662.0,19845.0,37047.0,986818.5300000004,1867852.3,3689584.45,10124.0,18347.0,33735.0,-0.7526985080604787,-0.7207687285044286,0.861283061339336,0.8928022156211429,0.8668178382464097,0.9753084598819726,0.8640504497928728,0.9340553377515577,1.0816482258679894,94.12206097253717,101.80696026598355,1.0981769675411295,99.59198990471563,109.3696294649474,44945.0,4190602.579999999,41467.0
Hepatitis B Virus Vaccine/Pf,Engerix-B Adult,649,586.0,968.0,897.0,143098.82000000004,82592.65000000001,76123.13,342.0,640.0,520.0,0.003355704697986577,0.07273240992701732,0.6518771331058021,-0.4228278751704592,-0.07334710743801653,-0.07833045676582606,0.2892650128338928,-0.25057916596814267,1.5125,85.32298553719009,129.05101562500002,1.725,84.86413600891862,146.3906346153846,504.0,41003.530000000006,310.0
Hpv Vaccine 9-Valent/Pf,Gardasil 9,650,1531.0,2456.0,3255.0,418724.86,710705.1600000001,1010353.28,1121.0,1729.0,2353.0,8.6875,11.359950538338417,0.6041802743305029,0.6973082515329999,0.3253257328990228,0.4216208589227069,0.46475300361476285,0.5594645552278534,1.4204742625795257,289.37506514657986,411.0498322729903,1.3833404164895877,310.4003932411674,429.3894092647684,6188.0,1673759.03,4471.0
Hydralazine Hcl,Hydralazine Hcl,651,4744935.0,4860683.0,5051600.0,85632927.43000002,97213127.05,96667414.70000002,1331633.0,1386123.0,1450208.0,0.08881530876565727,0.14018698699043383,0.024394011719865497,0.13523068716138567,0.03927781342663161,-0.005613566465352985,0.031835912573248554,0.06480856034801634,3.5066750930472983,19.99989035491514,70.13311737125781,3.4833623866369514,19.135999425924464,66.65762063097156,5299074.0,72299394.52999997,1515579.0
Hydrochlorothiazide,Hydrochlorothiazide,652,18143851.0,17922107.0,17656054.0,95790650.88,95670325.93,95038209.20999996,5536453.0,5550503.0,5474277.0,0.024530751727990935,-0.06258024751313233,-0.012221440751470017,-0.0012561241508915414,-0.014844962146470837,-0.006607239118873183,-0.013533201448970427,-0.003931681634882362,3.2289158297905614,5.338118220698047,17.236334424105348,3.225275958816114,5.382754788244302,17.36086961072667,17758779.0,78309967.53,5509489.0
Hydrocodone Bit/Homatrop Me-Br,Hydrocodone-Homatropine Mbr,653,67.0,11.0,17.0,1360.93,132.03,252.93,20.0,5.0,15.0,-0.8468468468468469,-0.8880716893461665,-0.835820895522388,-0.90298545847325,0.5454545454545454,0.9157009770506703,-0.1451831750339213,0.006357759288710185,2.2,12.002727272727272,26.406,1.1333333333333333,14.878235294117648,16.862000000000002,13.0,185.81,12.0
Hydrocodone Bitartrate,Hysingla Er,654,40822.0,36015.0,31275.0,22530950.020000007,20408663.66,18627039.52,11085.0,9904.0,8702.0,-0.5268031410285506,-0.46070944458067026,-0.1177551320366469,-0.09419426868889776,-0.13161182840483132,-0.08729744238432907,-0.1246834802207391,-0.0907458555366134,3.6364095315024234,566.6712108843537,2060.648592487884,3.594001378993335,595.5887936051159,2140.5469455297634,23472.0,13577561.35,6695.0
Hydrocodone/Acetaminophen,Hydrocodone-Acetaminophen,655,20141704.0,19633438.0,18961158.0,448070320.3199999,417610604.43,412257483.83,6624735.0,6625350.0,6401473.0,-0.12617892393939648,-0.06825443593290685,-0.02523450846065457,-0.06797976681036662,-0.03424158316032067,-0.012818449874630315,-0.02973804581048762,-0.04039910834249846,2.963381255329907,21.270375796129034,63.03223292807173,2.961999214868203,21.74221025055537,64.4004096916444,19057273.0,377112532.63,6499789.0
Hydrocodone/Ibuprofen,Hydrocodone-Ibuprofen,656,28120.0,24339.0,5876.0,1785134.47,1826783.8900000004,759321.7800000001,10209.0,8605.0,2209.0,-0.8676308260683472,-0.6548465822746143,-0.13445945945945945,0.023331250782469285,-0.7585767697933358,-0.5843395684861225,-0.4465181146263976,-0.28050415885182656,2.828471818710052,75.05583179259627,212.2933050552005,2.660027161611589,129.2242648059905,343.74005432322326,7227.0,765372.22,2782.0
Hydrocortisone,Hydrocortisone,657,1486875.0,1562377.0,1713566.0,34152128.080000006,33697428.63,35695169.64999999,712255.0,758610.0,848955.0,0.24053598356923242,0.2534170780511547,0.050778982765868015,-0.013313941928739772,0.09676857762243044,0.059284672487486124,0.07377378019414922,0.022985365279373178,2.0595259751387407,21.568052160266056,44.41996365721517,2.01844149572121,20.830927813693776,42.046009093532625,1932213.0,33592942.25,957901.0
Hydrocortisone Butyrate,Hydrocortisone Butyrate,658,7018.0,4898.0,6521.0,3217588.58,2484597.620000001,4056227.82,3014.0,1929.0,2379.0,-0.4208703374777975,-0.21768596277235647,-0.3020803647762895,-0.2278075464825273,0.33135973866884444,0.6325491851674551,0.014639686946277458,0.20237081934246387,2.5391394504924834,507.26778685177646,1288.0236495593576,2.741067675493905,622.0254286152431,1705.0137957124841,9608.0,4506183.350000001,2634.0
Hydrocortisone Sod Succinate,Solu-Cortef,659,374.0,326.0,194.0,47094.95,40790.72,25141.759999999995,106.0,80.0,68.0,-0.626204238921002,-0.2809286982317062,-0.12834224598930483,-0.1338621232212795,-0.4049079754601227,-0.38364020051619596,-0.26662511072471373,-0.2587511618687377,4.075,125.12490797546013,509.884,2.8529411764705883,129.59670103092782,369.73176470588226,174.0,40632.9,61.0
Hydrocortisone Sodium Succ/Pf,Solu-Cortef,660,2071.0,2568.0,2040.0,216676.7800000001,250223.21,177629.85,728.0,955.0,735.0,-0.03773584905660377,-0.08082505684498718,0.23998068565910188,0.15482245028747377,-0.205607476635514,-0.29011441424638423,0.017186604511793935,-0.06764598197945523,2.689005235602094,97.43894470404985,262.013832460733,2.7755102040816326,87.07345588235295,241.67326530612246,3679.0,371054.9199999999,1457.0
Hydrocortisone Valerate,Hydrocortisone Valerate,661,12035.0,9054.0,6006.0,1296935.2199999995,1162289.8099999996,545123.1199999999,6118.0,4456.0,3153.0,-0.7578128150328642,-0.8078947686607524,-0.24769422517656833,-0.10381814598264975,-0.3366467859509609,-0.530992085356061,-0.2921705055637646,-0.31740511566935536,2.031867145421903,128.3730737795449,260.83703096947926,1.9048525214081826,90.76309024309022,172.89030130034882,6628.0,413265.6900000002,3575.0
Hydrocortisone/Acetic Acid,Hydrocortisone-Acetic Acid,662,3695.0,4735.0,2648.0,395344.86,545055.9199999999,317581.88000000006,2413.0,3135.0,1768.0,-0.04404332129963899,0.16800886854711408,0.2814614343707713,0.37868472603893205,-0.44076029567053854,-0.417340738176002,-0.07964943064988361,-0.019328006068534964,1.5103668261563,115.11212671594508,173.86153748006376,1.497737556561086,119.93273413897283,179.62776018099552,3232.0,336675.7699999999,2079.0
Hydrocortisone/Pramoxine,Proctofoam-Hc,663,775.0,619.0,910.0,192505.82,120660.52,220348.83,289.0,231.0,322.0,-0.11907066795740562,0.017207822408927965,-0.20129032258064516,-0.37321105408657257,0.4701130856219709,0.8261883008626184,0.13441138152066287,0.22648862338802292,2.6796536796536796,194.92814216478192,522.3399134199134,2.8260869565217392,242.1415714285714,684.3131366459627,1281.0,308004.90000000014,481.0
Hydromorphone Hcl,Hydromorphone Hcl,664,639452.0,619743.0,627630.0,22708443.179999992,21025616.23,17866325.130000003,176070.0,176428.0,186977.0,-0.09098940696990676,-0.24092322142433978,-0.030821703583693537,-0.07410578244668521,0.012726242974910568,-0.15025914415256109,-0.009047730304391485,-0.11218246329962314,3.51272473757,33.92634726007393,119.1739192758519,3.3567230194088045,28.466333875053778,95.55359819656965,533907.0,13126111.86,156227.0
Hydromorphone Hcl/Pf,Hydromorphone Hcl,665,834.0,804.0,451.0,147649.38999999998,187904.04,118074.54000000002,183.0,169.0,100.0,-0.6676492262343404,-0.6645387320699409,-0.03597122302158273,0.27263675115759045,-0.43905472636815923,-0.3716231966060974,-0.23751297469487098,-0.049493222724253466,4.757396449704142,233.71149253731343,1111.858224852071,4.51,261.80607538802667,1180.7454000000002,606.0,102502.66,132.0
Hydroxychloroquine Sulfate,Hydroxychloroquine Sulfate,666,2052271.0,2051319.0,2064601.0,147744066.98999995,146910755.27,131893832.60999995,592725.0,609371.0,613254.0,0.19570909406807882,-0.2875557661038286,-0.0004638763594086746,-0.005640238129199069,0.006474858371613581,-0.10221799372279583,0.003005491006102453,-0.05392911592599745,3.3662891735904727,71.61770318024647,241.08589885307967,3.3666327492360426,63.883448961809066,215.07211140897564,2224881.0,86686403.38,663800.0
Hydroxyurea,Hydroxyurea,667,374582.0,381288.0,398823.0,14062368.05,14228527.0,14230996.250000002,89379.0,95136.0,102081.0,0.14071974463995607,0.08597391503704618,0.017902622122792873,0.011815858425067978,0.04598885881538365,0.00017354220855060138,0.03194574046908826,0.005994700316809289,4.00782038345106,37.31700709175217,149.55986167171207,3.9069268522056015,35.68248634105857,139.40886403934132,434230.0,10898249.13,112826.0
Hydroxyzine Hcl,Hydroxyzine Hcl,668,2558944.0,2924614.0,3321511.0,38792691.650000006,56906438.54999999,67787713.27,754338.0,866653.0,990364.0,0.759356897991008,0.8221756264569624,0.14289878950066903,0.4669370989625563,0.13570919102486687,0.1912134197335041,0.13930399026276796,0.32907525934803017,3.3746078303542477,19.457760425820293,65.66231069413017,3.353828491342577,20.40869750845323,68.4472711750427,3722990.0,60026408.77999999,1113737.0
Hydroxyzine Pamoate,Hydroxyzine Pamoate,669,1006336.0,1062375.0,1127420.0,11661280.72,13422390.31,15346104.019999998,272124.0,287586.0,306304.0,0.5017329429660631,0.7341216648665598,0.0556861724116001,0.15102197025233774,0.06122602659136369,0.14332124648221448,0.058456099501481895,0.1471716083672761,3.6941123698650142,12.634324329921167,46.672613792048296,3.6807224195570414,13.611701069698956,50.10089329554951,1156883.0,13989119.740000002,314583.0
Hyoscyamine Sulfate,Hyoscyamine Sulfate,670,3805.0,3583.0,5141.0,123620.63,109293.86000000002,190023.06999999995,1376.0,1303.0,1889.0,-0.3810498434866362,-0.3709219337392406,-0.058344283837056504,-0.11589303500556491,0.4348311470834496,0.7386435980941649,0.18824343162319657,0.3113752815443,2.7498081350729087,30.503449623220767,83.87863392171913,2.7215457914240337,36.9622777669714,100.59453149814713,3001.0,79218.99999999999,1101.0
Ibalizumab-Uiyk,Trogarzo,671,1030.0,1019.0,1053.0,8950625.99,9167981.58,11038478.14,325.0,285.0,295.0,-0.03394495412844037,0.3418295879564116,-0.010679611650485437,0.024283842296934123,0.033366045142296366,0.20402490381094335,0.011343216745905466,0.11415437305393873,3.575438596491228,8997.037860647693,32168.35642105263,3.5694915254237287,10482.88522317189,37418.5699661017,1002.0,9943159.45,260.0
Ibandronate Sodium,Ibandronate Sodium,672,443973.0,458254.0,507406.0,20260957.94,23399039.78,21290773.219999995,130116.0,136087.0,152312.0,0.220888153145783,-0.09381186559054998,0.03216637047748399,0.15488319206293163,0.10725929288124053,-0.09010055881874338,0.06971283167936226,0.03239131662209413,3.3673605855078,51.06128867396684,171.9417709259518,3.3313593150900784,41.960034410314414,139.78395149430114,570311.0,16375672.880000005,172307.0
Ibrutinib,Imbruvica,673,211815.0,175936.0,132259.0,2883789987.680001,2561017587.189999,2056621140.4800005,34736.0,30731.0,25347.0,-0.2889989140835833,-0.06397932654630749,-0.1693883813705356,-0.1119264585385675,-0.24825504728992362,-0.19695157473066505,-0.2088217143302296,-0.1544390166346163,5.7250333539422735,14556.529574333843,83336.61733070838,5.217935061348483,15549.952294210605,81138.6412782578,127477.0,1965538196.6600008,24581.0
Ibuprofen,Ibuprofen,674,5315237.0,5473305.0,5703817.0,49171307.17,52210417.31,47699988.79000001,2596716.0,2784617.0,3015362.0,0.10732140763237613,0.030301423625439312,0.029738655115472745,0.06180657612971082,0.04211568695696659,-0.08638943629236423,0.03592717103621967,-0.012291430081326705,1.9655503791006088,9.5391024819556,18.74958649968739,1.8915861511818481,8.362818931603172,15.818992475861938,5975717.0,43657782.43000001,3209413.0
Ibuprofen/Famotidine,Duexis,675,10276.0,8236.0,8548.0,25342233.719999995,13286439.61,11195693.629999995,3005.0,2263.0,2019.0,0.06903451725862932,-0.4454840336551983,-0.1985208252238225,-0.47571947458150105,0.03788246721709568,-0.15735938606354785,-0.08031917900336341,-0.31653943032252446,3.6394167034909413,1613.2151056338028,5871.162001767565,4.233779098563645,1309.7442243799715,5545.167721644376,4586.0,1249053.12,1263.0
Icatibant Acetate,Firazyr,676,1529.0,1487.0,1173.0,62691025.28,55401288.92999998,51156555.73,363.0,323.0,289.0,-0.08573655494933749,-0.3270972725082657,-0.027468933943754086,-0.11628038172037412,-0.21116341627437793,-0.07661795026760548,-0.119316175109066,-0.09644916599398981,4.603715170278638,37257.08737726966,171521.01835913304,4.0588235294117645,43611.72696504689,177012.30356401383,1485.0,44822184.64000001,428.0
Icosapent Ethyl,Vascepa,677,1546710.0,1540725.0,1548212.0,723853003.86,738026369.0100005,749744248.3099997,354338.0,361281.0,367817.0,0.41228648705353277,0.839304907798707,-0.003869503656147565,0.019580446685197032,0.004859400606857162,0.01587731792797292,0.0004949484753547983,0.017728882306584974,4.264616738771206,479.01239287348517,2042.804268727114,4.209190983559759,484.2645892875134,2038.3621428862714,1573121.0,648647770.8299998,388331.0
Idelalisib,Zydelig,678,705.0,434.0,126.0,8302473.200000002,5683221.68,1604385.84,250.0,160.0,45.0,-0.9166115155526141,-0.8972652666525053,-0.3843971631205674,-0.3154784673077899,-0.7096774193548387,-0.7176978252236679,-0.5470372912377031,-0.5165881462657289,2.7125,13094.980829493086,35520.1355,2.8,12733.220952380952,35653.01866666667,110.0,1392784.84,40.0
Idursulfase,Elaprase,679,51.0,50.0,38.0,4624216.68,3487760.63,2228603.51,20.0,20.0,15.0,-0.22448979591836735,-0.48519133588315916,-0.0196078431372549,-0.24576185084821758,-0.24,-0.3610216564661435,-0.12980392156862744,-0.3033917536571805,2.5,69755.2126,174388.03149999998,2.533333333333333,58647.46078947368,148573.5673333333,98.0,6001745.18,25.0
"Igg/Hyaluronidase,recombinant",Hyqvia,680,1751.0,1966.0,2114.0,11171750.300000004,12289280.11,14114296.050000004,438.0,460.0,520.0,0.033235581622678395,0.227015994415246,0.12278697886921759,0.10003175688593707,0.0752797558494405,0.148504706839171,0.09903336735932905,0.12426823186255403,4.273913043478261,6250.905447609359,26715.826326086953,4.065384615384615,6676.582805108801,27142.87701923078,2497.0,16832695.349999998,585.0
Iloperidone,Fanapt,681,37559.0,35791.0,32593.0,65810839.13999999,67969702.77000001,64949614.92999997,8350.0,8104.0,7613.0,-0.24692698706099817,0.14391245879083917,-0.0470726057669267,0.03280407389134558,-0.08935207174988126,-0.0444328534173468,-0.06821233875840398,-0.00581438976300061,4.4164610069101675,1899.0724698946665,8387.17951258638,4.281229475896493,1992.7473669192761,8531.408765269929,31502.0,61897227.77000001,7400.0
Imatinib Mesylate,Imatinib Mesylate,682,94801.0,97499.0,93373.0,264019039.48000005,246165193.53,193052694.46,22916.0,22920.0,22229.0,0.0671078044822345,-0.46556382094822457,0.02845961540490079,-0.06762332741291754,-0.042318382752643616,-0.21575958123229638,-0.0069293836738714126,-0.14169145432260696,4.253883071553228,2524.7971110472927,10740.191689790576,4.20050384632687,2067.543020573399,8684.722410364839,99254.0,149039286.99,23244.0
Imiglucerase,Cerezyme,683,404.0,413.0,332.0,12641577.210000005,12525562.27,10766833.57,115.0,130.0,100.0,-0.14652956298200515,0.07133479303918731,0.022277227722772276,-0.009177252021071588,-0.19612590799031476,-0.1404111577659339,-0.08692434013377125,-0.07479420489350275,3.1769230769230767,30328.23794188862,96350.47899999999,3.32,32430.22159638554,107668.3357,327.0,9056924.83,90.0
Imipenem/Cilastatin Sodium,Imipenem-Cilastatin Sodium,684,4729.0,4306.0,4536.0,1571284.5799999998,1614072.1600000004,1884524.84,1108.0,1014.0,1150.0,0.0642890661661192,0.5888895916802341,-0.08944808627616832,0.027230955197180478,0.053413841151881095,0.16755922486142108,-0.018017122562143613,0.09739509002930077,4.2465483234714005,374.84258244310274,1591.787140039448,3.9443478260869567,415.4596208112875,1638.717252173913,5365.0,2015130.6900000004,1180.0
Imipramine Hcl,Imipramine Hcl,685,113191.0,101653.0,94087.0,2053139.8400000003,2019519.43,2100646.0200000005,34075.0,30788.0,28750.0,-0.3061737681223545,-0.27583688760782066,-0.10193389933828662,-0.016375119387873928,-0.07442967743204824,0.040171235193315544,-0.08818178838516744,0.011898057902720808,3.301708457840717,19.866796159483734,65.59436890996491,3.2725913043478263,22.326634072719933,73.06594852173914,88717.0,1594042.5099999998,26883.0
Imipramine Pamoate,Imipramine Pamoate,686,2018.0,1815.0,1498.0,700568.9799999999,607515.53,519253.58,764.0,690.0,570.0,-0.291725768321513,-0.31519166232177426,-0.10059464816650149,-0.13282553560964097,-0.1746556473829201,-0.14528344649889033,-0.1376251477747108,-0.13905449105426565,2.630434782608696,334.7193002754821,880.4572898550725,2.6280701754385967,346.6312283044059,910.9711929824562,1576.0,373724.6799999998,620.0
Imiquimod,Imiquimod,687,96602.0,100431.0,109343.0,4382101.180000001,4320001.19,4507690.319999999,63244.0,66751.0,72152.0,0.1314583139312286,-0.17894855493014306,0.039636860520486115,-0.014171281640740257,0.08873754119743904,0.04344654590245586,0.06418720085896258,0.014637632130857803,1.5045617294122935,43.01461889257301,64.71814939102036,1.5154534870828251,41.225229964423875,62.47491850537753,130683.0,3989573.45,85364.0
Immun Glob G(Igg)-Ifas/Glycine,Panzyga,688,6754.0,7406.0,9088.0,84773534.6,105315669.11,130054295.48000003,1416.0,1575.0,1827.0,1.9354005167958657,2.0235795690891862,0.09653538643766657,0.2423177776758645,0.22711315149878478,0.2348997692277021,0.16182426896822566,0.23860877345178327,4.702222222222222,14220.317190116122,66867.0914984127,4.9742747673782155,14310.551879401411,71184.61712096335,8631.0,126450744.3,1834.0
Immun Glob G(Igg)/Gly/Iga 0-50,Gammaplex,689,14082.0,12621.0,16034.0,179871602.45000002,168444843.64,217890703.23,2940.0,2757.0,3216.0,1.5262328659209075,2.0676651224628473,-0.10374946740519812,-0.06352730867106383,0.2704223120196498,0.293543325645964,0.08333642230722582,0.1150080084874501,4.577801958650707,13346.394393471197,61097.15039535727,4.9856965174129355,13589.29170699763,67752.08433768657,17079.0,250871152.61,3364.0
Immun Glob G(Igg)/Gly/Iga Ov50,Gammagard Liquid,690,39205.0,45925.0,51569.0,390126671.28,448600730.81000006,496082371.9500001,7956.0,8653.0,9462.0,0.45297531838160715,0.5575084565778344,0.17140670832801938,0.14988480366683862,0.12289602612955906,0.10584387826178192,0.14715136722878921,0.12786434096431026,5.307407835432798,9768.116076428962,51843.375801456146,5.45011625449165,9619.77878085672,52428.912698161075,54027.0,538004813.9499999,10035.0
Immun Glob G(Igg)/Pro/Iga 0-50,Hizentra,691,41532.0,42240.0,47561.0,393485170.24000007,402908157.5399999,473184849.5899999,8408.0,8367.0,9400.0,0.3226452348508023,0.6026796568448138,0.01704709621496677,0.023947503013270945,0.12597064393939394,0.17442360184286684,0.07150887007718036,0.0991855524280689,5.048404446038006,9538.545396306816,48154.43498745069,5.059680851063829,9949.009684195033,50338.813786170205,57355.0,586576466.4200001,10904.0
Immun Glob G/Gly/Gluc/Iga 0-50,Gammagard S-D,692,544.0,519.0,602.0,5695512.590000001,6015082.45,6846709.21,160.0,160.0,195.0,0.08273381294964029,0.42930413484372804,-0.04595588235294118,0.05610906041382297,0.1599229287090559,0.13825691782495844,0.056983523178057355,0.0971829891193907,3.24375,11589.754238921003,37594.2653125,3.0871794871794873,11373.27111295681,35111.32928205128,651.0,7879181.66,210.0
Immun Glob G/Sorb/Gly/Iga 0-50,Gammaplex,693,374.0,481.0,437.0,4525730.14,4438569.550000001,3761054.7199999993,110.0,140.0,130.0,-0.4696601941747573,-0.4516799321696688,0.28609625668449196,-0.019258901283053284,-0.09147609147609148,-0.15264260757162212,0.09731008260420024,-0.08595075442733771,3.4357142857142855,9227.795322245323,31704.06821428572,3.3615384615384616,8606.532540045764,28931.19015384615,30.0,113531.44999999998,10.0
Immun Globg(Igg)/Malt/Iga Ov50,Octagam,694,12332.0,16737.0,20070.0,151799283.06000003,206537669.14,250587772.6,2342.0,3326.0,3721.0,3.972745292368682,3.7798033471855925,0.3572007784625365,0.36059713179517533,0.1991396307582004,0.21327878659335978,0.27817020461036845,0.28693795919426757,5.032170775706555,12340.18456951664,62097.9161575466,5.393711367911852,12485.688719481814,67344.20118247783,25422.0,328556600.64000005,4748.0
Immune Globul G (Igg)/Glycine,Gamastan,695,406.0,323.0,310.0,152298.63,149638.59999999998,136885.74,98.0,79.0,70.0,-0.5245398773006135,-0.2522588614097411,-0.2044334975369458,-0.017465882654361553,-0.04024767801857585,-0.0852244006559804,-0.12234058777776083,-0.05134514165517098,4.0886075949367084,463.27739938080487,1894.1594936708857,4.428571428571429,441.5669032258064,1955.5105714285712,276.0,126732.33,94.0
Immune Globul G/Gly/Iga Avg 46,Gamunex-C,696,51240.0,55828.0,64163.0,485227247.08,535814757.77,607631337.87,9235.0,9935.0,11051.0,0.41680835559873697,0.727171274865853,0.08953942232630757,0.1042552968622959,0.14929784337608368,0.1340324786851569,0.11941863285119562,0.11914388777372639,5.619325616507298,9597.599014293903,53932.03399798691,5.8060808976563205,9470.120441220019,54984.28539227219,74120.0,686402688.8599999,12545.0
Incobotulinumtoxina,Xeomin,697,208.0,616.0,951.0,254445.05,744640.7399999999,1223690.4699999995,83.0,244.0,374.0,5.135483870967742,7.25926721363955,1.9615384615384615,1.926528694505945,0.5438311688311688,0.6433300036739861,1.2526848151848151,1.2849293490899656,2.5245901639344264,1208.83237012987,3051.8063114754095,2.5427807486631018,1286.7407676130383,3271.899652406416,1334.0,1623025.9699999995,505.0
Indapamide,Indapamide,698,213700.0,203349.0,198355.0,4508789.909999999,4217100.090000002,4034859.81,61962.0,59732.0,58517.0,-0.17762244140681682,-0.17807963757361148,-0.048437061300889095,-0.06469359314193407,-0.024558763505106985,-0.04321459678705458,-0.03649791240299804,-0.053954094964494326,3.4043561240206253,20.738238643907774,70.60034972878861,3.3896987200300766,20.341608782233873,68.95192525249072,196204.0,2649578.360000001,57695.0
Indomethacin,Indomethacin,699,56625.0,55191.0,54912.0,1184749.86,1113655.94,798895.02,21579.0,21315.0,21167.0,0.09775698692575267,-0.16074738637206162,-0.025324503311258278,-0.060007536105554087,-0.005055172038919389,-0.28263749035451646,-0.015189837675088833,-0.17132251323003528,2.5893033075299083,20.178216375858383,52.24752240206427,2.5942268625690934,14.548641826923078,37.74247744130014,55848.0,725710.1799999999,21487.0
Infliximab,Remicade,700,7488.0,7159.0,8176.0,52712634.34,50340731.35,59260726.39,1960.0,1878.0,2120.0,0.006648608717064762,0.11766704975476842,-0.04393696581196581,-0.044996859286164106,0.14205894678027658,0.1771924006821168,0.04906099048415539,0.06609777069797634,3.8120340788072418,7031.810497276156,26805.501251331203,3.8566037735849057,7248.131897015655,27953.172825471698,9171.0,62631734.080000006,2403.0
Infliximab-Abda,Renflexis,701,274.0,335.0,288.0,1233480.78,1673881.14,1226719.6299999997,90.0,120.0,90.0,5.260869565217392,6.012681620374008,0.22262773722627738,0.35703868851527615,-0.14029850746268657,-0.26714053902298,0.0411646148817954,0.044949074746148066,2.7916666666666665,4996.6601194029845,13949.009499999998,3.2,4259.443159722221,13630.218111111108,462.0,1802149.41,154.0
Infliximab-Dyyb,Inflectra,702,554.0,1464.0,2044.0,3009511.66,8168469.809999999,11840657.920000004,162.0,426.0,621.0,15.222222222222221,16.13829148109961,1.6425992779783394,1.7142176980301178,0.39617486338797814,0.4495564279988452,1.0193870706831587,1.0818870630144815,3.436619718309859,5579.55588114754,19174.811760563378,3.2914653784219,5792.885479452057,19067.081996779394,2531.0,14214319.190000003,760.0
Insulin Aspart,Novolog Flexpen,703,2226795.0,2129520.0,2119631.0,1811875786.38,1803450403.58,1835265942.8200004,617731.0,600543.0,613871.0,-0.23116200350535088,-0.06062713195212721,-0.04368385953803561,-0.004650088523360373,-0.004643769487959728,0.01764148278036589,-0.024163814512997667,0.006495697128502759,3.545990878255179,846.8811767816221,3003.032927833644,3.4528931974307304,865.8421880129138,2989.66060103833,1440948.0,310554734.52999985,466285.0
Insulin Aspart (Niacinamide),Fiasp Flextouch,704,23264.0,36275.0,56799.0,23092071.980000008,37990058.45,62329388.37000003,7161.0,11433.0,18269.0,5.030898279889573,6.513352770441921,0.5592761348005502,0.6451558995183762,0.56578911095796,0.6406762956691376,0.5625326228792551,0.6429160975937569,3.172833027201959,1047.279350792557,3322.842512901251,3.1090371667852645,1097.3677066497655,3411.75698560403,267343.0,203445450.32000005,84556.0
Insulin Aspart Prot/Insuln Asp,Novolog Mix 70-30,705,230589.0,197268.0,175662.0,241760087.3,211494830.45,193671591.85,62901.0,54208.0,48996.0,-0.47929165975005333,-0.40979351253822016,-0.14450385751271744,-0.12518715222187968,-0.10952612689336334,-0.08427269149830889,-0.12701499220304038,-0.10472992186009428,3.6390938606847696,1072.1193019141472,3901.5427695174144,3.585231447465099,1102.5241193314432,3952.804144215854,147064.0,37478352.78000001,41884.0
Insulin Degludec,Tresiba Flextouch U-200,706,1270403.0,1277333.0,1328647.0,1157378885.0599997,1195907205.9700005,1263392186.1399996,339472.0,352052.0,376152.0,0.1243322239344143,0.2938943649363693,0.005454961929403504,0.03328928962446334,0.040172766224625844,0.056429946933267326,0.022813864077014676,0.04485961827886534,3.6282509402020158,936.2532761386424,3396.9618294172465,3.5322077245368892,950.8862671123328,3358.7278178502297,1605866.0,1305313500.9,461390.0
Insulin Degludec/Liraglutide,Xultophy 100-3.6,707,25991.0,23102.0,25493.0,33697348.58,32780462.92,40145098.07,7089.0,6437.0,7208.0,-0.008286003267719598,0.4820549565707899,-0.11115386095186795,-0.027209430374714558,0.10349753268115315,0.22466537974076903,-0.003828164135357401,0.09872797468302724,3.588938946714308,1418.944806510259,5092.506279322666,3.536764705882353,1574.749855646648,5569.519710044395,28517.0,42934936.99,7857.0
Insulin Detemir,Levemir Flextouch,708,1976558.0,1723559.0,1225361.0,1349836902.1200004,1208193065.1799998,842611652.9199998,465695.0,414865.0,331623.0,-0.5413589218335297,-0.48423305048447235,-0.12799978548567761,-0.10493403811789434,-0.28905189784625884,-0.30258525958807314,-0.20852584166596821,-0.20375964885298375,4.154505682571439,700.9873553385755,2912.2559511648365,3.695042261845529,687.6436029219143,2540.872173884199,290117.0,57347135.50999998,92688.0
"Insulin Glargine,hum.Rec.Anlog",Lantus Solostar,709,7168401.0,6808055.0,6931026.0,4165459870.379999,4072395609.87,4310701891.290001,1788314.0,1739962.0,1829932.0,-0.06593672273990148,0.07900656942314824,-0.05026867219063219,-0.022341893429766585,0.0180625744063466,0.05851746840175194,-0.016103048892142795,0.018087787485992678,3.9127607384529086,598.1731360674964,2340.5083616021498,3.787586642563767,621.9428251012189,2355.66233679175,7800330.0,1885245349.06,2123082.0
Insulin Glargine/Lixisenatide,Soliqua 100-33,710,103938.0,128113.0,183701.0,101809473.13000004,135244376.63,205318740.44,27428.0,33430.0,47140.0,2.238791233978032,3.5815534477908635,0.23259058284746675,0.3284066057124869,0.43389819924597817,0.5181314414403243,0.33324439104672243,0.4232690235764056,3.832276398444511,1055.6647383950105,4045.599061621298,3.896924056003394,1117.6789480732277,4355.50997963513,189307.0,202666012.4,48158.0
Insulin Glulisine,Apidra,711,2461.0,1970.0,1712.0,2013754.4,1304585.7399999998,1134445.18,880.0,705.0,570.0,-0.6034283066944638,-0.6260904854718126,-0.19951239333604226,-0.3521624384780985,-0.13096446700507614,-0.13041730779611302,-0.1652384301705592,-0.24128987313710576,2.7943262411347516,662.2262639593907,1850.4762269503542,3.0035087719298246,662.6432126168224,1990.254701754386,1293.0,257217.9,450.0
Insulin Lispro,Humalog Kwikpen U-100,712,1744185.0,1739933.0,1869369.0,1250542425.72,1229462547.3100004,1358389042.7799995,518897.0,526547.0,576175.0,-0.07262092863468031,0.006232793414051587,-0.0024378147960222108,-0.01685658797050637,0.07439137024241738,0.10486410972996574,0.03597677772319758,0.04400376087972968,3.3044210678249044,706.6148796016861,2334.9530949943696,3.2444465657135417,726.6564508023828,2357.598026259382,2117251.0,533396194.0499999,670381.0
Insulin Lispro Protamin/Lispro,Humalog Mix 75-25,713,180025.0,148909.0,131609.0,177967788.29000008,147763057.70000002,133309591.66,49634.0,42270.0,37986.0,-0.4830144950308363,-0.4366907195930729,-0.17284266074156368,-0.16972021105741444,-0.1161783371052119,-0.0978151526164582,-0.1445104989233878,-0.13376768183693633,3.5228057724154245,992.3044120906058,3495.6957109060804,3.464671194650661,1012.9215453350455,3509.4401005633654,122523.0,35937022.95,35866.0
Insulin Nph Hum/Reg Insulin Hm,Novolin 70-30,714,500026.0,428993.0,390817.0,204225318.97,191171194.99000007,180544409.26,130430.0,113279.0,104944.0,-0.34998819118962954,-0.1797074238217973,-0.1420586129521265,-0.0639202036546582,-0.08898979703631528,-0.05558779778802948,-0.11552420499422089,-0.05975400072134384,3.787047908261902,445.6277724578258,1687.6137235498202,3.7240528281750267,461.96662187161763,1720.3881047034608,322964.0,50425606.23000002,89632.0
Insulin Nph Human Isophane,Novolin N,715,476707.0,425044.0,396439.0,123718644.29,110637474.78000005,103070258.4,148384.0,135447.0,127883.0,-0.29921620341236116,-0.28001535630140095,-0.10837474591310806,-0.10573321090827126,-0.06729891493586547,-0.06839650303884165,-0.08783683042448676,-0.08706485697355645,3.138083530827556,260.2965217248098,816.8322279563228,3.100013293400999,259.990208834146,805.9731035399545,333407.0,49379363.3,110666.0
"Insulin Regular, Human",Novolin R,716,384600.0,340421.0,323089.0,279895298.59,263363507.76,268216542.75,103974.0,92791.0,87943.0,-0.3337134726031635,-0.03072877141181722,-0.11486999479979199,-0.05906419619507902,-0.05091342778500739,0.01842713529781249,-0.0828917112923997,-0.020318530448633264,3.6686855406235517,773.6406031355292,2838.2440943625998,3.673845559055297,830.1630286082163,3049.890755944191,290456.0,216863624.5300001,80874.0
Interferon Beta-1a,Avonex Pen,717,41089.0,30507.0,24951.0,328701262.49,249367442.63000008,215744398.29,11374.0,8767.0,7187.0,-0.5445235487404162,-0.4906125215124943,-0.2575385139575069,-0.24135538530952091,-0.1821221359032353,-0.13483333664326186,-0.21983032493037108,-0.18809436097639137,3.479753621535303,8174.1057013144555,28443.873916961344,3.471684986781689,8646.72350967897,30018.70019340476,22359.0,193012741.4700001,6484.0
Interferon Beta-1a/Albumin,Rebif Rebidose,718,24633.0,18491.0,13352.0,229673739.67,179505953.26999998,139420324.78999996,7169.0,5521.0,4117.0,-0.6197744617838022,-0.5101248613845009,-0.24934031583647953,-0.21843065938701622,-0.2779189876155968,-0.2233108582182012,-0.26362965172603814,-0.2208707588026087,3.349212099257381,9707.74718890271,32513.304341604777,3.2431382074325965,10441.905691282202,33864.543305805186,10071.0,107691889.15,3222.0
Interferon Beta-1b,Betaseron,719,11169.0,8746.0,6739.0,91622156.14,79031273.82999998,64553009.20999999,3456.0,2721.0,2201.0,-0.6056758338209479,-0.5076984604889051,-0.2169397439341033,-0.13742180756760367,-0.22947633203750287,-0.18319665011528757,-0.22320803798580308,-0.1603092288414456,3.2142594634325614,9036.276449805624,29044.937092980515,3.0617900954111765,9579.019025077903,29328.94557473875,5874.0,56716978.99999999,1940.0
"Interferon Gamma-1b,recomb.",Actimmune,720,295.0,319.0,301.0,17768927.27,19254142.509999994,18861442.9,85.0,85.0,95.0,0.4,0.5421724487120638,0.08135593220338982,0.08358496927991504,-0.05642633228840126,-0.02039559070449592,0.012464799957494284,0.03159468928770956,3.7529411764705882,60357.81351097177,226519.32364705874,3.168421052631579,62662.600996677735,198541.5042105263,280.0,17822197.6,85.0
Ipilimumab,Yervoy,721,118.0,246.0,249.0,2098096.57,4874296.93,4678282.01,40.0,77.0,65.0,12.105263157894736,21.96123250704219,1.0847457627118644,1.3231995131663554,0.012195121951219513,-0.04021398835872724,0.548470442331542,0.6414927624038141,3.1948051948051948,19814.215162601624,63302.55753246753,3.830769230769231,18788.281164658634,71973.56938461539,197.0,3110533.84,55.0
Ipratropium Bromide,Ipratropium Bromide,722,1126784.0,1242277.0,1453735.0,97824088.46000002,100540204.08,101049683.78000002,437508.0,516957.0,609206.0,0.32461787284448396,0.22134744279827934,0.1024979055435647,0.02776530466839552,0.17021807535678435,0.005067422576491133,0.13635799045017452,0.016416363622443326,2.4030567339256454,80.93219473595663,194.48465555162227,2.386278204745193,69.51038791801808,165.87112369215015,1733043.0,86725178.18000004,729234.0
Ipratropium/Albuterol Sulfate,Combivent Respimat,723,815801.0,804924.0,795281.0,296239917.6,266921534.75,241556285.24,234927.0,251101.0,267458.0,-0.45129118346755276,-0.23238703641020228,-0.013332908393100768,-0.09896837363284502,-0.011980013019862745,-0.09502886132344925,-0.012656460706481756,-0.09699861747814714,3.205578631705967,331.6108536333865,1063.0046664489587,2.9734799482535577,303.73702532815446,903.1559543554503,879141.0,205598380.15000004,305052.0
Irbesartan,Irbesartan,724,1867231.0,1902925.0,1924325.0,60044716.539999984,61036193.53000001,66593157.02000001,501211.0,520034.0,529809.0,0.026966115841852583,0.08600076623107096,0.019116006535881205,0.01651231027695055,0.0112458452119763,0.09104374255037201,0.015180925873928754,0.05377802641366128,3.659231896376006,32.07493386759857,117.3696210824677,3.6321108172945347,34.605982367843275,125.69276290134749,2023354.0,43503429.97,558085.0
Irbesartan/Hydrochlorothiazide,Irbesartan-Hydrochlorothiazide,725,367532.0,347492.0,327435.0,11319405.83,10552590.06,10665232.43,98309.0,94475.0,90217.0,-0.22892789103471337,-0.2451407132221679,-0.05452586441452717,-0.06774346476452815,-0.057719314401482626,0.0106743812997128,-0.056122589408004894,-0.028534541732407676,3.6781370732998147,30.367864756598713,111.69716919820058,3.6294157420441824,32.57205988974911,118.21754691466131,323621.0,8132731.119999999,89647.0
Irinotecan Hcl,Irinotecan Hcl,726,759.0,953.0,896.0,600590.7700000001,822864.25,895398.9999999999,197.0,223.0,219.0,0.20268456375838925,1.2565317013572477,0.25559947299077734,0.3700914018375604,-0.05981112277019937,0.08814910843434975,0.09789417511028899,0.22912025513595508,4.273542600896861,863.446222455404,3689.974215246637,4.091324200913242,999.3292410714284,4088.5799086757984,1041.0,352506.99000000005,289.0
Isavuconazonium Sulfate,Cresemba,727,4352.0,5085.0,6417.0,23886556.46,29919422.95,41249995.41,1204.0,1371.0,1797.0,1.0573901891631934,1.5696604331405042,0.1684283088235294,0.25256325666290697,0.26194690265486725,0.3787029074369229,0.21518760573919832,0.3156330820499149,3.7089715536105032,5883.858987217306,21823.065609044494,3.5709515859766277,6428.23677886863,22954.92232053422,8617.0,54739463.10000001,2502.0
Isocarboxazid,Marplan,728,67.0,108.0,178.0,31729.92,72548.38,116724.37,20.0,35.0,70.0,15.181818181818182,9.194784539304173,0.6119402985074627,1.2864343811771353,0.6481481481481481,0.6089176629443688,0.6300442233278054,0.9476760220607521,3.085714285714286,671.7442592592593,2072.8108571428575,2.5428571428571427,655.7548876404494,1667.491,152.0,87347.09,55.0
Isoniazid,Isoniazid,729,10773.0,11161.0,12087.0,90312.66000000005,101185.79,114654.70999999998,3346.0,3429.0,3795.0,-0.3322099447513812,-0.21407121462994474,0.03601596584052724,0.12039430573742309,0.08296747603261356,0.13311078561525275,0.0594917209365704,0.12675254567633792,3.2548848060659084,9.066014694023833,29.50883347914844,3.18498023715415,9.485787209398525,30.21204479578392,13155.0,115391.5,4014.0
Isosorbide Dinit/Hydralazine,Bidil,730,17036.0,7045.0,7713.0,7170451.33,2786371.79,2131596.86,4780.0,2174.0,2376.0,-0.6557772124782434,-0.7239962615810872,-0.5864639586757455,-0.611409148216058,0.09481902058197303,-0.23499194628294745,-0.24582246904688626,-0.42320054724950273,3.2405703771849126,395.5105450674237,1281.6797562097515,3.246212121212121,276.36417217684425,897.1367255892255,9139.0,1500798.4199999997,2780.0
Isosorbide Dinitrate,Isosorbide Dinitrate,731,282489.0,271743.0,270406.0,20568100.750000004,19531209.76,17839878.540000003,76874.0,73792.0,73115.0,-0.20696703883253123,-0.1495367613426204,-0.03804041927296284,-0.050412578322283935,-0.004920089937919284,-0.08659633687739364,-0.021480254605441063,-0.06850445759983878,3.6825536643538594,71.87382843348311,264.6792302688639,3.698365588456541,65.9744182451573,243.9975181563291,283069.0,13707286.41,76333.0
Isosorbide Mononitrate,Isosorbide Mononitrate Er,732,4262144.0,4117420.0,4056639.0,77445596.69999997,74866104.58000001,77633904.39999998,1168634.0,1149687.0,1146895.0,-0.14487113113030398,-0.12591761836547044,-0.03395568052135264,-0.03330715017913938,-0.014761914014115635,0.03696999911411662,-0.024358797267734135,0.0018314244674886224,3.5813399647034365,18.18277090508134,65.11868411141468,3.5370622419663524,19.13749396976166,67.69050732630274,4108962.0,52420549.960000016,1165931.0
Isotretinoin,Myorisan,733,954.0,1123.0,862.0,172248.58000000002,197632.51000000007,126777.29,359.0,415.0,322.0,-0.2911184210526316,-0.5588090708399761,0.17714884696016772,0.14736800732987204,-0.23241317898486197,-0.3585200633235901,-0.027632166012347123,-0.10557602799685903,2.706024096385542,175.9862065894925,476.2229156626508,2.6770186335403725,147.0734222737819,393.7182919254658,1608.0,231269.59000000003,638.0
Isradipine,Isradipine,734,2299.0,1949.0,1307.0,225688.4,285848.77000000014,206983.54,679.0,588.0,438.0,-0.6057315233785822,-0.2412531989494444,-0.15224010439321445,0.26656385529783605,-0.3293996921498204,-0.27589844098332167,-0.24081989827151742,-0.0046672928427428095,3.314625850340136,146.66432529502316,486.13736394557844,2.9840182648401825,158.36537107880645,472.5651598173516,1461.0,199303.21,451.0
Itraconazole,Itraconazole,735,10779.0,9942.0,10325.0,3947596.46,4156353.2999999993,3935596.400000001,3264.0,3200.0,3327.0,-0.16525183927560838,-0.2165942528257965,-0.077650988032285,0.052882011146600176,0.03852343592838463,-0.053113122024539765,-0.019563776051950185,-0.00011555543896979437,3.106875,418.06007845503916,1298.8604062499999,3.103396453261196,381.171564164649,1182.926480312594,10922.0,2648729.67,3633.0
Ivabradine Hcl,Corlanor,736,22243.0,23800.0,25043.0,13592371.010000002,15725531.670000002,18058306.69,6338.0,6862.0,7323.0,0.3026267880364109,0.812170293066452,0.06999955042035697,0.15693808375526383,0.05222689075630252,0.14834315741771034,0.06111322058832974,0.15264062058648709,3.4683765665986592,660.736624789916,2291.6834261148356,3.4197733169466065,721.0919893782694,2465.971144339752,22117.0,14178690.519999998,7076.0
Ivacaftor,Kalydeco,737,650.0,601.0,588.0,15918599.830000002,15679907.640000004,15808762.77,185.0,190.0,175.0,-0.6641918903483723,-0.6318731959302265,-0.07538461538461538,-0.014994546791116715,-0.021630615640599003,0.008217850063815504,-0.0485076155126072,-0.0033883483636506055,3.163157894736842,26089.696572379376,82525.82968421055,3.36,26885.650969387756,90335.78725714286,830.0,21447628.61,235.0
Ivermectin,Soolantra,738,153086.0,28718.0,16504.0,14140117.309999997,3387509.9800000004,2844543.65,99996.0,17884.0,9227.0,-0.4766947808992327,0.03051329302260504,-0.8124060985328508,-0.760432682011462,-0.4253081690925552,-0.16028479124953027,-0.618857133812703,-0.4603587366304961,1.6057928874972043,117.95772616477473,189.41567770073812,1.7886637043459412,172.35480186621425,308.2847783678335,23946.0,3599589.99,12763.0
Ivosidenib,Tibsovo,739,995.0,1472.0,2132.0,25919175.67,41888593.45000001,65064131.90999999,360.0,520.0,740.0,7.702040816326531,9.615515754449701,0.4793969849246231,0.6161236755103952,0.4483695652173913,0.5532660934930479,0.46388327507100724,0.5846948845017215,2.830769230769231,28456.924898097834,80554.98740384617,2.881081081081081,30517.88551125703,87924.50258108106,4081.0,124924913.04,1380.0
Ixazomib Citrate,Ninlaro,740,22754.0,19413.0,15993.0,258524809.25000003,233293872.49,207164865.05,5613.0,4925.0,4160.0,-0.21212867628947238,-0.02217783599027749,-0.1468313263602004,-0.09759580456976981,-0.1761706073249884,-0.11200040172988256,-0.1615009668425944,-0.10479810314982618,3.941725888324873,12017.404444959564,47369.31421116751,3.844471153846154,12953.47120927906,49799.24640625,14002.0,177257644.02000004,3678.0
Ixekizumab,Taltz Autoinjector,741,27368.0,35930.0,45362.0,182562355.7,253746745.9400001,338655442.77000004,7869.0,10178.0,12688.0,2.444343204252088,3.2844071051888557,0.3128471207249342,0.3899182280325938,0.26251043696075704,0.33461984513518495,0.28767877884284565,0.36226903658388937,3.530163096875614,7062.252878931257,24930.90449400669,3.575189155107188,7465.619742736212,26691.002740384618,55560.0,409639368.51,15317.0
Ketoconazole,Ketoconazole,742,2413066.0,2640073.0,2999815.0,73876094.78999998,77533371.16000001,79175486.19000001,1162518.0,1267034.0,1436980.0,0.3822274217657109,-0.0829358533975467,0.09407409494808679,0.049505545473081655,0.1362621412362461,0.021179461249160536,0.11516811809216645,0.035342503361121096,2.083663895365081,29.367889130338444,61.19281026397083,2.0875829865412183,26.39345632647347,55.0985303831647,3549882.0,68866090.81,1682359.0
Ketoprofen,Ketoprofen,743,14810.0,3699.0,1428.0,29291456.280000005,5819346.479999998,2111931.32,5158.0,1334.0,485.0,0.6470588235294118,1.187989556568569,-0.750236326806212,-0.8013295609350293,-0.6139497161394971,-0.6370844514485756,-0.6820930214728546,-0.7192070061918024,2.772863568215892,1573.2215409570147,4362.328695652172,2.9443298969072167,1478.94350140056,4354.497567010309,817.0,694981.4099999999,268.0
Ketorolac Tromethamine,Ketorolac Tromethamine,744,1133424.0,1214996.0,1310557.0,30776832.190000005,31975258.78,35154825.17000001,690939.0,748860.0,817831.0,0.23048214399723588,0.2573154631733954,0.07196953655472269,0.038939244383617504,0.078651287740865,0.09943833173881221,0.07531041214779384,0.06918878806121485,1.6224608070934488,26.317172056533522,42.69858021526053,1.602478996271846,26.82433894138142,42.98543974244069,1428672.0,30764916.540000003,891678.0
Ketorolac Tromethamine/Pf,Acuvail,745,71.0,46.0,76.0,29426.53,24819.16,30035.25,24.0,16.0,37.0,-0.46099290780141844,-0.6210401644875133,-0.352112676056338,-0.15657197773573708,0.6521739130434783,0.21016384116142528,0.15003061849357013,0.026795931712844098,2.875,539.5469565217392,1551.1975,2.054054054054054,395.2006578947368,811.7635135135135,30.0,13574.85,10.0
L-Norgest/E.Estradiol-E.Estrad,Ashlyna,746,36.0,12.0,24.0,2494.3,88.0,169.49,15.0,5.0,10.0,-0.5555555555555556,-0.9402107387143317,-0.6666666666666666,-0.9647195605981638,1.0,0.9260227272727274,0.16666666666666669,-0.019348416662718193,2.4,7.333333333333333,17.6,2.4,7.062083333333334,16.949,14.0,1549.49,5.0
Labetalol Hcl,Labetalol Hcl,747,685089.0,644774.0,622655.0,32797650.77,30229198.629999995,26745036.169999994,183575.0,174849.0,169199.0,-0.21380852511840442,-0.32554307367223495,-0.058846368865942966,-0.07831207661828532,-0.034305043317503496,-0.11525818142404397,-0.046575706091723235,-0.09678512902116465,3.687604733226956,46.88340198271021,172.88745506122422,3.680015839337112,42.95321834723883,158.06852386834433,618803.0,17828405.920000006,167773.0
Lacosamide,Vimpat,748,666236.0,580098.0,665790.0,661584550.84,398134234.44000006,196352176.56000003,113307.0,134529.0,130422.0,0.08306085598555463,-0.6309909964066354,-0.12929052167700333,-0.39821110705427243,0.1477198680222997,-0.5068191590301666,0.00921467317264818,-0.4525151330422195,4.312066543273198,686.3223704270658,2959.467731418505,5.104890279247366,294.9160794845222,1505.514227354281,752421.0,133263169.58000006,148298.0
Lactulose,Lactulose,749,1198415.0,1167613.0,1204254.0,58259095.219999984,61847019.34,57154675.92,329539.0,336742.0,368332.0,-0.06581221510954997,0.88255724273591,-0.025702281763829726,0.061585647810889925,0.031381116859781455,-0.0758701627026542,0.0028394175479758647,-0.007142257445882139,3.467381556206235,52.968765626967155,183.66292098995672,3.2694797085238316,47.460648600710485,155.1716275534029,1252121.0,50658944.45,387886.0
Lamivudine,Lamivudine,750,32952.0,27313.0,22974.0,4356491.96,4177437.31,3347261.1400000006,8814.0,7561.0,6381.0,-0.5021993022903078,-0.5228050021257258,-0.17112770089827628,-0.04110064970715564,-0.1588620803280489,-0.19872857649179168,-0.16499489061316258,-0.11991461309947365,3.61235286337786,152.94684985171895,552.4979910064807,3.600376116596145,145.69779489858104,524.5668609935748,21193.0,2509567.7100000004,6043.0
Lamivudine/Tenofovir Disop Fum,Cimduo,751,93.0,47.0,90.0,117760.35,65635.87,118768.22,25.0,15.0,35.0,0.6363636363636364,0.6084499805458194,-0.4946236559139785,-0.4426318366071433,0.9148936170212766,0.8095017251999556,0.21013498055364904,0.18343494429640614,3.1333333333333333,1396.5078723404254,4375.724666666666,2.5714285714285716,1319.646888888889,3393.3777142857143,59.0,76278.95999999999,25.0
Lamivudine/Zidovudine,Lamivudine-Zidovudine,752,6575.0,4763.0,4086.0,1631804.34,1311043.9900000002,1132696.7599999995,2081.0,1560.0,1330.0,-0.6063204547644282,-0.6142417871349444,-0.2755893536121673,-0.19656789857538914,-0.1421373084190636,-0.13603451246513906,-0.20886333101561544,-0.16630120552026412,3.053205128205128,275.2559290363217,840.4128141025642,3.0721804511278195,277.21408712677425,851.6516992481199,3233.0,656869.6900000002,1055.0
Lamotrigine,Lamotrigine,753,3482327.0,3536996.0,3616065.0,181737785.76000005,189644533.57999995,198607093.5900001,675654.0,693248.0,709867.0,0.05269125755043497,0.125872885451891,0.015698985190075485,0.04350635057500604,0.02235484575046169,0.047259785667480673,0.019026915470268586,0.04538306812124336,5.1020644848596755,53.617401201471516,273.5594384405003,5.094003524603905,54.92354080747998,279.7807104570294,3766590.0,141020639.51999998,738766.0
Lanadelumab-Flyo,Takhzyro,754,2965.0,3205.0,3012.0,134556466.55000004,145408207.14,137333653.39999998,817.0,876.0,845.0,0.809009009009009,0.8298419940627869,0.08094435075885328,0.08064822797622684,-0.060218408736349455,-0.05553024756178842,0.010362971011251915,0.01255899020721921,3.6586757990867578,45369.17539469578,165991.10404109588,3.5644970414201183,45595.5024568393,162525.0336094674,3718.0,169875911.61,1008.0
Lanreotide Acetate,Somatuline Depot,755,3061.0,3403.0,3920.0,27641685.03,32070251.93,37734837.74,1012.0,1072.0,1115.0,0.5524752475247525,0.9255278768584957,0.1117281934008494,0.16021334789082495,0.1519247722597708,0.17663053668440584,0.1318264828303101,0.1684219422876154,3.174440298507463,9424.111645606818,29916.27978544776,3.515695067264574,9626.23411734694,33842.903802690584,4651.0,41043616.04000001,1271.0
Lansoprazole,Lansoprazole,756,712559.0,699126.0,695716.0,39002339.05,42983611.36999999,33817785.92,196484.0,194243.0,194708.0,0.10020194416726101,-0.09663513777255361,-0.018851772274295884,0.10207778346052794,-0.0048775185016720875,-0.21324000375634306,-0.011864645387983985,-0.05558111014790756,3.5992339492285437,61.48192367327204,221.28782694871882,3.573124884442344,48.608607420269195,173.68462477145263,750934.0,28356684.01,211128.0
Lanthanum Carbonate,Lanthanum Carbonate,757,25169.0,30359.0,31630.0,32953701.99,33890966.93,34355260.62,6834.0,8153.0,8495.0,0.8974205158968206,0.51503883968734,0.20620604712145893,0.028441870970503408,0.04186567409993742,0.013699629490034075,0.12403586061069817,0.02107075023026874,3.7236600024530846,1116.3400286570704,4156.870713847663,3.7233666862860506,1086.160626620297,4044.174293113596,28657.0,25228935.090000004,8208.0
Lapatinib Ditosylate,Tykerb,758,824.0,738.0,768.0,4735128.859999999,4026092.09,4026433.34,320.0,300.0,305.0,-0.588865096359743,-0.6537563222184128,-0.10436893203883495,-0.1497396989529868,0.04065040650406504,8.475961114938134e-05,-0.031859262767384953,-0.07482746967091872,2.46,5455.40933604336,13420.306966666667,2.518032786885246,5242.751744791666,13201.420786885245,624.0,3435975.01,255.0
Laronidase,Aldurazyme,759,159.0,148.0,144.0,6416188.550000001,6151606.73,7070678.180000001,35.0,30.0,40.0,1.4406779661016949,1.9196501917359323,-0.06918238993710692,-0.04123660299852009,-0.02702702702702703,0.14940347950363858,-0.04810470848206697,0.05408343825255925,4.933333333333334,41564.91033783784,205053.5576666667,3.6,49101.93180555556,176766.95450000002,134.0,5785194.14,35.0
Latanoprost,Latanoprost,760,9170797.0,9545896.0,9881149.0,210634787.4699999,210957965.85000005,208457898.19000003,2435488.0,2571109.0,2705733.0,0.09369254077737002,0.2078019904103538,0.04090146145422257,0.0015343067680412173,0.0351201186352753,-0.011851022785163179,0.038010790044748936,-0.005158358008560981,3.7127543017429443,22.099336285457127,82.0494058594949,3.651930548949213,21.096524117792377,77.04304090240981,10475362.0,125743781.02999996,2894002.0
Latanoprostene Bunod,Vyzulta,761,115512.0,168746.0,216928.0,44597492.2,69573938.42999999,96197758.01,33169.0,47706.0,59248.0,3.5597057277982134,4.659881168225476,0.4608525521157975,0.5600414955619407,0.285529731075107,0.38266943313532376,0.37319114159545225,0.47135546434863224,3.537207059908607,412.29977854289876,1458.3896874606967,3.6613556575749393,443.4547776681664,1623.6456590939779,242669.0,105086089.61999996,65820.0
Ledipasvir/Sofosbuvir,Harvoni,762,814.0,337.0,348.0,25766302.030000005,10959390.32,10876722.52,282.0,122.0,127.0,-0.9518072289156626,-0.9529567474499187,-0.585995085995086,-0.5746618856194476,0.032640949554896145,-0.007543102087452684,-0.2766770682200949,-0.29110249385345016,2.762295081967213,32520.446053412463,89831.06819672132,2.7401574803149606,31254.94977011494,85643.48440944882,153.0,4619064.18,56.0
Leflunomide,Leflunomide,763,439461.0,444990.0,473433.0,49739460.89,44813793.77000001,36677304.33,127010.0,133539.0,144979.0,0.08149232797041295,-0.5124247452692514,0.012581321209390595,-0.09902936284116991,0.06391829029865839,-0.1815621654743026,0.03824980575402449,-0.14029576415773626,3.3322849504639094,100.70741762736243,335.5858121597437,3.265528110967795,77.47095012388236,252.98356541292185,511975.0,30443964.00000001,158548.0
Lenalidomide,Revlimid,764,325541.0,324977.0,292691.0,5574264789.540002,5790687156.160002,4816489867.910002,57082.0,62234.0,63505.0,0.011504620509949475,0.09678099091480183,-0.0017325006681186087,0.03882527558183318,-0.09934856928336466,-0.16823517865469056,-0.05054053497574164,-0.06470495153642869,5.221856220072629,17818.759961966545,93047.00254137612,4.608944177623809,16455.886473823935,75844.26215116923,393258.0,6132950800.629998,81109.0
Lenvatinib Mesylate,Lenvima,765,8968.0,13167.0,16035.0,183136285.67,288197453.5299999,380035060.9100001,2634.0,3798.0,4682.0,1.5594573024740623,2.309637620463476,0.4682203389830508,0.573677507303569,0.2178172704488494,0.31866210563321423,0.34301880471595014,0.44616980646839166,3.4668246445497632,21887.86006911217,75881.37270405474,3.424818453652285,23700.346798253824,81169.38507261856,18625.0,435671186.9,5155.0
Letermovir,Prevymis,766,2033.0,2897.0,4655.0,14389981.13,21282358.36,34962888.60000001,575.0,790.0,1239.0,6.556818181818182,7.824058967444616,0.4249877029021151,0.4789705537299755,0.6068346565412496,0.6428108205203631,0.5159111797216823,0.5608906871251693,3.6670886075949367,7346.343928201588,26939.69412658228,3.7570621468926553,7510.824618689583,28218.634866828095,9224.0,67714071.26000002,2356.0
Letrozole,Letrozole,767,649607.0,668920.0,694468.0,20190311.17,19698436.5,23079163.360000003,187079.0,198718.0,209553.0,0.10494343765413439,0.44166979849238847,0.029730283078846134,-0.024361916260649773,0.03819290797105782,0.1716241215387832,0.03396159552495198,0.07363110263906672,3.36617719582524,29.448120104048318,99.12759035417024,3.3140446569602915,33.23286797951814,110.13520856298885,750236.0,16715365.459999995,228088.0
Leucovorin Calcium,Leucovorin Calcium,768,74853.0,73960.0,75040.0,3431162.0700000003,3506733.81,3675942.980000001,20616.0,20740.0,21288.0,-0.003849727864064782,0.20221354101129163,-0.011930049563811738,0.022025115240330153,0.014602487831260141,0.04825264167969477,0.0013362191337242015,0.035138878460012464,3.566055930568949,47.41392387777177,169.08070443587272,3.524990605035701,48.98644696162048,172.67676531379186,80934.0,3224396.81,23633.0
Leuprolide Acetate,Lupron Depot,769,14774.0,17597.0,20339.0,51300482.01999999,70669891.95,88964874.62,4580.0,5763.0,6924.0,0.6719276613234689,1.0797165289053618,0.19107892243129823,0.3775677959994345,0.155822015116213,0.2588794487324811,0.1734504687737556,0.3182236223659578,3.053444386604199,4016.0193186338583,12262.691644976576,2.937463893703062,4374.102690397758,12848.768720392838,28350.0,124498518.32,10102.0
Levalbuterol Hcl,Levalbuterol Hcl,770,6162.0,5927.0,15093.0,517456.62,458640.35,1283206.3399999996,1547.0,1560.0,3668.0,-0.23838118786900137,-0.17310420528370238,-0.03813696851671535,-0.11366415604075182,1.5464822001012317,1.7978487719189986,0.7541726157922581,0.8420923079391234,3.799358974358974,77.38153365952421,294.0002243589743,4.114776444929117,85.01996554694226,349.8381515812431,11688.0,957578.17,2845.0
Levalbuterol Tartrate,Levalbuterol Tartrate Hfa,771,65877.0,75867.0,95956.0,4764538.960000002,5356135.1,6492460.339999998,22409.0,25924.0,32845.0,0.4655364642993509,0.28461720277781505,0.1516462498292272,0.12416650277532783,0.2647923339528385,0.21215395407035167,0.20821929189103286,0.16816022842283976,2.9265159697577534,70.5990101097974,206.6091305354112,2.9214796772720355,67.6608064112718,197.66967087836804,102099.0,6521765.03,35979.0
Levetiracetam,Levetiracetam,772,3685578.0,3744036.0,3853939.0,213856505.16,215109260.78000003,212338135.64,764675.0,785551.0,814343.0,0.002344128339531112,0.10793711118298453,0.015861284173065933,0.005857926178409988,0.02935415150922694,-0.01288240743309594,0.022607717841146437,-0.003512240627342976,4.766127215164897,57.45384413504572,273.8323301478835,4.732574603084941,55.096392454576986,260.7477876521318,4057368.0,185662993.57000008,857841.0
Levetiracetam In Nacl (Iso-Os),Levetiracetam-Nacl,773,97.0,172.0,98.0,29745.91,40287.44,23577.32,25.0,40.0,25.0,-0.36774193548387096,-0.7465303609009494,0.7731958762886598,0.35438586346828865,-0.43023255813953487,-0.41477244520873013,0.17148165907456248,-0.03019329087022074,4.3,234.22930232558141,1007.186,3.92,240.58489795918368,943.0928,94.0,45731.56,15.0
Levobunolol Hcl,Levobunolol Hcl,774,28906.0,29662.0,29951.0,909905.39,885371.26,840663.5700000002,8857.0,8973.0,8771.0,-0.5772081139453141,0.07567158685439897,0.026153739708019097,-0.02696338572079456,0.00974310565706965,-0.0504959806352872,0.017948422682544374,-0.03872968317804088,3.3056948623648723,29.84867035263974,98.67059623314388,3.4147759662524226,28.067963340122205,95.84580663550338,30187.0,820924.75,8592.0
Levocarnitine,Levocarnitine,775,28786.0,22198.0,22158.0,2852104.87,2306664.5000000014,2223263.7800000003,7205.0,5968.0,5978.0,-0.2760479628843075,-0.23716496622501676,-0.2288612519974988,-0.19124134450217417,-0.0018019641409135958,-0.036156415464841586,-0.1153316080692062,-0.11369887998350788,3.719504021447721,103.91316785295979,386.505445710456,3.706590833054533,100.33684357794026,371.90762462362,25522.0,2462422.9,6986.0
Levocarnitine (With Sugar),Levocarnitine,776,7456.0,9033.0,9766.0,941338.0300000004,1036457.36,1107662.1800000002,2145.0,2577.0,2740.0,0.4648267586620669,0.37851462137225117,0.21150751072961374,0.10104694272258348,0.08114690578988154,0.0687001923552361,0.14632720825974765,0.08487356753890979,3.5052386495925494,114.74121111480129,402.19532790065966,3.564233576642336,113.42025189432728,404.2562700729928,9670.0,984557.36,2717.0
Levocetirizine Dihydrochloride,Levocetirizine Dihydrochloride,777,1470507.0,1559201.0,1694937.0,26060409.91,28912304.37,29575091.759999994,459274.0,503360.0,555454.0,0.35161577916568315,0.5975591044987919,0.06031525181451023,0.1094339831894072,0.08705484411567206,0.022924059650109206,0.07368504796509115,0.0661790214197582,3.0975862205975844,18.543025799752566,57.43862120549905,3.051444404037058,17.449080266700175,53.244898335415705,1906789.0,22179995.27,624208.0
Levodopa,Inbrija,778,5874.0,4896.0,5157.0,15261435.46,13814986.039999995,15837409.119999995,1593.0,1332.0,1447.0,0.9278504672897196,1.800736032878266,-0.16649642492339123,-0.09477807142002653,0.05330882352941176,0.1463934219075042,-0.05659380069698973,0.025807675243738837,3.675675675675676,2821.6883251633976,10371.611141141138,3.563925362819627,3071.050828000775,10944.995936420177,5054.0,16071941.779999994,1416.0
Levofloxacin,Levofloxacin,779,1237128.0,1386951.0,1431674.0,10034393.659999998,12008959.319999998,11015434.71,940464.0,1066309.0,1106796.0,-0.3158010439277375,-0.43318942809827105,0.12110549595514773,0.1967797683552312,0.032245551573199055,-0.08273194899955724,0.07667552376417339,0.05702390967783698,1.300702704375561,8.658531786631249,11.262175710793024,1.2935301537049284,7.694094263079445,9.952542934741363,1454877.0,8545911.1,1129002.0
Levofloxacin In Dextrose 5 %,Levofloxacin-D5w,780,1113.0,851.0,1290.0,40310.27,31930.84,48805.72000000001,396.0,335.0,495.0,-0.19576059850374064,-0.2481190544048434,-0.23539982030548068,-0.20787332855870222,0.5158636897767332,0.5284821821160987,0.14023193473562628,0.16030442677869822,2.5402985074626865,37.521551116333725,95.31594029850746,2.606060606060606,37.833891472868224,98.59741414141416,1011.0,31415.55000000001,445.0
Levoleucovorin Calcium,Levoleucovorin Calcium,781,194.0,133.0,55.0,161673.00999999998,92798.17,18870.07,42.0,25.0,5.0,-0.4954128440366973,-0.8622488295208934,-0.31443298969072164,-0.4260132226152033,-0.5864661654135338,-0.7966547185143846,-0.4504495775521277,-0.611333970564794,5.32,697.7306015037594,3711.9267999999997,11.0,343.0921818181818,3774.014,34.0,9406.5,5.0
Levomilnacipran Hcl,Fetzima,782,30436.0,27052.0,23975.0,15021745.81,14166056.19,13449621.2,8485.0,7785.0,6848.0,-0.3843882398253948,-0.21406246475781676,-0.11118412406360888,-0.056963393657637786,-0.11374390063581251,-0.05057406100829537,-0.11246401234971069,-0.05376872733296657,3.4748876043673733,523.6602169895017,1819.6603969171483,3.5010221962616823,560.9852429614181,1964.0217873831775,21714.0,11796211.28,6213.0
Levonorgestrel/Ethin.Estradiol,Levonorgestrel-Eth Estradiol,783,12902.0,11501.0,11275.0,246459.11000000004,212044.84,204370.81,4880.0,4330.0,4195.0,-0.23533401152933198,-0.25517326710571797,-0.10858781584250504,-0.1396348059521924,-0.019650465176941134,-0.03619060006364691,-0.06411914050972309,-0.08791270300791966,2.6561200923787527,18.437078514911747,48.97109468822171,2.6877234803337307,18.12601419068736,48.717713945172825,10156.0,174882.66999999998,3765.0
Levorphanol Tartrate,Levorphanol Tartrate,784,4757.0,3211.0,2955.0,20018654.16,14082504.329999998,11275012.24,1147.0,789.0,768.0,-0.570556605144601,-0.6284607424839974,-0.3249947445869245,-0.29653091474357146,-0.07972594207412022,-0.19936028594141383,-0.20236034333052236,-0.24794560034249263,4.069708491761724,4385.706736219246,17848.54794676806,3.84765625,3815.570978003384,14681.005520833334,3032.0,9631753.260000002,799.0
Levothyroxine Sodium,Levothyroxine Sodium,785,43782906.0,43950751.0,45138029.0,1045710578.4400002,995036396.5,969026257.1699998,11428432.0,11789434.0,11863150.0,-0.007681766662116694,-0.11448432758273523,0.003833573769635117,-0.048459088953270744,0.027013827363268492,-0.026139887366421737,0.015423700566451804,-0.03729948815984624,3.7279780352474936,22.639804186736196,84.40069273045678,3.804894062706785,21.468067583766224,81.68372288726012,47159857.0,783436840.8300002,12391838.0
Lidocaine,Lidocaine,786,751583.0,804918.0,909369.0,121986257.71999998,140585856.55,160471991.63999996,222716.0,244188.0,285376.0,0.23483426802275845,0.531605020082838,0.07096355292762077,0.152472902912494,0.12976601343242417,0.14145188981316445,0.10036478318002247,0.1469623963628292,3.2963044867069633,174.6586069015726,575.7279495716416,3.1865643922404128,176.46521009623152,562.3177549618747,1133803.0,150877151.79999995,356538.0
Lidocaine Hcl,Lidocaine Hcl Viscous,787,154671.0,150346.0,136418.0,4275501.17,3155802.6699999995,3157887.85,80140.0,84425.0,79131.0,-0.17744172304426997,0.025429222882687338,-0.027962578634650324,-0.2618870760360476,-0.09263964455323055,0.000660744735348308,-0.060301111593940436,-0.13061316565034964,1.7808232158720758,20.9902669176433,37.37995463429078,1.7239514223250054,23.148615651893447,39.90708887793659,174217.0,3155373.3800000004,104014.0
Lidocaine Hcl/Pf,Lidocaine Hcl,788,8101.0,12006.0,15355.0,94419.38,145686.81000000003,179801.09999999995,4996.0,7688.0,9889.0,0.2853674870249456,0.21319202634081508,0.4820392544130354,0.5429757111304906,0.278943861402632,0.23416182974972075,0.38049155790783373,0.3885687704401057,1.5616545265348596,12.134500249875064,18.94989724245578,1.5527353625240166,11.709612504070332,18.181929416523406,18810.0,189950.95,12274.0
Lidocaine/Prilocaine,Lidocaine-Prilocaine,789,171916.0,165207.0,188131.0,5088697.330000001,4852425.5200000005,4871399.99,90727.0,89545.0,103702.0,-0.06143799327499676,-0.4214057218938291,-0.03902487261220596,-0.0464307060683447,0.13875925354252544,0.003910306283279076,0.049867190465159736,-0.021260199892532812,1.8449606343179408,29.371791267924486,54.189798648724114,1.81415016103836,25.893659152399128,46.97498592119728,247633.0,4556153.840000001,134863.0
Lifitegrast,Xiidra,790,219821.0,245236.0,327648.0,193483118.25,243700950.85000008,365495795.73,68641.0,85635.0,113941.0,0.8642420656144384,1.9789205051776728,0.11561679730326038,0.2595463265953441,0.3360518031610367,0.4997717261881578,0.22583430023214857,0.379659026391751,2.863735622117125,993.7405228025252,2845.8101342908867,2.8755935089212836,1115.5135869286553,3207.7636296855394,378326.0,395745556.97,130015.0
Linaclotide,Linzess,791,1635810.0,1717691.0,1842508.0,1080728038.02,1239011044.0299995,1435097285.38,420406.0,447767.0,495103.0,0.32980164569907566,0.8684125610378083,0.05005532427360146,0.14645960911682235,0.07266557256223616,0.15826028532579642,0.06136044841791881,0.15235994722130938,3.8361268248888374,721.3235931433532,2767.088785082419,3.7214640185981502,778.882526089439,2898.5832955566825,2056032.0,1572673940.1,560557.0
Linagliptin,Tradjenta,792,1346132.0,1264111.0,1149649.0,965490190.11,946172964.13,897995678.69,286035.0,269435.0,248063.0,-0.26333734456478136,-0.01969214883680256,-0.060930874535335314,-0.020007687470961433,-0.09054742819261916,-0.05091805332262759,-0.07573915136397724,-0.03546287039679451,4.691710431087275,748.4888305931995,3511.6928540464305,4.634504138061702,781.1042141471006,3620.0307127221718,1106446.0,776080947.7700001,237256.0
Linagliptin/Metformin Hcl,Jentadueto,793,80312.0,78067.0,72949.0,52738784.49,53771131.42,53246892.77999999,20057.0,19698.0,18316.0,-0.2311283964670419,0.019805349247843218,-0.027953481422452436,0.019574719819258384,-0.06555907105435076,-0.009749444100501605,-0.046756276238401596,0.00491263785937839,3.9631942329170475,688.7818338094202,2729.7761914915222,3.9828019218169906,729.9194338510464,2907.1245239135174,83185.0,53718584.08,19899.0
Linezolid,Linezolid,794,10032.0,11409.0,16636.0,2229758.7900000005,3725443.4,3968188.040000001,6204.0,7047.0,10341.0,1.1926980361144062,0.4011729938723233,0.13726076555023922,0.6707831433192821,0.4581470768691384,0.0651585902499555,0.2977039212096888,0.3679708667846188,1.6189868028948489,326.5354895258129,528.6566482191004,1.6087419011700996,238.53017792738646,383.7334919253458,23645.0,3136025.9899999984,15059.0
Linezolid In Dextrose 5%,Linezolid-D5w,795,418.0,369.0,435.0,150880.31,169125.38999999998,177209.92,140.0,115.0,150.0,0.3181818181818182,0.38117049361454847,-0.11722488038277512,0.1209241948137566,0.17886178861788618,0.04780198880842213,0.03081845411755553,0.08436309181108936,3.208695652173913,458.3343902439024,1470.655565217391,2.9,407.37912643678163,1181.3994666666667,717.0,169262.00000000003,241.0
Liothyronine Sodium,Liothyronine Sodium,796,411182.0,407408.0,436764.0,23197079.130000006,23454523.36,22885418.22,114306.0,115810.0,125132.0,0.07858409352450474,0.021214868590347543,-0.009178417343171636,0.011098131301671036,0.07205553155559047,-0.024264195492907283,0.031438557106209415,-0.006583032095618124,3.517900008634833,57.57010996347641,202.52589033762197,3.4904261100278107,52.397675220485205,182.89021369433877,499819.0,19361098.540000003,144154.0
Lipase/Protease/Amylase,Creon,797,630198.0,672738.0,707705.0,919858318.4299996,1106273013.0600002,1289850171.4199998,152040.0,163446.0,175467.0,0.20822997352053907,0.9662645307094327,0.06750259442270524,0.2026558774270481,0.05197714414824196,0.16594200183209487,0.059739869285473604,0.1842989396295715,4.115964905840461,1644.4336622280891,6768.431243713521,4.033265514313233,1822.5816850523875,7350.955857340696,686879.0,1384832488.05,178218.0
Liraglutide,Victoza 2-Pak,798,750962.0,569902.0,425747.0,1051694879.78,832373893.2700002,617334961.1299999,203308.0,160098.0,125410.0,-0.607930947473888,-0.5255895142688727,-0.2411040771703495,-0.20854050992040454,-0.25294699790490294,-0.2583441574497428,-0.24702553753762624,-0.23344233368507367,3.5597071793526465,1460.556189081632,5199.152352121827,3.3948409217765727,1450.0042540053128,4922.533778247348,86554.0,72020144.79000002,28959.0
Lisdexamfetamine Dimesylate,Vyvanse,799,193864.0,214399.0,203584.0,71970852.00999999,84210619.06,82094623.86,47614.0,52858.0,51233.0,0.2363676114245459,0.5001664008203505,0.10592477200511699,0.1700656127886239,-0.050443332291661806,-0.025127415326235258,0.027740719856727592,0.07246909873119432,4.056131522191532,392.7752417688516,1593.1480392750389,3.9736888333691174,403.246934238447,1602.377839673648,201316.0,65531965.24,55779.0
Lisinopril,Lisinopril,800,35343800.0,35070952.0,35257305.0,256263165.9,265182025.59000003,326219597.2299999,10547818.0,10625286.0,10695370.0,-0.03141834461906955,0.15099518435460962,-0.007719826391050198,0.034803517933124965,0.005313599699261086,0.23017235615497758,-0.001203113345894556,0.13248793704405126,3.300706635096693,7.561301033117094,24.957636489973073,3.296501663804057,9.252539217901083,30.501010926223206,35419545.0,249000321.66,10689219.0
Lisinopril/Hydrochlorothiazide,Lisinopril-Hydrochlorothiazide,801,5542422.0,5342516.0,5170854.0,50499512.24,48429894.620000005,60121168.99000002,1599866.0,1559312.0,1508234.0,-0.1455877889134118,0.06277347213263101,-0.03606834701507752,-0.040982922966940664,-0.03213130292918168,0.2414061492748301,-0.0340998249721296,0.10021161315394471,3.426200785987666,9.064997581663771,31.058501839272708,3.4284162802323777,11.626932222414327,39.8619637204837,5028099.0,42049280.34000001,1456591.0
Lithium Carbonate,Lithium Carbonate,802,927264.0,885524.0,859208.0,11557285.67,10823606.89,10943489.870000005,181486.0,173901.0,170158.0,-0.15893462128427685,-0.1476365558320942,-0.04501414915277634,-0.06348192827875296,-0.02971799747945849,0.011076065605335762,-0.03736607331611741,-0.026202931336708597,5.092115629007309,12.222827263857333,62.24004974094456,5.049471667509021,12.73671784946137,64.31369591791162,851926.0,9977867.399999997,169005.0
Lodoxamide Tromethamine,Alomide,803,66.0,11.0,11.0,13396.330000000002,2027.71,3360.34,25.0,5.0,5.0,-0.7962962962962963,-0.6820927532996096,-0.8333333333333334,-0.8486369027935263,0.0,0.6572093642582026,-0.4166666666666667,-0.09571376926766184,2.2,184.33727272727273,405.54200000000003,2.2,305.48545454545456,672.068,23.0,4661.07,10.0
Lofexidine Hcl,Lucemyra,804,127.0,168.0,339.0,392615.79,614433.99,1416936.03,95.0,138.0,260.0,0.0029585798816568047,0.6143998641336301,0.3228346456692913,0.5649752395337947,1.0178571428571428,1.3060834085692428,0.670345894263217,0.9355293240515188,1.2173913043478262,3657.3451785714287,4452.4202173913045,1.3038461538461539,4179.752300884956,5449.753961538461,276.0,1051448.81,230.0
Lomitapide Mesylate,Juxtapid,805,107.0,97.0,119.0,5940765.19,5852883.26,7228311.340000001,45.0,40.0,50.0,-0.38341968911917096,-0.22340887807702672,-0.09345794392523364,-0.014793032074038367,0.2268041237113402,0.23500008780287907,0.06667308989305329,0.11010352786442035,2.425,60339.00268041237,146322.0815,2.38,60742.11210084034,144566.2268,60.0,3497681.81,25.0
Loperamide Hcl,Loperamide,806,317027.0,346192.0,385005.0,9378997.329999998,10239239.96,10455619.800000004,122020.0,138297.0,158900.0,0.24576123111968212,0.3554622106754959,0.09199531901068363,0.09172010607662716,0.11211408698063502,0.021132412253770792,0.10205470299565933,0.05642625916519897,2.5032502512708157,29.57676653417757,74.03804825845825,2.42293895531781,27.157101336346294,65.79999874134678,427496.0,8275661.819999998,179819.0
Lopinavir/Ritonavir,Lopinavir-Ritonavir,807,4959.0,3404.0,3079.0,5101743.549999998,2930602.51,2516385.1,1577.0,1091.0,1034.0,-0.7519136250100718,-0.8049568838144824,-0.313571284533172,-0.42556843924465765,-0.095475910693302,-0.14134206484386028,-0.20452359761323702,-0.283455252044259,3.1200733272227312,860.9290569917744,2686.161787351054,2.9777562862669247,817.273497888925,2433.6412959381046,2246.0,1532231.9200000004,782.0
Lorazepam,Lorazepam,808,7740194.0,7504273.0,7284782.0,75665664.49999997,68449636.88999999,70289758.47999997,1836030.0,1816888.0,1797350.0,-0.1341832655496009,-0.0419760104478729,-0.03047998538537923,-0.09536726674752176,-0.029248802648837537,0.02688285392889816,-0.029864394017108383,-0.0342422064093118,4.130289263840148,9.1214214741388,37.674109185596464,4.053068128077447,9.648848583252041,39.10744066542408,7298513.0,58929977.81,1826086.0
Lorlatinib,Lorbrena,809,985.0,1520.0,1525.0,17120306.640000004,27623818.590000004,30497040.05,375.0,530.0,555.0,3.607250755287009,4.9193599971609165,0.5431472081218274,0.6135119055320843,0.003289473684210526,0.10401246484583132,0.27321834090301894,0.35876218518895786,2.8679245283018866,18173.564861842107,52120.41243396227,2.7477477477477477,19998.059049180327,54949.62171171171,3003.0,58992544.71999999,1025.0
Losartan Potassium,Losartan Potassium,810,28723197.0,30471700.0,32407536.0,385518760.63,368173428.4899999,478156556.33,8560853.0,9228779.0,9963476.0,0.23222481322161784,0.6592530685170459,0.060874247389662094,-0.0449921869214744,0.06352897934805081,0.29872641350321505,0.06220161336885645,0.12686711329087033,3.301812731673388,12.082470898899631,39.89405624406001,3.2526335186635666,14.754486620951374,47.990937733979585,35424663.0,349060865.3099999,10898648.0
Losartan/Hydrochlorothiazide,Losartan-Hydrochlorothiazide,811,4116008.0,4201841.0,4585233.0,107542437.03,85435055.99000002,104198314.28,1165907.0,1211681.0,1324514.0,-0.19289271211233094,0.32241945172402114,0.0208534580107716,-0.20556890517399107,0.09124381431853323,0.21962013218784773,0.056048636164652416,0.007025613506928333,3.467778235360627,20.332767467878966,70.50952848975929,3.4618229780885668,22.724758868306147,78.66909242182416,4970942.0,70518071.46,1437372.0
Loteprednol Etabonate,Lotemax,812,187654.0,190329.0,190690.0,46373970.35999999,49480575.13000001,49805017.89,95332.0,95553.0,96380.0,-0.2690845253974825,-0.23642427754367246,0.014254958594008122,0.06699026945252955,0.0018967156870471657,0.006556972289582003,0.008075837140527644,0.036773620871055776,1.9918683871777967,259.9739142747559,517.8338213347567,1.978522515044615,261.1831658188683,516.7567741232621,205828.0,45423576.88000002,104618.0
Lovastatin,Lovastatin,813,2750859.0,2461291.0,2202376.0,30458761.860000003,27773728.390000004,30475383.42000001,733404.0,659868.0,590256.0,-0.3526062263239691,-0.3222072192086101,-0.10526457372042697,-0.08815307340270195,-0.10519479411414578,0.09727376145050594,-0.10522968391728638,0.004560344023901992,3.729974782835355,11.284211574332334,42.08982461643845,3.7312217071914557,13.837502506384018,51.630789725136225,1997156.0,19691773.94,531963.0
Loxapine Succinate,Loxapine,814,43101.0,44883.0,45341.0,2565150.0300000003,2716402.0800000005,2651719.45,10372.0,10816.0,10752.0,-0.29613300836735645,-0.19456609376113757,0.04134474838170808,0.0589642119295456,0.010204308981128712,-0.023811876185870225,0.0257745286814184,0.01757616787183769,4.149685650887574,60.52184747008891,251.14664201183436,4.216982886904762,58.48392073399352,246.62569289434526,45579.0,2467945.26,10680.0
Lubiprostone,Amitiza,815,191767.0,189206.0,196420.0,65001246.85000002,61556441.95999999,47646172.30000002,56642.0,52874.0,54722.0,-0.6137881674698819,-0.7467474401986269,-0.013354748210067425,-0.052995981722464794,0.03812775493377588,-0.22597585593135824,0.012386503361854229,-0.13948591882691153,3.5784317433899457,325.34085578681436,1164.210045769187,3.589415591535397,242.57291670909285,870.6950093198352,265945.0,31139805.27,75618.0
Luliconazole,Luliconazole,816,169.0,89.0,46.0,31490.61,16861.61,9315.65,71.0,37.0,15.0,-0.7051282051282052,-0.7768275209124255,-0.47337278106508873,-0.4645511789069821,-0.48314606741573035,-0.44752310129341155,-0.47825942424040957,-0.4560371401001968,2.4054054054054053,189.45629213483147,455.7191891891892,3.066666666666667,202.5141304347826,621.0433333333333,59.0,10550.18,20.0
Lumacaftor/Ivacaftor,Orkambi,817,13.0,25.0,12.0,299420.29,592816.6900000001,308278.36,5.0,10.0,5.0,-0.9821958456973294,-0.9786040678679219,0.9230769230769231,0.9798814903291961,-0.52,-0.4799769217023901,0.20153846153846156,0.24995228431340302,2.5,23712.6676,59281.66900000001,2.4,25689.86333333333,61655.672,12.0,260054.76,5.0
Lurasidone Hcl,Latuda,818,745434.0,736472.0,578058.0,1148358729.8700004,1203458601.4899998,433536593.17,129806.0,130752.0,131731.0,-0.21217597514105815,-0.5748498313775275,-0.01202252647451015,0.047981410500738716,-0.21509846945980296,-0.6397577842451421,-0.11356049796715656,-0.2958881868722017,5.632586882036221,1634.0860229445243,9204.131496956068,4.388169830943362,749.9880516660958,3291.074941889153,680461.0,164977832.8,130706.0
Macitentan,Opsumit,819,73209.0,65672.0,75471.0,817962360.42,774048987.71,964664973.72,11018.0,10212.0,11251.0,0.5237431859479104,0.9262653810357948,-0.10295182286330916,-0.05368630004863754,0.1492112315751005,0.24625829764848797,0.023129704355895668,0.09628599879992522,6.430865648256953,11786.590749634548,75797.98156188798,6.707937072260243,12781.929134634496,85740.37629721803,93092.0,1177584021.8899996,13438.0
Mafenide Acetate,Sulfamylon,820,87.0,31.0,38.0,6759.889999999999,6123.62,4633.41,27.0,10.0,22.0,0.4074074074074074,0.26033228700283423,-0.6436781609195402,-0.09412431267372688,0.22580645161290322,-0.24335442107772853,-0.2089358546533185,-0.16873936687572771,3.1,197.53612903225806,612.362,1.7272727272727273,121.93184210526316,210.60954545454544,59.0,6271.03,20.0
Magnesium Sulfate,Magnesium Sulfate,821,5332.0,4803.0,6539.0,125283.80000000002,92042.49000000003,127697.70000000004,1056.0,901.0,1204.0,0.6664118246687054,0.31171973355071814,-0.09921230307576895,-0.265328079129145,0.3614407661877993,0.38737772087652117,0.13111423155601518,0.061024820873688074,5.330743618201998,19.163541536539668,102.15592674805775,5.431063122923588,19.52862823061631,106.06121262458475,7232.0,134249.68999999997,1357.0
Magnesium Sulfate In Water,Magnesium Sulfate,822,375.0,432.0,311.0,12786.409999999998,17224.46,13003.469999999998,116.0,109.0,89.0,0.11071428571428571,1.2089349659235293,0.152,0.34709116945256735,-0.2800925925925926,-0.24505790021864265,-0.06404629629629631,0.05101663461696235,3.963302752293578,39.871435185185184,158.02256880733944,3.49438202247191,41.81180064308681,146.106404494382,447.0,18899.26,100.0
Magnesium Sulfate/D5w,Magnesium Sulfate-D5w,823,22.0,28.0,43.0,776.3900000000001,736.6899999999999,1903.04,10.0,10.0,15.0,-0.6055045871559633,-0.6475172996280766,0.2727272727272727,-0.051134094978039585,0.5357142857142857,1.5832303954173397,0.4042207792207792,0.76604815021965,2.8,26.31035714285714,73.669,2.8666666666666667,44.25674418604651,126.86933333333333,40.0,1253.99,10.0
Malathion,Malathion,824,124.0,46.0,141.0,44529.37,9360.23,28786.35,64.0,20.0,65.0,0.2702702702702703,0.038355489409162426,-0.6290322580645161,-0.7897964871274845,2.0652173913043477,2.0753891731292926,0.7180925666199158,0.642796343000904,2.3,203.4832608695652,468.01149999999996,2.169230769230769,204.15851063829786,442.86692307692306,170.0,52221.83,101.0
Maraviroc,Selzentry,825,17178.0,12143.0,11118.0,30610867.270000007,21598904.69,17181611.549999997,4054.0,3264.0,3035.0,-0.46968757452897686,-0.537372106041133,-0.2931074630341134,-0.29440402653446296,-0.08441077163798073,-0.2045146827304234,-0.18875911733604706,-0.24945935463244318,3.720281862745098,1778.7124013835132,6617.311485906863,3.6632619439868206,1545.3868996222338,5661.15701812191,11841.0,15404653.240000004,3115.0
"Measles,mumps,rubella Vacc/Pf",M-M-R Ii Vaccine,826,2560.0,4265.0,8271.0,270380.91000000003,461447.09,937690.85,2338.0,3822.0,7194.0,-0.7475197655606093,-0.6980304621611103,0.666015625,0.7066555845233303,0.9392731535756155,1.0320657997864933,0.8026443892878077,0.8693606921549117,1.1159079016221873,108.19392497069168,120.73445578231293,1.1497080900750625,113.37091645508403,130.34345982763415,17519.0,1777562.5499999996,15687.0
Mebendazole,Emverm,827,12.0,14.0,45.0,7023.19,47218.51,512618.43,5.0,12.0,10.0,3.090909090909091,12.614839003544352,0.16666666666666666,5.723228333563523,2.2142857142857144,9.856302538983122,1.1904761904761905,7.789765436273322,1.1666666666666667,3372.7507142857144,3934.8758333333335,4.5,11391.520666666667,51261.843,49.0,152372.59000000003,24.0
Mechlorethamine Hcl,Valchlor,828,667.0,702.0,837.0,4890907.79,5229812.3100000005,6788751.109999999,183.0,202.0,249.0,0.4632867132867133,0.8529151967682619,0.05247376311844078,0.06929276415575206,0.19230769230769232,0.29808694989285356,0.12239072771306655,0.1836898570243028,3.4752475247524752,7449.875085470087,25890.159950495054,3.36144578313253,8110.813751493428,27264.06068273092,837.0,6424001.249999999,236.0
Meclizine Hcl,Meclizine Hcl,829,1927337.0,1796288.0,1893601.0,21766224.81,20683251.64,20238673.40000001,740166.0,694635.0,747378.0,0.09332773659453071,-0.041804712922194204,-0.0679948550772387,-0.04975475441668923,0.05417449763066947,-0.021494600933066387,-0.006910178723284612,-0.03562467767487781,2.585945136654502,11.514440691025047,29.775711906252926,2.5336590052155668,10.687929188884041,27.07956803652236,2086865.0,18619536.69,836120.0
Meclofenamate Sodium,Meclofenamate Sodium,830,22.0,23.0,33.0,9991.41,10199.22,12264.44,10.0,10.0,15.0,0.43478260869565216,0.11722416557353156,0.045454545454545456,0.020798866226088158,0.43478260869565216,0.20248803339863258,0.24011857707509882,0.11164344981236037,2.3,443.4443478260869,1019.9219999999999,2.2,371.649696969697,817.6293333333334,43.0,29273.54,15.0
Medroxyprogesterone Acetate,Medroxyprogesterone Acetate,831,196693.0,187912.0,186584.0,4312138.21,4124570.9700000007,4048087.349999999,54563.0,51856.0,50680.0,-0.16941252932456674,-0.29557069124380975,-0.04464317489692058,-0.043497501904049427,-0.007067137809187279,-0.018543412286102935,-0.02585515635305393,-0.03102045709507618,3.6237272446775686,21.949481512622935,79.53893416383833,3.6816101026045778,21.695790367877198,79.87544100236778,186076.0,3832730.9,49438.0
Mefenamic Acid,Mefenamic Acid,832,68.0,58.0,45.0,33346.14,7298.059999999999,6224.89,43.0,20.0,10.0,-0.5544554455445545,-0.9276888938865426,-0.14705882352941177,-0.7811422851340516,-0.22413793103448276,-0.14704866772813577,-0.18559837728194728,-0.46409547643109367,2.9,125.82862068965515,364.9029999999999,4.5,138.3308888888889,622.489,50.0,14438.75,35.0
Mefloquine Hcl,Mefloquine Hcl,833,860.0,1709.0,1842.0,60788.42,123275.52,112942.88,610.0,1295.0,1464.0,0.05983889528193326,0.0667593548036718,0.9872093023255814,1.0279441380447132,0.0778232884727911,-0.08381745215919591,0.5325162953991862,0.47206334294275865,1.3196911196911196,72.13313048566414,95.19345173745174,1.2581967213114753,61.31535287730728,77.14677595628416,550.0,26442.89,427.0
Megestrol Acetate,Megestrol Acetate,834,251023.0,237016.0,245169.0,14214551.739999996,16461321.439999998,18589648.180000003,81377.0,78048.0,79613.0,-0.029514101929737753,0.3200660548275494,-0.055799667759528014,0.15806124182428855,0.03439852161879367,0.12929258126436333,-0.010700573070367172,0.14367691154432594,3.0367978679786796,69.45236372228034,210.91279007790075,3.0795096278246015,75.82381206433115,233.50015927047096,269765.0,15308596.450000005,88064.0
Meloxicam,Meloxicam,835,9615363.0,10090404.0,10554271.0,61470473.38999999,65168568.83,63569286.93000001,3509539.0,3728457.0,3986330.0,0.12619481731068724,0.14961807526656892,0.049404375061035136,0.060160516684773256,0.04597110284186837,-0.02454069390678057,0.04768773895145176,0.017809911388996343,2.7063216767687006,6.4584697332237635,17.47869663777804,2.64761597760346,6.023086476555322,15.946819989815195,11308331.0,48283441.75000002,4270243.0
"Meloxicam, Submicronized",Vivlodex,836,622.0,4327.0,9974.0,827829.13,5352202.06,9424058.2,216.0,1269.0,2439.0,88.85585585585585,116.27609289841888,5.956591639871383,5.465346369244097,1.3050612433556736,0.7607814679552662,3.6308264416135283,3.1130639185996816,3.409771473601261,1236.931375086665,4217.653317572892,4.089380893808938,944.8624624022458,3863.9025010250098,13678.0,10536202.59,3415.0
Memantine Hcl,Memantine Hcl,837,4718228.0,4763428.0,5042907.0,289665893.16,287014982.82,259986842.35,994448.0,1027678.0,1093522.0,0.013008042544310126,-0.35615190982145634,0.009579867696092686,-0.00915161364384648,0.058671822057560226,-0.09416978934145247,0.034125844876826454,-0.05166070149264947,4.635136686783214,60.253872383501964,279.2849344055239,4.611619153524117,51.554954781041964,237.7518169273229,5615258.0,197772848.43,1218432.0
Memantine Hcl/Donepezil Hcl,Namzaric,838,210413.0,147432.0,105788.0,110842833.26,81212204.06,61557144.79,42470.0,31719.0,23294.0,-0.7414128574920558,-0.6606575888423777,-0.29932085945260034,-0.26732110979603446,-0.2824624233544956,-0.2420210053094821,-0.29089164140354795,-0.25467105755275826,4.648065828052586,550.8451629225677,2560.364578328447,4.5414269769039235,581.891564166068,2642.6180471366015,90765.0,50136386.77999998,19807.0
"Mening Vac A,c,y,w-135 Dip/Pf",Menactra,839,1494.0,3139.0,1772.0,228897.55,487797.49000000017,298100.42000000004,1281.0,2556.0,1507.0,-0.4694610778443114,-0.361920045590652,1.1010709504685408,1.1310734431189857,-0.435489009238611,-0.38888488335600097,0.3327909706149649,0.37109427988149235,1.228090766823161,155.3990092386111,190.84408841940538,1.1758460517584606,168.22822799097068,197.810497677505,3391.0,551493.1499999999,3009.0
"Meningococcal B Vaccine,4-Comp",Bexsero,840,365.0,534.0,1257.0,78084.47,119637.41000000002,295318.84,245.0,393.0,881.0,1.674468085106383,2.2890302969082086,0.46301369863013697,0.5321537048276055,1.353932584269663,1.4684489575626885,0.9084731414499,1.000301331195147,1.3587786259541985,224.04009363295884,304.42089058524175,1.4267877412031782,234.93941129673829,335.20867196367766,1696.0,376879.26000000007,1300.0
Meperidine Hcl,Meperidine Hcl,841,644.0,643.0,521.0,314947.68,552915.05,556884.95,235.0,245.0,209.0,-0.7617741197988112,1.8299842418112833,-0.0015527950310559005,0.7555774660730953,-0.18973561430793157,0.007179945635409827,-0.09564420466949373,0.38137870585425254,2.6244897959183673,859.8989891135304,2256.79612244898,2.492822966507177,1068.8770633397312,2664.5212918660286,612.0,458016.4,230.0
Meperidine Hcl/Pf,Demerol,842,4703.0,5606.0,6121.0,72287.34,75326.16999999998,93521.43000000002,4060.0,4941.0,5348.0,0.18440402476780185,0.30535794343944894,0.19200510312566446,0.042038204753418615,0.09186585800927577,0.2415529689084158,0.14193548056747013,0.1417955868309172,1.134588140052621,13.43670531573314,15.245126492612828,1.1445400149588631,15.278782878614608,17.487178384442785,4588.0,42222.66,3943.0
Mepolizumab,Nucala,843,25288.0,36398.0,46010.0,92861241.64999998,143006044.75,197785767.24,6590.0,9026.0,11227.0,4.240318906605922,5.815059347388465,0.43933881683011705,0.539997120531718,0.2640804439804385,0.38305879017746913,0.3517096304052778,0.46152795535459357,4.032572568136494,3928.9533696906424,15843.789580101928,4.098156230515721,4298.756079982612,17616.974012648083,57845.0,248787539.74,13613.0
Meprobamate,Meprobamate,844,1608.0,1674.0,1245.0,644235.8500000002,584975.25,494173.9200000001,630.0,635.0,495.0,-0.47066326530612246,-0.4064008452952116,0.041044776119402986,-0.09198587753227361,-0.25627240143369173,-0.15522251582438726,-0.10761381265714437,-0.12360419667833043,2.636220472440945,349.4475806451613,921.2208661417322,2.515151515151515,396.9268433734941,998.3311515151518,1063.0,363956.34,420.0
Mercaptopurine,Mercaptopurine,845,27327.0,21929.0,18339.0,3175965.41,2631965.8399999994,1990294.9300000004,7718.0,6431.0,5530.0,-0.5059137322520678,-0.5682163312024646,-0.19753357485270978,-0.1712863648600004,-0.16371015550184687,-0.24379910265096721,-0.18062186517727832,-0.20754273375548382,3.409889597263256,120.02215513703312,409.26229824288595,3.31627486437613,108.52799661922681,359.9086672694395,17142.0,1607855.38,5144.0
Meropenem,Meropenem,846,42120.0,42633.0,49296.0,12198155.78,11166321.31,11130603.15,11334.0,11523.0,13638.0,0.2315686911334849,0.03190648746017496,0.01217948717948718,-0.08458938290424087,0.1562873830131588,-0.0031987401229456604,0.084233435096323,-0.04389406151359326,3.6998177557927625,261.9173248422584,969.0463690011283,3.6146062472503298,225.79120314021424,816.1462934447867,54477.0,10127155.24,15472.0
Meropenem-0.9% Sodium Chloride,Meropenem-0.9% Nacl,847,2000.0,2158.0,3052.0,424315.17,445612.28,877560.56,624.0,651.0,996.0,0.3860127157129882,1.0098365951856252,0.079,0.050191724231778104,0.41427247451343835,0.96933657214294,0.24663623725671918,0.509764148187359,3.314900153609831,206.49317886932346,684.5042703533027,3.0642570281124497,287.5362254259502,881.0848995983936,4070.0,1189390.2899999998,1298.0
Meropenem/Vaborbactam,Vabomere,848,193.0,100.0,162.0,218796.15,174149.38,282607.31,45.0,35.0,35.0,1.9454545454545455,1.0141859595769176,-0.48186528497409326,-0.20405646991503273,0.62,0.6227867707596776,0.06906735751295337,0.20936515042232243,2.857142857142857,1741.4938,4975.696571428572,4.628571428571429,1744.4895679012345,8074.494571428571,80.0,159820.56,20.0
Mesalamine,Mesalamine,849,432124.0,405951.0,398943.0,294523956.8,269009932.55999994,248615157.84000003,114655.0,108317.0,108241.0,-0.09992690091464103,-0.26055401625559893,-0.06056826281345169,-0.08662800988147008,-0.01726316722954248,-0.07581420702914403,-0.038915715021497085,-0.08122110845530706,3.747805053685017,662.6660177213505,2483.5430501214023,3.6856921129701314,623.1846600642198,2296.866786522667,418997.0,183339810.19,112791.0
Mesalamine W/Cleansing Wipes,Mesalamine,850,248.0,139.0,181.0,104442.53,64955.94000000001,68611.04999999999,90.0,55.0,60.0,-0.6471734892787524,-0.7254521197384981,-0.43951612903225806,-0.3780700256878112,0.302158273381295,0.05627060435119526,-0.06867892782548154,-0.16089971066830797,2.5272727272727273,467.3089208633094,1181.0170909090912,3.0166666666666666,379.0665745856353,1143.5174999999997,215.0,81627.0,80.0
Mesna,Mesnex,851,44.0,103.0,87.0,24723.96,98453.59,44334.52,15.0,35.0,30.0,0.6111111111111112,0.3986994336365379,1.3409090909090908,2.9821124933060887,-0.1553398058252427,-0.5496911793668469,0.5927846425419241,1.216210656969621,2.942857142857143,955.8600970873786,2812.959714285714,2.9,509.59218390804597,1477.8173333333332,131.0,73722.01000000001,45.0
Metaxalone,Metaxalone,852,22828.0,18626.0,16652.0,3852975.97,2911559.850000001,2490118.6899999995,8069.0,6575.0,5931.0,-0.2337919293240694,-0.34391905662312583,-0.1840721920448572,-0.2443348018077567,-0.10598088693224525,-0.14474755172901613,-0.1450265394885512,-0.19454117676838642,2.832851711026616,156.31696821647165,442.82279087452486,2.8076209745405496,149.53871546961324,419.8480340583375,17269.0,2016370.4,6276.0
Metformin Hcl,Metformin Hcl,853,30670166.0,31371030.0,31793565.0,356694227.3,384775386.47000015,494864331.3699999,8953650.0,9297646.0,9518488.0,0.061453893229377936,0.15562989997328686,0.022851653297213975,0.07872613858250724,0.01346895527497822,0.28611223267157465,0.018160304286096097,0.18241918562704096,3.3740830743609727,12.265309314676635,41.38417256045241,3.3401906899499165,15.564921120673315,51.98980461707782,33008405.0,336260610.2300001,9893920.0
Methadone Hcl,Methadone Hcl,854,604046.0,544675.0,491603.0,12583588.329999998,11827483.370000005,11244119.160000002,119813.0,109462.0,100519.0,-0.34793571714695765,-0.2778047276807534,-0.09828887203954666,-0.06008659375779131,-0.09743792169642447,-0.049322767299735594,-0.09786339686798556,-0.054704680528763455,4.975927719208492,21.714753513563142,108.05104392391884,4.890647539271183,22.872356678051197,111.86063490484388,465551.0,9359599.98,96678.0
Methazolamide,Methazolamide,855,25846.0,26255.0,26999.0,9838299.430000002,8863596.379999999,7863998.940000001,7426.0,7558.0,7957.0,-0.12209793847954738,-0.3237393833088484,0.015824498955350926,-0.0990723098981754,0.028337459531517808,-0.11277560452273186,0.022080979243434367,-0.10592395721045364,3.473802593278645,337.5965103789754,1172.7436332363059,3.393112982279754,291.2700077780659,988.3120447404802,28603.0,6083098.869999999,8673.0
Methenam/Sod Phos/Mblue/Hyoscy,Urogesic-Blue,856,205.0,245.0,160.0,45485.05999999999,56725.28,39007.70999999999,65.0,90.0,55.0,-0.2626728110599078,-0.27124625886942205,0.1951219512195122,0.24711894411044003,-0.3469387755102041,-0.3123399302744739,-0.07590841214534594,-0.032610493082016925,2.7222222222222223,231.53175510204082,630.2808888888889,2.909090909090909,243.79818749999995,709.2310909090908,40.0,5447.16,15.0
Methenamine Hippurate,Methenamine Hippurate,857,409806.0,474318.0,561433.0,40521660.91,43867553.7,47362553.90999999,108836.0,125561.0,149707.0,0.4801663046000042,0.37667925414802855,0.15742082839197083,0.0825704750215286,0.18366370241061902,0.07967164601658619,0.1705422654012949,0.0811210605190574,3.777590175293284,92.48553438832177,349.37244606207344,3.7502120809314192,84.3601176097593,316.3683322089147,713792.0,47247254.88,189035.0
Methenamine Mandelate,Methenamine Mandelate,858,2982.0,2559.0,2942.0,222376.78999999995,179706.70000000004,183713.80000000005,965.0,826.0,897.0,0.4687968047928108,0.48297687383704674,-0.14185110663983905,-0.19188194055683563,0.14966783899960923,0.022298000018919746,0.003908366179885089,-0.08479197026895795,3.098062953995157,70.22536146932397,217.56259079903154,3.279821627647715,62.44520734194427,204.80914158305467,1703.0,114122.07,485.0
Methimazole,Methimazole,859,531318.0,559982.0,609377.0,6899615.679999999,7284042.529999999,8867770.95,149759.0,159964.0,173603.0,0.1979951402104336,0.2825586902040453,0.05394885925189811,0.05571713959581016,0.08820819240618448,0.21742437849274887,0.0710785258290413,0.1365707590442795,3.5006751519091797,13.007636906186269,45.53551130254307,3.5101755154000793,14.552191746652728,51.08074716450752,672584.0,7324896.190000001,191430.0
Methocarbamol,Methocarbamol,860,1107929.0,1471259.0,1826321.0,15228554.64,19805316.770000003,24472882.28,441611.0,617078.0,793158.0,2.2666132462389577,2.092640206898158,0.3279361764156367,0.3005381822631069,0.24133208361002378,0.2356723481984478,0.2846341300128302,0.2681052652307774,2.384235056184145,13.46147535546087,32.095321450448736,2.302594186782457,13.400099040639626,30.85499015328598,2401553.0,28329436.49000001,1083975.0
Methotrexate Sodium,Methotrexate,861,2131858.0,2062706.0,2079165.0,89376093.04,79879320.38999999,74656105.44,564956.0,571482.0,591249.0,-0.08552459409354705,-0.29733210603307536,-0.03243743251192153,-0.10625629658872836,0.007979324246887342,-0.0653888255996464,-0.012229054132517094,-0.08582256109418737,3.60939802128501,38.72549960585754,139.77574165065565,3.5165640872119868,35.90677288238307,126.26846800586554,2173193.0,52330380.91000001,620779.0
Methotrexate Sodium/Pf,Methotrexate Sodium,862,60764.0,63526.0,38568.0,1019189.75,1075268.2899999998,551135.59,17534.0,18659.0,13117.0,-0.24477167697971333,-0.33230219391136984,0.045454545454545456,0.05502266874249844,-0.39287850643830874,-0.48744364999362155,-0.17371198049188163,-0.21621049062556155,3.404576879789914,16.926428391524727,57.627326759204664,2.9403064725165815,14.289970701099357,42.01689334451475,40335.0,597519.8999999998,12175.0
Methotrexate/Pf,Otrexup,863,22308.0,22226.0,24748.0,14223173.660000004,15015189.69,17315020.790000003,5575.0,5627.0,6339.0,0.2336989032901296,0.3821518710132696,-0.0036758113681190606,0.05568490190254735,0.11347070997930352,0.15316696941442393,0.054897449305592226,0.10442593565848564,3.949884485516261,675.5686893728066,2668.418285054203,3.9040858179523585,699.653337239373,2731.5066713992746,26945.0,18324315.61,6767.0
Methoxsalen,Methoxsalen,864,154.0,146.0,165.0,172398.64,177283.03,251904.42,45.0,45.0,50.0,-0.09836065573770492,-0.09079653921149941,-0.05194805194805195,0.02833195203860068,0.13013698630136986,0.42091671154311844,0.03909446717665895,0.22462433179085955,3.2444444444444445,1214.2673287671232,3939.622888888889,3.3,1526.6934545454546,5038.088400000001,130.0,150880.27000000002,43.0
Methscopolamine Bromide,Methscopolamine Bromide,865,3212.0,2536.0,2289.0,429747.24,321013.3699999999,326919.56,1103.0,896.0,808.0,-0.5677870090634441,-0.49493019979112457,-0.21046077210460773,-0.2530181927404586,-0.09739747634069401,0.018398579473497073,-0.15392912422265087,-0.11730980663348077,2.830357142857143,126.58255914826493,358.2738504464284,2.832920792079208,142.822000873744,404.60341584158414,2131.0,240446.1900000001,783.0
Methsuximide,Celontin,866,1129.0,1011.0,733.0,363769.69000000006,355524.52,240991.0,377.0,340.0,230.0,-0.5372474747474747,-0.5395557670663581,-0.10451727192205491,-0.022665907101825995,-0.27497527200791294,-0.3221536449862868,-0.18974627196498392,-0.17240977604405638,2.973529411764706,351.6563006923838,1045.6603529411766,3.1869565217391305,328.77353342428376,1047.786956521739,748.0,244770.2,255.0
Methylergonovine Maleate,Methylergonovine Maleate,867,33.0,44.0,73.0,62762.990000000005,56739.68,233149.0,15.0,15.0,25.0,0.10606060606060606,-0.355188931559656,0.3333333333333333,-0.09596913722561663,0.6590909090909091,3.1090996635864,0.4962121212121212,1.5065652631803916,2.933333333333333,1289.5381818181818,3782.6453333333334,2.92,3193.821917808219,9325.96,92.0,149064.06,34.0
Methylnaltrexone Bromide,Relistor,868,24239.0,30095.0,35167.0,50438096.09999999,68545376.02000003,85479687.92,7774.0,9631.0,11077.0,0.9566572080342737,1.7803101960931993,0.24159412517018028,0.3590000678078736,0.16853297890014954,0.24705257864598945,0.2050635520351649,0.3030263232269315,3.1248053161665457,2277.633361687989,7117.160836880908,3.1747765640516383,2430.6789865498904,7716.8626812313805,36231.0,86410825.36999999,11294.0
Methylphenidate,Daytrana,869,669.0,461.0,483.0,342910.24,263623.86,257555.70000000004,265.0,180.0,195.0,-0.010245901639344262,0.1902873041788491,-0.3109118086696562,-0.23121613399471538,0.04772234273318872,-0.02301825032074087,-0.13159473296823374,-0.12711719215772813,2.561111111111111,571.852190889371,1464.577,2.476923076923077,533.2416149068324,1320.7984615384617,411.0,149734.68000000002,160.0
Methylphenidate Hcl,Methylphenidate Hcl,870,528424.0,514328.0,512470.0,35548948.81,34510138.599999994,31258797.28,138505.0,136384.0,135392.0,-0.07849853899752754,-0.2853251725295986,-0.026675548423235888,-0.029221967027834833,-0.0036124807515826476,-0.09421409046441771,-0.015144014587409268,-0.06171802874612627,3.771175504458001,67.09753036972515,253.03656293993427,3.785083313637438,60.99634569828478,230.87625029543844,540790.0,26650844.360000003,145113.0
Methylprednisolone,Methylprednisolone,871,3254888.0,4005703.0,4357652.0,31542354.97,40441816.47,42496059.330000006,2700478.0,3363326.0,3693265.0,0.28277950297303034,0.027042953247216773,0.2306730677061699,0.2821432169051517,0.08786198078090163,0.05079501959373802,0.15926752424353577,0.16646911824944485,1.1909945690664538,10.09605966043913,12.024352224553908,1.1798915052128671,9.752054393053875,11.506366136738091,4763331.0,33739890.660000004,4053909.0
Methylprednisolone Acetate,Methylprednisolone Acetate,872,5190.0,5202.0,5445.0,90507.82999999996,93934.71000000002,107323.09999999998,3531.0,3432.0,3616.0,-0.04272151898734177,0.01777488896028685,0.0023121387283236996,0.03786280148358506,0.04671280276816609,0.1425286776315161,0.024512470748244895,0.09019573955755059,1.5157342657342658,18.057422145328722,27.3702534965035,1.5058075221238938,19.71039485766758,29.68006084070796,5507.0,96964.97,3520.0
Methylprednisolone Sod Succ,Solu-Medrol,873,5544.0,5851.0,6523.0,239881.25999999992,218192.61,217056.69,1636.0,1805.0,2123.0,0.1875113781176042,-0.15327203557700417,0.055375180375180376,-0.09041410737962584,0.11485216202358571,-0.005206042496122961,0.08511367119938304,-0.0478100749378744,3.241551246537396,37.29150743462656,120.88233240997229,3.0725388601036268,33.2755925187797,102.24055110692416,8056.0,199622.86,2559.0
Methylprednisolone Sod Succ/Pf,Solu-Medrol,874,2466.0,2215.0,2232.0,67893.07999999999,57106.14000000001,46937.95000000001,1091.0,1039.0,1168.0,-0.3691351045788581,-0.522750609831177,-0.10178426601784266,-0.15888128804879648,0.007674943566591422,-0.17805773599826558,-0.04705466122562562,-0.16846951202353103,2.1318575553416745,25.781553047404067,54.96259865255053,1.9109589041095891,21.02954749103943,40.18660102739727,4829.0,101389.94999999995,2590.0
Methyltestosterone,Methitest,875,36.0,11.0,53.0,97529.5,51054.34,377038.41,15.0,5.0,15.0,0.06,1.589018557045924,-0.6944444444444444,-0.4765241285969886,3.8181818181818183,6.385041310885617,1.5618686868686869,2.954258591144314,2.2,4641.303636363636,10210.867999999999,3.533333333333333,7113.9322641509425,25135.893999999997,67.0,358372.06,15.0
Metoclopramide Hcl,Metoclopramide Hcl,876,674102.0,643245.0,629401.0,6239696.299999999,6665742.68,7179477.78,219570.0,214576.0,213041.0,-0.16525287731332278,0.044679274547148186,-0.045774971740181754,0.06827998663973452,-0.021522126095033775,0.07707094687909563,-0.03364854891760777,0.07267546675941508,2.997749049287898,10.36268090696391,31.064716836924912,2.954365591599739,11.406842029167414,33.69998159978596,625234.0,7049557.659999999,213340.0
Metolazone,Metolazone,877,477404.0,436480.0,398014.0,19621622.47,17084347.4,13762879.38,146484.0,134962.0,123037.0,-0.3272688244013664,-0.4264571043827756,-0.08572194619232348,-0.1293101563787248,-0.08812774926686218,-0.19441585576748446,-0.08692484772959283,-0.16186300607310464,3.234095523184304,39.14119180718475,126.58635319571434,3.23491307492868,34.57888260211953,111.85967944602031,377889.0,7802386.549999997,116859.0
Metoprolol Succinate,Metoprolol Succinate,878,25451452.0,26966675.0,28792402.0,573810398.5099999,544342439.6199999,574171075.22,7502078.0,8157238.0,8828471.0,0.2339658148412832,-0.14075168961306792,0.05953385292124001,-0.051354870818860636,0.06770308167395499,0.05479755651759069,0.0636184672975975,0.001721342849365027,3.305858551632305,20.185745540375294,66.73121951572332,3.261312406191287,19.941756690532454,65.0362984960816,31359956.0,447143233.11,9672646.0
Metoprolol Tartrate,Metoprolol Tartrate,879,16651383.0,15985330.0,15390982.0,131536635.70000003,129817133.27,133310294.19,4746236.0,4634036.0,4497503.0,-0.17800533904608987,-0.06301513495632882,-0.03999986067223365,-0.013072422149535306,-0.037180840182842644,0.02690831966482233,-0.038590350427538146,0.0069179487576435114,3.449548082923827,8.12101678664125,28.013837887750547,3.422117116986915,8.661584698754114,29.640957257838405,15048761.0,102157935.45000002,4397420.0
Metoprolol/Hydrochlorothiazide,Metoprolol-Hydrochlorothiazide,880,7911.0,7161.0,6062.0,454312.04,421674.93000000005,331992.5099999999,2720.0,2488.0,2129.0,-0.529457424512924,-0.48712807643199957,-0.09480470231323473,-0.07183853194821764,-0.15347018572825025,-0.2126814131444811,-0.12413744402074249,-0.14225997254634937,2.8782154340836015,58.88492249685799,169.48349276527333,2.8473461719116955,54.76616793137577,155.93823860967586,5048.0,236316.05000000005,1743.0
Metreleptin,Myalept,881,83.0,79.0,70.0,12123919.56,12481199.47,12084063.75,30.0,30.0,30.0,0.029411764705882353,0.4307850377947734,-0.04819277108433735,0.02946901026783125,-0.11392405063291139,-0.03181871429541384,-0.08105841085862436,-0.0011748520137912933,2.6333333333333333,157989.86670886076,416039.98233333335,2.3333333333333335,172629.48214285713,402802.125,44.0,7423683.46,15.0
Metronidazole,Metronidazole,882,874543.0,852359.0,903496.0,42264518.45000001,39961863.55,40503190.62999999,581265.0,567916.0,601861.0,-0.03191947591627861,-0.2028734963496433,-0.025366391360973673,-0.054481985941094116,0.05999467360583979,0.01354609199650277,0.017314141122433062,-0.020467946972295672,1.5008539995351424,46.88384067042173,70.36579978377084,1.5011705360540057,44.82940780036656,67.2965861386599,1019159.0,33438736.520000003,674339.0
Metronidazole/Sodium Chloride,Metronidazole,883,365.0,396.0,351.0,7847.169999999998,8816.61,9222.31,131.0,130.0,117.0,-0.509090909090909,-0.3196071531068531,0.08493150684931507,0.12354007877999362,-0.11363636363636363,0.04601541862461863,-0.014352428393524283,0.08477774870230613,3.046153846153846,22.264166666666668,67.82007692307693,3.0,26.274387464387463,78.82316239316239,279.0,6449.849999999999,86.0
Metyrosine,Demser,884,61.0,115.0,96.0,1407680.15,3657639.850000001,4014196.35,25.0,45.0,40.0,0.43283582089552236,2.942319352788857,0.8852459016393442,1.5983458316152297,-0.16521739130434782,0.09748267041655262,0.3600142551674982,0.8479142510158911,2.5555555555555554,31805.563913043487,81280.88555555558,2.4,41814.5453125,100354.90875,75.0,2080491.39,30.0
Mexiletine Hcl,Mexiletine Hcl,885,33280.0,35714.0,38371.0,5018333.460000002,5414104.449999998,5760512.67,9918.0,10699.0,11453.0,0.025277221108884435,-0.020186091774147204,0.07313701923076923,0.07886502424651477,0.07439659517276138,0.0639825520913254,0.07376680720176532,0.07142378816892009,3.338068978409197,151.5961373690989,506.03836339844827,3.3503012311184843,150.12672773709312,502.9697607613726,45232.0,4260552.62,13458.0
Micafungin Sodium,Mycamine,886,3081.0,3551.0,4595.0,2703827.4,2883112.3799999994,3672335.17,883.0,970.0,1215.0,0.7398712608860281,0.2011847421907316,0.1525478740668614,0.06630784938417279,0.29400168966488316,0.27373986372324505,0.2232747818658723,0.1700238565537089,3.660824742268041,811.9156237679525,2972.280804123711,3.7818930041152266,799.2024309031556,3022.4980823045266,6495.0,2419134.57,1749.0
Miconazole Nitrate/Zinc Ox/Pet,Vusion,887,155.0,170.0,129.0,96653.4,109842.52,61439.47,76.0,84.0,51.0,0.09322033898305085,0.04663422594990463,0.0967741935483871,0.13645790008421857,-0.2411764705882353,-0.4406585901343123,-0.0722011385199241,-0.15210034502504688,2.0238095238095237,646.1324705882353,1307.6490476190477,2.5294117647058822,476.27496124031006,1204.6954901960785,69.0,29003.98,25.0
Midazolam Hcl,Midazolam Hcl,888,9797.0,12505.0,21719.0,41799.62999999999,47494.53999999999,75516.76999999996,8695.0,11329.0,19607.0,1.593313432835821,1.2660913773215514,0.2764111462692661,0.13624307200805377,0.7368252698920432,0.5900095042503827,0.5066182080806547,0.3631262881292182,1.1038043957983934,3.798043982407037,4.1922976432165235,1.107716631815168,3.4769911137713505,3.8515208853980702,22517.0,69976.21,20203.0
Midazolam Hcl/Pf,Midazolam Hcl,889,22139.0,32843.0,25199.0,70207.57999999999,102105.37,79586.70999999999,19755.0,29349.0,23056.0,0.28108795119471275,0.2830188283824072,0.48349067256877004,0.45433541506486924,-0.23274365922723259,-0.22054334654484875,0.12537350667076874,0.11689603426001025,1.1190500528127023,3.10889291477636,3.479006780469522,1.0929476058292853,3.1583281082582637,3.451887144344205,26467.0,75901.28000000003,23782.0
Midodrine Hcl,Midodrine Hcl,890,669367.0,731242.0,866382.0,54673178.28999999,63233230.13000001,69853535.66000001,180321.0,197914.0,238112.0,0.4553410648533878,0.4944143759553832,0.09243807955874729,0.15656766457942864,0.18480885944735123,0.10469662100748989,0.13862346950304927,0.13063214279345925,3.6947462028962073,86.47373937766159,319.4985202158514,3.638548246203467,80.62671622909988,293.364196932536,1084780.0,68812291.84,301751.0
Midostaurin,Rydapt,891,493.0,392.0,342.0,10951563.43,7400925.39,7723926.619999998,190.0,135.0,135.0,-0.19148936170212766,0.04738648188235898,-0.20486815415821502,-0.3242128909442841,-0.12755102040816327,0.04364335714509866,-0.16620958728318913,-0.14028476689959274,2.903703703703704,18879.911709183674,54821.669555555556,2.533333333333333,22584.580760233912,57214.27125925924,464.0,9775745.569999998,170.0
Mifepristone,Korlym,892,4413.0,4538.0,5144.0,131329950.3,142729931.48,173058781.14000002,1101.0,1132.0,1275.0,0.42414174972314506,0.761479248349533,0.028325402220711535,0.08680412315666575,0.13353900396650506,0.21249116667760645,0.0809322030936083,0.1496476449171361,4.008833922261484,31452.166478624942,126086.5119081272,4.034509803921568,33642.842367807156,135732.3773647059,7566.0,261356806.07000008,1791.0
Migalastat Hcl,Galafold,893,688.0,692.0,875.0,18628840.250000004,19451396.19,26532691.83000001,195.0,185.0,250.0,2.404669260700389,3.090116903043373,0.005813953488372093,0.04415497309340003,0.26445086705202314,0.3640507638027812,0.13513241027019762,0.2041028684480906,3.7405405405405405,28108.95403179191,105142.68210810811,3.5,30323.07637714287,106130.76732000004,1151.0,36771115.400000006,305.0
Miglitol,Glyset,894,580.0,505.0,517.0,157402.76,139656.78999999998,126827.87999999996,178.0,151.0,155.0,-0.34886649874055414,-0.2870154935477844,-0.12931034482758622,-0.1127424322165636,0.023762376237623763,-0.09186026687281026,-0.05277398429498123,-0.10230134954468693,3.3443708609271523,276.54809900990097,924.8794039735097,3.335483870967742,245.31504835589934,818.244387096774,489.0,122006.93999999996,155.0
Miglustat,Miglustat,895,243.0,223.0,223.0,7163228.47,6888915.789999999,6280804.35,90.0,85.0,80.0,0.9734513274336283,0.6046025875951379,-0.0823045267489712,-0.03829455965963356,0.0,-0.08827389658075636,-0.0411522633744856,-0.06328422812019496,2.623529411764706,30891.99905829596,81046.06811764705,2.7875,28165.04192825112,78510.05437499999,320.0,4787905.76,115.0
Milnacipran Hcl,Savella,896,40249.0,36074.0,33938.0,20174283.5,19111649.76,18884573.93,12447.0,11213.0,10652.0,-0.2992360107371464,-0.11396764227752032,-0.10372928519963229,-0.05267268797922853,-0.05921162055774242,-0.011881539942996629,-0.08147045287868736,-0.032277113961112575,3.2171586551324354,529.7901469202196,1704.418956568269,3.1860683439729627,556.4433357887913,1772.8664973713855,32173.0,17530410.449999996,10121.0
Milrinone Lactate,Milrinone Lactate,897,1926.0,1508.0,981.0,1803706.96,880661.63,187962.5,250.0,255.0,170.0,-0.7223322954995754,-0.9415387258055157,-0.21703011422637591,-0.5117490537376426,-0.3494694960212202,-0.7865667202964207,-0.28324980512379805,-0.6491578870170316,5.913725490196079,583.9931233421751,3453.575019607843,5.770588235294118,191.60295616717636,1105.6617647058824,697.0,116749.82,145.0
Milrinone Lactate/D5w,Milrinone In 5% Dextrose,898,579.0,596.0,1210.0,89963.19,58594.2,116111.36,100.0,95.0,150.0,0.7335243553008596,0.3806346469244528,0.02936096718480138,-0.3486869462943678,1.0302013422818792,0.9816186585020361,0.5297811547333403,0.31646585610383415,6.273684210526316,98.31241610738255,616.781052631579,8.066666666666666,95.95980165289257,774.0757333333333,1967.0,173816.11999999997,235.0
Minocycline Hcl,Minocycline Hcl,899,220630.0,209887.0,202469.0,7916411.940000001,7215297.719999998,6047941.749999999,100409.0,98237.0,96325.0,-0.22105137616090734,-0.26710667979280606,-0.048692380909214523,-0.08856464586657214,-0.0353428273308971,-0.16178902317006527,-0.04201760412005581,-0.1251768345183187,2.1365371499536834,34.377058703016374,73.44786302513307,2.101936153646509,29.87095184941892,62.78683363612768,200183.0,4961146.529999999,97006.0
Minocycline Hcl Microspheres,Arestin,900,118.0,133.0,201.0,1220406.52,1206925.63,1772471.0900000003,112.0,113.0,139.0,-0.12987012987012986,0.9921979982854797,0.1271186440677966,-0.011046229087665092,0.5112781954887218,0.4685835199307189,0.3191984197782592,0.2287686454215269,1.176991150442478,9074.62879699248,10680.757787610619,1.4460431654676258,8818.264129353236,12751.59057553957,223.0,1736514.64,154.0
Minoxidil,Minoxidil,901,102325.0,127483.0,238070.0,2461613.04,2745221.9700000007,4283222.329999998,30280.0,40404.0,74311.0,1.093843447669305,0.6388541497009768,0.24586366967994136,0.11521263715762597,0.8674646815653851,0.5602462667162748,0.5566641756226632,0.33772945193695036,3.1552074052074053,21.534023909070235,67.94431170181171,3.2036979720364416,17.991440878733137,57.63914265721089,397676.0,4906247.780000001,122182.0
Mirabegron,Myrbetriq,902,2834898.0,3026523.0,3185794.0,1679817242.74,1895761389.97,2103635686.64,666990.0,717445.0,763092.0,0.311301009141421,0.7170125129209252,0.06759502458289504,0.12855216730468078,0.05262507504486171,0.1096521417567691,0.06011004981387838,0.11910215453072494,4.218473889984598,626.3826146274124,2642.378704946024,4.174849166286634,660.3175492954033,2756.726170160348,3097118.0,1953271819.88,785588.0
Mirtazapine,Mirtazapine,903,6619578.0,6782847.0,7065219.0,149272714.77999997,151502962.54000005,156730401.31,1468353.0,1521513.0,1591855.0,0.10181276500582703,0.1653301394717608,0.024664563209316363,0.014940759691327698,0.041630306565959695,0.03450387162310304,0.03314743488763803,0.024722315657215367,4.457961910282725,22.33619047282064,99.5738863486543,4.43835588040368,22.18337482673927,98.4577121094572,7524736.0,141889347.33999997,1689533.0
Misoprostol,Misoprostol,904,38974.0,37472.0,36582.0,2095671.7900000005,1970406.91,1660374.6500000004,14930.0,14910.0,16149.0,-0.2881771481942715,-0.4168656178364297,-0.038538512854723664,-0.05977313842641388,-0.023751067463706234,-0.15734428174533735,-0.03114479015921495,-0.10855871008587561,2.513212608987257,52.5834465734415,132.15338095238096,2.2652795838751625,45.38774943961512,102.81594216360149,34466.0,1304583.82,16021.0
Mitomycin,Mitomycin,905,157.0,238.0,206.0,251618.73,372483.48,394017.98,59.0,79.0,69.0,0.7913043478260869,0.8744283551723604,0.5159235668789809,0.4803487800769043,-0.13445378151260504,0.057813302216785566,0.19073489268318794,0.26908104114684495,3.0126582278481013,1565.0566386554622,4714.980759493671,2.9855072463768115,1912.708640776699,5710.405507246376,70.0,85558.1,21.0
Mitotane,Lysodren,906,292.0,331.0,420.0,543339.5199999999,757760.3099999999,936906.75,105.0,135.0,160.0,0.4583333333333333,1.360183024337748,0.13356164383561644,0.394634997284939,0.2688821752265861,0.2364157077585656,0.20122190953110125,0.3155253525217523,2.4518518518518517,2289.3060725075525,5613.039333333333,2.625,2230.730357142857,5855.6671875,457.0,996606.68,140.0
Modafinil,Modafinil,907,179265.0,184902.0,196989.0,32862625.750000004,34136005.72,27939913.25,48536.0,49975.0,53229.0,0.04617778580305267,-0.21319943070606173,0.031445067358380055,0.03874857656497503,0.0653697634422559,-0.18151193554463696,0.048407415400317975,-0.07138167948983096,3.6998899449724862,184.6167468172329,683.0616452226113,3.700783407541002,141.83489052688222,524.9002094722802,219335.0,18573970.67,59468.0
Moexipril Hcl,Moexipril Hcl,908,6333.0,5246.0,3882.0,304109.46,252325.01000000004,182209.24,2215.0,1866.0,1410.0,-0.5951611221190948,-0.5900811139293544,-0.1716406126638244,-0.1702822727053607,-0.26000762485703394,-0.2778787960812923,-0.21582411876042917,-0.22408053439332648,2.8113612004287245,48.09855318337782,135.2224062165059,2.753191489361702,46.93695002575991,129.2264113475177,1355.0,48227.64,495.0
Molindone Hcl,Molindone Hcl,909,172.0,100.0,123.0,147283.25,95806.15,123578.45,44.0,20.0,38.0,10.181818181818182,82.01934768734675,-0.4186046511627907,-0.3495108914285909,0.23,0.2898801381748458,-0.09430232558139535,-0.02981537662687253,5.0,958.0614999999999,4790.3075,3.236842105263158,1004.7028455284552,3252.0644736842105,432.0,349806.97000000003,74.0
Mometasone Furoate,Mometasone Furoate,910,567482.0,583145.0,587683.0,33378055.91,34678315.1,31740274.07,298446.0,308126.0,313008.0,-0.0003912143463403599,-0.21785331440133807,0.02760087544626966,0.03895550997655457,0.0077819410266743265,-0.08472271566619455,0.017691408236471994,-0.022883602844819988,1.8925536955660995,59.467739755978364,112.54589064213991,1.877533481572356,54.00917513353288,101.40403462531309,643594.0,24841282.40000001,343215.0
Mometasone/Formoterol,Dulera,911,119955.0,91980.0,102360.0,48564380.23000001,38231192.05999997,44405266.27999999,35193.0,28071.0,31012.0,-0.299336025737559,-0.2609667547116797,-0.23321245467050145,-0.21277298548982299,0.11285061969993476,0.1614931130138561,-0.06018091748528334,-0.02563993623798344,3.2766912471946137,415.6467934333548,1361.9462099675811,3.3006578098800463,433.81463735834296,1431.8736708370948,172439.0,72003667.91000001,50381.0
Montelukast Sodium,Montelukast Sodium,912,10738125.0,10922380.0,11318872.0,155492164.67999998,191901658.27,181296389.06,3000527.0,3135861.0,3282523.0,0.07362755240787343,0.16343632652274892,0.017158954659216578,0.23415645196611742,0.03630087947864843,-0.05526408320598619,0.026729917068932504,0.08944618438006562,3.483056168624821,17.56958266147122,61.19584326920103,3.448223211231117,16.017178130470953,55.230805407913365,11835046.0,129991679.22999996,3413192.0
Morphine Sulfate,Morphine Sulfate Er,913,2546962.0,2364234.0,2266232.0,100036221.26000002,91171221.87,74265331.27000001,548264.0,521391.0,510673.0,-0.2268459636347757,-0.405730428240983,-0.07174351246700972,-0.0886178953817074,-0.041451903660974336,-0.18543011986946834,-0.05659770806399203,-0.13702400762558786,4.534474127861816,38.56268959417723,174.8615182655627,4.437736085518521,32.7704009430632,145.42639080194178,2208569.0,65429553.84,511402.0
Moxifloxacin Hcl,Moxifloxacin,914,592994.0,649006.0,817146.0,23080696.3,23603939.39,28059732.71,384944.0,423019.0,531299.0,0.5912549194485933,0.14842816452932345,0.09445626768567641,0.022670160518510868,0.2590731056415503,0.18877329103326426,0.17676468666361334,0.10572172577588757,1.5342242310629073,36.369370067457005,55.79876882598654,1.5380153171754511,34.33870166408451,52.81344913128013,930424.0,22416110.58,590621.0
Multivit 47/Iron/Folate 1/Dha,Virt-Pn Dha,915,48.0,23.0,12.0,2789.67,1303.96,408.96,20.0,10.0,5.0,-0.9354838709677419,-0.947215438864595,-0.5208333333333334,-0.5325755376083909,-0.4782608695652174,-0.6863707475689438,-0.4995471014492754,-0.6094731425886674,2.3,56.69391304347826,130.39600000000002,2.4,34.08,81.792,23.0,1205.1,10.0
Multivit-Mins60/Iron Fum/Folic,Vol-Plus,916,2548.0,2618.0,1005.0,34344.86,28085.240000000005,10642.39,399.0,294.0,180.0,0.08064516129032258,-0.3568678521249113,0.027472527472527472,-0.18225784003778134,-0.6161191749427044,-0.6210682194633196,-0.29432332373508846,-0.40166302975055046,8.904761904761905,10.727746371275785,95.52802721088437,5.583333333333333,10.58944278606965,59.12438888888889,12.0,269.04,5.0
Multivit41/Iron/Folate8/Ps-Dha,Enbrace Hr,917,227.0,171.0,144.0,36467.02,29154.9,24749.75,70.0,55.0,40.0,-0.8601941747572815,-0.884345908759449,-0.24669603524229075,-0.2005132308590062,-0.15789473684210525,-0.15109467019266062,-0.202295386042198,-0.17580395052583342,3.109090909090909,170.4964912280702,530.0890909090909,3.6,171.87326388888889,618.74375,140.0,21879.86,46.0
Mupirocin,Mupirocin,918,2155198.0,2273298.0,2573970.0,20669044.71,24070778.890000004,24861916.220000003,1522001.0,1631564.0,1871771.0,0.29013292433537835,0.09097733241305786,0.054797749441118634,0.16458110317765157,0.13226246624947544,0.03286712630344792,0.09353010784529703,0.09872411474054975,1.3933244420690822,10.588483731565331,14.753193187640818,1.3751521954341637,9.65897668581996,13.28256299515272,2960221.0,23555741.57,2169279.0
Mupirocin Calcium,Mupirocin,919,10844.0,11552.0,10622.0,5485603.859999999,4097885.11,2905467.2499999995,4671.0,5382.0,4876.0,-0.274998293631834,-0.5822451401100532,0.06528956104758392,-0.252974656102856,-0.08050554016620498,-0.290983721600726,-0.007607989559310531,-0.271979188851791,2.146413972500929,354.73382184903045,761.4056317354143,2.178424938474159,273.5329740161928,595.8710520918785,12952.0,2230299.9399999995,5595.0
Mv-Mins 71/Iron/Folic No.1/Dha,Virt-Pn Plus,920,12.0,12.0,21.0,568.68,546.41,722.97,5.0,5.0,5.0,-0.5625,-0.6774169079819203,0.0,-0.03916086375465989,0.75,0.32312732197434174,0.375,0.14198322910984093,2.4,45.534166666666664,109.282,4.2,34.42714285714286,144.594,23.0,756.77,5.0
Mycophenolate Mofetil,Mycophenolate Mofetil,921,308671.0,318700.0,343190.0,42798295.99,47622578.64999998,49690992.540000014,81372.0,83417.0,89461.0,0.16464296137426443,0.2352463657483982,0.03249090455533562,0.11272137239125583,0.07684342641983057,0.043433471026458816,0.05466716548758309,0.07807742170885733,3.820564153589796,149.4276079385001,570.8977624465035,3.8361967784844793,144.79149316705036,555.448659639396,384506.0,47352166.48,100306.0
Mycophenolate Sodium,Mycophenolic Acid,922,34773.0,33446.0,31967.0,17806088.95,13951554.85,10749249.7,9237.0,8962.0,8954.0,0.2931111201003196,-0.2097493352757926,-0.03816179219509389,-0.21647280943185448,-0.04422053459307541,-0.22953034155902705,-0.04119116339408465,-0.22300157549544075,3.731979468868556,417.1367233749925,1556.7456873465744,3.570136251954434,336.2608220977883,1200.4969510833146,37260.0,9099303.87,10122.0
"N.Meningitidis B,lipid Fhbp Rc",Trumenba,923,25.0,43.0,151.0,4532.27,8552.73,31287.660000000003,22.0,31.0,102.0,0.5408163265306123,0.9736088139673074,0.72,0.8870742475624794,2.511627906976744,2.6582073793981578,1.615813953488372,1.7726408134803187,1.3870967741935485,198.90069767441858,275.89451612903224,1.4803921568627452,207.2030463576159,306.74176470588236,106.0,20874.08,81.0
Nabumetone,Nabumetone,924,470071.0,446284.0,424840.0,10710710.490000006,10013409.35,9396451.55,181577.0,176436.0,170887.0,-0.18811487627943954,-0.20063335396897794,-0.05060299401579761,-0.065103163851832,-0.04805012055103925,-0.06161316075628117,-0.049326557283418435,-0.06335816230405658,2.5294384366002403,22.43730304021654,56.75377672357115,2.486087297453873,22.117624399774034,54.98634507013407,404891.0,7176603.410000002,164251.0
Nadolol,Nadolol,925,95189.0,84517.0,81330.0,6983025.999999999,6043333.09,5102917.910000001,29947.0,26648.0,25728.0,-0.35834825760743505,-0.6350223706669967,-0.11211379466114782,-0.13456815283231072,-0.037708390028041695,-0.15561200516253504,-0.07491109234459475,-0.14509007899742288,3.1716076253377365,71.50434930250718,226.78373949264486,3.1611473880597014,62.7433654248125,198.34102573072144,82080.0,3853800.4100000006,25883.0
Nafcillin Sodium,Nafcillin Sodium,926,1522.0,1202.0,1072.0,1070167.9700000002,931338.26,845033.06,469.0,360.0,305.0,-0.27860026917900405,-0.12722580343442125,-0.2102496714848883,-0.12972702780480355,-0.10815307820299501,-0.09266794215025587,-0.15920137484394165,-0.11119748497752971,3.338888888888889,774.82384359401,2587.0507222222222,3.5147540983606556,788.2771082089553,2770.6001967213115,1262.0,753150.11,355.0
Naftifine Hcl,Naftifine Hcl,927,13532.0,14737.0,10344.0,5018673.14,5812845.940000002,5439980.720000002,5453.0,5394.0,4178.0,0.7603812117086454,1.4291409569763331,0.08904818208690511,0.1582435790986784,-0.2980932347153423,-0.06414503736185385,-0.1045225263142186,0.04704927086841227,2.732109751575825,394.4388912261656,1077.6503411197632,2.475825753949258,525.9068754833721,1302.0537865007184,7060.0,1843485.37,2474.0
Nalbuphine Hcl,Nalbuphine Hcl,928,953.0,656.0,731.0,246365.3,180059.0700000001,234599.26,245.0,155.0,150.0,-0.6406096361848574,-0.38453886442077756,-0.3116474291710388,-0.26913786154137737,0.11432926829268293,0.3029016533296539,-0.09865908043917795,0.01688189589413827,4.232258064516129,274.48028963414646,1161.6714193548394,4.873333333333333,320.92922024623806,1563.9950666666666,899.0,245309.97999999995,185.0
Naldemedine Tosylate,Symproic,929,10329.0,11443.0,10342.0,4403415.629999998,5273666.47,4925985.9,3084.0,3396.0,3134.0,0.006422732580770728,0.40403544599383473,0.10785167973666376,0.1976308650201167,-0.09621602726557721,-0.06592767517207045,0.0058178262355432775,0.06585159492402312,3.369552414605418,460.86397535611286,1552.905320965842,3.299936183790683,476.30882807967515,1571.7887364390556,8237.0,3774973.1,2455.0
Naloxegol Oxalate,Movantik,930,140304.0,165853.0,187348.0,53953629.26999999,68647178.80999999,79561295.04,38953.0,46170.0,52143.0,0.30423401974297926,0.5395533101894223,0.18209744554681265,0.2723366294131783,0.12960272048139015,0.15898856179083262,0.15585008301410141,0.21566259560200546,3.5922243881308207,413.9037509722464,1486.8351485813296,3.592965498724661,424.67117364476803,1525.8288752085612,221180.0,90969941.37000003,61412.0
Naloxone Hcl,Narcan,931,281594.0,370877.0,523660.0,35487194.31999999,33070592.33,42321676.92000001,254531.0,331432.0,450208.0,1.0998223615884002,0.22514791113595858,0.3170628635553314,-0.0680978599832007,0.4119505927841306,0.2797374929873236,0.364506728169731,0.10581981650206145,1.119013855029086,89.16862552814005,99.78092739988897,1.1631512545312388,80.81899881602568,94.00471986281899,401305.0,24931902.28,339602.0
Naltrexone Hcl,Naltrexone Hcl,932,163039.0,178294.0,205555.0,9095615.17,10562069.61,11517000.44,43734.0,48128.0,55640.0,0.5334432442110288,0.7898965711950297,0.09356656996178829,0.16122652647363483,0.15289914411028974,0.0904113365335035,0.123232857036039,0.12581893150356915,3.704579454787234,59.23962449661794,219.45789581948137,3.6943745506829617,56.02880221838437,206.9913810208483,234555.0,11553952.2,65664.0
Naltrexone Microspheres,Vivitrol,933,13462.0,14481.0,16791.0,19717313.05,22411550.99,28053357.56,4239.0,4548.0,5274.0,0.3752969121140142,0.7067473398388399,0.07569454761551032,0.1366432603249659,0.1595193702092397,0.2517365519466888,0.11760695891237502,0.19418990613582737,3.1840369393139842,1547.6521642151783,4927.78166007036,3.183731513083049,1670.737749985111,5319.180424725066,21536.0,35297876.88999999,6668.0
Naproxen,Naproxen,934,2197071.0,2091055.0,2035149.0,28772511.9,31569729.59,38376785.49,933558.0,920529.0,927124.0,-0.23066288944130936,0.3708693667963403,-0.0482533336428363,0.09721840413940368,-0.02673578648098687,0.2156197087654561,-0.03749456006191158,0.1564190564524299,2.2715797112312592,15.097512781825442,34.29520372524929,2.195120609540903,18.856990564327234,41.39336862167305,2026792.0,24078337.87,936712.0
Naproxen Sodium,Naproxen Sodium,935,34056.0,30607.0,45316.0,6844416.540000002,5635586.83,5716206.970000002,16178.0,15349.0,19365.0,-0.12503861600247143,-0.5987199761298418,-0.10127437162320883,-0.17661545040915957,0.4805763387460385,0.014305544822916254,0.18965098356141483,-0.08115495279312165,1.9940712750016287,184.12738360505767,367.16312658805134,2.3400981151562097,126.1410312031071,295.18238936225157,32265.0,2424566.56,17264.0
Naproxen/Esomeprazole Mag,Vimovo,936,23738.0,23362.0,14138.0,56718737.73,43747312.50000001,22272328.67000001,6545.0,6607.0,3423.0,1.3954591663842766,0.45026998690314596,-0.015839582104642345,-0.22869735380480918,-0.3948292098279257,-0.49088692773984677,-0.20533439596628403,-0.35979214077232796,3.535946723172393,1872.5842179607914,6621.358029362798,4.1302950628104,1575.3521481114733,6506.669199532576,11501.0,12184185.429999998,2690.0
Naratriptan Hcl,Naratriptan Hcl,937,39070.0,40927.0,43949.0,1926948.49,1873081.55,1786243.0,11622.0,11840.0,12769.0,0.27270357928877564,-0.006281305877598379,0.047530074225748654,-0.02795453032582098,0.0738387861314047,-0.04636132900887313,0.06068443017857668,-0.03715792966734706,3.456672297297297,45.76640237496029,158.1994552364865,3.4418513587594957,40.64354137750575,139.88902811496592,46143.0,1439753.96,13490.0
Natalizumab,Tysabri,938,4475.0,4353.0,3510.0,35215151.210000016,36408715.69,30756240.18,1022.0,1029.0,919.0,-0.17392327606495647,0.07166703945040828,-0.027262569832402234,0.03389349297074852,-0.19365954514128186,-0.15525061521333763,-0.11046105748684205,-0.06067856112129456,4.230320699708455,8364.051387548816,35382.61971817298,3.81936887921654,8762.461589743589,33467.073101196955,3383.0,28121785.000000004,886.0
Natamycin,Natacyn,939,66.0,96.0,96.0,27522.620000000003,49086.38,50121.8,20.0,35.0,30.0,0.18518518518518517,0.8139166417256054,0.45454545454545453,0.7834922692679691,0.0,0.021093834990480162,0.22727272727272727,0.4022930521292246,2.742857142857143,511.3164583333333,1402.4679999999998,3.2,522.1020833333333,1670.7266666666667,64.0,52756.1,25.0
Nateglinide,Nateglinide,940,102646.0,94259.0,87017.0,8193550.420000003,7510830.07,7385663.930000002,28140.0,26203.0,24429.0,-0.31882265450702574,-0.41983370288502614,-0.08170800615708357,-0.08332411653115844,-0.07683085965265916,-0.016664754605478477,-0.07926943290487137,-0.04999443556831846,3.597259855741709,79.68289574470343,286.64008205167346,3.5620369233288307,84.87610386476207,302.33181587457534,87375.0,4542964.899999999,24731.0
Nebivolol Hcl,Bystolic,941,968489.0,886188.0,930355.0,288866715.89,102812480.50999998,83347412.21,254836.0,242292.0,253143.0,-0.3141180269470878,-0.7578150328471995,-0.08497876589202355,-0.6440833268269273,0.049839311748748574,-0.18932592816984634,-0.017569727071637488,-0.41670462749838677,3.6575206775295923,116.01655688183543,424.3329557311012,3.675215194573818,89.5866762794847,329.25031389372805,1014174.0,59012785.91,280026.0
Nefazodone Hcl,Nefazodone Hcl,942,12.0,887.0,1414.0,674.68,132045.37999999998,205851.21,5.0,320.0,490.0,-0.9121247902554223,-0.9099636586419878,72.91666666666667,194.71556886227543,0.5941375422773394,0.5589429179574479,36.755402104472005,97.63725589011644,2.771875,148.86739571589627,412.6418124999999,2.8857142857142857,145.58077086280056,420.10451020408163,1529.0,221059.76,560.0
Nelfinavir Mesylate,Viracept,943,529.0,516.0,334.0,644602.4399999998,611419.8900000001,422809.86,210.0,200.0,130.0,-0.46215780998389694,-0.4375156149633535,-0.024574669187145556,-0.05147754327457976,-0.35271317829457366,-0.3084787280963334,-0.18864392374085961,-0.1799781356854566,2.58,1184.9222674418606,3057.0994500000006,2.5692307692307694,1265.8977844311378,3252.383538461538,224.0,280321.23,85.0
Neomycin Sulf/Polymyxin B Sulf,Neomycin-Polymyxin B,944,1056.0,1132.0,635.0,80149.0,54633.67,24063.480000000003,215.0,209.0,140.0,-0.7915298752462245,-0.8137594812396003,0.07196969696969698,-0.3183487005452345,-0.43904593639575973,-0.5595485348137879,-0.18353811971303138,-0.4389486176795112,5.416267942583732,48.2629593639576,261.4051196172249,4.535714285714286,37.89524409448819,171.88200000000003,166.0,2000.67,30.0
Neomycin Sulfate,Neomycin Sulfate,945,45007.0,34628.0,33536.0,488202.67,268839.74000000005,262713.69,40489.0,32030.0,31289.0,-0.21080623146797195,-0.512228673700048,-0.23060857199991114,-0.449327591756104,-0.03153517384775326,-0.02278699570234685,-0.1310718729238322,-0.2360572937292254,1.0811114580081174,7.763651957953103,8.393373087730254,1.0718143756591774,7.833781309637405,8.396359423439547,51982.0,433660.8000000001,47504.0
Neomycin/Bacit/P-Myx/Hydrocort,Neomycin-Bacitracin-Poly-Hc,946,595.0,415.0,368.0,25668.13,18720.56,14516.019999999997,353.0,282.0,233.0,-0.3957307060755337,-0.4501728339695453,-0.3025210084033613,-0.2706691137998755,-0.11325301204819277,-0.22459477707931835,-0.20788701022577705,-0.24763194543959693,1.4716312056737588,45.109783132530126,66.3849645390071,1.5793991416309012,39.44570652173912,62.30051502145921,233.0,9208.69,149.0
Neomycin/Polymyxin B/Dexametha,Neomycin-Polymyxin-Dexameth,947,630300.0,704771.0,830013.0,9225100.04,10253435.189999996,12052567.990000002,467478.0,527708.0,623707.0,0.31953565790540506,0.2636495771459207,0.11815167380612407,0.11147143614065315,0.17770594987591715,0.1754663453429413,0.1479288118410206,0.14346889074179722,1.3355321503558786,14.548605419348974,19.430130280382325,1.3307739050547773,14.520938816620948,19.324086454056154,928759.0,10790378.659999998,698332.0
Neomycin/Polymyxin B/Hydrocort,Neomycin-Polymyxin-Hc,948,126577.0,122892.0,124251.0,8080314.190000002,8149268.3,8077352.85,97287.0,95213.0,97704.0,-0.11104513064133016,-0.11656297223829992,-0.029112714000173807,0.008533592677043851,0.011058490381798652,-0.008824773875711048,-0.009027111809187577,-0.0001455905993335985,1.2907061010576286,66.31243937766494,85.58987008076627,1.2717084254482929,65.00835285027887,82.67167004421518,123913.0,6681577.100000001,97822.0
Neomycin/Polymyxn B/Gramicidin,Neomycin-Polymyxin-Gramicidin,949,179.0,174.0,169.0,8271.06,8100.79,8279.320000000002,115.0,135.0,135.0,-0.737984496124031,-0.7286478638277232,-0.027932960893854747,-0.020586236830587558,-0.028735632183908046,0.022038591297885955,-0.028334296538881396,0.0007261772336491987,1.288888888888889,46.55626436781609,60.00585185185185,1.2518518518518518,48.99005917159764,61.32829629629631,160.0,6440.31,114.0
Nepafenac,Ilevro,950,63753.0,43010.0,38289.0,21340740.75,15492389.19,15566942.949999996,39100.0,25447.0,22717.0,-0.839861982434128,-0.783268903071497,-0.32536508085893995,-0.27404632428234715,-0.10976517089049058,0.004812282927162641,-0.21756512587471527,-0.13461702067759226,1.6901795889495814,360.20435224366423,608.8100440130466,1.6854778359818638,406.56436443887264,685.255225161773,28316.0,11226371.469999995,16566.0
Neratinib Maleate,Nerlynx,951,520.0,479.0,571.0,8741830.91,8174703.990000001,11118994.880000005,175.0,175.0,185.0,-0.20584144645340752,0.23414036005206454,-0.07884615384615384,-0.0648750731784629,0.19206680584551147,0.3601709485262968,0.056610325999678815,0.14764793767391693,2.737142857142857,17066.187870563677,46712.59422857143,3.0864864864864865,19472.8456742557,60102.67502702705,527.0,9694086.8,195.0
Netarsudil Mesylat/Latanoprost,Rocklatan,952,152298.0,198534.0,230353.0,69619565.28,99247895.16,123112857.08,40078.0,53149.0,61539.0,11.391898434558072,16.982290336691882,0.30358901627073237,0.4255747613596704,0.16026977746884666,0.24045811633109906,0.23192939686978953,0.33301643884538473,3.7354230559370825,499.9037704373054,1867.3520698413893,3.7432034969694015,534.4530224481556,2000.5664225938024,280674.0,142301087.80999997,74033.0
Netarsudil Mesylate,Rhopressa,953,266666.0,293061.0,294334.0,115408292.02000004,138079653.95999998,149164087.91,74959.0,82854.0,84637.0,0.510683398773321,1.2320263011263628,0.09898149745374363,0.19644482682467074,0.004343805555839911,0.08027564983043081,0.05166265150479177,0.1383602383275508,3.5370772684481135,471.16352554587604,1666.5417959301901,3.4776043574323285,506.7851077687253,1762.3980990583314,297810.0,142083167.80000004,85081.0
Netupitant/Palonosetron Hcl,Akynzeo,954,198.0,337.0,345.0,145727.85,294117.23,313929.49,30.0,70.0,73.0,0.5898617511520737,0.7543388985004914,0.702020202020202,1.0182637018250114,0.02373887240356083,0.06736177951900339,0.36287953721188143,0.5428127406720074,4.814285714285714,872.7514243323442,4201.674714285714,4.726027397260274,909.9405507246377,4300.4039726027395,200.0,168155.88999999998,46.0
Nevirapine,Nevirapine Er,955,11033.0,9322.0,8035.0,2383866.72,1850885.68,1549955.72,3018.0,2468.0,2175.0,-0.5171564208881678,-0.5622780732322025,-0.15508021390374332,-0.22357837186468218,-0.13806050203818923,-0.16258700537355714,-0.1465703579709663,-0.19308268861911965,3.7771474878444082,198.55027676464277,749.9536790923825,3.6942528735632183,192.9005252022402,712.6233195402299,7066.0,968961.6999999996,1918.0
Niacin,Niacin Er,956,90161.0,75827.0,65083.0,9942551.960000005,8401240.43,6371385.62,27647.0,23240.0,20077.0,-0.5682089591847567,-0.6628500180226476,-0.15898226505917193,-0.155021722410994,-0.14169095440937923,-0.24161370298980953,-0.1503366097342756,-0.19831771270040177,3.262779690189329,110.79484128344784,361.4991579173838,3.241669572147233,97.8963111718882,317.34749315136725,55314.0,3650785.230000001,17157.0
Nicardipine Hcl,Nicardipine Hcl,957,1415.0,1173.0,1223.0,646368.0699999998,711108.8300000002,813358.7399999999,450.0,387.0,356.0,-0.636984268328881,0.3977649268382272,-0.17102473498233214,0.10016082632299639,0.042625745950554135,0.14378939718692518,-0.06419949451588901,0.12197511175496079,3.0310077519379846,606.2308866155159,1837.4905167958661,3.4353932584269664,665.0521177432541,2284.7155617977523,1167.0,505100.42,308.0
Nicotine,Nicotrol,958,12598.0,11836.0,6588.0,7769234.049999999,7456261.139999999,4373265.420000001,4740.0,4473.0,2634.0,-0.45817912657290893,-0.3217334142687505,-0.0604857913954596,-0.040283624870330714,-0.4433930381885772,-0.4134774335438577,-0.2519394147920184,-0.2268805292070942,2.6460988151128997,629.9646113551875,1666.9486116700198,2.501138952164009,663.8229234972679,1660.3133712984059,2882.0,2159480.77,1000.0
Nifedipine,Nifedipine Er,959,2566923.0,2629544.0,2802248.0,131746348.91,131147925.17000002,115138065.79999998,705788.0,740032.0,797281.0,0.04732425234318997,-0.04868056095903727,0.024395355840436197,-0.004542241549394143,0.06567830772179512,-0.1220748200876782,0.04503683178111566,-0.06330853081853617,3.55328418230563,49.87477873349905,177.2192623697354,3.5147557761943404,41.08775019198871,144.41340731812244,3087693.0,78896482.61,884392.0
Nilotinib Hcl,Tasigna,960,16913.0,16716.0,15363.0,224868092.0600001,239053942.79,243978342.54,5205.0,5240.0,4953.0,-0.11370716510903427,0.2117255449123608,-0.011647844853071602,0.0630852096446604,-0.08094041636755205,0.02059953369740445,-0.046294130610311825,0.04184237167103243,3.1900763358778628,14300.905885977507,45620.98144847328,3.10175651120533,15880.904936535831,49258.700290732886,17234.0,275628558.47,5355.0
Nilutamide,Nilutamide,961,215.0,309.0,226.0,1052809.3,1414808.5099999998,1028302.02,70.0,95.0,65.0,-0.3875338753387534,-0.3930907600029194,0.4372093023255814,0.3438411970714922,-0.2686084142394822,-0.27318643284100674,0.08430044404304962,0.03532738211524272,3.2526315789473683,4578.668317152103,14892.721157894735,3.476923076923077,4550.008938053097,15820.031076923076,201.0,633983.45,60.0
Nimodipine,Nimodipine,962,608.0,593.0,586.0,350959.75000000006,305937.16000000003,319607.36,206.0,192.0,174.0,-0.06389776357827476,-0.25468786108970254,-0.024671052631578948,-0.1282841978318027,-0.011804384485666104,0.044683032293298244,-0.018237718558622527,-0.04180058276925223,3.0885416666666665,515.9142664418213,1593.4227083333335,3.367816091954023,545.4050511945392,1836.8239080459769,602.0,176455.18999999997,173.0
Nintedanib Esylate,Ofev,963,113459.0,126851.0,123184.0,1311368352.0800002,1551732788.47,1602890969.88,21264.0,23460.0,23510.0,0.8760317992141573,1.4087884231941563,0.11803382719748984,0.18329284522441824,-0.02890793135253171,0.032968422005467686,0.044562947922479064,0.10813063361494296,5.407118499573743,12232.720187227535,66143.76762446717,5.239642705231816,13012.168543642032,68179.11398894088,142734.0,1833961636.7899995,26644.0
Niraparib Tosylate,Zejula,964,5529.0,5991.0,5005.0,69325817.01999998,76772300.04,77460843.48999996,1566.0,1696.0,1440.0,0.4673116388155966,0.9367776323309833,0.08355941399891481,0.10741284185445331,-0.16458020363879153,0.008968644284998788,-0.04051039481993836,0.05819074306972605,3.532429245283019,12814.605247871808,45266.68634433963,3.4756944444444446,15476.692005993998,53792.252423611084,5991.0,113935121.46,1777.0
Nisoldipine,Nisoldipine,965,3844.0,2852.0,2623.0,1117330.0299999998,859609.9899999999,739631.31,1306.0,976.0,898.0,-0.6005178190679257,-0.5496361404644898,-0.25806451612903225,-0.23065704230647052,-0.0802945301542777,-0.139573389555419,-0.16917952314165496,-0.18511521593094477,2.9221311475409837,301.40602734922857,880.7479405737704,2.920935412026726,281.9791498284407,823.6428841870825,2213.0,555201.8399999999,744.0
Nitazoxanide,Alinia,966,183.0,176.0,179.0,579491.9899999999,686764.4899999999,401760.31,80.0,80.0,90.0,-0.8507089241034195,-0.9108263224423316,-0.03825136612021858,0.18511472436400722,0.017045454545454544,-0.4149955103240704,-0.010602955787382018,-0.11494039298003159,2.2,3902.0709659090903,8584.556125,1.988888888888889,2244.471005586592,4464.0034444444445,154.0,255919.72,78.0
Nitisinone,Orfadin,967,57.0,66.0,37.0,674909.6799999999,969075.2,850905.3,20.0,20.0,10.0,0.05714285714285714,6.810863357098993,0.15789473684210525,0.4358590915454051,-0.4393939393939394,-0.12194089787871974,-0.14074960127591707,0.15695909683334267,3.3,14682.957575757575,48453.759999999995,3.7,22997.44054054054,85090.53,39.0,478317.84,10.0
Nitrofurantoin,Nitrofurantoin,968,518.0,694.0,683.0,1213206.9799999995,1587592.3900000004,1594978.0499999996,195.0,235.0,259.0,0.05076923076923077,0.8205275605356285,0.33976833976833976,0.30859153975523695,-0.01585014409221902,0.004652113506288107,0.16195909783806037,0.15662182663076252,2.953191489361702,2287.5971037463983,6755.712297872342,2.637065637065637,2335.2533674963393,6158.216409266408,559.0,1392028.2799999998,193.0
Nitrofurantoin Macrocrystal,Nitrofurantoin,969,384515.0,365662.0,368440.0,16375188.1,15571581.130000005,14021581.42,154001.0,146707.0,148857.0,-0.0663683288945876,-0.14192269470607435,-0.049030596985813295,-0.04907467108728938,0.0075971799093151595,-0.09954029054980136,-0.020716708538249067,-0.07430748081854537,2.4924645722426333,42.584630423724654,106.1406826531795,2.4751271354387097,38.056620942351536,94.19497517751937,390726.0,11609741.72,160313.0
Nitrofurantoin Monohyd/M-Cryst,Nitrofurantoin Mono-Macro,970,2131591.0,2348236.0,2635552.0,50001972.66,55655350.78000001,54952663.59,1587165.0,1771463.0,2018181.0,0.4039115918035127,0.1703738575533509,0.10163535124702629,0.11306310169883631,0.1223539712362812,-0.01262568971629802,0.11199466124165375,0.050218705991269146,1.3255913332652163,23.700918808842044,31.41773256342357,1.3059046735649578,20.850532863703695,27.2288083130304,2999284.0,45609920.440000005,2309815.0
Nitroglycerin,Nitroglycerin,971,1767741.0,1713544.0,1727436.0,44696043.440000005,41513090.86000001,38281245.20999999,970435.0,946786.0,956259.0,-0.060764661041738936,-0.18932698574309006,-0.030658903085915866,-0.0712132961896906,0.008107174370777756,-0.07785124121205975,-0.011275864357569054,-0.07453226870087518,1.8098535466303896,24.22645164641235,43.84632943452903,1.8064520177065,22.1607314019159,40.03229795484277,1773405.0,27677264.719999988,984326.0
Nivolumab,Opdivo,972,2035.0,2717.0,3007.0,23958182.57,32554677.320000008,38325436.06000001,453.0,626.0,639.0,0.1161841128433556,0.303975132540479,0.33513513513513515,0.35881247356234697,0.10673536989326463,0.17726358284174204,0.22093525251419988,0.2680380282020445,4.340255591054313,11981.846639676116,52004.2768690096,4.705790297339593,12745.40607249751,59977.20823161191,2997.0,35778054.219999984,678.0
Norelgestromin/Ethin.Estradiol,Xulane,973,1486.0,1718.0,1635.0,174789.63000000003,198625.7400000001,171683.98000000004,585.0,670.0,630.0,-0.39060752888557587,-0.4670279955930247,0.15612382234185734,0.1363702755134848,-0.04831199068684517,-0.13564082882712006,0.05390591582750609,0.00036472334318236876,2.564179104477612,115.61451688009319,296.45632835820913,2.5952380952380953,105.00549235474008,272.514253968254,1474.0,144796.88999999998,570.0
Noreth-Ethinyl Estradiol/Iron,Wymzya Fe,974,310.0,174.0,281.0,19132.75,12045.28,15585.580000000004,120.0,70.0,110.0,-0.2062146892655367,-0.3641315833493126,-0.43870967741935485,-0.370436555121454,0.6149425287356322,0.29391595712179397,0.08811642565813865,-0.03826029899983002,2.4857142857142858,69.22574712643679,172.07542857142857,2.5545454545454547,55.46469750889681,141.68709090909095,278.0,19077.75,100.0
Norethindrone,Norethindrone,975,15729.0,15953.0,16437.0,298448.66,306538.38,332389.72,5844.0,5784.0,5923.0,0.19654946494867875,0.27329454082981214,0.014241210502892745,0.027105901564443383,0.03033912116843227,0.08433312657292691,0.022290165835662505,0.055719514068685146,2.7581258644536653,19.215093085939948,52.99764522821577,2.7751139625189936,20.222042951876862,56.118473746412285,18604.0,273245.02,6511.0
Norethindrone Acetate,Norethindrone Acetate,976,17188.0,17999.0,19038.0,988629.14,1039082.51,954691.2799999996,5470.0,5920.0,6189.0,0.07063322460915533,-0.12118187802855997,0.047184081917616943,0.05103366667909465,0.05772542919051058,-0.0812170633109785,0.05245475555406376,-0.015091698315941926,3.0403716216216217,57.730013334074116,175.52069425675677,3.0761027629665536,50.146616241201784,154.25614477298424,21273.0,757832.3900000002,6864.0
Norethindrone-E.Estradiol-Iron,Blisovi Fe,977,13322.0,12839.0,13434.0,393582.07000000007,359591.35,383267.52,4980.0,4845.0,4970.0,-0.2605680317040951,-0.25838618045649286,-0.0362558174448281,-0.0863624707294214,0.04634317314432588,0.06584187856576651,0.005043677849748889,-0.010260296081827443,2.649948400412797,28.007738141599813,74.2190608875129,2.7030181086519116,28.52966502903082,77.11620120724346,12728.0,318915.73,4760.0
Norethindrone-Ethin. Estradiol,Dasetta,978,11180.0,10675.0,8784.0,245337.82,233856.1300000001,186017.81000000008,4067.0,3843.0,3126.0,-0.3974068738423544,-0.4003846776463984,-0.04516994633273703,-0.046799510976334245,-0.17714285714285713,-0.20456303625652228,-0.11115640173779708,-0.12568127361642825,2.7777777777777777,21.906897423887596,60.852492844132215,2.8099808061420344,21.176890938069228,59.50665706973771,8589.0,157534.18000000002,3030.0
Norgestimate-Ethinyl Estradiol,Femynor,979,28284.0,26449.0,24543.0,489994.7900000001,451680.21,427361.8000000001,10635.0,9875.0,9235.0,-0.29607640681466185,-0.23539343445541763,-0.06487766935369821,-0.07819385181626129,-0.07206321600060493,-0.0538398837531534,-0.06847044267715158,-0.06601686778470735,2.678379746835443,17.077402170214377,45.739768101265824,2.6576069301570113,17.412777574053706,46.27631835408772,22082.0,327211.61,8265.0
Norgestrel-Ethinyl Estradiol,Cryselle,980,6405.0,6226.0,5574.0,129977.16,128300.86,114334.36999999997,2285.0,2200.0,1960.0,-0.3647139275131069,-0.36057682009831643,-0.027946916471506635,-0.012896881267447318,-0.10472213299068422,-0.10885733735533834,-0.06633452473109543,-0.06087710931139283,2.83,20.60726951493736,58.31857272727273,2.843877551020408,20.51208647290993,58.333862244897944,4845.0,93739.72000000002,1700.0
Nortriptyline Hcl,Nortriptyline Hcl,981,821363.0,799396.0,797498.0,14499668.2,13364204.070000002,14096639.600000003,229352.0,225143.0,224541.0,-0.09935367876829672,0.08576806673443965,-0.02674456969695494,-0.0783096629755981,-0.002374292590906134,0.0548057726568374,-0.014559431143930537,-0.011751945159380352,3.550614498341054,16.71787708469895,59.35873675841577,3.551680984764475,17.67608144471836,62.77980235235437,813506.0,11987823.539999995,228559.0
Nystatin,Nystatin,982,1875878.0,1917288.0,2040168.0,48126912.04,48897174.46999999,47876823.02,826447.0,877744.0,958970.0,0.04730879204932213,-0.10280235575119918,0.0220749963483766,0.016004817208297085,0.06409052787061725,-0.0208672885715719,0.04308276210949693,-0.0024312356816374066,2.1843362073679797,25.503301783560943,55.70778549326454,2.1274575847002515,23.46709830759036,49.92525628538954,2140382.0,42886824.48,980452.0
Obeticholic Acid,Ocaliva,983,8691.0,9422.0,10133.0,71747378.77000001,84296486.8,98579934.51,2641.0,2820.0,3065.0,0.43121468926553674,1.0448036845072004,0.08410999884938442,0.1749068501893088,0.07546168541710889,0.16944297742667028,0.07978584213324666,0.17217491380798955,3.34113475177305,8946.772107832732,29892.371205673757,3.306035889070147,9728.6030306918,32163.11076998369,10535.0,105094203.40999998,3150.0
Obinutuzumab,Gazyva,984,34.0,129.0,160.0,339122.28,1277735.6199999996,1779425.2199999995,15.0,45.0,56.0,9.0,13.797494656836289,2.7941176470588234,2.7677725568488145,0.24031007751937986,0.39263959785358415,1.5172138622891016,1.5802060773511992,2.8666666666666667,9904.927286821703,28394.12488888888,2.857142857142857,11121.407624999996,31775.450357142847,317.0,3247144.600000001,86.0
Ocrelizumab,Ocrevus,985,726.0,761.0,1009.0,24941835.8,27885854.95,38521681.64,374.0,407.0,497.0,0.8278985507246377,1.1624253702929197,0.048209366391184574,0.11803538334575991,0.32588699080157685,0.38140579548557113,0.1870481785963807,0.24972058941566552,1.8697788697788698,36643.699014454665,68515.61412776413,2.0301810865191148,38178.0789296333,77508.41376257545,1211.0,46007426.25,604.0
Octreotide Acetate,Octreotide Acetate,986,5408.0,5274.0,5514.0,4612639.319999999,5033864.1400000015,5504882.539999999,1520.0,1433.0,1566.0,-0.041876629018245,1.3052886686693552,-0.02477810650887574,0.09131969590026437,0.04550625711035267,0.09356994684405556,0.010364075300738466,0.09244482137215997,3.680390788555478,954.467982555935,3512.815170969994,3.521072796934866,998.3464889372505,3515.2506641123878,6276.0,8365911.880000002,1741.0
"Octreotide Acetate,mi-Spheres",Sandostatin Lar Depot,987,4602.0,4490.0,4813.0,26746829.029999983,25890722.64,28356820.089999992,1580.0,1483.0,1603.0,0.0029172744321733697,0.033497664234172914,-0.024337244676227728,-0.032007771427399835,0.07193763919821826,0.09525023632171557,0.023800197260995266,0.031621232447157865,3.0276466621712745,5766.307937639198,17458.342980445042,3.002495321272614,5891.714126324536,17689.844098565187,4975.0,28173686.770000007,1617.0
Ofloxacin,Ofloxacin,988,1011347.0,1038153.0,998253.0,18982533.280000005,20811740.69999999,20647233.629999995,726482.0,752119.0,738161.0,-0.05027509354512476,-0.01954436719858677,0.026505244985153463,0.09636266103256301,-0.03843364128408818,-0.007904531983718047,-0.005964198149467359,0.04422906452442248,1.3803041805884442,20.046891643139297,27.670808342828717,1.352351316311753,20.683367472975284,27.971179227837823,1081372.0,17836188.659999996,791916.0
Olanzapine,Olanzapine,989,3187962.0,3219457.0,3265757.0,108063446.23000002,132428541.04,135256062.76999998,551300.0,562687.0,581243.0,0.03236643200131505,0.2385801304295219,0.009879352388767495,0.2254702738069432,0.014381307158318934,0.021351301674054704,0.012130329773543214,0.12341078774049896,5.721577004622463,41.133812639833366,235.3502765125194,5.6185743312177525,41.41645038807235,232.7014050405768,3398378.0,96530478.43000002,613984.0
Olanzapine Pamoate,Zyprexa Relprevv,990,4120.0,3784.0,3149.0,4504135.94,4121688.1,3409491.9000000013,740.0,672.0,605.0,-0.3449136675681298,-0.3482566432619102,-0.08155339805825243,-0.0849103679583881,-0.16781183932346724,-0.17279235660747808,-0.12468261869085984,-0.1288513622829331,5.630952380952381,1089.2410412262157,6133.464434523809,5.20495867768595,1082.7221022546844,5635.523801652895,827.0,861147.6699999999,205.0
Olanzapine/Fluoxetine Hcl,Olanzapine-Fluoxetine Hcl,991,3306.0,3008.0,2522.0,1086421.43,1071144.86,830421.5000000001,1117.0,1018.0,870.0,-0.40560923874617016,-0.41056649183667765,-0.09013914095583787,-0.014061366591415481,-0.16156914893617022,-0.22473464513473926,-0.12585414494600405,-0.11939800586307737,2.954813359528487,356.0986901595745,1052.205166994106,2.8988505747126436,329.2710150674069,954.507471264368,2620.0,614308.06,831.0
Olaparib,Lynparza,992,18969.0,20411.0,19958.0,243641074.85,267891047.01,276389616.21,5141.0,5523.0,5361.0,1.2043295780870333,1.3663440066017725,0.07601876746270231,0.09953154317238884,-0.022193915045808633,0.03172397620172334,0.02691242620844684,0.06562775968705609,3.6956364294767337,13124.83695115379,48504.62556762629,3.7228129080395447,13848.562792363964,51555.608321208725,24854.0,345651908.7900001,6676.0
Olmesartan Medoxomil,Olmesartan Medoxomil,993,1897111.0,2199530.0,2467807.0,77748348.10999998,73160190.68,76026581.84,510680.0,614450.0,699000.0,0.7502959352084526,-0.060807203256000975,0.15941028226603504,-0.059012924924251205,0.12197014816801771,0.03917965676904105,0.14069021521702638,-0.009916634077605076,3.5796728781837417,33.26173804403668,119.06614155749045,3.5304821173104437,30.807345080065016,108.76478088698141,2943871.0,60141114.68999998,843911.0
Olmesartan/Amlodipin/Hcthiazid,Olmesartan-Amlodipine-Hctz,994,52463.0,54802.0,61128.0,8770303.38,9773680.87,12148030.09,14888.0,15364.0,17456.0,-0.16673936750272628,-0.07645963038591909,0.04458380191754189,0.11440624645757673,0.11543374329404037,0.24293295960665032,0.08000877260579113,0.17866960303211352,3.5669096589429836,178.34533173971752,636.141686409789,3.501833180568286,198.73102489857348,695.9228969981668,68359.0,7571747.900000002,19923.0
Olmesartan/Hydrochlorothiazide,Olmesartan-Hydrochlorothiazide,995,496161.0,526824.0,563502.0,34469183.88999999,33763713.660000004,31835708.56,136314.0,146576.0,158882.0,-0.009114008633953771,-0.1144222605981161,0.061800504271798874,-0.02046669373581126,0.06962097398751765,-0.05710287438801852,0.06571073912965826,-0.03878478406191489,3.594203689553542,64.08917145004784,230.34953648619148,3.5466698556161176,56.496176695025035,200.37328684180713,621934.0,22532116.300000004,177196.0
Olodaterol Hcl,Striverdi Respimat,996,2683.0,2763.0,2530.0,773985.2899999999,804588.2799999999,751806.64,976.0,1050.0,959.0,0.001187178472497032,0.08041438282405243,0.02981736861721953,0.0395394982248306,-0.08432862830256967,-0.06560080641492802,-0.02725562984267507,-0.013030654095048711,2.6314285714285712,291.20096996018816,766.2745523809523,2.6381647549530762,297.15677470355735,783.9485297184567,2563.0,770911.7199999999,986.0
Olopatadine Hcl,Olopatadine Hcl,997,561626.0,252897.0,169608.0,32264743.07,11313577.249999998,6385683.839999998,178895.0,84600.0,61197.0,-0.8440219830345121,-0.9510701052867391,-0.5497056760192726,-0.6493517017800322,-0.32933961256954414,-0.43557340893217494,-0.43952264429440835,-0.5424625553561035,2.989326241134752,44.73590928322597,133.73022754137114,2.7715084072748666,37.64966180840525,104.3463542330506,18079.0,1620913.25,7182.0
Olsalazine Sodium,Dipentum,998,533.0,531.0,560.0,751015.6600000001,786222.7599999999,885507.9099999998,205.0,200.0,210.0,-0.3170731707317073,-0.2506933372889831,-0.00375234521575985,0.04687931540601928,0.054613935969868174,0.12628119542100247,0.02543079537705416,0.08658025541351087,2.655,1480.6454990583802,3931.1137999999996,2.6666666666666665,1581.2641249999997,4216.704333333332,660.0,1055735.87,250.0
Omadacycline Tosylate,Nuzyra,999,847.0,1613.0,2638.0,6904692.0600000005,14491239.75,26216850.220000003,327.0,630.0,1043.0,20.801652892561982,32.33428341097582,0.9043683589138135,1.0987525039603285,0.6354618722876627,0.8091516441855848,0.7699151156007381,0.9539520740729567,2.56031746031746,8984.029603223806,23001.967857142856,2.529242569511026,9938.153987869598,25136.002128475553,3804.0,44094096.44000001,1431.0
Omalizumab,Xolair,1000,43485.0,56920.0,65825.0,129488864.44,171981172.20000002,211060365.88,9297.0,11579.0,13240.0,0.8747151970836181,0.8771847891833998,0.3089571116476946,0.3281541462562541,0.15644764581869292,0.22722948785669442,0.23270237873319377,0.2776918170564743,4.915795837291649,3021.4541848208014,14852.851904309528,4.971676737160121,3206.3861128750473,15941.115247734138,80363.0,262078874.82999995,15611.0
Omega-3 Acid Ethyl Esters,Omega-3 Acid Ethyl Esters,1001,531739.0,508337.0,529271.0,51778656.15,47196597.45,46229637.02000001,149938.0,142801.0,149238.0,-0.23336611706835192,-0.4614331113679013,-0.0440103133304121,-0.08849319470026445,0.04118134229851457,-0.0204879267202342,-0.0014144855159487664,-0.054490560710249325,3.559757984888061,92.84509577307968,330.50607103591716,3.5464894999932994,87.34587200129992,309.7712179203689,612648.0,40695408.30999999,175174.0
Omeprazole,Omeprazole,1002,27416609.0,27081531.0,27230410.0,426983935.07,388390244.9,409186968.73000014,8116025.0,8197546.0,8327945.0,-0.0015176117100896684,0.03351829664939482,-0.012221715676070662,-0.09038674994569279,0.005497436610950836,0.053545947930166884,-0.0033621395325599134,-0.018420401007762953,3.3036143987481132,14.341517283494792,47.37884299764832,3.2697634290332127,15.026838330014133,49.13420642547473,27948661.0,355899522.19999987,8566026.0
Omeprazole Magnesium,Prilosec,1003,1655.0,1478.0,1369.0,1091697.0099999998,1205140.1999999995,1228424.9100000004,525.0,465.0,495.0,-0.2559782608695652,0.3018710179957556,-0.10694864048338369,0.10391453760599723,-0.07374830852503383,0.019321162799150592,-0.09034847450420877,0.06161785020257391,3.178494623655914,815.3857916102838,2591.6993548387086,2.7656565656565655,897.3154930606285,2481.6664848484857,1093.0,1027565.25,370.0
Omeprazole/Sodium Bicarbonate,Omeprazole-Sodium Bicarbonate,1004,57693.0,61142.0,65983.0,90463856.14,128569210.32999998,145120170.68999997,13135.0,12828.0,13371.0,-0.008773115808133159,0.20709421918186915,0.059781949283275265,0.4212218649073385,0.07917634359360178,0.12873191269914822,0.06947914643843853,0.27497688880324334,4.76629248518865,2102.7969371299596,10022.545239320236,4.934784234537432,2199.356966036706,10853.352082118014,77726.0,101128660.32999995,15856.0
Onabotulinumtoxina,Botox,1005,35790.0,48337.0,60609.0,49633024.22000001,68914506.56,87571338.19,13143.0,17797.0,22563.0,1.127004737673276,1.292687638166288,0.35057278569432804,0.38848090848815064,0.2538841880960755,0.2707243011855064,0.30222848689520176,0.3296026048368285,2.7160195538573917,1425.709219852287,3872.254119233579,2.6862119399016087,1444.8570045702784,3881.192137127155,71233.0,98448339.87,26596.0
Ondansetron,Ondansetron Odt,1006,1693548.0,2196721.0,2836105.0,33485743.2,50090540.41999999,48348169.28,1026022.0,1372036.0,1791804.0,1.1347740768535377,0.9892477757135677,0.29711174410173197,0.4958766219051691,0.29106290694175546,-0.034784434853178336,0.2940873255217437,0.2305460935259954,1.601066590089473,22.802413424372048,36.508182307169776,1.5828210005112167,17.047383393774208,26.98295643943199,3506824.0,52588894.36000001,2216461.0
Ondansetron Hcl,Ondansetron Hcl,1007,2414143.0,2511915.0,2816054.0,42494636.74,50301161.14000001,43187753.92999999,1208426.0,1292819.0,1497864.0,0.26839509208975343,0.1307232917511206,0.040499672140382734,0.1837061097324727,0.12107853967988566,-0.14141636194444346,0.08078910591013419,0.02114487389401462,1.9429750026879247,20.0250251859637,38.908123364523576,1.8800465195772114,15.336266254127226,28.832893994381326,3063170.0,54225868.74999999,1656110.0
Ondansetron Hcl/Pf,Ondansetron Hcl,1008,13157.0,14224.0,15707.0,194134.21000000008,203223.12,201383.94,3772.0,4183.0,4872.0,0.10682827143964485,0.13033949091937755,0.0810975146309949,0.046817662894138606,0.10426040494938132,-0.009050052966414417,0.09267895979018811,0.018883804963862095,3.4004303131723645,14.287339707536558,48.58310303609849,3.2239326765188836,12.821286050805373,41.33496305418719,18253.0,210902.7799999999,5753.0
Opium Tincture,Opium Tincture,1009,3577.0,3478.0,2925.0,1448326.5399999998,1495796.0099999993,1334804.5799999998,1260.0,1265.0,1059.0,-0.11229135053110774,-0.24165480421253765,-0.02767682415431926,0.03277539193613031,-0.15899942495687178,-0.10762926824493906,-0.09333812455559552,-0.03742693815440437,2.749407114624506,430.0736083956295,1182.4474387351772,2.762039660056657,456.3434461538461,1260.4386968838526,2744.0,957294.6699999996,945.0
Oritavancin Diphosphate,Orbactiv,1010,110.0,81.0,61.0,322385.19,232586.75,309333.69,55.0,25.0,17.0,-0.06153846153846154,0.9074761468121855,-0.2636363636363636,-0.2785439368353118,-0.24691358024691357,0.3299712472873025,-0.2552749719416386,0.025713655225995335,3.24,2871.4413580246915,9303.47,3.588235294117647,5071.044098360656,18196.099411764706,26.0,134685.03,10.0
Orphenadrine Citrate,Orphenadrine Citrate Er,1011,13036.0,16022.0,19539.0,669351.9299999998,889442.1999999998,904655.84,4958.0,6860.0,9377.0,-0.1644286691755046,0.10233660708478179,0.22905799324946302,0.32881098886201776,0.2195106728248658,0.017104697753266184,0.2242843330371644,0.17295784330764197,2.3355685131195334,55.51380601672699,129.65629737609328,2.0837154740322066,46.30000716515686,96.4760413778394,29223.0,939380.74,16958.0
Oseltamivir Phosphate,Oseltamivir Phosphate,1012,22890.0,156594.0,86816.0,1151503.5000000002,8300745.3999999985,4084309.990000001,19904.0,140999.0,77102.0,-0.7573263861712713,-0.8623940999343351,5.841153342070773,6.208614997696487,-0.44559817106657984,-0.5079586479064878,2.6977775855020965,2.8503281748949996,1.1106036213022787,53.0080679974967,58.87095227625727,1.125988949702991,47.045590559343914,52.972815102072595,164589.0,6743584.879999999,149099.0
Osimertinib Mesylate,Tagrisso,1013,43101.0,50925.0,56755.0,700626112.8000001,846998820.4999998,981426965.0999998,9760.0,11286.0,12431.0,0.9231811866761547,1.1430616701193081,0.18152711073989003,0.20891700298613203,0.11448208149239077,0.15871113553693558,0.1480045961161404,0.18381406926153382,4.512227538543328,16632.27924398625,75048.62843345736,4.56560212372295,17292.343671923176,78949.96099267957,79546.0,1338277910.83,16408.0
Ospemifene,Osphena,1014,4999.0,4786.0,4288.0,1715510.03,1690800.85,1626458.93,1735.0,1636.0,1447.0,0.5254357879758094,1.0501843214557403,-0.04260852170434087,-0.014403401651927349,-0.10405348934391977,-0.03805410909274156,-0.07333100552413031,-0.026228755372334454,2.9254278728606358,353.28057877141663,1033.4968520782397,2.9633724948168623,379.30478777985076,1124.021375259157,4548.0,1598656.3699999996,1584.0
Oxacillin Sodium,Oxacillin Sodium,1015,866.0,1126.0,1228.0,539478.0599999999,772736.61,838183.5,277.0,330.0,361.0,0.026755852842809364,0.1403321884891112,0.3002309468822171,0.43237819532456995,0.0905861456483126,0.08469495188017559,0.19540854626526483,0.25853657360237275,3.412121212121212,686.2669715808171,2341.626090909091,3.401662049861496,682.5598534201954,2321.8379501385043,973.0,591971.15,286.0
Oxaliplatin,Oxaliplatin,1016,1256.0,1656.0,2100.0,620931.36,658310.5599999999,796658.5099999999,315.0,398.0,508.0,1.0114942528735633,-0.06083192980301488,0.3184713375796178,0.06019860230605836,0.26811594202898553,0.21015605461349424,0.2932936398043017,0.1351773284597763,4.160804020100502,397.53053140096614,1654.046633165829,4.133858267716535,379.3611952380952,1568.2254133858266,2360.0,756208.7099999997,617.0
Oxaprozin,Oxaprozin,1017,5916.0,4570.0,4647.0,512525.9099999999,386655.3599999999,330051.48000000004,2064.0,1605.0,1723.0,-0.4590850890466768,-0.658891276047857,-0.22751859364435428,-0.24558865716662015,0.016849015317286654,-0.1463936255791201,-0.10533478916353381,-0.19599114137287013,2.8473520249221185,84.60729978118161,240.90676635514015,2.697040046430644,71.02463524854745,191.556285548462,4593.0,247312.87000000008,1703.0
Oxazepam,Oxazepam,1018,24278.0,19904.0,16714.0,1557296.15,1256061.68,1033260.03,8345.0,7006.0,5914.0,-0.47104247104247104,-0.5002751446495354,-0.18016311063514293,-0.1934342867283143,-0.1602692926045016,-0.17738113784348544,-0.17021620161982226,-0.18540771228589986,2.840993434199258,63.10599276527331,179.28371110476732,2.8261751775448087,61.820032906545414,174.7142424754819,14469.0,836878.44,5146.0
Oxcarbazepine,Oxcarbazepine,1019,965846.0,962358.0,971167.0,77193632.49,83666465.52000003,78422714.84000002,202850.0,202151.0,203497.0,-0.008958656905584594,0.20539528789393055,-0.0036113417666998673,0.08385190359889529,0.00915355823924153,-0.06267446159472957,0.0027711082362708314,0.010588721002082857,4.76058985609767,86.93902427163283,413.8810370465643,4.77238976495968,80.75100867307067,385.3752873015328,995156.0,72793438.74999999,207121.0
Oxiconazole Nitrate,Oxiconazole Nitrate,1020,14892.0,22349.0,15023.0,10868838.98,17036643.350000005,10956714.61,5335.0,7180.0,5223.0,-0.4263622131429226,-0.4988650830273116,0.5007386516250336,0.5674759172851418,-0.3277999015615911,-0.3568736291001833,0.08646937503172125,0.10530114409247926,3.112674094707521,762.3000290840756,2372.7915529247916,2.8763162933180166,729.3293356852826,2097.781851426383,11253.0,5264784.28,3625.0
Oxybutynin,Oxytrol,1021,573.0,544.0,615.0,445636.78,405789.1700000001,444250.8299999999,225.0,200.0,230.0,-0.333694474539545,-0.3459265559859173,-0.0506108202443281,-0.0894172379577824,0.13051470588235295,0.09478237184102224,0.039951942819012425,0.0026825669416199183,2.72,745.935974264706,2028.9458500000005,2.6739130434782608,722.3590731707316,1931.5253478260865,346.0,236959.58,125.0
Oxybutynin Chloride,Oxybutynin Chloride Er,1022,4365875.0,4207115.0,4234587.0,160318773.75999993,144995361.12,120854468.56999998,1213807.0,1180631.0,1193901.0,-0.10922830612130276,-0.3672972206505907,-0.03636384459014516,-0.09558089973255003,0.0065298904356072985,-0.1664942406676081,-0.014916977077268932,-0.13103757020007906,3.563446157182049,34.46432082793078,122.8117516141792,3.546849361881764,28.539847822231536,101.22654103648458,4231417.0,85168964.75000001,1193571.0
Oxycodone Hcl,Oxycodone Hcl,1023,7240220.0,7379459.0,7870077.0,561804355.61,521293375.2599999,471694200.57000005,2235982.0,2466848.0,2852169.0,0.05818836160161091,-0.3451766783918216,0.01923132170016933,-0.07210869753050211,0.06648427750597978,-0.0951463744676628,0.04285779960307456,-0.08362753599908246,2.991452655372362,70.64113714298024,211.31961728489145,2.759330530554115,59.935144290202,165.3808734931205,8541099.0,405197676.12,3241914.0
Oxycodone Hcl/Acetaminophen,Oxycodone-Acetaminophen,1024,7938742.0,7868456.0,7818639.0,273683028.39000005,286296640.31,300871438.97,2252167.0,2265735.0,2382176.0,-0.05259153443756733,-0.08803462928690847,-0.008853543798249144,0.046088396471649244,-0.006331229405108194,0.050908032466670014,-0.007592386601678669,0.048498214469159626,3.472805072084776,36.385364588681696,126.35927869322758,3.282141621777736,38.48130588584535,126.3010957082936,8141132.0,276767252.39000005,2430931.0
Oxycodone Myristate,Xtampza Er,1025,340071.0,339913.0,314976.0,204945867.59,221651298.25,212688644.08,77720.0,76620.0,71742.0,0.5244437776175243,1.066782473813221,-0.00046460886109077223,0.08151142961037733,-0.07336288991594908,-0.04043582979555134,-0.03691374938851993,0.020537799907412994,4.436348211955103,652.0824394771603,2892.864764421822,4.3903989294973655,675.253492583562,2964.6322109782277,317492.0,199608107.70000005,71678.0
Oxymetazoline Hcl,Rhofade,1026,415.0,430.0,192.0,243476.81,257841.01,130425.38,157.0,175.0,77.0,-0.4838709677419355,-0.3874403205167795,0.03614457831325301,0.05899617298255227,-0.5534883720930233,-0.4941635545098121,-0.2586718968898851,-0.2175836907636299,2.4571428571428573,599.6302558139535,1473.3772000000001,2.4935064935064934,679.2988541666667,1693.8361038961039,41.0,25930.59,21.0
Oxymorphone Hcl,Oxymorphone Hcl Er,1027,57296.0,46065.0,28612.0,25449914.91,24259288.230000004,21133048.390000004,14081.0,11703.0,7445.0,-0.7191680653298391,-0.379453512107971,-0.19601717397375035,-0.046783130089451286,-0.3788776728535765,-0.12886774790589145,-0.2874474234136634,-0.08782543899767137,3.9361702127659575,526.6316776294368,2072.911922583953,3.8431161853593014,738.6078704739272,2838.555861652116,21653.0,14684068.920000006,5926.0
Paclitaxel,Paclitaxel,1028,908.0,1138.0,1025.0,93977.37,123291.78,111148.69,255.0,304.0,273.0,0.6721044045676998,0.5864448500881156,0.2533039647577093,0.3119305211456759,-0.09929701230228472,-0.09849066985649811,0.07700347622771228,0.10671992564458888,3.7434210526315788,108.34075571177505,405.5650657894737,3.7545787545787546,108.43774634146342,407.1380586080586,1446.0,130173.62,414.0
Paclitaxel Protein-Bound,Abraxane,1029,649.0,666.0,522.0,4646056.899999999,4328985.31,3627960.86,145.0,180.0,145.0,-0.1226890756302521,-0.13317479196836685,0.026194144838212634,-0.06824530926429245,-0.21621621621621623,-0.16193735940397538,-0.0950110356890018,-0.11509133433413392,3.7,6499.977942942943,24049.918388888887,3.6,6950.116590038314,25020.41972413793,594.0,3623712.45,162.0
Palbociclib,Ibrance,1030,120348.0,114150.0,108311.0,1617560041.28,1646105814.92,1693438330.39,23689.0,22745.0,21742.0,-0.16414443475509527,0.07471261164784632,-0.051500648120450694,0.017647427552309834,-0.051151992991677615,0.02875423623498977,-0.051326320556064155,0.0232008318936498,5.018685425368213,14420.550284012264,72372.2055361618,4.9816484224082425,15634.961641846166,77887.88199751634,111354.0,1720573794.9899998,22262.0
Paliperidone,Invega,1031,280640.0,281486.0,295479.0,159254056.84000003,121636493.76999998,113036227.57,58354.0,58113.0,58139.0,0.07703046517900754,-0.44537496503913665,0.0030145381984036487,-0.2362110191503241,0.049711175689021836,-0.07070465395247301,0.026362856943712744,-0.15345783655139855,4.8437698965808,432.1227122130407,2093.1029850463747,5.082285557027125,382.55249127687586,1944.241001221211,310453.0,61799264.38000002,60617.0
Paliperidone Palmitate,Invega Sustenna,1032,553312.0,560834.0,573917.0,1596630405.7099998,1722298162.3500006,1898066569.9100003,95573.0,97236.0,100602.0,0.09759908507431858,0.4155975277594983,0.013594500028916778,0.07870810689222599,0.02332775830281331,0.10205457533565,0.018461129165865044,0.090381341113938,5.767760911596528,3070.9588975525744,17712.556690423306,5.704826941810302,3307.214405410539,18867.085842329183,583715.0,1955780456.8100004,102584.0
Palonosetron Hcl,Palonosetron Hcl,1033,2737.0,3603.0,3699.0,482208.4199999997,445374.01,434046.54999999993,660.0,922.0,951.0,1.3046728971962618,0.03592159783268332,0.3164048227986847,-0.07638690755337642,0.026644462947543714,-0.025433590074104413,0.1715246428731142,-0.050910248813740414,3.907809110629067,123.6119927837913,483.05207158351413,3.889589905362776,117.34159232224924,456.41067297581486,3199.0,203515.73,883.0
Pamidronate Disodium,Pamidronate Disodium,1034,405.0,364.0,266.0,21254.04,20340.34,12027.08,101.0,93.0,71.0,0.05976095617529881,0.04964279044113169,-0.10123456790123457,-0.04298947400117816,-0.2692307692307692,-0.4087080156968861,-0.1852326685660019,-0.2258487448490321,3.913978494623656,55.880054945054944,218.71333333333334,3.7464788732394365,45.214586466165414,169.39549295774648,107.0,3982.93,25.0
Panitumumab,Vectibix,1035,110.0,181.0,200.0,1026135.47,1317335.5300000005,1738760.7,30.0,40.0,45.0,3.761904761904762,4.303678123516999,0.6454545454545455,0.28378325134789517,0.10497237569060773,0.3199072373004312,0.3752134605725766,0.30184524432416315,4.525,7278.096850828732,32933.38825000001,4.444444444444445,8693.8035,38639.12666666666,115.0,1415310.84,35.0
Pantoprazole Sodium,Pantoprazole Sodium,1036,19974100.0,21121153.0,22538863.0,362568724.55,351086219.5800001,369661686.15,6087779.0,6562154.0,7079853.0,0.29827164484684576,0.38269535722791514,0.05742701798829484,-0.03166987164778581,0.06712275603514638,0.052908560729673364,0.06227488701172061,0.010619344540943775,3.2186311080172763,16.62249307980488,53.50167331946189,3.183521324524676,16.40107959971184,52.21318665090927,24450040.0,310250746.65000004,7704185.0
Parenteral Amino Acid 10% No.6,Travasol,1037,1014.0,376.0,101.0,161961.07,75359.79999999999,18213.06,190.0,80.0,25.0,-0.9399881164587047,-0.9365381690487569,-0.6291913214990138,-0.5347042347892614,-0.7313829787234043,-0.7583186261110034,-0.6802871501112091,-0.6465114304501325,4.7,200.42499999999998,941.9974999999998,4.04,180.32732673267327,728.5224000000001,51.0,12496.91,10.0
Parenteral Amino Acid 15% No.5,Clinisol,1038,22574.0,21197.0,14452.0,3565378.09,3233649.72,2319163.99,2784.0,2620.0,2175.0,-0.3410842110062463,-0.33010222318728694,-0.060999379817489145,-0.09304156855914253,-0.31820540642543754,-0.2828029654368377,-0.18960239312146335,-0.1879222669979901,8.090458015267176,152.5522347502005,1234.2174503816796,6.644597701149426,160.47356698034875,1066.2822942528737,12401.0,2039994.5400000005,1840.0
Parenteral Amino Acid 15% No.6,Plenamine,1039,348.0,345.0,299.0,34406.369999999995,44797.69,31179.69,60.0,70.0,60.0,3.3970588235294117,1.4732477286031798,-0.008620689655172414,0.3020173299304753,-0.13333333333333333,-0.3039888887127886,-0.07097701149425287,-0.0009857793911566548,4.928571428571429,129.84837681159422,639.967,4.983333333333333,104.27989966555184,519.6614999999999,317.0,35114.0,65.0
Parenteral Amino Acid 20% No.1,Prosol,1040,124238.0,107464.0,94633.0,20724481.67999999,18079934.559999995,14988963.839999996,10535.0,9639.0,8934.0,-0.4999867907281479,-0.5529907893796864,-0.13501505175550155,-0.12760498239876825,-0.11939812402292861,-0.17096138870095554,-0.12720658788921507,-0.1492831855498619,11.148874364560639,168.2417792004764,1875.7064591762626,10.592455786881576,158.39045406993327,1677.7438817998652,95781.0,16039784.71,9053.0
Paricalcitol,Paricalcitol,1041,22267.0,19370.0,17868.0,3139046.1800000006,3068405.73,2578847.01,5946.0,5410.0,4909.0,-0.501381331100879,-0.5615033725987368,-0.1301028427718148,-0.022503794448796747,-0.07754259163655136,-0.15954823549361583,-0.10382271720418308,-0.09102601497120628,3.5804066543438076,158.41020805369126,567.1729630314233,3.639845182318191,144.3276813297515,525.3304155632511,17509.0,1820002.7800000007,4805.0
Paroxetine Hcl,Paroxetine Hcl,1042,2967549.0,2837149.0,2757760.0,45848682.33,44348263.38,43054799.14999999,665637.0,641779.0,625255.0,-0.1758450788618739,-0.14216303297040744,-0.043941987141577106,-0.03272545411884677,-0.02798196358386535,-0.02916606269149499,-0.03596197536272123,-0.03094575840517088,4.420756989555595,15.63127751838201,69.1020793450705,4.4106164684808595,15.612235709416336,68.85958392975664,2711440.0,37390918.27999999,614841.0
Paroxetine Mesylate,Pexeva,1043,1248.0,868.0,431.0,445549.27,333485.99000000005,84971.16000000002,450.0,305.0,165.0,-0.7322981366459628,-0.8370040178335157,-0.30448717948717946,-0.2515171442206604,-0.5034562211981567,-0.7452032092862432,-0.40397170034266805,-0.4983601767534518,2.8459016393442624,384.2004493087558,1093.3966885245902,2.6121212121212123,197.14886310904876,514.9767272727274,330.0,40265.03,130.0
Pasireotide Pamoate,Signifor Lar,1044,81.0,140.0,181.0,1169791.72,2179057.83,3065495.5600000005,35.0,50.0,75.0,4.171428571428572,6.096051416088499,0.7283950617283951,0.8627741953926636,0.29285714285714287,0.4067986254407945,0.510626102292769,0.6347864104167291,2.8,15564.698785714287,43581.1566,2.4133333333333336,16936.439558011054,40873.27413333334,329.0,6251747.69,125.0
Patiromer Calcium Sorbitex,Veltassa,1045,68832.0,68122.0,93363.0,69484307.07000002,71143680.57000001,101680776.2,18006.0,17994.0,26097.0,0.012251580237008446,0.25385851681629445,-0.010314969781496978,0.023881270030199707,0.37052640850239277,0.4292313159136292,0.1801057193604479,0.22655629297191443,3.7858174947204626,1044.3568974780542,3953.744613204402,3.5775376480055177,1089.0907125949252,3896.2630264015024,107301.0,114961001.32999995,31722.0
"Patisiran Sodium,lipid Complex",Onpattro,1046,314.0,415.0,245.0,8848408.25,11757344.749999998,7470938.859999999,95.0,125.0,70.0,3.7115384615384617,6.464598579258749,0.321656050955414,0.3287525188499297,-0.40963855421686746,-0.3645726123664103,-0.04399125163072673,-0.017910046758240317,3.32,28330.951204819274,94058.75799999999,3.5,30493.627999999997,106727.69799999999,205.0,5784140.63,60.0
Pazopanib Hcl,Votrient,1047,5490.0,4348.0,3093.0,60422810.22000001,49088478.39000001,39385256.120000005,1776.0,1445.0,1026.0,-0.7110695936478281,-0.635092298669654,-0.20801457194899817,-0.1875836590309454,-0.2886384544618215,-0.19766801881511736,-0.24832651320540983,-0.19262583892303137,3.0089965397923875,11289.898433762652,33971.265321799314,3.0146198830409356,12733.674788231492,38387.18920077973,2584.0,21266931.53000001,851.0
Peg3350/Sod Sul/Nacl/Kcl/Asb/C,Moviprep,1048,57443.0,50539.0,52178.0,6973107.810000001,6547694.459999997,7065956.849999999,56476.0,49723.0,51109.0,0.6219963318722994,1.0952073831051936,-0.12018870880699128,-0.061007711567276655,0.03243040028492847,0.07915188974776959,-0.04387915426103141,0.009072089090246465,1.016410916477284,129.55726191653966,131.6834153208776,1.0209160813164022,135.4202317068496,138.2526922851161,50568.0,6480188.340000001,49536.0
"Peg3350/Sod Sulf,bicarb,cl/Kcl",Gavilyte-C,1049,372973.0,853081.0,1155319.0,5207973.789999999,13170196.189999998,20879120.890000008,362533.0,827904.0,1115791.0,0.5313414160533051,0.7213119725473082,1.2872459936778264,1.5288522410171346,0.3542899208867622,0.5853310450950854,0.8207679572822943,1.05709164305611,1.0304105306895486,15.438388839981195,15.907878437596628,1.0354259892757693,18.072169582600136,18.712394068423215,1255868.0,20994585.750000007,1207979.0
Pegfilgrastim,Neulasta,1050,5916.0,6649.0,7083.0,43753859.82000001,50285840.42999999,55255989.72999999,1541.0,1709.0,1807.0,-0.12587930396149574,-0.08532863712823265,0.12390128465179175,0.14928924298043755,0.06527297337945556,0.09883794836677044,0.09458712901562366,0.124063595673604,3.8905792861322412,7562.9177966611505,29424.13132241076,3.9197565024903156,7801.2127248341085,30578.85430547869,9577.0,65774444.63999999,2462.0
Pegfilgrastim-Cbqv,Udenyca,1051,695.0,246.0,476.0,3368935.26,1163395.15,2529623.6500000004,200.0,80.0,157.0,2.838709677419355,3.7034041126808774,-0.6460431654676259,-0.6546697813361958,0.9349593495934959,1.1743460508667245,0.14445809206293503,0.25983813476526435,3.075,4729.248577235772,14542.439374999998,3.031847133757962,5314.335399159665,16112.252547770702,2254.0,9988340.249999998,592.0
Pegfilgrastim-Jmdb,Fulphila,1052,440.0,415.0,978.0,2019284.55,1674706.9999999998,4136580.600000001,127.0,125.0,279.0,5.887323943661972,4.920580604919405,-0.056818181818181816,-0.17064338455915007,1.3566265060240963,1.4700324295533498,0.6499041621029572,0.6496945224970998,3.32,4035.438554216867,13397.655999999999,3.5053763440860215,4229.632515337425,14826.453763440864,1515.0,3308335.6899999985,426.0
Peginterferon Alfa-2a,Pegasys,1053,2682.0,3558.0,4138.0,10227104.749999998,13589419.3,15868595.280000005,697.0,958.0,1079.0,1.2440347071583515,1.2868551208339198,0.32662192393736017,0.3287650446721007,0.16301292861157954,0.16771695167283596,0.24481742627446984,0.24824099817246834,3.7139874739039667,3819.3983417650365,14185.197599164927,3.835032437442076,3834.846611889803,14706.761149212238,5390.0,20221042.26,1310.0
Peginterferon Beta-1a,Plegridy Pen,1054,4166.0,3420.0,2466.0,33368062.59,27913719.26,20965675.51,1295.0,1115.0,805.0,-0.5476889214966985,-0.49574708685040664,-0.17906865098415747,-0.16345999457680824,-0.2789473684210526,-0.2489114290103382,-0.22900800970260504,-0.2061857117935732,3.0672645739910314,8161.906216374269,25034.725793721973,3.063354037267081,8501.89598945661,26044.31740372671,2291.0,19480607.950000003,730.0
Pegloticase,Krystexxa,1055,1174.0,2032.0,2794.0,40546830.63,81312341.99999999,124164828.99999996,282.0,493.0,665.0,4.932059447983015,6.037093263667125,0.7308347529812607,1.0053932881214687,0.375,0.5270108564822789,0.5529173764906303,0.7662020723018738,4.121703853955375,40015.91633858267,164933.75659229205,4.201503759398496,44439.80994989261,186714.0285714285,3656.0,156245093.41999996,879.0
Pegvaliase-Pqpz,Palynziq,1056,544.0,525.0,686.0,13124605.59,13119864.080000002,17414726.82,145.0,155.0,205.0,2.648936170212766,4.872484301986123,-0.034926470588235295,-0.00036126876099123323,0.30666666666666664,0.32735573431336934,0.13587009803921568,0.16349723277618905,3.3870967741935485,24990.2172952381,84644.28438709679,3.346341463414634,25385.89915451895,84949.88692682928,704.0,19815187.21,210.0
Pegvisomant,Somavert,1057,1438.0,1569.0,1567.0,19531414.19,21860434.82,24019078.11,430.0,495.0,525.0,-0.03746928746928747,0.17016488112277411,0.09109874826147427,0.11924485382079744,-0.0012746972594008922,0.09874658522460254,0.044912025501036686,0.10899571952269999,3.16969696969697,13932.71817718292,44162.494585858585,2.9847619047619047,15328.065162731333,45750.62497142857,1523.0,21845680.82,491.0
Pembrolizumab,Keytruda,1058,5244.0,6578.0,8455.0,55419942.90999999,75119474.09000002,101263256.50999998,1061.0,1338.0,1590.0,1.5321952680443247,2.1008257238556585,0.2543859649122807,0.35545924707990706,0.2853450896929158,0.3480293590537829,0.2698655273025983,0.351744303066845,4.916292974588939,11419.80451352995,56143.10470104635,5.317610062893082,11976.730515671197,63687.58271069181,10105.0,117779709.69,1766.0
Pemetrexed Disodium,Alimta,1059,1093.0,907.0,939.0,6718212.16,4708326.93,2620734.79,250.0,250.0,240.0,-0.09187620889748549,-0.5276321434195254,-0.17017383348581885,-0.29916965736312806,0.03528114663726571,-0.44338300441681516,-0.06744634342427658,-0.3712763308899716,3.628,5191.099151047409,18833.307719999997,3.9125,2790.9848668796594,10919.728291666666,1119.0,1719485.71,293.0
"Pen Needle, Diabetic",Ultra-Fine Mini Pen Needle,1060,2880753.0,2794007.0,2920035.0,210261291.91000003,218809745.14999995,234669925.0,1004613.0,983000.0,1044982.0,-0.06723971109054662,0.18328212968928567,-0.030112265786063575,0.040656333661542365,0.045106544113883755,0.07248388246660346,0.00749713916391009,0.056570108064072915,2.842326551373347,78.31395739166005,222.59384043743637,2.794339998200926,80.3654493867368,224.56838969475072,2962727.0,247647424.6900001,1073969.0
"Pen Needle, Diabetic, Safety",Novofine Autocover,1061,124944.0,113208.0,95525.0,10109294.3,9457939.27,8070672.499999998,31207.0,29229.0,24972.0,-0.4172853212632144,-0.28478320269109825,-0.09393008067614292,-0.06443130555611594,-0.15619920853649918,-0.14667748760031968,-0.12506464460632105,-0.1055543965782178,3.8731396900338706,83.54479603914918,323.58066543501315,3.825284318436649,84.48754252813397,323.18887153612036,52672.0,4793098.850000001,16313.0
"Pen Needle,dual Safety,diabetc",Autoshield Duo Pen Needle,1062,153227.0,159657.0,211609.0,11953058.649999997,13453513.14,18429712.12,37994.0,41826.0,52621.0,0.45283964518166586,0.838400714347243,0.041963883649748415,0.12552891556338214,0.3253975710429233,0.36988100641198024,0.18368072734633584,0.2477049609876812,3.8171711375699324,84.26510043405551,321.6543092813083,4.021379297238745,87.0932338416608,350.2349275004276,273178.0,25677786.950000003,69430.0
Penciclovir,Denavir,1063,379.0,372.0,239.0,341937.33,334817.50999999995,194851.91,150.0,140.0,95.0,-0.4441860465116279,-0.4966097899432793,-0.018469656992084433,-0.020822002675168764,-0.3575268817204301,-0.41803548446435784,-0.18799826935625727,-0.2194287435697633,2.657142857142857,900.047069892473,2391.5536428571427,2.5157894736842104,815.2799581589958,2051.0727368421053,273.0,203513.32,100.0
Penicillamine,Cuprimine,1064,443.0,423.0,446.0,4085246.97,3466549.97,3943380.71,159.0,150.0,155.0,0.664179104477612,0.01809145278792958,-0.045146726862302484,-0.1514466578259282,0.054373522458628844,0.13755195918897997,0.00461339779816318,-0.006947349318474114,2.82,8195.153593380615,23110.333133333334,2.8774193548387097,8841.660784753363,25441.165870967743,641.0,2847971.96,220.0
Penicillin G Benzathine,Bicillin L-A,1065,1000.0,796.0,580.0,493675.17,385318.05,290554.08,373.0,320.0,224.0,-0.3803418803418803,-0.474158830180807,-0.204,-0.21949072301934894,-0.271356783919598,-0.24593701229412943,-0.237678391959799,-0.23271386765673918,2.4875,484.06790201005026,1204.11890625,2.5892857142857144,500.95531034482764,1297.1164285714287,857.0,571946.8700000001,340.0
Penicillin G Potassium,Penicillin G Potassium,1066,634.0,740.0,761.0,244513.39,212631.63,211770.67,195.0,240.0,240.0,-0.039141414141414144,-0.30181264386036216,0.167192429022082,-0.1303886057119408,0.02837837837837838,-0.004049068334753356,0.0977854037002302,-0.06721883702334708,3.0833333333333335,287.34004054054054,885.9651250000001,3.1708333333333334,278.27946123521684,882.3777916666667,739.0,187371.89,235.0
Penicillin V Potassium,Penicillin V Potassium,1067,346257.0,320775.0,306768.0,2441038.1100000003,2361208.29,2090789.2800000005,265986.0,245503.0,236384.0,-0.17609015609724654,-0.2687502952967437,-0.07359273603132933,-0.032703225596097014,-0.043666121112929626,-0.11452569057344769,-0.05862942857212948,-0.07361445808477235,1.3066031779652387,7.360948608837971,9.617838845146496,1.297752808988764,6.815539039273981,8.844884932990391,288358.0,1721578.15,220539.0
Pentamidine Isethionate,Pentam 300,1068,61.0,28.0,18.0,9569.02,3634.13,2704.86,20.0,10.0,5.0,0.125,0.008749160886104288,-0.5409836065573771,-0.6202192074005488,-0.35714285714285715,-0.2557063176055892,-0.4490632318501171,-0.437962762503069,2.8,129.79035714285715,363.413,3.6,150.27,540.972,12.0,1803.24,5.0
Pentazocine Hcl/Naloxone Hcl,Pentazocine-Naloxone Hcl,1069,3395.0,2440.0,2083.0,579227.93,443219.9900000001,400425.54999999993,1068.0,866.0,741.0,-0.7191965489350229,-0.6822081262530363,-0.2812960235640648,-0.23480901551138933,-0.14631147540983608,-0.09655349705684567,-0.21380374948695044,-0.1656812562841175,2.8175519630484986,181.64753688524596,511.8013741339493,2.8110661268556005,192.23502160345652,540.3853576248312,2315.0,366169.48,839.0
Pentosan Polysulfate Sodium,Elmiron,1070,32330.0,23989.0,21607.0,29177141.710000005,23664175.69,22221561.03,9497.0,7207.0,6594.0,-0.5711280046049105,-0.5524692373688683,-0.25799566965666565,-0.18894811818083337,-0.09929551044228604,-0.06096196541549595,-0.17864559004947583,-0.12495504179816466,3.328569446371583,986.4594476635125,3283.4987775773557,3.2767667576584776,1028.4426820012034,3369.9667925386716,19029.0,19391554.379999995,5771.0
Pentoxifylline,Pentoxifylline,1071,239272.0,227768.0,225277.0,6452039.3100000005,7312109.6499999985,7829837.139999999,62701.0,59811.0,59450.0,-0.1554435030366649,0.2796625267202928,-0.04807917349292855,0.13330209235814436,-0.010936567033121422,0.07080412012147552,-0.029507870263024986,0.10205310623980994,3.8081289394927356,32.10332289873906,122.25359298456803,3.789352396972246,34.75648708034996,131.70457762825902,226107.0,7282874.64,59372.0
Perampanel,Fycompa,1072,40598.0,43330.0,44964.0,45011070.85,50932301.99000002,55773977.76,8408.0,8865.0,9351.0,0.3477609256039806,0.6794531505164304,0.06729395536725948,0.13155055030200455,0.03771059312254789,0.09506100413349841,0.05250227424490368,0.11330577721775148,4.887760857304005,1175.4512344795758,5745.324533558942,4.80846968238691,1240.414059247398,5964.493397497594,47067.0,58814268.86999999,9897.0
Perindopril Erbumine,Perindopril Erbumine,1073,4361.0,4133.0,3942.0,198849.55,195526.05,216070.24,1420.0,1305.0,1203.0,-0.31905337709448955,-0.20314625405027864,-0.05228158679202018,-0.016713641041682017,-0.04621340430679893,0.1050713702854428,-0.049247495549409555,0.04417886462188039,3.1670498084291188,47.30850471812243,149.8283908045977,3.2768079800498753,54.81233891425672,179.60950955943474,4107.0,210070.94,1273.0
Permethrin,Permethrin,1074,44517.0,40900.0,49156.0,3091420.830000001,2698156.859999999,3125356.09,25480.0,23945.0,28681.0,-0.12720170454545454,-0.28242605163863665,-0.08124985960419615,-0.12721139942632848,0.20185819070904645,0.15833002014567865,0.060304165552425154,0.015559310359675088,1.7080810190018794,65.96960537897309,112.68143077886819,1.7138872424252989,63.58035824721295,108.96956486872843,51756.0,3128511.900000001,29755.0
Perphenazine,Perphenazine,1075,183057.0,165331.0,150519.0,12756098.66,11501585.350000003,10009578.019999998,37628.0,34997.0,31966.0,-0.2983843902075215,-0.3561938592895018,-0.09683322680913595,-0.09834615923235551,-0.08958997405205316,-0.12972188481825292,-0.09321160043059455,-0.11403402202530422,4.72414778409578,69.56702221603936,328.6448938480442,4.708721766877307,66.50042865020362,313.13201589188503,140105.0,7701149.81,30242.0
Perphenazine/Amitriptyline Hcl,Perphenazine-Amitriptyline,1076,1337.0,1042.0,944.0,106742.88,91458.89999999997,95600.02,525.0,416.0,383.0,-0.4810335349092908,-0.2608203964043095,-0.2206432311144353,-0.14318500681263274,-0.09404990403071017,0.045278480279120355,-0.15734656757257273,-0.0489532632667562,2.5048076923076925,87.77245681381955,219.85312499999992,2.464751958224543,101.27120762711864,249.60840731070496,885.0,68424.53,351.0
Pertuzumab,Perjeta,1077,589.0,855.0,887.0,3604891.48,5625866.010000004,6416144.17,180.0,240.0,240.0,0.09641532756489493,0.444341864309544,0.45161290322580644,0.5606200744772502,0.03742690058479532,0.14047226837526386,0.24451990190530087,0.350546171426257,3.5625,6579.96024561404,23441.108375000018,3.6958333333333333,7233.53344983089,26733.934041666667,918.0,6258852.379999998,275.0
Phenazopyridine Hcl,Phenazopyridine Hcl,1078,2883.0,3385.0,3701.0,56494.76999999998,54280.09,37430.5,1599.0,1941.0,2330.0,-0.553666184273999,-0.7568143692655931,0.17412417620534165,-0.03920150484726261,0.09335302806499261,-0.3104193452884842,0.13373860213516714,-0.1748104250678734,1.743946419371458,16.035477104874445,27.96501287995878,1.588412017167382,10.113617941097,16.064592274678112,5542.0,50519.17,3822.0
Phenelzine Sulfate,Phenelzine Sulfate,1079,3720.0,3563.0,3861.0,267615.7399999999,273943.47000000003,279868.03,1355.0,1280.0,1365.0,-0.32286916871273236,-0.4257473144823701,-0.04220430107526882,0.02364483494132355,0.08363738422677519,0.02162694369024382,0.020716541575753186,0.022635889315783683,2.78359375,76.88562166713444,214.0183359375,2.8285714285714287,72.48589225589227,205.03152380952383,3582.0,238869.56,1245.0
Phenobarbital,Phenobarbital,1080,325999.0,301175.0,279805.0,13615598.249999996,11812521.95,9467072.629999995,74009.0,68459.0,64311.0,-0.2882290243722511,-0.4077042013113128,-0.07614747284500872,-0.1324272548949509,-0.07095542458703412,-0.19855618723315932,-0.07355144871602143,-0.16549172106405513,4.399348515169663,39.22145579812401,172.54885332826947,4.350810903266937,33.834537016851,147.20767255990415,264790.0,7099154.639999998,60822.0
Phenoxybenzamine Hcl,Phenoxybenzamine Hcl,1081,173.0,146.0,143.0,1196224.11,1151253.85,1317448.71,70.0,55.0,55.0,-0.4090909090909091,-0.2777505761019989,-0.15606936416184972,-0.03759350745739442,-0.02054794520547945,0.14435987336763292,-0.08830865468366458,0.05338318295511925,2.6545454545454548,7885.3003424657545,20931.888181818184,2.6,9212.928041958041,23953.61290909091,167.0,949135.46,65.0
Phenylephrine Hcl,Phenylephrine Hcl,1082,2125.0,5409.0,1324.0,86952.77,174703.93,49256.08999999999,2012.0,5115.0,1220.0,-0.25534308211473566,-0.4519075210243978,1.5454117647058823,1.0091818811522622,-0.7552227768533925,-0.7180596338044599,0.3950944939262449,0.14556112367390112,1.0574780058651025,32.298748382325755,34.155216031280546,1.0852459016393443,37.20248489425981,40.37384426229507,828.0,30417.1,770.0
Phenytoin,Phenytoin,1083,92751.0,81053.0,71619.0,3629135.3700000006,3211086.5,2784834.68,23912.0,21487.0,19049.0,-0.4571562838713589,-0.4719256027228216,-0.1261226294056129,-0.11519241565243693,-0.11639297743451815,-0.13274379871112155,-0.12125780342006552,-0.12396810718177924,3.7721878345045843,39.617120896203716,149.44322148275702,3.759724919943304,38.88402072075846,146.19322169142737,65894.0,2522938.44,17563.0
Phenytoin Sodium,Phenytoin Sodium,1084,33.0,46.0,24.0,3234.31,4981.81,2014.7,16.0,10.0,10.0,-0.7857142857142857,-0.621113246649691,0.3939393939393939,0.5403007132896972,-0.4782608695652174,-0.5955887518793371,-0.04216073781291174,-0.027644019294819966,4.6,108.30021739130436,498.18100000000004,2.4,83.94583333333334,201.47,13.0,336.02,5.0
Phenytoin Sodium Extended,Phenytoin Sodium Extended,1085,595395.0,528358.0,468723.0,34838767.69000001,30227803.7,26610917.59,140971.0,126680.0,112780.0,-0.4183878208667792,-0.396549063826571,-0.11259248062210801,-0.1323515237688366,-0.11286854746213741,-0.1196542807375714,-0.11273051404212271,-0.12600290225320399,4.170808335964636,57.210837538184336,238.6154381117777,4.156082638765739,56.773227663246736,235.95422583791452,423462.0,21617233.61,103335.0
Pilocarpine Hcl,Pilocarpine Hcl,1086,157634.0,159336.0,163879.0,14584849.040000005,13461966.78,13485974.41,51338.0,52563.0,54155.0,-0.05521284936813947,-0.3036580827512425,0.01079716304858089,-0.0769896388313941,0.028512075111713612,0.001783367199781548,0.01965461908014725,-0.03760313581580628,3.031333827977855,84.48791723151076,256.1110815592717,3.026110239128428,82.29226691644445,249.0254715169421,178238.0,11599108.449999996,58734.0
Pimavanserin Tartrate,Nuplazid,1087,106922.0,106712.0,111094.0,379556142.6899999,418963796.8199999,473597546.8,21402.0,21468.0,21972.0,0.20633714111974982,0.9070811829066033,-0.0019640485587624624,0.10382562603442293,0.04106379788589849,0.13040207863944037,0.019549874663568015,0.11711385233693164,4.97074715856158,3926.1169954644265,19515.734899385126,5.056162388494448,4263.034428501989,21554.59433824868,116719.0,520417377.06,22903.0
Pimecrolimus,Pimecrolimus,1088,16715.0,16216.0,20801.0,6344486.059999999,6010573.320000002,6949778.200000002,7675.0,7479.0,9571.0,1.135187846438103,0.38788204706993473,-0.029853425067304817,-0.05263038437505788,0.2827454366058214,0.1562587843117767,0.1264460057692583,0.05181419996835941,2.168204305388421,370.6569634928467,803.660024067389,2.17333611952774,334.1078890437961,726.1287430780485,25123.0,6193571.71,11725.0
Pimozide,Pimozide,1089,4584.0,4343.0,4523.0,530876.91,492557.01,499718.1699999999,1590.0,1489.0,1517.0,-0.13369086381919174,-0.09438740679932496,-0.05257417102966841,-0.07218226914408468,0.04144600506562284,0.014538743444134347,-0.005564082982022784,-0.028821762849975167,2.916722632639355,113.41400184204467,330.7971860308932,2.981542518127884,110.48378730930797,329.4121094264996,4291.0,443330.8500000001,1440.0
Pindolol,Pindolol,1090,11057.0,9768.0,10033.0,947509.71,775513.3600000002,788102.3599999998,3190.0,2809.0,2789.0,-0.5976822519849226,-0.5040926704744929,-0.11657773356244913,-0.18152463049692624,0.02712940212940213,0.016233118150278586,-0.044724165716523503,-0.08264575617332383,3.4773940904236382,79.39325962325965,276.08165183339275,3.597346719254213,78.5510176417821,282.57524560774465,10344.0,733506.49,2751.0
Pioglitazone Hcl,Pioglitazone Hcl,1091,2483288.0,2571866.0,2627208.0,47750748.64,47395248.06,55188430.33,684908.0,719856.0,745801.0,0.1393268659499638,0.09818333598457936,0.03566964443914681,-0.00744492160070976,0.021518228399146768,0.16442961243992685,0.028593936419146787,0.07849234541960855,3.5727506612433597,18.428350489488956,65.83990139694606,3.5226662340222124,21.006494472458975,73.99886877330547,2760442.0,36179698.76,784588.0
Pioglitazone Hcl/Glimepiride,Pioglitazone-Glimepiride,1092,1030.0,774.0,821.0,475702.95000000007,386116.7499999999,410415.23,316.0,237.0,282.0,-0.0691609977324263,-0.04234862377957075,-0.24854368932038834,-0.18832382687557472,0.060723514211886306,0.06293039605248958,-0.09391008755425101,-0.06269671541154256,3.2658227848101267,498.8588501291988,1629.1845991561177,2.9113475177304964,499.8967478684531,1455.3731560283688,825.0,244534.46,300.0
Pioglitazone Hcl/Metformin Hcl,Pioglitazone-Metformin,1093,16893.0,13714.0,12741.0,2111431.16,1588607.4399999997,1626754.9400000004,5326.0,4295.0,3964.0,-0.5049154847483971,-0.6159544241331689,-0.18818445509974546,-0.2476158019757558,-0.0709493947790579,0.024013169672679302,-0.1295669249394017,-0.11180131615153825,3.193015133876601,115.83837246609302,369.87367636786956,3.214177598385469,127.67874892080688,410.38217457114035,13464.0,931092.59,4038.0
Piperacillin Sodium/Tazobactam,Piperacillin-Tazobactam,1094,31226.0,30295.0,34786.0,5978509.139999999,6049074.789999998,7157754.870000001,9164.0,8986.0,10776.0,0.12274473098150598,0.16979407746968805,-0.029814897841542305,0.01180321855291158,0.1482422842053144,0.1832809344385711,0.05921369318188605,0.09754207649574134,3.371355441798353,199.67238125103145,673.1665691075003,3.2280994803266516,205.7653903869373,664.2311497772829,37728.0,7247098.889999999,12042.0
"Piperacillin-Tazo-Dextrose,iso",Zosyn,1095,900.0,451.0,571.0,216423.41999999995,115443.13999999996,141295.79999999996,272.0,152.0,177.0,-0.6693688477127968,-0.6421632822275986,-0.4988888888888889,-0.46658665684148243,0.2660753880266075,0.22394279989265722,-0.11640675043114068,-0.1213219284744126,2.9671052631578947,255.97148558758306,759.4943421052628,3.225988700564972,247.4532399299474,798.2813559322032,802.0,199684.99,232.0
Pirfenidone,Esbriet,1096,53140.0,38696.0,42306.0,539982788.31,341710096.06000006,178913081.36999995,11678.0,9992.0,10381.0,-0.21638141809290953,-0.6468837538847676,-0.2718103123823862,-0.3671833557335036,0.09329129625801116,-0.4764185096287438,-0.0892595080621875,-0.42180093268112373,3.8726981585268216,8830.630971159811,34198.36830064052,4.075329929679222,4229.0238115160955,17234.667312397643,47092.0,119045834.0,10920.0
Piroxicam,Piroxicam,1097,22647.0,21741.0,24767.0,3141504.38,3191391.850000001,4843114.249999999,7983.0,7521.0,8567.0,-0.27537376751806664,0.2781254091610311,-0.040005298715061595,0.015880121102998794,0.13918403017340508,0.5175554985515168,0.04958936572917175,0.2667178098272578,2.8907060231352215,146.79140103951065,424.33078712937123,2.890977004785806,195.54706868009848,565.3220789074354,24306.0,3292855.23,8603.0
Pitavastatin Calcium,Livalo,1098,188843.0,174905.0,148902.0,106900324.39999998,101711653.78,87297245.99000001,50409.0,46557.0,40253.0,-0.20592376117237995,-0.011533601711038009,-0.07380734260735108,-0.0485374637459938,-0.14866927760784426,-0.14171835039845118,-0.11123831010759767,-0.09512790707222249,3.7567927486736687,581.5251352448472,2184.6694112593163,3.6991528581720616,586.2731594605849,2168.7140334881874,121407.0,41939623.08999999,34870.0
Pitavastatin Magnesium,Zypitamag,1099,103.0,797.0,1431.0,20938.47,227713.06000000003,422327.15,45.0,290.0,515.0,58.625,74.36186716964164,6.737864077669903,9.875343804967603,0.795483061480552,0.8546461498519232,3.7666735695752274,5.364994977409763,2.7482758620689656,285.71274780426603,785.2174482758621,2.7786407766990293,295.1272886093641,820.052718446602,1532.0,412953.3099999999,555.0
Pitolisant Hcl,Wakix,1100,3272.0,3802.0,5312.0,34294916.03,42065327.17999999,64207631.27,925.0,1130.0,1459.0,441.6666666666667,862.361352981927,0.16198044009779952,0.2265761824056576,0.39715938979484483,0.526378981797807,0.27956991494632216,0.37647758210173227,3.3646017699115043,11063.999784324038,37225.95325663716,3.640849897189856,12087.27998305723,44007.97208361892,6748.0,85924648.92,1918.0
Plecanatide,Trulance,1101,61458.0,68077.0,84123.0,37287985.41,45615853.34000001,62508021.260000005,17704.0,19726.0,24420.0,1.695645207805941,2.9584226733368277,0.1076995671840932,0.22333917583454707,0.2357036884704085,0.3703135353863357,0.17170162782725085,0.2968263556104414,3.4511304876812328,670.0626252625705,2312.473554699382,3.444840294840295,743.0550653210181,2559.7060303030307,86086.0,62587428.80000001,25361.0
Plerixafor,Mozobil,1102,90.0,61.0,74.0,2294188.93,1577537.7200000002,1574299.82,73.0,53.0,63.0,0.7209302325581395,2.032035754259666,-0.32222222222222224,-0.3123767186863725,0.21311475409836064,-0.0020525024276441006,-0.0545537340619308,-0.1572146105570083,1.150943396226415,25861.27409836066,29764.862641509437,1.1746031746031746,21274.321891891894,24988.88603174603,97.0,334188.16000000003,90.0
Pnv 119/Iron Fum/Folic Acid,Se-Natal-19,1103,109.0,89.0,97.0,2803.66,2214.2200000000003,2028.55,45.0,35.0,30.0,-0.4294117647058823,-0.44627029859994594,-0.1834862385321101,-0.21023947268927032,0.0898876404494382,-0.08385345629612247,-0.04679929904133595,-0.1470464644926964,2.5428571428571427,24.878876404494385,63.26342857142858,3.2333333333333334,20.912886597938144,67.61833333333333,96.0,2004.74,40.0
Pnv No.118/Iron Fumarate/Fa,Se-Natal 19,1104,129.0,128.0,144.0,2892.74,2893.73,3262.18,45.0,50.0,55.0,0.051094890510948905,-0.04483074643734503,-0.007751937984496124,0.00034223608067100275,0.125,0.1273270139232063,0.05862403100775194,0.06383462500193865,2.56,22.607265625,57.8746,2.618181818181818,22.654027777777777,59.312363636363635,160.0,4454.570000000001,65.0
"Pnv,calcium 72/Iron/Folic Acid",Preplus,1105,29694.0,29237.0,33994.0,291196.59,297770.41,381601.28,8303.0,8044.0,9061.0,0.35720844811753905,0.8450217843350837,-0.015390314541658248,0.022575195677943714,0.16270479187331122,0.2815285440887161,0.07365723866582649,0.1520518698833299,3.6346345101939335,10.184711495707493,37.01770387866733,3.751683037192363,11.22554803788904,42.11469815693632,38781.0,372499.0200000001,10191.0
Podofilox,Podofilox,1106,266.0,198.0,348.0,14661.97,12197.67,20881.200000000004,112.0,95.0,145.0,-0.02247191011235955,-0.31229181391053573,-0.2556390977443609,-0.16807427651263776,0.7575757575757576,0.7119007154645112,0.25096832991569834,0.2719132194759367,2.0842105263157893,61.60439393939394,128.3965263157895,2.4,60.003448275862084,144.00827586206898,264.0,20961.6,119.0
"Poliomyelitis Vaccine, Killed",Ipol,1107,505.0,3201.0,4925.0,21073.25,169561.21,274823.45,418.0,2690.0,4600.0,1.3757838880849012,2.146654085704201,5.338613861386139,7.0462771523139525,0.5385816932208685,0.6207919842044063,2.938597777303504,3.8335345682591795,1.1899628252788104,52.97132458606685,63.03390706319702,1.0706521739130435,55.80171573604061,59.74422826086957,6998.0,399266.69,6530.0
Polymyxin B Sulf/Trimethoprim,Polymyxin B Sul-Trimethoprim,1108,159012.0,161596.0,128929.0,1449861.5000000002,1463192.5000000005,1270159.5400000005,126831.0,128169.0,103999.0,-0.3781279543130559,-0.3509713848874345,0.016250345885845095,0.009194671353091472,-0.20215228099705437,-0.13192588124939125,-0.09295096755560464,-0.06136560494814989,1.2608040945938566,9.054633159236618,11.416118562210835,1.2397138434023405,9.8516201940603,12.213189934518606,137573.0,1185019.2000000002,110036.0
Polymyxin B Sulfate,Polymyxin B Sulfate,1109,693.0,199.0,118.0,44471.06,18762.91,20990.33,230.0,65.0,30.0,-0.9092307692307692,-0.7753180179485861,-0.7128427128427128,-0.5780871874877729,-0.40703517587939697,0.11871399479078681,-0.559938944361055,-0.22968659634849303,3.0615384615384613,94.28597989949749,288.66015384615383,3.933333333333333,177.8841525423729,699.6776666666667,68.0,4919.339999999999,25.0
Pomalidomide,Pomalyst,1110,66044.0,69130.0,60269.0,1267917788.9799998,1393786149.87,1302808336.15,15704.0,16238.0,14675.0,0.14191250307887607,0.43382262525719545,0.046726424807703955,0.09927170514048649,-0.1281787935773181,-0.0652738683968738,-0.040726184384807074,0.016998918371806344,4.257297696760685,20161.813248517286,85834.8411054317,4.106916524701874,21616.558033980986,88777.39939693357,79949.0,1738046814.1399996,18415.0
Ponatinib Hcl,Iclusig,1111,1281.0,2106.0,2973.0,30968599.68,44534334.400000006,62276740.10999999,470.0,710.0,950.0,1.0142276422764227,0.7756618719145257,0.6440281030444965,0.43804805061176105,0.4116809116809117,0.39839835823391095,0.5278545073627041,0.418223204422836,2.9661971830985916,21146.407597340934,62724.41464788733,3.1294736842105264,20947.440332996972,65554.4632736842,4095.0,84883356.04,1240.0
Posaconazole,Noxafil,1112,11687.0,12054.0,16497.0,40635386.99000001,36024696.1,42084501.57,3395.0,3441.0,4684.0,1.773537323470074,0.18443858535155838,0.03140241293745187,-0.11346491891746117,0.3685913389746142,0.16821253545564258,0.19999687595603305,0.0273738082690907,3.5030514385353095,2988.609266633483,10469.251990700379,3.52198975234842,2551.0396781232953,8984.735604184458,23692.0,27585458.6,6687.0
Potassium Bicarbonate/Cit Ac,Effer-K,1113,1813.0,1574.0,2272.0,41486.62,44965.31,70039.15000000001,626.0,537.0,782.0,0.3819951338199513,0.6486491575992613,-0.13182570325427467,0.08385088975674554,0.4434561626429479,0.557626312372805,0.15581522969433662,0.32073860106477525,2.931098696461825,28.56754129606099,83.73428305400373,2.9053708439897696,30.827090669014087,89.56413043478263,2274.0,61917.25,740.0
Potassium Chloride,Potassium Chloride,1114,14228811.0,13833806.0,13776316.0,435444299.58,408420082.5500001,387375545.8099999,3923375.0,3862179.0,3871013.0,-0.10574916229196374,-0.24484517201291375,-0.027760928161882255,-0.06206124883496152,-0.004155761617590994,-0.05152669430113993,-0.015958344889736624,-0.05679397156805073,3.581865573812089,29.52333454365343,105.74861562604946,3.558840024562046,28.11895036452415,100.07084600594209,14127105.0,285741265.37,3978228.0
Potassium Chloride In 0.9%nacl,Potassium Chl-Normal Saline,1115,814.0,877.0,884.0,54781.49,55195.24,63369.76,119.0,130.0,130.0,-0.08203530633437175,0.23220394812318115,0.0773955773955774,0.007552733596694796,0.00798175598631699,0.14810190154078512,0.042688666690947195,0.07782731756873995,6.746153846153846,62.93641961231471,424.57876923076924,6.8,71.68524886877829,487.4596923076923,614.0,47947.420000000006,115.0
Potassium Chloride/D5-0.45nacl,Dextrose 5%-0.45% Nacl-Kcl,1116,826.0,590.0,511.0,30416.15,23110.92,24091.08,150.0,95.0,65.0,-0.5091258405379443,-0.40213806095436716,-0.2857142857142857,-0.24017602490782045,-0.13389830508474576,0.04241111993810733,-0.20980629539951573,-0.09888245248485655,6.2105263157894735,39.17105084745762,243.27284210526315,7.861538461538461,47.14497064579257,370.632,601.0,26303.590000000004,90.0
Potassium Chloride/D5-0.9%nacl,Dextrose 5%-Ns-Kcl,1117,127.0,142.0,178.0,5362.349999999999,7284.369999999999,7883.08,25.0,25.0,25.0,0.005649717514124294,1.2335910781933115,0.11811023622047244,0.35842867399554296,0.2535211267605634,0.08219104740698249,0.18581568149051791,0.22030986070126274,5.68,51.298380281690136,291.37479999999994,7.12,44.28696629213483,315.3232,160.0,8266.480000000001,30.0
Potassium Citrate,Potassium Citrate Er,1118,291873.0,286884.0,298019.0,43899155.18999999,40676551.38,38939187.85999999,82803.0,82975.0,87618.0,0.013015398212039838,-0.2080529084732359,-0.017093050744673197,-0.07340924434769261,0.038813597133336125,-0.04271167198442108,0.010860273194331464,-0.058060458166056844,3.457475143115396,141.78745200150584,490.2265909008738,3.401344472596955,130.66008496102594,444.4199577712341,331660.0,30933951.789999995,98204.0
Potassium Citrate/Citric Acid,Potassium Citrate-Citric Acid,1119,334.0,402.0,441.0,21533.8,23174.21,22139.72,115.0,140.0,155.0,0.39556962025316456,0.21564256362162842,0.20359281437125748,0.07617838003510759,0.09701492537313433,-0.04463970940109708,0.1503038698721959,0.015769335317005254,2.8714285714285714,57.647288557213926,165.53007142857143,2.8451612903225807,50.20344671201814,142.83690322580645,188.0,16675.69,75.0
"Potassium Phos,m-Basic-D-Basic",Potassium Phosphate,1120,38.0,32.0,80.0,5578.07,2058.23,6596.290000000001,15.0,10.0,15.0,0.3559322033898305,-0.24480050374949902,-0.15789473684210525,-0.6310139528546612,1.5,2.2048361942057015,0.6710526315789473,0.7869111206755202,3.2,64.3196875,205.823,5.333333333333333,82.45362500000002,439.7526666666667,82.0,10998.34,20.0
"Potassium Phosphate,monobasic",K-Phos Original,1121,987.0,924.0,839.0,33140.77,27234.69,25864.070000000003,275.0,260.0,225.0,0.32334384858044163,0.08993682226795914,-0.06382978723404255,-0.1782119123967246,-0.09199134199134198,-0.05032625669688164,-0.07791056461269227,-0.11426908454680312,3.5538461538461537,29.474772727272725,104.7488076923077,3.7288888888888887,30.827258641239574,114.95142222222223,723.0,21792.02,220.0
Povidone-Iodine,Betadine,1122,22.0,18.0,15.0,330.25,290.24,212.67,12.0,11.0,5.0,-0.34782608695652173,-0.3601408069320336,-0.18181818181818182,-0.12115064345193033,-0.16666666666666666,-0.2672615766262404,-0.17424242424242425,-0.19420611003908536,1.6363636363636365,16.124444444444446,26.385454545454547,3.0,14.177999999999999,42.534,25.0,406.79,16.0
Pramipexole Di-Hcl,Pramipexole Dihydrochloride,1123,1291674.0,1259961.0,1258267.0,31718681.30999999,29774509.140000008,29807712.750000007,319672.0,313288.0,312861.0,-0.08314302994090515,-0.16551877546789706,-0.024551860608791384,-0.061294230708987305,-0.001344486059489143,0.0011151690140003899,-0.012948173334140263,-0.030089530847493457,4.021733995556804,23.631294254345974,95.03877946170938,4.021808406928316,23.689497340389604,95.2746195594849,1289170.0,22894854.71,319643.0
Pramlintide Acetate,Symlinpen 60,1124,1052.0,702.0,662.0,1614125.7799999998,1214286.7,1182186.5399999998,360.0,245.0,264.0,-0.5956017104459377,-0.540654380294245,-0.33269961977186313,-0.24771246761203447,-0.05698005698005698,-0.026435404423024767,-0.19483983837596006,-0.13707393601752962,2.8653061224489798,1729.7531339031339,4956.272244897959,2.507575757575758,1785.780271903323,4477.979318181818,378.0,593319.92,145.0
Prasterone (Dhea),Intrarosa,1125,4139.0,3456.0,2953.0,1217321.71,1094902.27,967807.27,1448.0,1198.0,1020.0,-0.3896238114923522,-0.2659706257727849,-0.16501570427639525,-0.10056457466777616,-0.14554398148148148,-0.11607885332085392,-0.15527984287893837,-0.10832171399431503,2.8848080133555927,316.8119994212963,913.9417946577629,2.895098039215686,327.73696918388083,948.8306568627452,3384.0,1136666.8900000006,1167.0
Prasugrel Hcl,Prasugrel Hcl,1126,190933.0,174351.0,174169.0,20197426.05,20740774.06000001,16005466.819999997,55979.0,52103.0,52769.0,-0.08828748658622765,-0.23947384791538617,-0.0868472186578538,0.026901844257526522,-0.0010438712711713727,-0.22830908944388795,-0.04394554496451259,-0.10070362259318072,3.3462756463159513,118.95988012687056,398.07254975721185,3.3005931512820026,91.8961860032497,303.311922151263,185824.0,14273424.2,57060.0
Pravastatin Sodium,Pravastatin Sodium,1127,9999530.0,9478835.0,9013479.0,178367114.65999997,165926635.19000003,171702557.45,2789076.0,2665466.0,2532309.0,-0.20015059051537096,-0.33002516326120585,-0.05207194738152693,-0.0697464860252617,-0.049094218857064185,0.034810096964758196,-0.05058308311929556,-0.017468194530251755,3.5561642879706588,17.504960809002377,62.25051649130022,3.5593914486739178,19.049532089662602,67.80474162118446,8787298.0,118771034.87,2455860.0
Praziquantel,Praziquantel,1128,44.0,85.0,58.0,75714.20000000001,122334.74000000002,140159.91,15.0,30.0,15.0,0.7058823529411765,8.833285158436945,0.9318181818181818,0.6157436782003904,-0.3176470588235294,0.14570816106692164,0.3070855614973262,0.38072591963365604,2.8333333333333335,1439.2322352941178,4077.8246666666673,3.8666666666666667,2416.550172413793,9343.994,56.0,275568.71,20.0
Prazosin Hcl,Prazosin Hcl,1129,787221.0,830113.0,888686.0,27572730.65,28558128.739999995,28067812.98,163805.0,171351.0,182801.0,0.3193277809943734,0.2011017149361791,0.054485335121903504,0.035738139341668584,0.07056027311944277,-0.017169043688539457,0.06252280412067314,0.009284547826564564,4.844517977718251,34.40270028297352,166.66450000291795,4.861494193138987,31.583498536040853,153.5429947319763,968423.0,17478055.180000007,196303.0
Prednisolone,Prednisolone,1130,17848.0,27597.0,12481.0,504260.07000000007,872503.4299999998,397700.96,11638.0,19953.0,9922.0,-0.6526881121994658,-0.4578648744616015,0.5462236665172568,0.7302647619907714,-0.547740696452513,-0.5441840727204934,-0.0007585149676280767,0.093040344635139,1.3831002856713277,31.61587962459687,43.727932140530235,1.2579117113485185,31.864510856501884,40.082741382785734,5150.0,283138.31000000006,3786.0
Prednisolone Acetate,Prednisolone Acetate,1131,2964914.0,3119683.0,3341061.0,150114888.75999996,155425485.79999992,155817840.54,1818421.0,1932695.0,2070458.0,0.2472216135341046,0.18714599381261374,0.05220016499635403,0.0353768842242585,0.07096169706986255,0.002524391273288009,0.061580931033108285,0.018950637748773255,1.6141620897244522,49.820922766832375,80.41904480531068,1.6136820935271325,46.63723306458637,75.25766788797453,3641408.0,147407737.35999998,2245931.0
Prednisolone Sodium Phosphate,Prednisolone Sodium Phosphate,1132,3306.0,4433.0,7439.0,136149.49999999997,176886.30999999997,221856.65,1860.0,2761.0,5086.0,0.3491113529198404,-0.25367405234163226,0.3408953418027828,0.29920646054520955,0.6780960974509361,0.254233015545409,0.5094957196268595,0.27671973804530925,1.6055776892430278,39.90216783216783,64.0660304237595,1.4626425481714511,29.823450732625354,43.62104797483288,12395.0,295309.99000000005,9018.0
Prednisone,Prednisone,1133,11300311.0,12629798.0,13437997.0,86515221.94999999,94005017.95,85277054.86999997,6184991.0,7409603.0,8157121.0,0.0225257029675547,-0.19203355747566797,0.11765047882310496,0.08657200237350851,0.0639914430935475,-0.09284571473240198,0.09082096095832623,-0.0031368561794467356,1.7045175024896746,7.44311333799638,12.686916957629174,1.6473945893410187,6.345964720039748,10.454307943942474,14221042.0,64908231.69999999,8796283.0
Pregabalin,Lyrica,1134,5047747.0,5510579.0,6042538.0,300094648.98999995,268586174.92,277848430.4500001,1218718.0,1363951.0,1519174.0,0.5024248748774509,-0.8401473325070923,0.09169080779999474,-0.10499512129271552,0.09653413915307266,0.0344852281870387,0.0941124734765337,-0.03525494655283841,4.040159067297872,48.74010061737614,196.91775945030284,3.9775154129810013,45.9820741632076,182.8944087049937,6821045.0,196545995.98,1728451.0
Prenatal 147/Iron/Folic Acid,Azesco,1135,204.0,97.0,130.0,740755.54,450607.86,660411.76,64.0,30.0,46.0,-0.9424524125719345,-0.9215252153144161,-0.5245098039215687,-0.3916915423946745,0.3402061855670103,0.4656019537697368,-0.09215180917727916,0.036955205687531134,3.2333333333333334,4645.441855670103,15020.261999999999,2.8260869565217392,5080.090461538462,14356.777391304347,100.0,314659.34,49.0
Prenatal Vit 85/Iron/Fa 1/Dha,Prenate Pixie,1136,24.0,23.0,25.0,3789.76,4093.56,4530.1,5.0,5.0,5.0,-0.038461538461538464,-0.10523966406737607,-0.041666666666666664,0.08016338765515486,0.08695652173913043,0.10664067462062372,0.022644927536231884,0.0934020311378893,4.6,177.98086956521738,818.712,5.0,181.204,906.0200000000001,11.0,2021.8,5.0
Prenatal Vit 87/Iron/Folic/Dha,Prenate Mini,1137,44.0,38.0,39.0,10545.88,8090.02,9480.5,15.0,10.0,10.0,-0.680327868852459,-0.5954839962195962,-0.13636363636363635,-0.2328738806055065,0.02631578947368421,0.17187596569600563,-0.05502392344497607,-0.03049895745475044,3.8,212.89526315789476,809.0020000000001,3.9,243.0897435897436,948.05,22.0,4043.6,5.0
"Prenatal Vit,calc76/Iron/Folic",Pnv 29-1,1138,292.0,94.0,25.0,4712.37,1405.65,571.5,85.0,20.0,10.0,-0.9172185430463576,-0.8957852757268133,-0.678082191780822,-0.7017106042182596,-0.7340425531914894,-0.593426528652225,-0.7060623724861557,-0.6475685664352423,4.7,14.95372340425532,70.2825,2.5,22.86,57.15,14.0,243.43,5.0
"Prenatal Vit27,calcium/Iron/Fa",Trinatal Rx 1,1139,195.0,326.0,397.0,1481.86,3159.11,3794.22,91.0,110.0,145.0,3.1354166666666665,3.3073063300336023,0.6717948717948717,1.131854561159624,0.21779141104294478,0.2010407994656722,0.44479314141890824,0.6664476803126481,2.963636363636364,9.69052147239264,28.71918181818182,2.7379310344827585,9.557229219143576,26.16703448275862,471.0,5291.8,182.0
Primaquine Phosphate,Primaquine,1140,64.0,34.0,75.0,1409.88,592.96,6178.41,10.0,5.0,25.0,-0.4140625,0.699966707296605,-0.46875,-0.5794251993077425,1.2058823529411764,9.419606718834322,0.3685661764705882,4.42009075976329,6.8,17.44,118.59200000000001,3.0,82.3788,247.13639999999998,92.0,5103.34,25.0
Primidone,Primidone,1141,931603.0,975605.0,1021879.0,29975934.04,31764796.40000001,33781782.76,234017.0,244952.0,256262.0,0.08549209313392755,0.274598930333792,0.04723256580324452,0.05967661783659338,0.04743108122652098,0.06349753779627523,0.04733182351488275,0.061587077816434306,3.9828415363009895,32.55907503549081,129.6776364348934,3.987633749834154,33.058495927600035,131.82517407965284,1087474.0,28903020.350000005,274508.0
Probenecid,Probenecid,1142,15688.0,13965.0,12540.0,1155670.86,992755.0700000002,877091.21,5267.0,4776.0,4301.0,-0.40205988937631126,-0.16554101578736866,-0.10982916879143294,-0.14097075182807664,-0.10204081632653061,-0.11650795195636744,-0.10593499255898178,-0.12873935189222205,2.923994974874372,71.08879842463303,207.8632893634841,2.915601023017903,69.94347767145135,203.9272750523134,12280.0,654206.1599999999,4111.0
Probenecid/Colchicine,Probenecid-Colchicine,1143,13715.0,11393.0,10071.0,906091.76,735386.1400000001,592740.44,4307.0,3674.0,3200.0,-0.4876373626373626,-0.2789575208321684,-0.16930368209989063,-0.18839771812956324,-0.1160361625559554,-0.19397387609181777,-0.14266992232792303,-0.1911857971106905,3.100979858464888,64.54719038005794,200.15953728905828,3.1471875,58.85616522688908,185.23138749999998,9307.0,520969.48999999993,2978.0
Prochlorperazine,Prochlorperazine,1144,2206.0,1669.0,1213.0,270365.03,184800.83000000005,120770.13,1396.0,1130.0,798.0,-0.46961084390030605,-0.5387341093174158,-0.24342701722574797,-0.31647657982986915,-0.2732174955062912,-0.34648491567922085,-0.2583222563660196,-0.331480747754545,1.476991150442478,110.72548232474539,163.54055752212395,1.5200501253132832,99.56317394888706,151.341015037594,1612.0,152088.05999999997,998.0
Prochlorperazine Edisylate,Prochlorperazine Edisylate,1145,360.0,407.0,517.0,95960.62,80265.97,72654.22,75.0,70.0,100.0,0.615625,-0.4301130091250355,0.13055555555555556,-0.16355302831515672,0.2702702702702703,-0.09483159550678824,0.2004129129129129,-0.12919231191097247,5.814285714285714,197.2136855036855,1146.6567142857143,5.17,140.53040618955512,726.5422,656.0,66188.76,130.0
Prochlorperazine Maleate,Prochlorperazine Maleate,1146,421115.0,440779.0,475848.0,7703737.86,7973773.979999999,8224984.16,249547.0,263536.0,285248.0,0.24281236941078144,0.5597153375406558,0.04669508329078755,0.03505261016241254,0.07956141286222801,0.03150455237759343,0.06312824807650778,0.03327858127000298,1.6725570700018213,18.090185739338757,30.256868055977165,1.6681904868745794,17.284898034666533,28.83450246802782,504757.0,7400915.630000001,305068.0
Progesterone,Progesterone,1147,60.0,44.0,42.0,3234.9500000000003,2308.33,1909.89,23.0,18.0,15.0,0.10526315789473684,-0.10219153096912494,-0.26666666666666666,-0.2864402850121332,-0.045454545454545456,-0.17260963553737976,-0.15606060606060607,-0.2295249602747565,2.4444444444444446,52.46204545454545,128.24055555555555,2.8,45.47357142857143,127.32600000000001,23.0,441.42,10.0
"Progesterone, Micronized",Progesterone,1148,235638.0,264777.0,334955.0,16183062.280000005,16730034.540000005,19954206.19,67557.0,77417.0,98199.0,0.6164143595485013,0.3203258161756109,0.12366002087948463,0.03379905796172958,0.2650456799495424,0.19271757283532756,0.19435285041451353,0.11325831539852857,3.420140279266828,63.18537690207233,216.1028526034334,3.4109817818918726,59.57279691301817,203.20172496664938,458580.0,17910331.59,132808.0
Promethazine Hcl,Promethazine Hcl,1149,939673.0,945294.0,917934.0,11235217.85,11777577.94,11228290.579999996,314307.0,331787.0,323890.0,-0.08171429657558844,-0.06536356114410462,0.00598186816051967,0.0482732152808234,-0.028943376346406514,-0.04663839736814369,-0.011480754092943423,0.0008174089563398566,2.8490989701223977,12.459169253163566,35.49740628776896,2.834091821297354,12.23213278950338,34.66698749575472,841358.0,8656733.299999999,299860.0
Promethazine Hcl/Codeine,Promethazine-Codeine,1150,852.0,1075.0,546.0,6861.609999999998,8707.579999999998,3897.650000000001,510.0,683.0,348.0,-0.6213592233009708,-0.6100790316126449,0.26173708920187794,0.2690286973465412,-0.49209302325581394,-0.5523842445317755,-0.115177967026968,-0.14167777359261713,1.5739385065885798,8.100074418604649,12.74901903367496,1.5689655172413792,7.138553113553115,11.200143678160922,422.0,2753.96,301.0
Promethazine/Dextromethorphan,Promethazine-Dm,1151,1430.0,4073.0,4989.0,20000.72,57446.62000000001,67653.66000000002,881.0,2725.0,3327.0,30.18125,66.2361236719969,1.8482517482517482,1.8722275998064073,0.22489565430886324,0.17767868675302406,1.0365737012803058,1.0249531432797157,1.4946788990825688,14.104252393812917,21.081328440366978,1.4995491433724075,13.560565243535782,20.334733994589726,5320.0,57046.83000000001,3707.0
Propafenone Hcl,Propafenone Hcl,1152,181723.0,161593.0,150109.0,24271485.04,20420612.82,16583359.460000005,51724.0,46763.0,43972.0,-0.34994391924371093,-0.4813167147524775,-0.11077298966008706,-0.15865828620101602,-0.07106743485175719,-0.1879107837665763,-0.09092021225592212,-0.17328453498379615,3.4555738511216134,126.3706523178603,436.68312169877896,3.41374056217593,110.47545090567525,377.13452788137914,147270.0,11371785.47,43302.0
Propranolol Hcl,Propranolol Hcl,1153,2368646.0,2452477.0,2614129.0,91077917.23,89817081.33999999,87128837.16,603902.0,631186.0,674556.0,0.1071080537501117,-0.13249141336720455,0.035391949662380955,-0.013843486196725532,0.06591376799863974,-0.029930210822858083,0.05065285883051035,-0.021886848509791806,3.8855060156594092,36.62300659292625,142.29891242834915,3.875332811508607,33.32996847515941,129.16472043833275,2878911.0,65358086.00000001,741192.0
Propylthiouracil,Propylthiouracil,1154,15628.0,14101.0,13750.0,885083.37,769350.2000000002,735199.7500000003,4736.0,4274.0,4194.0,-0.34128581009868736,-0.3434197179359795,-0.09770923982595342,-0.1307596255028493,-0.02489185164172754,-0.04438869321149176,-0.06130054573384048,-0.08757415935717053,3.2992512868507253,54.559974469895764,180.0070659803463,3.2784930853600383,53.46907272727275,175.2979852169767,12922.0,533533.1200000001,3934.0
Protriptyline Hcl,Protriptyline Hcl,1155,2699.0,2479.0,2256.0,635430.88,622660.9799999999,632884.58,859.0,785.0,736.0,-0.37141264976316524,0.0045582883395387285,-0.08151167098925528,-0.020096442275515693,-0.0899556272690601,0.016419207768567888,-0.0857336491291577,-0.0018386172534739023,3.1579617834394904,251.17425574828553,793.1987006369425,3.0652173913043477,280.533945035461,859.897527173913,2066.0,528440.1000000001,617.0
Prucalopride Succinate,Motegrity,1156,30756.0,43243.0,50464.0,18717760.780000005,28138682.180000003,35581969.34,8441.0,11725.0,13483.0,13.369020501138952,19.156130523083768,0.40600208089478473,0.503314552992166,0.16698656429942418,0.2645215263595546,0.28649432259710444,0.3839180396758603,3.6881023454157784,650.710685660107,2399.8876059701497,3.7427872135281466,705.096095038047,2639.024648817029,56364.0,40654799.68,15368.0
Pyrazinamide,Pyrazinamide,1157,155.0,302.0,310.0,40795.24,71746.29000000001,76260.46,45.0,85.0,105.0,-0.2619047619047619,0.04009014605772632,0.9483870967741935,0.7586926808127618,0.026490066225165563,0.06291851467162968,0.48743858149967956,0.4108055977421957,3.552941176470588,237.57049668874174,844.0740000000001,2.9523809523809526,246.00148387096777,726.2900952380953,331.0,75311.45000000001,137.0
Pyridostigmine Bromide,Pyridostigmine Bromide,1158,157371.0,155896.0,161712.0,21565454.48,22478265.87,23902081.26,42408.0,43103.0,44989.0,-0.033510838577806464,0.032538631070164005,-0.009372756098645876,0.04232748217045693,0.037306922563760454,0.06334186979700497,0.01396708323255729,0.052834675983730955,3.616824814978076,144.18757293323756,521.5011917963947,3.594478650336749,147.80647855446722,531.2872315454889,182158.0,18515674.320000008,50494.0
Pyrimethamine,Daraprim,1159,263.0,208.0,175.0,7085765.9,4358034.89,3669881.58,95.0,75.0,70.0,-0.5394736842105263,-0.7180565964270053,-0.20912547528517111,-0.38495923355300243,-0.15865384615384615,-0.15790449763930176,-0.18388966071950863,-0.27143186559615207,2.7733333333333334,20952.09081730769,58107.13186666666,2.5,20970.751885714286,52426.879714285715,224.0,3512262.51,85.0
Quetiapine Fumarate,Quetiapine Fumarate,1160,8189292.0,8331864.0,8585605.0,238319578.42999995,302771845.56999993,226738742.78,1517814.0,1561760.0,1618725.0,0.07263132592376596,-0.04449359878298097,0.017409563610627145,0.2704447010379851,0.030454289700359967,-0.2511234247915608,0.023931926655493554,0.009660638123212162,5.334919577912099,36.339028765952,193.8657960057883,5.303930562634172,26.409174750061293,140.07242909079676,8928376.0,174756903.97000003,1688608.0
Quinapril Hcl,Quinapril Hcl,1161,428422.0,349337.0,1812.0,7742277.45,5761853.63,26036.689999999995,121269.0,102994.0,710.0,-0.9967290116091205,-0.9976557485602158,-0.1845960291488299,-0.25579344486033634,-0.9948130315426078,-0.9954811955193662,-0.5897045303457189,-0.6256373201898513,3.3918189409091792,16.49368269035344,55.943585354486665,2.552112676056338,14.369034216335539,36.67139436619718,11.0,33.77,5.0
Quinidine Gluconate,Quinidine Gluconate,1162,324.0,284.0,437.0,178707.35,176249.78999999998,219858.2,125.0,110.0,180.0,-0.5612449799196787,-0.4561251750551128,-0.12345679012345678,-0.013751868627675507,0.5387323943661971,0.2474238976398215,0.20763780212137017,0.116836014506073,2.581818181818182,620.597852112676,1602.270818181818,2.4277777777777776,503.1080091533181,1221.4344444444446,323.0,126670.03,120.0
Quinidine Sulfate,Quinidine Sulfate,1163,899.0,445.0,496.0,18937.58,83633.48,301207.6500000001,313.0,150.0,176.0,-0.6358296622613803,9.573761168953672,-0.5050055617352615,3.416270716744166,0.1146067415730337,2.601519989363113,-0.19519941008111388,3.0088953530536395,2.966666666666667,187.94040449438202,557.5565333333333,2.8181818181818183,607.2734879032259,1711.4071022727278,462.0,295566.94999999995,166.0
Quinine Sulfate,Quinine Sulfate,1164,1115.0,776.0,665.0,95546.20999999996,65516.880000000005,54406.88999999999,413.0,260.0,217.0,-0.6131471785922048,-0.7218991839439199,-0.3040358744394619,-0.3142911686397605,-0.14304123711340205,-0.16957446691600717,-0.22353855577643197,-0.24193281777788384,2.9846153846153847,84.42896907216496,251.98800000000003,3.064516129032258,81.81487218045112,250.72299539170504,572.0,41494.99,191.0
Rabeprazole Sodium,Rabeprazole Sodium,1165,81463.0,80398.0,91287.0,7402175.8500000015,7347742.719999999,6434570.48,26389.0,26102.0,29747.0,0.033734203016714225,-0.2525040905479989,-0.013073419834771614,-0.007353666152095356,0.13543869250478868,-0.12427928886437636,0.06118263633500853,-0.06581647750823585,3.080147115163589,91.39210826139953,281.50113861006815,3.068780045046559,70.4872597412556,216.30989612397892,120239.0,6076635.73,39101.0
Raloxifene Hcl,Raloxifene Hcl,1166,527606.0,470486.0,438588.0,47597346.1,42177348.02,32641066.98,137902.0,124789.0,118034.0,-0.3694171909685879,-0.5987402863573984,-0.10826260504998048,-0.11387185471670652,-0.06779797911096186,-0.22609958870524555,-0.08803029208047117,-0.16998572171097603,3.770252185689444,89.6463402099106,337.98931011547495,3.715776810071674,74.42307354510383,276.5395308131555,438566.0,18310828.480000004,118935.0
Raltegravir Potassium,Isentress,1167,84598.0,70831.0,58111.0,158381938.54,140281990.67999998,121718453.47000004,16984.0,14607.0,12634.0,-0.5395324881141046,-0.4104355764303105,-0.16273434360150357,-0.11428037834900474,-0.17958238624331155,-0.13233015243093882,-0.17115836492240755,-0.12330526538997177,4.849113438762237,1980.5168736852504,9603.75098788252,4.599572581921798,2094.585422209221,9634.197678486627,50809.0,104356437.59,12294.0
Ramelteon,Rozerem,1168,65104.0,72339.0,85904.0,10235313.890000002,9761439.489999996,10986921.979999997,19071.0,20786.0,24525.0,1.2032881069019468,-0.16980199513056857,0.1111298844925043,-0.046297984125624685,0.18751987171511908,0.125543214323608,0.14932487810381168,0.03962261509899165,3.4801789666121428,134.94020500698096,469.61606321562573,3.502711518858308,127.89767624324824,447.98866381243613,110574.0,11209501.38,30908.0
Ramipril,Ramipril,1169,1294496.0,1194072.0,1117543.0,18431182.85,16281780.15,16866656.289999995,348991.0,326957.0,308884.0,-0.26549579919197785,-0.31122203740011284,-0.07757768274293625,-0.11661772971884986,-0.06409077509563912,0.03592212489123894,-0.07083422891928769,-0.040347802413805464,3.6520765727603326,13.635509542138163,49.79792495649275,3.618002227373383,15.092623988517664,54.60514720736586,1065137.0,11876353.92,294373.0
Ramucirumab,Cyramza,1170,129.0,153.0,213.0,1311782.77,1281787.5799999998,1913908.02,35.0,45.0,60.0,0.868421052631579,1.206449485113411,0.18604651162790697,-0.022865973456870588,0.39215686274509803,0.4931553791463639,0.28910168718650253,0.23514470284474667,3.4,8377.696601307189,28484.16844444444,3.55,8985.483661971832,31898.467,154.0,1395583.43,50.0
Ranibizumab,Lucentis,1171,770.0,1765.0,1234.0,1734387.34,4216140.079999999,2815264.21,216.0,447.0,303.0,-0.041181041181041184,-0.04921372254557475,1.2922077922077921,1.430910317876282,-0.3008498583569405,-0.3322650204734183,0.4956789669254258,0.5493226487014319,3.9485458612975393,2388.747920679886,9432.080715883667,4.072607260726072,2281.4134602917343,9291.30102310231,893.0,1891138.7000000004,227.0
Ranolazine,Ranexa,1172,839826.0,830407.0,867816.0,126008703.0,126455172.58000004,117305194.01,223783.0,226788.0,239965.0,0.11656703781950495,-0.6047521553997071,-0.011215418431913277,0.003543164633636797,0.04504899404749719,-0.07235748750579131,0.016916787807791954,-0.034407161436077256,3.6616002610367393,152.28095690426508,557.5919915515814,3.6164273956618675,135.1728868907695,488.84293130248165,964535.0,84283359.40999998,268066.0
Rasagiline Mesylate,Rasagiline Mesylate,1173,129192.0,113980.0,110387.0,51763672.9,44191805.09,33519108.1,33501.0,30352.0,29591.0,-0.3410321463749515,-0.6109576447519414,-0.11774722893058394,-0.1462776380769533,-0.03152307422354799,-0.24150850973985416,-0.07463515157706596,-0.1938930739084037,3.7552714812862416,387.71543332163543,1455.9767096072749,3.7304247913216857,303.6508655910569,1132.7467169071679,114040.0,21678198.85,31033.0
Regorafenib,Stivarga,1174,1137.0,1380.0,1448.0,17562405.809999995,22545169.18,25223678.19,405.0,470.0,500.0,0.14105594956658787,0.46016052864876367,0.21372031662269128,0.2837175853870106,0.04927536231884058,0.11880633889304004,0.13149783947076593,0.2012619621400253,2.9361702127659575,16337.07911594203,47968.445063829786,2.896,17419.667258287292,50447.356380000005,1283.0,21809929.469999995,460.0
Repaglinide,Repaglinide,1175,225052.0,222756.0,229102.0,13463936.650000004,12388788.69,12613702.750000002,60309.0,60671.0,63556.0,-0.041734984105738664,-0.2838632718039598,-0.010202086628867995,-0.07985390810643812,0.028488570453770044,0.018154644947778378,0.009143241912451024,-0.03084963157932987,3.671539944948987,55.61595957011259,204.19621713833627,3.6047265403738433,55.057148126162154,198.46596308767076,251513.0,8114902.389999999,70849.0
Reslizumab,Cinqair,1176,181.0,91.0,153.0,592814.17,383189.28,637417.72,70.0,35.0,60.0,-0.049689440993788817,0.29076210194542035,-0.4972375690607735,-0.35360978297802836,0.6813186813186813,0.6634539463108152,0.09204055612895393,0.15492208166639343,2.6,4210.871208791209,10948.265142857144,2.55,4166.1288888888885,10623.628666666666,167.0,644235.8,65.0
Revefenacin,Yupelri,1177,389.0,546.0,1277.0,314827.23,495231.25,1385839.36,120.0,175.0,416.0,12.585106382978724,16.12942944724612,0.40359897172236503,0.5730254654274982,1.3388278388278387,1.798368156290622,0.8712134052751019,1.18569681085906,3.12,907.0169413919414,2829.8928571428573,3.0697115384615383,1085.2305090054817,3331.3446153846157,1988.0,2361126.54,592.0
Ribavirin,Ribavirin,1178,230.0,165.0,172.0,12979.84,16728.2,26782.95,156.0,68.0,60.0,-0.5601023017902813,-0.246070809179808,-0.2826086956521739,0.28878322074848384,0.04242424242424243,0.6010658648270585,-0.12009222661396574,0.44492454278777116,2.426470588235294,101.38303030303031,246.00294117647059,2.8666666666666667,155.71482558139536,446.3825,231.0,29892.29,85.0
Ribociclib Succinate,Kisqali,1179,5292.0,6234.0,13751.0,68598422.59,86172130.61000001,207000968.82,1630.0,1885.0,3848.0,2.5132856412876854,3.6896357656309373,0.17800453514739228,0.256182392487868,1.2058068655758742,1.4021800012912546,0.6919057003616332,0.8291811968895613,3.307161803713528,13822.927592236127,45714.65814854112,3.5735446985446986,15053.521112646353,53794.43056652806,36515.0,538035933.75,9016.0
Ribociclib Succinate/Letrozole,Kisqali Femara Co-Pack,1180,761.0,412.0,865.0,10354677.36,5735180.870000001,13434602.81,265.0,155.0,275.0,0.07054455445544554,0.45435754532609246,-0.45860709592641263,-0.44612655029166437,1.0995145631067962,1.342489821075163,0.3204537335901918,0.4481816353917493,2.6580645161290324,13920.341917475731,37001.166903225814,3.1454545454545455,15531.3327283237,48853.10112727273,430.0,6284867.399999999,115.0
Rifabutin,Rifabutin,1181,2805.0,3187.0,4369.0,1488346.1499999997,1735500.32,2226674.02,1145.0,1267.0,1717.0,0.7876432078559739,0.6795777265888768,0.1361853832442068,0.1660596024654617,0.3708817069344211,0.2830156205329884,0.2535335450893139,0.22453761149922505,2.515390686661405,544.556109193599,1369.77136543015,2.5445544554455446,509.6530144197757,1296.8398485730927,5001.0,2081623.9400000004,1969.0
Rifampin,Rifampin,1182,47006.0,48762.0,52551.0,2883973.140000001,3313281.6400000006,3899137.780000001,13535.0,13979.0,15432.0,0.006666283546922591,0.2687581468014281,0.03735693315746926,0.14886008959154154,0.07770394979697305,0.1768205071754783,0.05753044147722115,0.1628402983835099,3.488232348522784,67.94802592182438,237.01850203877248,3.405326594090202,74.19721375425779,252.6657452047694,56546.0,3281069.0,16444.0
Rifapentine,Priftin,1183,97.0,210.0,232.0,10255.84,18986.05,26913.08,35.0,81.0,102.0,-0.2795031055900621,-0.1968057357802238,1.1649484536082475,0.8512428040999078,0.10476190476190476,0.41751865185228115,0.6348551791850762,0.6343807279760945,2.5925925925925926,90.40976190476191,234.39567901234568,2.2745098039215685,116.0046551724138,263.8537254901961,342.0,36956.130000000005,127.0
Rifaximin,Xifaxan,1184,240846.0,240819.0,255268.0,593391022.7799999,639953315.0000002,716644943.9800001,61708.0,62081.0,65853.0,0.0380714581994746,0.4116481896356962,-0.00011210483047258414,0.07846814399358278,0.05999941865052176,0.11983941200460829,0.02994365691002459,0.09915377799909553,3.8791095504260564,2657.4037555176305,10308.36028736651,3.8763306151580035,2807.421784085746,10882.495011313078,280807.0,774417061.0600002,72003.0
Rilonacept,Arcalyst,1185,34.0,200.0,517.0,696891.5,4240381.050000001,11727021.729999997,10.0,50.0,175.0,12.605263157894736,14.18378696436691,4.882352941176471,5.084707662527094,1.585,1.765558470270023,3.2336764705882355,3.425133066398559,4.0,21201.905250000003,84807.62100000001,2.954285714285714,22682.827330754346,67011.55274285712,1240.0,28486994.35,387.0
Rilpivirine Hcl,Edurant,1186,15327.0,13370.0,11640.0,20102483.99,18905577.210000005,17513531.100000005,3777.0,3580.0,3229.0,-0.4094368340943683,-0.25390908557097486,-0.1276831734847002,-0.05954024291701445,-0.1293941660433807,-0.07363150537734886,-0.12853866976404044,-0.06658587414718166,3.7346368715083798,1414.0297090501126,5280.8874888268165,3.604831217095076,1504.5988917525779,5423.825054196347,10743.0,16374178.64,2979.0
Riluzole,Riluzole,1187,23990.0,30033.0,36013.0,6034450.73,9266731.060000002,9331396.120000005,6634.0,7625.0,8763.0,0.5561749200587676,0.5418486132449456,0.25189662359316384,0.5356378690658399,0.19911430759497886,0.0069781953939647805,0.22550546559407136,0.27130803222990235,3.938754098360656,308.5516285419373,1215.30899147541,4.109665639621134,259.11187959903384,1064.8631884057977,40253.0,7742803.769999998,9449.0
Rimabotulinumtoxinb,Myobloc,1188,159.0,320.0,298.0,110211.44,246199.15,202512.23,63.0,117.0,92.0,6.2682926829268295,2.657822435637502,1.0125786163522013,1.2338801670679558,-0.06875,-0.17744545421866803,0.47191430817610064,0.5282173564246438,2.735042735042735,769.37234375,2104.266239316239,3.239130434782609,679.5712416107383,2201.219891304348,295.0,198420.13000000003,100.0
Rimantadine Hcl,Rimantadine Hcl,1189,714.0,584.0,448.0,122953.11,95134.91,78457.64999999998,275.0,211.0,164.0,-0.6378334680679062,-0.552708951208469,-0.18207282913165265,-0.22625047873941534,-0.2328767123287671,-0.1753011591643911,-0.20747477073020987,-0.20077581895190322,2.7677725118483414,162.90224315068494,450.8763507109005,2.731707317073171,175.12868303571423,478.40030487804864,224.0,47810.42,89.0
"Ringer's Solution,lactated",Lactated Ringers,1190,11710.0,13761.0,14894.0,350265.17,484912.1699999999,535062.4500000002,2591.0,3047.0,3349.0,0.9930416164860163,1.3637188010072958,0.17514944491887277,0.38441447089929026,0.08233413269384493,0.10342136803867032,0.12874178880635884,0.24391791946898028,4.516245487364621,35.23814911706997,159.14413193304887,4.447297700806211,35.924697864912055,159.76782621678117,15716.0,480328.45,3460.0
Riociguat,Adempas,1191,44921.0,42742.0,41583.0,531351801.41999984,537792719.5400001,558755014.1700002,7173.0,6739.0,6478.0,0.48701902446002004,0.9288325808609796,-0.04850737962200307,0.012121758320546478,-0.027116185485003042,0.03897839049946636,-0.03781178255350306,0.025550074410006417,6.34248404807835,12582.301238594358,79803.04489390118,6.419110836677987,13437.102040978289,86254.24732479164,47812.0,652245459.96,7207.0
Risankizumab-Rzaa,Skyrizi (2 Syringes) Kit,1192,2491.0,11756.0,28296.0,44398882.90000001,224605245.09,585928863.63,903.0,3848.0,8986.0,1285.1818181818182,1759.6151952627092,3.719389803291851,4.058803970268359,1.4069411364409663,1.6087051680169646,2.5631654698664086,2.8337545691426618,3.055093555093555,19105.583964783942,58369.34643711019,3.1488982862230137,20707.126930661576,65204.63650456265,53448.0,1099627417.53,16163.0
Risedronate Sodium,Risedronate Sodium,1193,114203.0,116041.0,125470.0,16346857.659999998,15660507.37,14069875.36,34696.0,35257.0,38365.0,-0.06679756937471644,-0.30790356535038044,0.01609414813971612,-0.041986680515330256,0.08125576304926707,-0.1015696345220008,0.048674955594491594,-0.07177815751866552,3.291289672972743,134.9566736756836,444.18150636752983,3.270428776228333,112.13736638240216,366.73726990746775,142881.0,11996132.79,43934.0
Risperidone,Risperidone,1194,3519178.0,3435579.0,3351191.0,69015097.63999999,70586887.44999999,87779235.63999999,591659.0,577546.0,560364.0,-0.12500032637638142,0.2926891892093205,-0.0237552633029645,0.02277457924060111,-0.024562963040582097,0.243562916726965,-0.0241591131717733,0.13316874798378306,5.948580719111551,20.54584902573918,122.21864137228894,5.980382394300848,26.19344455150422,156.6468146419113,3320670.0,116972453.47,552108.0
Risperidone Microspheres,Risperdal Consta,1195,135265.0,122502.0,110070.0,168700860.25999993,158393060.49000004,149756201.83000004,25423.0,23212.0,21848.0,-0.35074204280017934,-0.23330529272060785,-0.0943555243411082,-0.06110105042803945,-0.10148405740314444,-0.05452801172779457,-0.09791979087212632,-0.05781453107791701,5.277528864380493,1292.9834654944411,6823.757560313633,5.037989747345295,1360.5542094121927,6854.45815772611,85616.0,110290835.36,19331.0
Ritonavir,Ritonavir,1196,72918.0,58740.0,47273.0,9325225.05,9392931.97,7614941.600000002,14534.0,12124.0,10274.0,-0.6126021290370164,-0.6238055693232738,-0.19443758742697276,0.007260620482290658,-0.19521620701395984,-0.18929024245876638,-0.1948268972204663,-0.09101481098823787,4.844935664797097,159.90691130405176,774.7386976245464,4.601226396729609,161.08437374399767,741.1856725715401,38960.0,4768322.470000002,8645.0
Rituximab,Rituxan,1197,1570.0,1394.0,961.0,16292764.989999998,15547171.11,10793702.03,477.0,446.0,342.0,-0.6306687163720215,-0.6107371708781408,-0.11210191082802548,-0.045762268126841685,-0.31061692969870874,-0.30574495169365895,-0.21135942026336713,-0.17575360991025032,3.125560538116592,11152.920451936872,34859.12804932735,2.809941520467836,11231.739885535899,31560.532251461987,943.0,10958427.969999995,339.0
"Rituximab/Hyaluronidase,human",Rituxan Hycela,1198,40.0,73.0,13.0,277440.06,508419.65,83109.52,10.0,20.0,5.0,-0.07142857142857142,-0.129011798389852,0.825,0.8325387112445118,-0.821917808219178,-0.8365336194224593,0.0015410958904109595,-0.001997454088973727,3.65,6964.652739726028,25420.982500000002,2.6,6393.04,16621.904000000002,25.0,162432.16,10.0
Rivaroxaban,Xarelto,1199,5733425.0,5772196.0,5892811.0,4581249661.55,5042544921.8,5511694348.01,1291737.0,1343871.0,1371650.0,0.046311372222871294,0.5372452268830129,0.006762275603151693,0.10069201513325239,0.020895860085139176,0.09303822444531266,0.013829067844145435,0.09686511978928253,4.295200953067668,873.592116726459,3752.2536923558887,4.296147705318412,935.3251526325892,4018.2950082090915,5888827.0,5436701738.5,1372484.0
Rivastigmine,Rivastigmine,1200,325207.0,284817.0,267807.0,95546325.84999998,83182156.61,71373368.89,82158.0,72834.0,69419.0,-0.38641534333952704,-0.5177835848143417,-0.1241978186201404,-0.12940496800903395,-0.05972255869558348,-0.1419629906371094,-0.09196018865786194,-0.1356839793230717,3.9104950984430347,292.0547460650172,1142.0786529642749,3.857834310491364,266.51046794893335,1028.1532273585042,287181.0,52088047.02,73953.0
Rivastigmine Tartrate,Rivastigmine,1201,210239.0,210777.0,227820.0,17050690.81,17132400.230000004,17469849.720000003,51770.0,52113.0,55426.0,-0.08519617566867574,-0.19263293873662776,0.0025589923848572337,0.004792147186909521,0.08085796837415847,0.01969656822568861,0.041708480379507855,0.012244357706299065,4.044614587530942,81.28211441476064,328.7548256673,4.110345325298597,76.68268685804584,315.1923234583048,259556.0,14243505.46,62541.0
Rizatriptan Benzoate,Rizatriptan,1202,317881.0,343137.0,379984.0,10643986.679999998,11401634.670000002,10876619.01,91745.0,98841.0,109462.0,0.4931958487407506,0.19925698085539625,0.079451115354488,0.07118084724998962,0.10738276548434007,-0.046047402429181844,0.09341694041941404,0.012566722410403887,3.4716059125261785,33.227645721679686,115.35329134670837,3.471378195172754,28.623886821550382,99.36433657342273,428412.0,8584411.950000001,123153.0
Roflumilast,Daliresp,1203,254970.0,218799.0,214597.0,133154839.34000002,117363947.84999996,50320603.620000005,58844.0,53504.0,55038.0,-0.20076795876411524,-0.5707427466869998,-0.14186374867631485,-0.11859044378912359,-0.019204840972764956,-0.5712430900474347,-0.0805342948245399,-0.3449167669182791,4.0893951854066986,536.4007506889884,2193.554647316088,3.899069733638577,234.4888494247357,914.2883756677205,269657.0,32617055.970000003,66508.0
Rolapitant Hcl,Varubi,1204,318.0,298.0,61.0,268650.93000000005,313736.18000000005,59967.74,91.0,105.0,20.0,-0.8846880907372401,-0.8581061619336848,-0.06289308176100629,0.16782093402766182,-0.7953020134228188,-0.8088593416290082,-0.42909754759191254,-0.32051920380067317,2.8380952380952382,1052.8059731543626,2987.9636190476194,3.05,983.0777049180327,2998.3869999999997,180.0,168900.3,60.0
Romiplostim,Nplate,1205,937.0,954.0,977.0,7071305.980000002,7589837.209999999,8318219.439999999,215.0,200.0,235.0,0.3328785811732606,0.5528848482738603,0.01814300960512273,0.07332891992887522,0.02410901467505241,0.09596809652785683,0.021126012140087573,0.08464850822836603,4.77,7955.804203354297,37949.18605,4.157446808510638,8514.04241555783,35396.6784680851,1039.0,9497560.209999995,271.0
Romosozumab-Aqqg,Evenity (2 Syringes),1206,9271.0,15518.0,19999.0,19278938.63,35339754.94,49709254.38,2227.0,3478.0,4704.0,34.459219858156025,46.08181998750508,0.6738215942185309,0.8330757526769511,0.28876143832968165,0.4066100476473764,0.48129151627410627,0.6198429001621637,4.461759631972398,2277.339537311509,10160.94161587119,4.251488095238095,2485.586998349918,10567.443533163267,25665.0,63723745.41,5987.0
Ropinirole Hcl,Ropinirole Hcl,1207,2630564.0,2629801.0,2702051.0,55893772.95999999,58362223.13999999,61418460.1,603931.0,608534.0,622775.0,0.0012487581896489432,0.05201397388987351,-0.0002900518672041433,0.04416324125706328,0.027473561687747478,0.0523666987919338,0.013591754910271666,0.04826497002449854,4.321535033375292,22.192638583679905,95.90626512240893,4.338727469792461,22.730311196938917,98.62062558709005,2865276.0,49196254.17,655916.0
Rosuvastatin Calcium,Rosuvastatin Calcium,1208,17611996.0,21059853.0,25188902.0,554060221.5099999,587487928.2399999,594106014.0699998,5448549.0,6646683.0,8021162.0,1.0066645837021142,0.02134977563980837,0.19576753253861742,0.060332262509115546,0.19606257460581514,0.011265058415457876,0.19591505357221628,0.03579866046228671,3.1684756140769763,27.896107738263886,88.38813709635316,3.140305855934589,23.586022688483993,74.06732516685236,30117327.0,431132099.2400002,9586358.0
Rotigotine,Neupro,1209,66347.0,60217.0,52161.0,63699862.370000005,62866922.84,58126128.95,16208.0,14964.0,13453.0,-0.30464979870424186,-0.08940530682343505,-0.09239302455273034,-0.013076002035324353,-0.13378281880532075,-0.07540998788926886,-0.11308792167902554,-0.04424299496229661,4.024124565624165,1044.0062248202335,4201.211095963647,3.8772764439158554,1114.3599422940513,4320.681554300157,50058.0,54958909.190000005,13061.0
Rucaparib Camsylate,Rubraca,1210,1886.0,1421.0,1440.0,26009477.24000001,18823251.04,18726458.700000007,586.0,465.0,500.0,-0.1346153846153846,-0.1550981077976469,-0.24655355249204666,-0.2762926041799988,0.013370865587614356,-0.005142169107467442,-0.11659134345221615,-0.14071738664373312,3.055913978494624,13246.482083040111,40480.10976344086,2.88,13004.485208333337,37452.91740000001,924.0,12094509.899999997,330.0
Rufinamide,Banzel,1211,17300.0,20183.0,20141.0,60796874.88,43959318.34000001,41165112.17,4336.0,5269.0,5251.0,-0.16541664940123482,-0.5002590866411682,0.16664739884393062,-0.2769477308370491,-0.0020809592231085567,-0.06356345538364434,0.08228321981041103,-0.17025559311034671,3.8305181248813818,2178.036879552099,8343.009743784402,3.835650352313845,2043.846490740281,7839.480512283375,20078.0,31089170.02,5169.0
Ruxolitinib Phosphate,Jakafi,1212,84641.0,94841.0,108964.0,1221086171.0,1448191767.07,1618425654.8200002,18396.0,20528.0,24421.0,0.5868235568241393,0.7951629957438123,0.12050897319266077,0.18598654334444994,0.1489123902109847,0.11754927187192868,0.13471068170182274,0.1517679076081893,4.620079890880748,15269.680487025653,70547.14375828137,4.46189754719299,14852.847314892993,66271.88300315304,133293.0,1784809680.11,29820.0
Sacrosidase,Sucraid,1213,2332.0,2220.0,2914.0,26314043.35,25368731.41999999,36069243.470000006,673.0,652.0,857.0,3.23546511627907,4.221633966430623,-0.048027444253859346,-0.03592423701012147,0.31261261261261264,0.42179925644859145,0.13229258417937664,0.19293750971923498,3.4049079754601226,11427.35649549549,38909.09726993863,3.400233372228705,12377.914711736446,42087.79868144692,4053.0,53075597.75999999,1175.0
Sacubitril/Valsartan,Entresto,1214,1646327.0,2160162.0,2750774.0,1456184553.0400002,2119732358.84,2937507652.74,405790.0,543074.0,706212.0,1.880068934684805,3.356323133364237,0.3121099271286931,0.4556756246416333,0.27341097565830713,0.38579176776237845,0.29276045139350015,0.42073369620200585,3.977656820249174,981.2839772387441,3903.2109046649257,3.8951108165819894,1067.8840401792368,4159.526675757421,3384891.0,3480046730.03,866140.0
Safinamide Mesylate,Xadago,1215,5536.0,4408.0,3673.0,7619922.260000001,6828350.299999999,6444295.239999999,1309.0,1079.0,890.0,-0.3905757424921188,0.026351405050597007,-0.203757225433526,-0.10388189445911772,-0.16674228675136116,-0.056244194150379144,-0.1852497560924436,-0.08006304430474843,4.085264133456905,1549.0812840290378,6328.406209453196,4.126966292134831,1754.5045575823576,7240.781168539325,3036.0,4975389.79,744.0
Salmeterol Xinafoate,Serevent Diskus,1216,26831.0,21856.0,18002.0,13248636.729999997,11137826.400000008,9169099.800000004,9270.0,7701.0,6354.0,-0.5160882771968496,-0.46463257128714974,-0.185419850173307,-0.15932283245568235,-0.17633601756954612,-0.176760395547196,-0.18087793387142656,-0.1680416140014392,2.838072977535385,509.60040263543226,1446.2831320607722,2.833175952156122,509.33784023997356,1443.04372049103,16315.0,7757625.269999998,5838.0
Salsalate,Salsalate,1217,2401.0,2149.0,1371.0,297447.11999999994,233502.23,127872.1,818.0,731.0,473.0,-0.5912343470483006,-0.6872258960475024,-0.10495626822157435,-0.2149790187916425,-0.3620288506281992,-0.45237311009834896,-0.23349255942488675,-0.33367606444499576,2.9398084815321477,108.65622615169848,319.42849521203834,2.8985200845665964,93.26921954777535,270.3427061310782,1166.0,100900.68000000002,398.0
Sapropterin Dihydrochloride,Kuvan,1218,1751.0,1829.0,1729.0,22091315.71,20226094.35,17542609.6,390.0,400.0,395.0,-0.12764883955600403,-0.3028954591971205,0.04454597372929754,-0.08443233460991534,-0.05467468562055768,-0.13267439099036932,-0.00506435594563007,-0.10855336280014233,4.5725,11058.553499179881,50565.235875000006,4.377215189873418,10146.101561596299,44411.669873417726,1955.0,15722537.420000002,390.0
Sargramostim,Leukine,1219,381.0,318.0,228.0,1648424.56,1857688.22,1334655.5999999996,111.0,76.0,72.0,-0.6346153846153846,-0.5076970023338307,-0.16535433070866143,0.1269476717818375,-0.2830188679245283,-0.2815502700447766,-0.22418659931659485,-0.07730129913146956,4.184210526315789,5841.786855345912,24443.266052631578,3.1666666666666665,5853.7526315789455,18536.883333333328,273.0,1964434.02,80.0
Sarilumab,Kevzara,1220,9993.0,12921.0,16314.0,39834621.710000016,54372068.45000002,73098801.63000003,2556.0,3233.0,4060.0,1.0768936982813495,1.6124268220849438,0.29300510357250076,0.3649450180758349,0.262595774320873,0.34441825948227284,0.2778004389466869,0.3546816387790539,3.9965975873801423,4208.03873152233,16817.837442004336,4.018226600985222,4480.740568223613,18004.63094334976,28106.0,126201461.26,6815.0
Saxagliptin Hcl,Onglyza,1221,57481.0,36505.0,18891.0,34749145.550000004,21713279.89,10208162.48,17953.0,11667.0,6215.0,-0.8713795498182115,-0.878029460677975,-0.3649205824533324,-0.3751420489244232,-0.4825092453088618,-0.5298654771773404,-0.4237149138810971,-0.4525037630508818,3.1289106025542126,594.8029006985345,1861.0851024256451,3.039581657280772,540.3717368058864,1642.5040193081256,11437.0,2419301.9100000006,3427.0
Saxagliptin Hcl/Metformin Hcl,Kombiglyze Xr,1222,15004.0,10252.0,5560.0,8663453.69,5989609.079999999,3087286.7,4963.0,3537.0,1933.0,-0.848756868505522,-0.8442804455817353,-0.31671554252199413,-0.308634951565142,-0.4576667967225907,-0.4845595666153223,-0.3871911696222924,-0.39659725909023213,2.8985015549901045,584.238107686305,1693.4150636132313,2.876357992757372,555.2673920863309,1597.1478013450596,1619.0,583673.2000000001,513.0
Scopolamine,Transderm-Scop,1223,83529.0,93274.0,107405.0,7391515.21,8589533.31,9614656.260000002,25352.0,29531.0,33952.0,0.9361671443765436,0.5163743865541628,0.11666606807216655,0.16208017787465265,0.151499882067886,0.11934559341035969,0.13408297507002628,0.14071288564250617,3.158511394805459,92.08925649162683,290.8649659679659,3.163436616399623,89.51777161212236,283.1837965362866,125888.0,10941823.930000002,39680.0
Secukinumab,Cosentyx Pen (2 Pens),1224,82317.0,95342.0,102203.0,554754179.4099998,680640290.6700001,785311477.1700002,21429.0,24377.0,26165.0,1.0004110312970973,1.4825836492584703,0.1582297702783143,0.22692233052463784,0.07196198946948879,0.1537834123762571,0.11509587987390155,0.19035287145044746,3.911145752143414,7138.934474523296,27921.413244861964,3.9060959296770497,7683.839781317576,30013.815294095173,119311.0,971715939.8800006,31919.0
Selegiline,Emsam,1225,2543.0,2489.0,2284.0,4845218.14,5095435.76,4931413.91,925.0,945.0,845.0,-0.11162971606378841,0.13134155166816253,-0.0212347620920173,0.05164217848817022,-0.08236239453595821,-0.03218995542787485,-0.05179857831398776,0.009726111530147685,2.6338624338624337,2047.1819043792686,5391.995513227513,2.7029585798816567,2159.1129203152364,5835.992792899408,2312.0,4980378.03,870.0
Selegiline Hcl,Selegiline Hcl,1226,36652.0,34719.0,32094.0,5149157.210000002,4415910.359999999,3941136.4100000006,10353.0,9931.0,9083.0,-0.29724758588977207,-0.307134242053309,-0.052739277529193496,-0.14240133289696202,-0.07560701633111552,-0.10751439936384914,-0.06417314693015451,-0.12495786613040558,3.4960225556338735,127.19002160200465,444.6591843721679,3.53341407024111,122.79978843397522,433.9025002752395,31553.0,3515857.14,8886.0
Selenium Sulfide,Selenium Sulfide,1227,19500.0,15567.0,18761.0,268746.63000000006,212273.64,253874.49,8659.0,7412.0,8543.0,-0.13841561423650975,-0.1466239046091174,-0.2016923076923077,-0.21013469080523925,0.2051776193229267,0.19597746569004035,0.0017426558153094962,-0.007078612557599451,2.1002428494333514,13.636130275582964,28.639185105234755,2.1960669554020837,13.53203400671606,29.717252721526396,20867.0,260579.06000000008,9462.0
Selexipag,Uptravi,1228,28314.0,25306.0,30189.0,558385700.0,528318902.38,687280974.55,4561.0,4156.0,4844.0,0.6211470303941574,0.982926652247257,-0.10623719714628806,-0.05384593054585747,0.19295819173318582,0.3008828028940454,0.04336049729344888,0.12351843617409397,6.089027911453321,20877.218935430334,127121.96881135707,6.2322460776218005,22765.940393852063,141882.9427229562,36269.0,829774603.9199998,5576.0
Selinexor,Xpovio,1229,668.0,871.0,706.0,14020235.969999995,20238059.81,18543482.6,237.0,265.0,231.0,18.08108108108108,20.33099580017048,0.30389221556886226,0.44348924321278776,-0.1894374282433984,-0.08373219695509919,0.057227393662731926,0.17987852312884428,3.2867924528301886,23235.430321469572,76370.03701886792,3.0562770562770565,26265.55609065156,80274.81645021646,875.0,24539979.5,280.0
Semaglutide,Ozempic,1230,1922249.0,3434882.0,7171085.0,2466086261.2299995,4667099435.129999,9670618798.11,481446.0,862331.0,1721681.0,17.50898724441072,22.9398591854952,0.7869079396061592,0.8925126458480854,1.0877238286497177,1.0720832998152376,0.9373158841279385,0.9822979728316615,3.9832523706094296,1358.7364675496856,5412.1902554007675,4.165164743062158,1348.557268266936,5616.963187785659,10906364.0,13792509455.77,2402242.0
Sertaconazole Nitrate,Ertaczo,1231,35.0,119.0,461.0,45942.81,132401.23,630812.27,10.0,56.0,180.0,5.585714285714285,7.464888171179575,2.4,1.8818705255512238,2.8739495798319328,3.764398865478818,2.6369747899159663,2.8231346955150207,2.125,1112.6153781512605,2364.307678571429,2.561111111111111,1368.3563340563992,3504.5126111111113,3222.0,3989051.81,1309.0
Sertraline Hcl,Sertraline Hcl,1232,13590109.0,14028486.0,14519326.0,154456428.42,156025459.94000003,167063196.57000002,3199948.0,3343133.0,3472195.0,0.09980421515744481,0.20501111436127414,0.032257062838863176,0.010158408659648073,0.0349888077729842,0.07074317636522004,0.03362293530592369,0.04045079251243405,4.19620936409051,11.122045525083749,46.67043158019739,4.181598671733586,11.506263897511497,48.114577830450195,15394360.0,143254258.56000003,3664786.0
Sevelamer Carbonate,Renvela,1233,687293.0,645514.0,630405.0,312713520.9,277683839.9,219094676.54,193865.0,186075.0,185481.0,-0.15139371438648164,-0.600409962537013,-0.06078775718652744,-0.11201844070951396,-0.023406153855687097,-0.2109923407177718,-0.04209695552110727,-0.16150539071364287,3.469106543060594,430.174775295346,1492.3221276367055,3.3987578242515406,347.54590547346544,1181.224365514527,638285.0,131093107.42000002,193539.0
Sevelamer Hcl,Sevelamer Hcl,1234,8761.0,9679.0,12279.0,7658161.549999999,8084408.990000001,9295460.289999995,2635.0,2887.0,3488.0,2.5705146845013087,2.3606765540262455,0.10478255906859947,0.05565923847610688,0.26862279161070357,0.14980084524397547,0.1867026753396515,0.10273004186004117,3.352615171458261,835.2525043909496,2800.2802182196056,3.520355504587156,757.0209536607211,2664.982881307338,15823.0,10634209.599999996,4410.0
Sildenafil Citrate,Viagra,1235,456706.0,524064.0,557966.0,26953440.75,34589556.129999995,31708237.450000003,116417.0,138810.0,151439.0,0.6488113355299124,-0.25948696598667803,0.14748656685044645,0.2833076285446041,0.06469057214386029,-0.08330025020185168,0.10608856949715337,0.10000368917137623,3.775405230170737,66.00254192236062,249.1863419782436,3.684427393207826,56.82826095138414,209.37960135764237,513686.0,27471437.040000007,139495.0
Silodosin,Silodosin,1236,131389.0,139629.0,157808.0,17036363.599999994,17480038.009999994,19649842.48,39184.0,42686.0,48551.0,0.10591895945169383,-0.3483053111386172,0.06271453470229624,0.02604278826263137,0.13019501679450543,0.12413042058367967,0.09645477574840083,0.07508660442315551,3.2710724827812396,125.189165646105,409.50283488731657,3.2503552964923483,124.51740393389436,404.72580338201067,210898.0,17497078.729999997,65920.0
Silver Sulfadiazine,Silver Sulfadiazine,1237,248824.0,234906.0,246225.0,5061104.309999999,5056505.840000001,5182810.219999996,119492.0,116669.0,126084.0,-0.11169115100438698,-0.1831214686618624,-0.055935118798829696,-0.000908590244012947,0.04818523153942428,0.024978588771885055,-0.003874943629702709,0.012034999263936055,2.013439731205376,21.525656390215666,43.340611816335105,1.952864756828781,21.049082018479016,41.10601043748609,252000.0,4669969.940000001,127627.0
Simvastatin,Simvastatin,1238,18217212.0,16789093.0,15388703.0,159489837.58,149208729.61000004,166622425.58999997,5127322.0,4776733.0,4379875.0,-0.282899724482604,-0.1919599097790022,-0.07839393865537712,-0.06446246435509079,-0.0834107000300731,0.11670695156721483,-0.08090231934272511,0.026122243606062023,3.514764798451159,8.887241830752862,31.23656474205279,3.513502782613659,10.827580829261567,38.04273537258483,14482601.0,121796709.25,4076085.0
Siponimod,Mayzent,1239,5332.0,5224.0,4992.0,47171684.35,50447027.56999999,53058868.96999999,1404.0,1422.0,1292.0,17.420664206642066,20.7247431477508,-0.020255063765941484,0.0694345191428381,-0.0444104134762634,0.0517739404244546,-0.03233273862110244,0.06060422978364635,3.6736990154711675,9656.781694104133,35476.109402250346,3.863777089783282,10628.779841746793,41067.23604489164,4874.0,50824338.99,1279.0
Sirolimus,Sirolimus,1240,20429.0,21169.0,24419.0,13220568.69,12516709.489999996,14511575.37,5121.0,5310.0,6140.0,0.30485198247301487,0.07487005020801832,0.03622301630035733,-0.053239706740633636,0.15352638291841844,0.15937622276795393,0.09487469960938788,0.05306825801366015,3.986629001883239,591.2754258585666,2357.1957608286248,3.9770358306188927,594.273941193333,2363.4487573289903,26419.0,11572436.68,6672.0
Sitagliptin Phos/Metformin Hcl,Janumet Xr,1241,921773.0,827678.0,734309.0,733266241.2600001,709073470.8100001,668892482.1699998,225999.0,206525.0,185959.0,-0.28577431211756615,-0.019576407154934576,-0.10208044713828676,-0.03299316004024495,-0.11280836267244025,-0.056666890377523274,-0.1074444049053635,-0.044830025208884114,4.007640721462293,856.7020880221536,3433.3541741193562,3.9487682768782366,910.9141821358581,3596.9890253765607,695511.0,584211885.19,174475.0
Sitagliptin Phosphate,Januvia,1242,4009709.0,3723471.0,3498323.0,3531950653.5,3505633728.61,3446734330.2699995,897031.0,840113.0,792257.0,-0.1839342262262309,0.10468753931780414,-0.07138622777862433,-0.007451102088281162,-0.06046723608160236,-0.016801355446609795,-0.06592673193011334,-0.012126228767445478,4.4321073474639725,941.4961815494199,4172.812143854458,4.415641641538036,985.2533143080269,4350.525562121887,3490163.0,3195725240.549999,778064.0
Sod Picosulf/Mag Ox/Citric Ac,Clenpiq,1243,57663.0,99670.0,166447.0,9099321.24,16466921.889999997,28982072.52,56636.0,97882.0,162743.0,8.277982162764772,10.391591173096218,0.7284914069680731,0.8096868387954612,0.6699809370924049,0.760017610674414,0.699236172030239,0.7848522247349377,1.0182668927892768,165.21442650747463,168.23238072372854,1.022759811481907,174.1219278208679,178.08491007293708,134304.0,22885975.81000001,130810.0
Sod/Pot/K Cit/Sod Cit/Cit Acid,Tricitrates,1244,25.0,11.0,35.0,6133.5,3977.49,8676.27,10.0,5.0,15.0,-0.732824427480916,-0.247986763037394,-0.56,-0.3515138175593055,2.1818181818181817,1.1813430077762612,0.8109090909090908,0.41491459510847783,2.2,361.59,795.4979999999999,2.3333333333333335,247.8934285714286,578.418,33.0,5037.67,10.0
Sodium Acetate,Sodium Acetate,1245,311.0,292.0,427.0,13815.89,17622.989999999998,41608.9,45.0,60.0,75.0,1.0236966824644549,3.9097205833766,-0.06109324758842444,0.2755595187859775,0.4623287671232877,1.3610579135549647,0.20061775976743162,0.8183087161704712,4.866666666666666,60.35270547945205,293.71649999999994,5.693333333333333,97.44473067915692,554.7853333333334,413.0,36914.44,80.0
Sodium Bicarbonate,Sodium Bicarbonate,1246,3437.0,4812.0,5016.0,231074.01,313786.26000000007,378888.1799999999,766.0,1107.0,1167.0,-0.18359375,-0.16947102970216837,0.4000581902822229,0.357947005809957,0.04239401496259352,0.20747218186035232,0.22122610262240822,0.28270959383515465,4.3468834688346885,65.20911471321698,283.4564227642277,4.298200514138817,75.53592105263155,324.6685347043701,4570.0,291410.78,1144.0
Sodium Chloride,Sodium Chloride,1247,92.0,248.0,369.0,3788.96,11043.61,15039.350000000002,20.0,55.0,80.0,0.5769230769230769,-0.16220127758685696,1.6956521739130435,1.914681073434399,0.4879032258064516,0.36181466024243897,1.0917776998597475,1.138247866838419,4.509090909090909,44.53068548387097,200.7929090909091,4.6125,40.75704607046071,187.99187500000002,434.0,34103.45,80.0
Sodium Chloride 0.45 %,Sodium Chloride,1248,12143.0,11524.0,11680.0,333649.37999999995,346208.83,350132.12,4195.0,3936.0,4409.0,-0.18793019536953348,0.043493255586855746,-0.050975870872107386,0.037642659488832476,0.013536966331135023,0.01133214886518053,-0.01871945227048618,0.024487404177006504,2.9278455284552845,30.042418431100312,87.95956046747968,2.6491267861193015,29.97706506849315,79.41304604218644,12281.0,332273.37999999995,4507.0
Sodium Chloride 3 %,Sodium Chloride,1249,90.0,37.0,151.0,1412.9,1161.11,11639.28,15.0,10.0,20.0,1.1884057971014492,12.20499642626187,-0.5888888888888889,-0.17820794111402094,3.081081081081081,9.024269879684097,1.246096096096096,4.423030969285038,3.7,31.38135135135135,116.11099999999999,7.55,77.08132450331127,581.964,106.0,8854.89,25.0
Sodium Chloride Irrig Solution,Sodium Chloride,1250,29632.0,21753.0,19990.0,654281.9699999999,456847.9199999999,429387.0699999999,9005.0,7032.0,6074.0,-0.42902027992002284,-0.29281214291619884,-0.2658949784017279,-0.3017568251192983,-0.08104629246540707,-0.0601093904509843,-0.17347063543356747,-0.1809331077851413,3.093430034129693,21.001605295821264,64.9669965870307,3.29107672044781,21.480093546773382,70.69263582482711,20739.0,384294.76,6336.0
Sodium Chloride/Nahco3/Kcl/Peg,Gavilyte-N,1251,281116.0,405336.0,373949.0,4916025.720000002,8490863.38,9188813.489999998,273698.0,393908.0,362502.0,-0.14564608474336185,0.27115257487437755,0.4418816431650991,0.7271804224815972,-0.07743452345708252,0.08220013428127936,0.1822235598540083,0.4046902783814383,1.0290118504828538,20.94771591963211,21.555447921849773,1.0315777568123763,24.572370804574952,25.348311154145353,325083.0,7103530.7,315160.0
Sodium Fluoride/Potassium Nit,Prevident 5000 Enamel Protect,1252,5298.0,6810.0,8623.0,81462.95999999999,102435.3,123672.36000000002,2060.0,2559.0,3330.0,0.8176644182124789,0.6255208875513794,0.2853907134767837,0.257446328981908,0.26622613803230544,0.2073216947673313,0.27580842575454456,0.23238401187461966,2.6611957796014067,15.041894273127754,40.02942555685815,2.5894894894894893,14.342150063782908,37.13884684684685,10724.0,145202.2199999999,4229.0
Sodium Oxybate,Xyrem,1253,9673.0,7295.0,4897.0,148302540.81000003,119824684.99000004,81864759.47,2626.0,2197.0,1585.0,-0.7034816833181956,-0.6174553764950981,-0.24583893311278818,-0.19202540741688853,-0.32871830020562026,-0.3167955377739402,-0.28727861665920423,-0.2544104725954144,3.320436959490214,16425.590814256346,54540.138821119726,3.089589905362776,16717.32886869512,51649.69051735016,5837.0,97987586.68,1910.0
Sodium Phenylbutyrate,Sodium Phenylbutyrate,1254,413.0,550.0,347.0,5269871.42,6327631.59,4523884.67,120.0,175.0,115.0,0.2851851851851852,-0.0637584246246985,0.33171912832929784,0.20071840196814517,-0.3690909090909091,-0.2850587766283024,-0.01868589038080562,-0.04217018733007863,3.142857142857143,11504.784709090909,36157.8948,3.017391304347826,13037.131613832853,39338.12756521739,297.0,3775666.76,95.0
Sodium Polystyrene Sulfon/Sorb,Sps,1255,46022.0,44726.0,43353.0,4764068.559999999,4926401.85,5745693.229999998,18513.0,18965.0,18955.0,0.5342936013590034,3.3450112135027825,-0.028160445004563037,0.03407450752555942,-0.03069802799266646,0.16630624235414293,-0.029429236498614748,0.10019037493985117,2.358344318481413,110.14626503599695,259.7628183495913,2.2871537852809287,132.5327712038382,303.1228293326298,41491.0,5867673.389999997,18274.0
Sodium Polystyrene Sulfonate,Sodium Polystyrene Sulfonate,1256,18724.0,16268.0,16253.0,1291853.7200000002,1225578.1000000003,1248709.04,7318.0,6699.0,6822.0,-0.5631970759762424,-0.3777182600275352,-0.13116855372783592,-0.05130272798997697,-0.000922055569215638,0.0188734932518782,-0.06604530464852579,-0.016214617369049382,2.4284221525600835,75.3367408409147,182.94941035975523,2.3824391673995895,76.82944933243094,183.04148929932572,17441.0,1204974.7199999995,7419.0
Sodium Zirconium Cyclosilicate,Lokelma,1257,84952.0,142359.0,178087.0,62183555.01000001,105639132.45,137407227.61999995,25252.0,43023.0,54384.0,53.047647951441576,59.335949767650725,0.6757580751483191,0.6988274863508802,0.25097113635246104,0.3007227949835359,0.46336460575039007,0.4997751406672081,3.3089045394323966,742.0614955851053,2455.4106512795483,3.274621212121212,771.5735995328123,2526.6112757428646,221554.0,162618490.13000005,68258.0
"Sodium, Potassium,mag Sulfates",Suprep,1258,944702.0,578581.0,552046.0,104338023.47,63270717.92,46175328.3,925334.0,567857.0,540656.0,-0.3922373599757796,-0.49121459497339753,-0.38755184174480417,-0.39359865353217044,-0.045862204254892576,-0.2701943360531415,-0.21670702299984837,-0.331896494792656,1.0188850361974935,109.35498732243195,111.42016021639252,1.021067000088781,83.64398673298963,85.40611460891952,867092.0,56517157.38,846785.0
Sofosbuvir/Velpatas/Voxilaprev,Vosevi,1259,75.0,78.0,56.0,1959288.76,2057406.92,1427655.13,25.0,25.0,20.0,-0.6455696202531646,-0.639382048167165,0.04,0.05007845806250627,-0.28205128205128205,-0.3060900514517566,-0.12102564102564102,-0.12800579669462517,3.12,26377.011794871793,82296.27679999999,2.8,25493.841607142855,71382.75649999999,71.0,1715826.65,25.0
Sofosbuvir/Velpatasvir,Epclusa,1260,17946.0,16302.0,14739.0,407691245.07,370213875.92,339000813.75999993,6296.0,5651.0,5128.0,-0.31302726637147515,-0.30876565219080065,-0.09160815780675359,-0.09192586204191155,-0.09587780640412219,-0.08431089213615796,-0.09374298210543788,-0.08811837708903475,2.884799150592815,22709.721256287572,65512.984590338,2.874219968798752,23000.25875296831,66107.8029953198,13829.0,285801252.7599999,4814.0
Solifenacin Succinate,Solifenacin Succinate,1261,642462.0,716751.0,776728.0,51206387.450000025,56854889.580000006,61204552.35999999,192923.0,216063.0,237066.0,0.3180228503358996,-0.7213729771935361,0.11563174164386376,0.11030854569687043,0.08367899033276549,0.07650463860068912,0.09965536598831462,0.09340659214877978,3.3173241138001415,79.32306976899929,263.14033212535236,3.276420912319776,78.79792200100935,258.1751594914496,1030916.0,48299906.15999997,324635.0
Solriamfetol Hcl,Sunosi,1262,5221.0,7084.0,8913.0,4209725.73,6293426.67,8835235.030000003,1551.0,2113.0,2660.0,57.63815789473684,82.17733123570741,0.3568281938325991,0.49497308699966047,0.25818746470920384,0.4038830502493172,0.3075078292709015,0.4494280686244888,3.3525792711784193,888.4001510446076,2978.431930903928,3.350751879699248,991.2751071468645,3321.5169285714296,10812.0,10725718.030000005,3101.0
Somatropin,Genotropin,1263,19872.0,19670.0,19033.0,116216213.41,119118155.81,118994705.98,5154.0,5123.0,4937.0,-0.028383276328551737,0.012002586139176347,-0.010165056360708535,0.02497020264945497,-0.03238434163701068,-0.0010363645168995688,-0.021274698998859608,0.0119669190662777,3.839547140347453,6055.828968479918,23251.640798360335,3.8551752076159613,6252.020489675827,24102.634389305247,19514.0,124681364.16,4926.0
Sonidegib Phosphate,Odomzo,1264,991.0,821.0,962.0,11989260.21,9957300.41,12722977.27,277.0,240.0,305.0,0.5822368421052632,0.8393941007369783,-0.1715438950554995,-0.16948166645888493,0.17174177831912302,0.27775368283781643,9.894163181176086e-05,0.05413600818946575,3.4208333333333334,12128.258721071863,41488.75170833334,3.1540983606557376,13225.548097713097,41714.67957377049,1514.0,18921035.81,465.0
Sorafenib Tosylate,Nexavar,1265,1760.0,856.0,1132.0,22408818.750000004,10139992.969999995,9619831.45,630.0,310.0,416.0,-0.6581093325279371,-0.7739322414547588,-0.5136363636363637,-0.5474998890782677,0.32242990654205606,-0.051298015840734464,-0.0956032285471538,-0.2993989524595011,2.761290322580645,11845.786179906536,32709.65474193547,2.7211538461538463,8498.084319787986,23124.594831730767,1254.0,7454814.469999997,435.0
Sotalol Hcl,Sotalol,1266,882390.0,850878.0,833951.0,22737333.53,21452646.360000007,23424309.300000004,254749.0,251154.0,249162.0,-0.1317659086697331,-0.16833802485881993,-0.035712100091796144,-0.05650122378268136,-0.019893568760738906,0.0919076792165047,-0.027802834426267527,0.017703227716911667,3.3878735755751452,25.212364592808846,85.4163037817435,3.3470232218396063,28.08835207344317,94.01236665302095,846182.0,16958244.28,254550.0
Spironolact/Hydrochlorothiazid,Spironolactone-Hctz,1267,117655.0,108453.0,106812.0,5397665.66,4839793.119999999,4297411.040000001,35316.0,32458.0,32279.0,-0.22731021311688876,-0.3650432712428001,-0.07821172070885216,-0.10335440820912219,-0.015130978396171613,-0.11206720340145414,-0.046671349552511884,-0.10771080580528816,3.341333415490788,44.62571915945155,149.10940661778295,3.3090244431364044,40.233410478223426,133.13333870318166,105237.0,3692244.89,31771.0
Spironolactone,Spironolactone,1268,5828250.0,6235570.0,7015164.0,75504862.44999997,80624030.83999999,88331619.33000001,1658902.0,1825996.0,2094285.0,0.26156948163025134,0.29062862498194597,0.06988718740616823,0.06779918834220745,0.125023694706338,0.09559914593325021,0.09745544105625312,0.08169916713772883,3.4148869986571713,12.929697018877182,44.153454246340075,3.3496701738302095,12.591525918709815,42.17745881291229,8103728.0,71631087.14,2440762.0
Streptomycin Sulfate,Streptomycin Sulfate,1269,448.0,1126.0,917.0,1467124.3700000003,2814258.079999999,1964507.93,267.0,632.0,488.0,-0.06619144602851323,-0.6001639079159603,1.5133928571428572,0.9182137094485033,-0.18561278863232683,-0.30194464254678427,0.6638900342552652,0.3081345334508595,1.7816455696202531,2499.3411012433385,4452.939999999999,1.8790983606557377,2142.320534351145,4025.6310040983603,279.0,597116.66,139.0
"Sub-Q Insulin Device, 20 Unit",V-Go 20,1270,10120.0,7416.0,7204.0,5506813.31,4475919.83,4810391.49,2604.0,1995.0,2010.0,-0.32204027856201767,0.0008152047899785715,-0.2671936758893281,-0.1872032738295244,-0.028586839266450916,0.07472691037900027,-0.14789025757788948,-0.056238181725262064,3.7172932330827066,603.5490601402373,2243.568837092732,3.58407960199005,667.7389630760689,2393.2295970149253,6181.0,4068156.55,1638.0
"Sub-Q Insulin Device, 30 Unit",V-Go 30,1271,9835.0,7025.0,5966.0,5298897.500000001,4222864.420000001,3902662.960000001,2567.0,1959.0,1680.0,-0.3866557006271204,-0.11842173806356882,-0.2857142857142857,-0.2030673512744868,-0.1507473309608541,-0.07582565485254199,-0.21823080833756991,-0.1394465030635144,3.5860132720775906,601.1194903914592,2155.6224706482903,3.551190476190476,654.1506805229636,2323.013666666667,5079.0,3244662.3400000003,1438.0
"Sub-Q Insulin Device, 40 Unit",V-Go 40,1272,15231.0,10799.0,8236.0,8426184.589999998,6641134.989999999,5599595.840000002,3823.0,2835.0,2229.0,-0.48259831637140344,-0.2361422673124822,-0.29098549011883657,-0.21184553707955253,-0.2373367904435596,-0.15683149816534564,-0.2641611402811981,-0.18433851762244907,3.8091710758377424,614.9768487822946,2342.552024691358,3.694930462090624,679.8926469159788,2512.156052041275,6309.0,4175283.489999999,1707.0
Sucralfate,Sucralfate,1273,1566281.0,1523152.0,1541315.0,106528776.20000003,102662665.61,108970732.19000004,516882.0,502034.0,510666.0,0.13123123409645868,0.28331203175684766,-0.027535927461292065,-0.03629170190354662,0.011924614221036377,0.06144460152596697,-0.007805656620127844,0.012576449811210175,3.033961843221774,67.4014580357049,204.4934518578423,3.0182448018861643,70.6998453852717,213.38944082825182,1641395.0,87863628.5,542581.0
Sucroferric Oxyhydroxide,Velphoro,1274,104324.0,115683.0,127742.0,314048924.12000006,355574172.28000003,390734975.6399998,25765.0,28328.0,31105.0,0.6331743738573455,1.047338663467085,0.10888194471070894,0.1322254112997149,0.10424176413128981,0.09888458189902524,0.10656185442099939,0.11555499659937007,4.083698107879131,3073.694253088181,12552.03940553516,4.10679954991159,3058.782355372546,12561.806000321485,129929.0,363776569.78,33120.0
Sulfacetamide Sodium,Sulfacetamide Sodium,1275,7009.0,6903.0,4804.0,482955.26,610561.1899999998,459160.44000000006,3697.0,3547.0,2430.0,-0.551865671641791,-0.3380267321838302,-0.015123412755029248,0.26421894649206185,-0.3040706939012024,-0.2479698226479148,-0.15959705332811583,0.008124561922073517,1.9461516774739216,88.44867304070691,172.1345334085142,1.976954732510288,95.57877601998337,188.95491358024694,5904.0,424587.87,3188.0
Sulfacetamide/Prednisolone Sp,Sulfacetamide-Prednisolone,1276,5549.0,5498.0,2312.0,103038.29,108766.39000000004,45703.75,3267.0,3137.0,1526.0,-0.5018315018315018,-0.44596102358606177,-0.009190845197332853,0.05559195518481576,-0.5794834485267369,-0.5797989617932526,-0.2943371468620349,-0.26210350330421844,1.7526299011794708,19.782901054929074,34.67210392094359,1.5150720838794234,19.76805795847751,29.950032765399737,224.0,4769.969999999999,154.0
Sulfadiazine,Sulfadiazine,1277,293.0,149.0,75.0,177118.71000000002,162894.45,110642.09,120.0,55.0,30.0,-0.7663551401869159,-0.42179758918606314,-0.49146757679180886,-0.0803091892437564,-0.4966442953020134,-0.3207743419128154,-0.4940559360469111,-0.2005417655782859,2.709090909090909,1093.2513422818793,2961.7172727272728,2.5,1475.2278666666666,3688.0696666666668,60.0,101142.75,20.0
Sulfamethoxazole/Trimethoprim,Sulfamethoxazole-Trimethoprim,1278,3054147.0,3020638.0,3010218.0,16029900.620000005,17398745.38,18790504.93,2112785.0,2105666.0,2108966.0,-0.12784491018467198,-0.08896926142610752,-0.01097163954452749,0.08539321561932389,-0.003449602368771101,0.07999194882177194,-0.007210620956649295,0.08269258222054791,1.434528552961391,5.759957128262307,8.262822964325776,1.4273430676454717,6.242240571945287,8.909818806941411,3086605.0,15404906.35,2164705.0
Sulfasalazine,Sulfasalazine,1279,388311.0,403205.0,412141.0,11881193.409999996,13322704.58,13531544.5,116361.0,115105.0,118585.0,0.01791862400774539,-0.13989367808880634,0.03835585394181468,0.12132713610963801,0.022162423581056783,0.015675489818599574,0.030259138761435732,0.0685013129641188,3.5029321054689198,33.04201232623603,115.74392580687199,3.475490154741325,32.83231830854004,114.10839903866425,410972.0,12378021.440000003,121299.0
Sulindac,Sulindac,1280,126724.0,113867.0,102981.0,2400653.770000001,2279404.85,2070996.88,47280.0,43594.0,40574.0,-0.32115359261700727,-0.2283821919596566,-0.10145670906852687,-0.0505066251182072,-0.09560276462890917,-0.09143087065029286,-0.09852973684871802,-0.07096874788425003,2.6119878882415013,20.018133875486313,52.28712322796715,2.5381032188100754,20.110475524611335,51.04246266081727,98156.0,1674899.6300000004,38656.0
Sumatriptan,Sumatriptan,1281,9410.0,9303.0,10278.0,2949105.7199999983,2840832.169999999,2633822.7400000007,3289.0,3198.0,3506.0,0.11863299956464954,-0.1361975574233935,-0.011370882040382571,-0.036714028007106984,0.10480490164463076,-0.07286929238061901,0.04671700980212409,-0.054791660193863,2.9090056285178236,305.36731914436194,888.3152501563474,2.9315459212778094,256.258293442304,751.2329549343983,11539.0,2079713.5400000005,3822.0
Sumatriptan Succ/Naproxen Sod,Sumatriptan Succ-Naproxen Sod,1282,2263.0,2631.0,2667.0,1897366.88,1965134.3900000004,1702222.0599999996,640.0,663.0,567.0,0.5434027777777778,0.20275925875745507,0.16261599646486966,0.03571660848217213,0.013683010262257697,-0.13378847336746305,0.08814950336356367,-0.04903593244264546,3.9683257918552037,746.915389585709,2964.0036048265465,4.703703703703703,638.2534908136481,3002.1553086419744,2557.0,1088469.74,528.0
Sumatriptan Succinate,Sumatriptan Succinate,1283,1224932.0,1235927.0,1251213.0,47433734.24000001,45607034.93999999,43201944.08999999,309842.0,314482.0,320442.0,0.11792803055685853,-0.11487228984626476,0.008976008464143316,-0.038510552231824854,0.01236804439097131,-0.05273508468954641,0.010672026427557314,-0.04562281846068563,3.930040511062636,36.90107501494828,145.02271971050806,3.90464733087423,34.52804925300487,134.81985535603943,1311071.0,30308204.58,336764.0
Sunitinib Malate,Sutent,1284,2514.0,2528.0,2969.0,26767684.02,20073866.29,21682193.46,820.0,830.0,941.0,-0.5256430739734782,-0.6591468486846289,0.005568814638027049,-0.25007085876382074,0.17444620253164558,0.08012044848586077,0.09000750858483632,-0.08497520513897999,3.0457831325301203,7940.611665348101,24185.381072289154,3.155154091392136,7302.860714045133,23041.650860786398,2911.0,15286808.7,980.0
Suvorexant,Belsomra,1285,156819.0,169879.0,198084.0,64842982.62999999,74491936.63,92527482.01999998,43015.0,47138.0,54473.0,0.40811669616770807,0.7856210161470756,0.08328072491215988,0.1488049070021628,0.16602993895655144,0.24211406235257635,0.12465533193435566,0.19545948467736957,3.6038652467223895,438.49997133253663,1580.294807374093,3.6363703118976374,467.11234637830404,1698.5934686909106,189941.0,85924794.96000001,51545.0
"Syrge-Ndl,ins 0.3 Ml Half Mark",Veo Insulin Syringe,1286,13129.0,12987.0,11806.0,295382.25000000006,313906.13,295994.62,4849.0,4825.0,4488.0,-0.13862541952429594,0.09470344370006127,-0.010815751390052555,0.06271155426570128,-0.09093709093709093,-0.05706008353516387,-0.050876421163571744,0.002825735365268707,2.6916062176165805,24.17079618079618,65.0582652849741,2.6305704099821745,25.07154158902253,65.95245543672014,10962.0,283300.98,4237.0
"Syrge-Ndl,ins 0.5 Ml Half Mark",Droplet Insulin Syringe,1287,1062.0,966.0,1025.0,64652.83,56049.83999999998,57829.62,401.0,353.0,382.0,9.904255319148936,20.631083431521073,-0.0903954802259887,-0.1330643995011513,0.061076604554865424,0.03175352507696759,-0.014659437835561638,-0.05065543721209185,2.736543909348442,58.02260869565215,158.78141643059485,2.683246073298429,56.41914146341464,151.38643979057593,805.0,40746.01000000002,285.0
"Syring-Needl,disp,insul,0.3 Ml",Insulin Syringe,1288,69204.0,58055.0,48054.0,2154662.6500000004,1891700.17,1546763.62,22051.0,18316.0,15021.0,-0.4752555254651874,-0.4076081637360218,-0.16110340442748974,-0.12204345770786922,-0.17226767720265265,-0.18234208331228297,-0.1666855408150712,-0.1521927705100761,3.169633107665429,32.584620962880024,103.2812934046735,3.1991212302776115,32.18803054896575,102.97341189002064,38673.0,1179019.85,12317.0
"Syringe And Needle,insulin,1ml",Insulin Syringe,1289,323702.0,256215.0,202499.0,10172768.07,8358232.130000002,6717947.529999999,103762.0,83128.0,66386.0,-0.5388905081565548,-0.48879610525762185,-0.20848496456617507,-0.17837189715856744,-0.2096520500361025,-0.196247791935877,-0.2090685073011388,-0.18730984454722222,3.082174477913579,32.621946919579266,100.54653221537872,3.0503268761485853,33.17521335907831,101.19524493116018,156995.0,4954455.219999999,51512.0
"Syringe With Needle, Insulin",Monoject Insulin Safety Syrng,1290,5175.0,3507.0,1439.0,165209.35,105328.6,40623.16,1220.0,840.0,362.0,-0.8266056151343535,-0.8519612047540153,-0.32231884057971016,-0.3624537594270542,-0.5896777872825777,-0.6143197574068202,-0.45599831393114393,-0.48838675841693724,4.175,30.033818078129457,125.39119047619049,3.9751381215469612,28.230132036136208,112.21867403314918,388.0,10495.16,105.0
"Syringe,insul U-500,ndl,0.5ml",Insulin Syringe U-500,1291,1125.0,869.0,554.0,43814.19,36435.23,24503.75,355.0,277.0,181.0,-0.6369593709043251,-0.5565957774835071,-0.22755555555555557,-0.1684148445971499,-0.3624856156501726,-0.3274709669734486,-0.2950205856028641,-0.24794290578529923,3.137184115523466,41.92776754890679,131.53512635379062,3.0607734806629834,44.230595667870034,135.37983425414365,461.0,20263.829999999994,171.0
"Syringe,needle,insuln,safe,1ml",Magellan Insulin Safety Syrng,1292,1575.0,1305.0,1547.0,45101.16,41598.66,60396.779999999984,365.0,351.0,416.0,-0.37620967741935485,-0.15584917295364284,-0.17142857142857143,-0.07765875644883634,0.1854406130268199,0.45189244076612034,0.007006020799124241,0.187116842158642,3.717948717948718,31.876367816091957,118.51470085470086,3.71875,39.04122818358111,145.18456730769228,1431.0,42992.45999999999,350.0
"Syringe,needle,insuln,sf 0.5ml",Easy Touch Insulin Safety,1293,405.0,525.0,663.0,11322.440000000002,19252.63,34923.85,125.0,156.0,200.0,-0.457002457002457,-0.11328266331179847,0.2962962962962963,0.7003958510709704,0.26285714285714284,0.8139781422070645,0.2795767195767196,0.7571869966390175,3.3653846153846154,36.67167619047619,123.41429487179488,3.315,52.67549019607843,174.61925,797.0,40862.69,235.0
"Syringe-Needle,insulin,0.5 Ml",Insulin Syringe,1294,333700.0,276125.0,232892.0,10163667.02,8785563.219999999,7345053.210000003,105684.0,87926.0,75141.0,-0.48070238028875634,-0.4187005909963774,-0.17253521126760563,-0.13559119924808408,-0.15657039384336804,-0.16396330820552632,-0.16455280255548682,-0.1497772537268052,3.1404249027591384,31.81734076957899,99.91996929235947,3.099399795051969,31.538452201020228,97.75027228809842,191709.0,5755802.83,61992.0
Tacrolimus,Tacrolimus,1295,351672.0,365947.0,396728.0,82141573.46999998,86723711.47000001,84552138.41000003,112560.0,122638.0,146244.0,0.4471888143519481,0.5114575841018584,0.0405918014513524,0.0557834213106903,0.08411327323355568,-0.025040130584715475,0.06235253734245404,0.015371645362987412,2.983960925651103,236.98434874449035,707.1520366444333,2.712781379065124,213.12369787360618,578.1579990290202,494640.0,77044279.83000001,197080.0
Tadalafil,Cialis,1296,189303.0,193083.0,206672.0,116160986.20999996,108188131.04999998,98549711.67000005,45713.0,46814.0,51602.0,-0.037203365353259604,-0.5084798997534744,0.01996798782903599,-0.0686362557699568,0.07037905978258055,-0.08908943417781628,0.04517352380580827,-0.07886284497388654,4.124471312000684,560.3192981774677,2311.0208708933224,4.005116080772063,476.84113798676185,1909.8041097244302,238511.0,81624229.11000001,60282.0
Tafamidis,Vyndamax,1297,19663.0,29402.0,45104.0,429375247.23,689086457.83,1126868426.7999997,3894.0,5644.0,8510.0,171.81226053639847,169.06358952208998,0.49529573310278185,0.6048583663717405,0.5340453030406095,0.6353077527435635,0.5146705180716957,0.6200830595576521,5.209425939050319,23436.720557445075,122091.85999822822,5.300117508813161,24983.780303299034,132416.9714218566,98896.0,2504980200.93,16340.0
Tafamidis Meglumine,Vyndaqel,1298,4109.0,3209.0,3244.0,85120799.72999999,69962861.66000001,72272868.59,1098.0,916.0,931.0,-0.233096926713948,-0.18191651747292978,-0.21903139449987832,-0.17807560687963922,0.01090682455593643,0.033017616420923164,-0.10406228497197095,-0.07252899522935803,3.5032751091703056,21802.075930196326,76378.66993449783,3.484425349087003,22278.93606350185,77629.28957035446,9001.0,207777475.7799999,2106.0
Tafluprost/Pf,Zioptan,1299,53589.0,50580.0,47802.0,17417726.299999997,18279308.510000005,12722173.54,14363.0,13643.0,13650.0,-0.20391033540951936,-0.2763136076855873,-0.056149582936796734,0.04946582551363254,-0.05492289442467378,-0.3040123190086694,-0.05553623868073526,-0.12727324674751841,3.707395734076083,361.3939998022935,1339.8305731877158,3.501978021978022,266.1431224634952,932.0273655677655,59937.0,13211334.409999996,16287.0
Talazoparib Tosylate,Talzenna,1300,106.0,142.0,125.0,1463989.38,2031769.63,1960611.81,45.0,60.0,50.0,1.11864406779661,1.333322765251447,0.33962264150943394,0.3878308529806412,-0.11971830985915492,-0.03502258275215967,0.1099521658251395,0.17640413511424075,2.3666666666666667,14308.236830985914,33862.82716666666,2.5,15684.89448,39212.2362,1191.0,18328318.82,375.0
Taliglucerase Alfa,Elelyso,1301,62.0,65.0,39.0,2757330.75,2998748.18,1845416.89,25.0,25.0,15.0,-0.390625,-0.2215237992621772,0.04838709677419355,0.08755475925403587,-0.4,-0.38460424843009,-0.17580645161290323,-0.14852474458802706,2.6,46134.587384615385,119949.9272,2.6,47318.38179487179,123027.79266666666,53.0,2244457.66,20.0
Tamoxifen Citrate,Tamoxifen Citrate,1302,309698.0,302270.0,297664.0,12746527.359999998,10544677.489999998,10135700.47,88642.0,88717.0,88831.0,-0.12784466315262075,-0.3577147081903012,-0.023984656019735356,-0.1727411559096202,-0.015238032222847123,-0.03878516155547188,-0.01961134412129124,-0.10576315873254603,3.407126029960436,34.884962086875966,118.85746238037804,3.3509022751066633,34.05081054477532,114.10093852371358,309492.0,8272333.119999998,92674.0
Tamsulosin Hcl,Tamsulosin Hcl,1303,17043259.0,17826974.0,18879859.0,293310434.25999993,345634830.0599999,380657614.3499999,5004087.0,5336926.0,5710088.0,0.16549087842246668,0.2557525555504104,0.045983869634322876,0.178392548263789,0.05906134153782913,0.10132886284614401,0.05252260558607601,0.1398607055549665,3.3403075103533384,19.388306173554742,64.7629047245549,3.3064042095323223,20.162100487614865,66.66405392526349,20562302.0,297817390.5,6233330.0
Tapentadol Hcl,Nucynta,1304,96359.0,85943.0,68898.0,85736288.46,89208064.85,78165375.11999999,24359.0,21791.0,18326.0,-0.4007931676262371,-0.07411884690802649,-0.10809576687180232,0.04049366321262842,-0.19832912511781065,-0.12378577820926698,-0.1532124459948065,-0.041646057498319275,3.943967693084301,1037.9910504636794,4093.8031687393877,3.7595765578958855,1134.508623182095,4265.272024446142,62408.0,71961869.25,16531.0
Tasimelteon,Hetlioz,1305,2990.0,2528.0,1847.0,65837131.3,60034797.65999998,46469208.44999999,1120.0,1000.0,695.0,-0.39738988580750406,-0.07710745879603516,-0.15451505016722408,-0.08813162914952244,-0.26938291139240506,-0.22596210429203265,-0.21194898077981456,-0.15704686672077756,2.528,23747.942112341763,60034.79765999998,2.6575539568345325,25159.28990254466,66862.17043165465,2161.0,45740252.69000001,840.0
Tavaborole,Kerydin,1306,8317.0,17323.0,21436.0,6525735.609999999,12582128.06,13899058.689999998,3136.0,5483.0,6839.0,12.142857142857142,4.4431058270647465,1.0828423710472526,0.928078122061706,0.23743000634993938,0.10466676413719453,0.6601361886985959,0.5163724430994503,3.1594017873426954,726.3250049067714,2294.7525186941457,3.1343763708144468,648.3979609068855,2032.3232475508112,25889.0,16966328.919999998,7942.0
Tazarotene,Tazorac,1307,1237.0,1590.0,1848.0,549510.3400000002,652228.84,852905.21,483.0,708.0,761.0,0.7433962264150943,0.4588123882432786,0.2853678253839935,0.18692732879239313,0.16226415094339622,0.3076778542942075,0.22381598816369486,0.2473025915433003,2.2457627118644066,410.2068176100629,921.2271751412429,2.42838370565046,461.52879329004327,1120.7690013140605,2134.0,853171.7399999998,842.0
Tbo-Filgrastim,Granix,1308,260.0,376.0,234.0,593412.86,797167.0699999998,535891.6000000001,85.0,112.0,83.0,-0.502127659574468,-0.45814773245680024,0.4461538461538462,0.3433599501028674,-0.3776595744680851,-0.3277549711128933,0.03424713584288053,0.007802489494987047,3.357142857142857,2120.125186170212,7117.563124999999,2.819277108433735,2290.135042735043,6456.525301204821,2926.0,1904432.03,1012.0
Tedizolid Phosphate,Sivextro,1309,369.0,529.0,210.0,2755312.33,4460115.21,1390419.16,120.0,167.0,65.0,-0.6798780487804879,-0.41992763021052876,0.43360433604336046,0.6187330784383344,-0.6030245746691871,-0.6882548780617709,-0.08471011931291333,-0.03476089981171826,3.1676646706586826,8431.219678638941,26707.276706586825,3.230769230769231,6621.043619047618,21391.064,416.0,4310941.05,125.0
Teduglutide,Gattex,1310,4127.0,4082.0,4282.0,195400336.48000005,196812903.71,213126891.59,1222.0,1184.0,1182.0,0.09402146142054164,0.2598796823389006,-0.01090380421613763,0.007229093129757947,0.04899559039686428,0.08289084492162332,0.019045893090363326,0.045059969025690635,3.447635135135135,48214.82207496325,166227.11461993243,3.6226734348561758,49772.744416160676,180310.39897631135,4885.0,242418617.5000001,1353.0
Telavancin Hcl,Vibativ,1311,51.0,32.0,38.0,215409.82,138812.38,137059.18,20.0,10.0,10.0,-0.7054263565891473,-0.5788843237538008,-0.37254901960784315,-0.35558935985369655,0.1875,-0.012629997410893838,-0.09252450980392157,-0.1841096786322952,3.2,4337.886875,13881.238000000001,3.8,3606.8205263157893,13705.918,37.0,167285.63,10.0
Telmisartan,Telmisartan,1312,685548.0,714973.0,758562.0,35829166.660000004,33245702.21,37232316.98,186372.0,198527.0,215191.0,0.1689895577774216,-0.02546955717117446,0.0429218668860532,-0.07210506664907183,0.06096593857390419,0.11991368823609504,0.051943902729978696,0.0239043107935116,3.601389231691407,46.49924152380579,167.46186770565214,3.525063780548443,49.082760512654204,173.01986133249065,883892.0,25508824.61,254294.0
Telmisartan/Amlodipine,Telmisartan-Amlodipine,1313,1682.0,2150.0,3392.0,273778.59,347210.81999999995,590113.6899999998,560.0,691.0,1137.0,0.6522162688748173,0.7619851549401718,0.27824019024970276,0.2682175768382762,0.5776744186046512,0.6995832387942286,0.42795730442717694,0.4839004078162524,3.1114327062228653,161.49340465116276,502.47586107091166,2.9832893579595425,173.97219634433958,519.0094019349162,5567.0,871075.1000000001,1783.0
Telmisartan/Hydrochlorothiazid,Telmisartan-Hydrochlorothiazid,1314,109115.0,95112.0,91905.0,15486089.690000003,13177545.8,11939222.680000002,31701.0,28317.0,27759.0,-0.33898890223465694,-0.3630207789278182,-0.12833249324107593,-0.1490720986519097,-0.03371814282109513,-0.09397221142650092,-0.08102531803108554,-0.12152215503920531,3.3588303845746372,138.5476680124485,465.3581170321715,3.310818113044418,129.90830400957512,430.1027659497821,99431.0,6731949.94,29871.0
Telotristat Etiprate,Xermelo,1315,1021.0,1009.0,975.0,7646676.200000002,8131275.0,8596962.339999998,295.0,321.0,335.0,0.17328519855595667,0.6808635917282262,-0.011753183153770812,0.06337378323931094,-0.03369672943508424,0.057271133985752294,-0.02272495629442753,0.06032245861253162,3.143302180685358,8058.74628344896,25331.07476635514,2.91044776119403,8817.397271794869,25662.574149253724,1225.0,11562477.770000003,395.0
Temazepam,Temazepam,1316,2255303.0,2134846.0,2030349.0,26386711.99,25719647.97,24120933.919999994,475567.0,450256.0,423194.0,-0.1733954822225081,-0.16379632309270803,-0.053410561685059615,-0.025280300942868615,-0.04894826137341991,-0.06215925085229713,-0.051179411529239764,-0.04371977589758287,4.741404889662769,12.047542525315643,57.12227703795174,4.797679078625879,11.880191001645526,56.99734381867417,1886841.0,21225568.33000001,396899.0
Tenofovir Alafenamide,Vemlidy,1317,87004.0,92984.0,101919.0,115752674.66999996,133436005.69,157530039.4,15308.0,16492.0,18287.0,0.5499338473470505,0.9430507949783119,0.06873247207024964,0.15276822821082592,0.09609180073991225,0.1805662091383006,0.08241213640508094,0.16666721867456324,5.638127577007034,1435.0426491654478,8090.9535344409405,5.5733034396019026,1545.6395706394294,8614.31833542954,108432.0,164228279.94,19526.0
Tenofovir Disoproxil Fumarate,Tenofovir Disoproxil Fumarate,1318,54225.0,51688.0,49374.0,10146607.98,12188110.96,13056200.209999995,13658.0,12827.0,12484.0,-0.39024872181193965,-0.22386713525310656,-0.04678653757491932,0.20120053756132208,-0.04476861167002012,0.07122426542135733,-0.045777574622469716,0.1362124014913397,4.029625009745069,235.80155858226283,950.1918577999533,3.954982377443127,264.4347269818122,1045.8346851970518,51818.0,8515465.2,13092.0
Terazosin Hcl,Terazosin Hcl,1319,1075351.0,984698.0,917990.0,27435520.43,26665428.11,27688197.05,307537.0,286644.0,268616.0,-0.29411448080708663,-0.006550744067063883,-0.08430084688627248,-0.02806917120325245,-0.0677446283022815,0.03835561671017932,-0.076022737594277,0.005143222753463435,3.4352646488326983,27.07980325947651,93.02629083462413,3.4174807159662866,30.161763254501682,103.07724428180005,868211.0,20561056.24999999,253901.0
Terbinafine Hcl,Terbinafine Hcl,1320,296109.0,347930.0,372088.0,3791761.94,4848369.45,5602461.329999998,144562.0,171189.0,186506.0,0.3139999717486192,0.6528597800290871,0.1750065009844348,0.2786587150563572,0.06943350673986147,0.15553515213243455,0.12222000386214812,0.21709693359439586,2.032431990373213,13.934899117638606,28.321734749312164,1.9950457357940228,15.05681809141923,30.03904072791223,436623.0,4992237.91,215882.0
Terbutaline Sulfate,Terbutaline Sulfate,1321,1914.0,1184.0,1182.0,483313.68000000005,294085.89,309400.7,674.0,433.0,450.0,-0.5652813534387643,-0.6143060854246762,-0.38140020898641586,-0.3915216924958549,-0.0016891891891891893,0.052075976851524555,-0.19154469908780253,-0.16972285782216517,2.7344110854503465,248.38335304054056,679.1821939953811,2.6266666666666665,261.7603214890017,687.5571111111111,1125.0,194718.14,457.0
Terconazole,Terconazole,1322,35958.0,36244.0,37312.0,1186239.2799999998,1229097.2500000002,1185888.21,20918.0,21159.0,22527.0,-0.05217700553777371,-0.11354514908791682,0.007953723788864787,0.0361292790776583,0.02946694625317294,-0.03515510265766217,0.018710335021018862,0.0004870882099980642,1.712935393922208,33.911744012802124,58.08862658915829,1.6563235228836508,31.78302449614065,52.642971101345054,40692.0,1129398.0499999996,24687.0
Teriflunomide,Aubagio,1323,66213.0,59066.0,43372.0,624872047.94,590738244.85,323349247.14000005,12263.0,11090.0,9963.0,-0.39710870169585766,-0.47961452153747947,-0.10793952849138387,-0.054625268008911716,-0.2657027731689974,-0.4526353254441741,-0.18682115083019063,-0.2536302967265429,5.326059513074842,10001.32470202824,53267.65057258792,4.353307236776072,7455.253323342249,32455.008244504672,56860.0,161123817.66999996,12198.0
Teriparatide,Forteo,1324,64125.0,74516.0,88073.0,252583418.50000003,289368205.59,348905953.93999994,15653.0,18227.0,20714.0,-0.15062059387989316,-0.10175729504693906,0.1620428849902534,0.1456342118910705,0.1819340812711364,0.2057508295654216,0.1719884831306949,0.17569252072824604,4.088220771383113,3883.3029898276877,15875.799944587698,4.2518586463261565,3961.5540964881397,16843.9680380419,102964.0,319546094.41,24391.0
Tesamorelin Acetate,Egrifta,1325,2334.0,2466.0,2413.0,15106477.45,17233366.03,18103438.45,637.0,672.0,656.0,-0.10530218761586949,0.23322968986958476,0.056555269922879174,0.1407931522778662,-0.021492295214922953,0.050487665525432934,0.01753148735397811,0.09564040890164957,3.669642857142857,6988.388495539335,25644.88992559524,3.6783536585365852,7502.461023622047,27596.70495426829,3041.0,23060670.87999999,792.0
Testosterone,Testosterone,1326,260928.0,269797.0,303703.0,77338508.96000001,72092310.94000001,70168194.68000002,70494.0,73425.0,82252.0,0.33589189807381864,-0.3507594804250863,0.03399021952415992,-0.06783422761244808,0.12567226470272094,-0.026689618281225125,0.07983124211344043,-0.0472619229468366,3.6744569288389513,267.209460965096,981.8496552945184,3.692347906433886,231.04215197084,853.0880061275109,351582.0,58164510.70999999,94378.0
Testosterone Cypionate,Testosterone Cypionate,1327,563116.0,583850.0,678963.0,27957958.5,27766897.41,26987692.649999995,153344.0,161420.0,188458.0,0.3011540466371288,0.09589886009822214,0.03682012231938002,-0.006833871292855659,0.16290656846792842,-0.02806236319796326,0.09986334539365421,-0.01744811724540946,3.616961962582084,47.55827251862636,172.0164627059844,3.6027284593914826,39.748399618241336,143.2026905199036,842642.0,30564398.100000005,230968.0
Testosterone Enanthate,Xyosted,1328,10919.0,13569.0,18808.0,6336158.789999998,8735230.92,13165188.89,2795.0,3554.0,4788.0,6.012677106636838,12.06406907613003,0.24269621760234453,0.3786319455545088,0.3861006706463262,0.5071369046303358,0.3143984441243354,0.4428844250924223,3.8179516038266743,643.7637939420738,2457.8590095666855,3.928153717627402,699.9781417481923,2749.621739766082,24459.0,16829281.099999998,6220.0
Testosterone Undecanoate,Aveed,1329,214.0,1102.0,1943.0,278444.28,1080559.7799999998,1770131.220000001,75.0,345.0,635.0,21.333333333333332,16.397120076046324,4.149532710280374,2.8807038162177356,0.7631578947368421,0.6381613056151333,2.456345302508608,1.7594325609164345,3.1942028985507247,980.5442649727765,3132.0573333333327,3.059842519685039,911.0299639732377,2787.6082204724426,3304.0,3149556.340000001,1061.0
"Tetanus, Diphtheria Tox,adult",Tdvax,1330,3182.0,4338.0,3922.0,139938.78,214192.90000000005,186457.09000000003,3180.0,4287.0,3895.0,-0.32320966350301983,-0.1373340634138294,0.3632935260842238,0.5306186033635569,-0.0958967266021208,-0.12948986637745705,0.1336983997410515,0.20056436849304993,1.0118964310706788,49.37595666205626,49.96335432703523,1.0069319640564827,47.54132840387558,47.87088318356869,2803.0,134951.75999999998,2796.0
Tetanus-Diphtheria Toxoids/Pf,Tenivac,1331,14160.0,23474.0,23723.0,644275.17,1096091.7100000002,1260399.3200000003,14146.0,23445.0,23659.0,1.1979987028629668,1.4767755399143687,0.6577683615819209,0.7012788340112504,0.010607480616852688,0.1499031591070058,0.3341879210993868,0.4255909965591281,1.001236937513329,46.69386171934907,46.751619108551935,1.002705101652648,53.12984529781226,53.27356693013231,18988.0,916006.9099999996,18929.0
Tetrabenazine,Tetrabenazine,1332,15792.0,16543.0,15358.0,48470666.69000001,44097989.14000002,37787923.44,4318.0,4614.0,4327.0,-0.07487500752966689,-0.43842528989081603,0.047555724417426545,-0.09021286168737838,-0.07163150577283443,-0.14309191468951463,-0.012037890677703944,-0.1166523881884465,3.5853922843519723,2665.658534727681,9557.43154312961,3.549341345042755,2460.471639536398,8733.05371851167,15834.0,25745027.970000006,4702.0
Tetracaine Hcl/Pf,Tetracaine Hcl,1333,35.0,20.0,38.0,331.67,205.62,418.01,25.0,11.0,17.0,0.08571428571428572,0.5279818693570202,-0.42857142857142855,-0.38004643169415386,0.9,1.0329248127614044,0.23571428571428574,0.32643919053362525,1.8181818181818181,10.281,18.69272727272727,2.235294117647059,11.000263157894736,24.588823529411766,30.0,300.0,10.0
Tetracycline Hcl,Tetracycline Hcl,1334,3106.0,3661.0,3858.0,523978.34,564206.83,603692.57,1853.0,2267.0,2807.0,-0.011022814662906947,-0.32155878513181996,0.17868641339343205,0.07677510104711567,0.05381043430756624,0.06998451259443278,0.11624842385049915,0.07337980682077422,1.6149095721217468,154.1127642720568,248.87817820908688,1.3744210901318132,156.47811560393984,215.0668222301389,4632.0,482806.7300000002,3410.0
Tezacaftor/Ivacaftor,Symdeko,1335,353.0,289.0,291.0,8463600.319999998,7387248.229999998,7552358.229999999,135.0,115.0,105.0,-0.9495929326173567,-0.9446538793462197,-0.1813031161473088,-0.1271742579167539,0.006920415224913495,0.022350677120809435,-0.08719135046119765,-0.05241179039797224,2.5130434782608697,25561.412560553625,64236.94113043476,2.7714285714285714,25953.121065292093,71927.22123809523,377.0,9508301.320000002,135.0
Thalidomide,Thalomid,1336,2149.0,1813.0,1360.0,16292442.390000002,13336801.73,9740109.800000004,716.0,608.0,445.0,-0.5107913669064749,-0.5265784002231901,-0.1563517915309446,-0.18141176069550624,-0.24986210700496414,-0.2696817425057421,-0.20310694926795436,-0.22554675160062418,2.981907894736842,7356.206138996139,21935.52916118421,3.056179775280899,7161.845441176474,21887.887191011247,1293.0,9541887.309999997,458.0
Theophylline Anhydrous,Theophylline Anhydrous,1337,126235.0,108209.0,102025.0,15868095.0,12855886.820000002,10911190.08,35918.0,31128.0,28107.0,-0.41848204005790957,-0.41965902016432766,-0.14279716401948747,-0.18982796485652487,-0.05714866600744855,-0.15126896862335645,-0.09997291501346801,-0.17054846673994067,3.4762593163711126,118.80607731334734,413.0007331020304,3.6298786779094177,106.94623945111492,388.201874266197,92933.0,7581442.760000001,25889.0
Thioguanine,Tabloid,1338,84.0,47.0,37.0,94875.18,181222.43,161853.78,20.0,10.0,10.0,-0.6810344827586207,0.838967475407154,-0.44047619047619047,0.910114215330079,-0.2127659574468085,-0.10687777445650627,-0.3266210739614995,0.40161822043678636,4.7,3855.796382978723,18122.243,3.7,4374.426486486486,16185.378,26.0,157113.49,5.0
Thioridazine Hcl,Thioridazine Hcl,1339,19109.0,18143.0,16477.0,1064338.57,958152.39,897550.9999999998,5242.0,5028.0,4608.0,-0.22617761705724887,-0.301529967116966,-0.050552095871055525,-0.0997672949125578,-0.09182604861379044,-0.0632481749588917,-0.07118907224242299,-0.08150773493572475,3.608392999204455,52.81113321942347,190.5633233890215,3.5757378472222223,54.47296231110031,194.78103298611106,15033.0,764751.7600000002,4212.0
Thiothixene,Thiothixene,1340,13176.0,12864.0,12188.0,1440244.6700000002,1340166.35,1201468.8400000003,4040.0,3791.0,3511.0,0.7643312101910829,0.8949522572416072,-0.023679417122040074,-0.06948702681190971,-0.05254975124378109,-0.1034927567014347,-0.03811458418291058,-0.08648989175667221,3.393299920865207,104.17959810323384,353.51262199947246,3.471375676445457,98.57801444043324,342.201321560809,11744.0,1007666.85,3502.0
"Thyroid,pork",Armour Thyroid,1341,180420.0,173088.0,177000.0,10906010.330000002,11204736.000000004,12293515.69,50377.0,48868.0,49692.0,0.043878273177636234,0.4335724380855391,-0.04063851014299967,0.027390921240765205,0.0226012201885746,0.0971713827081687,-0.009018644977212536,0.06228115197446696,3.5419497421625605,64.73433166943984,229.2857493656381,3.5619415600096596,69.4548909039548,247.39426245673346,206638.0,13696453.799999995,58939.0
Tiagabine Hcl,Tiagabine Hcl,1342,13959.0,12118.0,10126.0,6490861.539999999,5526145.749999999,4100420.829999999,4012.0,3518.0,2989.0,-0.407489760093622,-0.4863231090704382,-0.131886238269217,-0.1486267707383572,-0.1643835616438356,-0.25799625715626484,-0.1481348999565263,-0.203311513947311,3.44457077885162,456.02787176101657,1570.8202814098918,3.3877551020408165,404.9398410033576,1371.8370123787217,9474.0,3248598.290000001,2789.0
Ticagrelor,Brilinta,1343,661936.0,640021.0,656273.0,400848076.85,411875320.84,439369320.8,176828.0,173707.0,179067.0,-0.11658989400796353,0.14917880690647847,-0.03310743032559039,0.02750978394771348,0.025392916794917668,0.06675321042282248,-0.00385725676533636,0.047131497185267976,3.6844859447230105,643.5340728507346,2371.0922463688853,3.6649578090882184,669.4916914150057,2453.658802571105,688744.0,435191222.5899999,187309.0
Tigecycline,Tygacil,1344,1543.0,986.0,1553.0,1784815.7899999998,979031.28,1416330.81,424.0,273.0,370.0,0.08525506638714186,-0.01699137484393414,-0.3609850939727803,-0.45146648439276743,0.5750507099391481,0.44666553452715013,0.1070328079831839,-0.0024004749328086494,3.6117216117216118,992.9323326572008,3586.195164835165,4.197297297297298,911.9966580811333,3827.9211081081085,1495.0,896995.69,360.0
Tildrakizumab-Asmn,Ilumya,1345,117.0,177.0,258.0,1777442.1099999996,2869952.11,4498161.7,39.0,61.0,81.0,4.48936170212766,6.057280971006789,0.5128205128205128,0.6146529295404172,0.4576271186440678,0.567329881333804,0.4852238157322903,0.5909914054371106,2.901639344262295,16214.418700564971,47048.39524590164,3.185185185185185,17434.73527131783,55532.86049382716,191.0,3160224.9400000004,55.0
Timolol,Betimol,1346,9830.0,7969.0,4259.0,2059878.81,1861132.55,1041910.1700000002,3135.0,2560.0,1425.0,-0.21144232549527867,-0.11319821893741734,-0.18931841302136318,-0.09648444317945093,-0.4655540218346091,-0.44017411871067424,-0.3274362174279861,-0.2683292809450626,3.112890625,233.54656167649642,727.00490234375,2.988771929824561,244.63727870392114,731.1650315789475,2716.0,649975.64,945.0
Timolol Maleate,Timolol Maleate,1347,2429166.0,2444663.0,2538213.0,65557577.53999999,62626464.41000001,58459020.49999999,768284.0,784438.0,805529.0,-0.0277809909979615,-0.2517671953458469,0.00637955578169627,-0.04471051615980716,0.03826703312481107,-0.06654445447721256,0.02232329445325367,-0.05562748531850986,3.1164515232561403,25.617626809912046,79.83609209395773,3.150988977429739,23.03156610576023,72.57221093219486,2728589.0,46837538.510000005,859256.0
Timolol Maleate/Pf,Timoptic Ocudose,1348,7315.0,8411.0,9647.0,4425480.019999999,4507794.239999999,4492416.080000002,2325.0,2607.0,2954.0,0.043482963764196865,-0.20591151123815601,0.1498291182501709,0.018600065897484426,0.1469504220663417,-0.003411460058123096,0.1483897701582563,0.007594302919680665,3.226313770617568,535.9403447865889,1729.111714614499,3.2657413676371023,465.6801160982691,1520.790819228166,12727.0,4290484.19,3886.0
Tinidazole,Tinidazole,1349,680.0,774.0,1003.0,69723.65,63097.09,72359.83,286.0,358.0,491.0,-0.19308125502815768,-0.278844757614629,0.13823529411764707,-0.09504034857612874,0.2958656330749354,0.14680138180698993,0.21705046359629124,0.025880516615430595,2.1620111731843576,81.52078811369509,176.24885474860335,2.0427698574338087,72.1433998005982,147.37236252545824,1234.0,81712.05,653.0
Tiopronin,Thiola,1350,1977.0,2146.0,2209.0,17240917.05,17273020.500000004,18279294.64,705.0,780.0,805.0,1.4221491228070176,1.6868364068258124,0.08548305513404147,0.0018620500236095608,0.029356943150046597,0.058256987537298216,0.057419999142044036,0.03005951878045389,2.7512820512820513,8048.9377912395175,22144.89807692308,2.7440993788819874,8274.918352195564,22707.198310559008,2570.0,21393544.82,950.0
Tiotropium Br/Olodaterol Hcl,Stiolto Respimat,1351,404123.0,422712.0,450868.0,236308404.22,260916664.53,291793371.45,104293.0,109564.0,119156.0,0.49096560846560844,0.9169354729747689,0.04599837178284829,0.1041362045130229,0.06660799788035353,0.11833934400326433,0.056303184831600905,0.11123777425814362,3.8581285823810743,617.24451761483,2381.4087157277936,3.783846386249958,647.1813733731381,2448.8349008862333,489884.0,304781208.12000006,128770.0
Tiotropium Bromide,Spiriva,1352,1939022.0,1727857.0,1502782.0,1278820396.62,1185669766.64,1064266689.9899998,511130.0,461908.0,412719.0,-0.38599129803435595,-0.25286021142690973,-0.10890283864752437,-0.07284105745122815,-0.13026251593737212,-0.1023919813642861,-0.11958267729244824,-0.08761651940775712,3.740695116776501,686.2082722354918,2566.895933042944,3.6411747460136317,708.1976560738682,2578.671420482216,1274431.0,853466361.7,357639.0
Tipranavir,Aptivus,1353,510.0,446.0,321.0,958207.42,884776.0199999999,680498.3,205.0,170.0,120.0,-0.4855769230769231,-0.3692093236489744,-0.12549019607843137,-0.07663413835806045,-0.2802690582959641,-0.23088071487290068,-0.20287962718719774,-0.15375742661548056,2.623529411764706,1983.8027354260087,5204.564823529411,2.675,2119.932398753894,5670.819166666667,318.0,640393.99,125.0
Tizanidine Hcl,Tizanidine Hcl,1354,5382337.0,5561807.0,5846521.0,89129723.02000006,83976739.35999997,82336448.86999997,1733089.0,1819394.0,1936513.0,0.16486606031021808,-0.14074897552419227,0.033344251762756585,-0.05781442469919708,0.05119091690883916,-0.01953267657807279,0.04226758433579787,-0.03867355063863494,3.0569557775830853,15.098822983249862,46.15643415334994,3.0190972123605677,14.082981805761063,42.51789111149782,6270719.0,68808859.06000002,2101842.0
Tobramycin,Tobramycin,1355,78680.0,78346.0,95448.0,1289942.6000000003,2108062.12,1925276.04,55966.0,56726.0,70099.0,-0.06548131902561291,-0.45336195863634177,-0.004245043213014743,0.6342293990445773,0.2182881066040385,-0.08670810896217805,0.10702153169551187,0.2737606450411996,1.3811303458731445,26.90708038700125,37.16218524133554,1.3616171414713476,20.170941664571284,27.465099930098862,97605.0,2403375.02,71805.0
Tobramycin In 0.225% Sod Chlor,Tobramycin,1356,253.0,196.0,127.0,387293.7299999999,360699.53,311061.15,71.0,60.0,40.0,-0.5278810408921933,-0.3803239208963479,-0.22529644268774704,-0.06866674552154485,-0.3520408163265306,-0.13761697998331188,-0.28866862950713884,-0.10314186275242837,3.2666666666666666,1840.303724489796,6011.658833333334,3.175,2449.3003937007875,7776.52875,181.0,100467.02,55.0
Tobramycin Sulfate,Tobramycin Sulfate,1357,3738.0,4218.0,3936.0,1703025.15,766677.3200000001,356843.03,1241.0,1316.0,1164.0,-0.42329670329670327,-0.968810461938781,0.12841091492776885,-0.5498144463691567,-0.06685633001422475,-0.5345590371709443,0.03077729245677205,-0.5421867417700506,3.2051671732522795,181.76323376007588,582.5815501519758,3.381443298969072,90.66133892276423,306.56617697594504,5403.0,3267603.6500000004,1946.0
Tobramycin/Dexamethasone,Tobramycin-Dexamethasone,1358,291238.0,292896.0,339832.0,28338166.410000004,27335110.850000005,26330996.23,208312.0,211443.0,248563.0,-0.023603134059480474,-0.26103194298142907,0.005692938421497195,-0.03539592313375785,0.1602480061182126,-0.036733511911110635,0.0829704722698549,-0.036064717522434245,1.3852243867141498,93.32702000027315,129.27886404373757,1.36718658851076,77.48239197603522,105.93288715536906,379830.0,21568370.71,279742.0
Tobramycin/Lotepred Etab,Zylet,1359,3350.0,3343.0,3311.0,1179574.48,1304722.06,1496629.1899999997,1986.0,2141.0,2062.0,-0.2802173913043478,0.08445238277025569,-0.00208955223880597,0.10609553031360942,-0.009572240502542627,0.1470865986584144,-0.005830896370674298,0.1265910644860119,1.5614198972442783,390.2847921029016,609.3984399813172,1.6057225994180406,452.01727272727265,725.8143501454897,2992.0,1236484.9,1779.0
Tocilizumab,Actemra,1360,38613.0,47364.0,59097.0,142210006.40000004,174889475.06000003,234047507.1,10006.0,11661.0,13994.0,1.166630004399472,1.4316762614986318,0.22663351720923006,0.2297972518760817,0.24771978718013682,0.33825953231150346,0.23717665219468342,0.2840283920937926,4.061744275791098,3692.4557693606966,14997.811084812625,4.2230241532085175,3960.3957409005534,16724.846870087178,69536.0,271216463.4699999,16029.0
Tofacitinib Citrate,Xeljanz Xr,1361,149425.0,125699.0,114350.0,782555799.6199999,704764437.2499999,678496399.6399999,29338.0,25611.0,23798.0,-0.12142538838606574,0.08958602390860151,-0.1587819976576878,-0.09940679298239767,-0.09028711445596226,-0.037272081594381015,-0.12453455605682504,-0.06833943728838934,4.908008277693178,5606.76248219954,27518.036673694893,4.8050256324060845,5933.505899781372,28510.64793848222,114152.0,676343481.81,23932.0
Tolcapone,Tasmar,1362,165.0,168.0,61.0,1010410.47,526354.74,163035.72999999998,60.0,50.0,20.0,-0.7540322580645161,-0.9187424840810045,0.01818181818181818,-0.47906840276506635,-0.6369047619047619,-0.6902550359858068,-0.30936147186147184,-0.5846617193754367,3.36,3133.0639285714287,10527.094799999999,3.05,2672.7168852459013,8151.786499999999,55.0,110551.0,20.0
Tolterodine Tartrate,Tolterodine Tartrate Er,1363,453049.0,422559.0,410165.0,67953634.06000002,61265436.30000001,50372962.35999999,130721.0,122259.0,120230.0,-0.2408485010013067,-0.3288893154316019,-0.06729956362336083,-0.09842295930920525,-0.029330815341762927,-0.17779150199245408,-0.048315189482561874,-0.13810723065082967,3.456260888768925,144.9867031586122,501.1118715186613,3.4115029526740415,122.81145968086012,418.9716573234633,432267.0,34103431.51,127350.0
Tolvaptan,Samsca,1364,4455.0,4945.0,6400.0,57755883.06000002,65347881.8,77945662.17,1555.0,1656.0,2045.0,0.7567938512215208,0.8940424163586002,0.10998877665544332,0.13144979070119991,0.2942366026289181,0.1927802405065868,0.2021126896421807,0.16211501560389335,2.986111111111111,13214.940707785641,39461.28128019324,3.12958435207824,12179.0097140625,38115.238224938876,7963.0,94389955.81,2515.0
Topiramate,Topiramate,1365,2579012.0,2550447.0,2564035.0,111234361.54999998,109332465.04999998,93620435.58999996,602820.0,602538.0,609996.0,-0.044579234936026065,-0.0967650991186561,-0.011075946913003894,-0.017098102362416986,0.005327693537642617,-0.1437087278039015,-0.002874126687680639,-0.08040341508315925,4.232840086434383,42.86796198862395,181.45322792919282,4.203363628613958,36.512931995858075,153.47713032544468,2709469.0,71683812.63000001,651204.0
Toremifene Citrate,Fareston,1366,592.0,564.0,549.0,603973.1500000003,559313.68,529936.8300000001,200.0,190.0,190.0,0.13195876288659794,-0.16119053218184062,-0.0472972972972973,-0.07394280689464455,-0.026595744680851064,-0.05252303144096167,-0.03694652098907418,-0.0632329191678031,2.968421052631579,991.6909219858157,2943.756210526316,2.889473684210526,965.2765573770494,2789.141210526316,358.0,304316.27,135.0
Torsemide,Torsemide,1367,1803775.0,1974274.0,2170535.0,40729431.37000001,46294076.53,49571317.76000001,541997.0,599014.0,658411.0,0.38110415285372684,0.680462971872926,0.09452343002868983,0.1366246709768388,0.09940920054663131,0.07079180481926792,0.09696631528766057,0.10370823789805336,3.2958728844400964,23.448658357451905,77.28379725682538,3.296626271432282,22.838294595572066,75.28932195847277,2409596.0,44512049.620000005,724183.0
Tramadol Hcl,Tramadol Hcl,1368,12027742.0,11722160.0,11738319.0,100706972.11,103750141.56000005,100739801.65,3978124.0,3976778.0,4103437.0,-0.09904301442282563,-0.06994898950331584,-0.02540643123206334,0.030218061234887104,0.0013785002081527636,-0.029015284844301853,-0.012013965511955289,0.0006013881952926254,2.9476525971527705,8.850769957072762,26.08899505076724,2.8606066085576556,8.582131875100686,24.550103157426324,12003386.0,94401698.84999998,4251826.0
Tramadol Hcl/Acetaminophen,Tramadol Hcl-Acetaminophen,1369,230117.0,206666.0,194030.0,4384337.850000001,4161720.5200000014,2773443.53,99698.0,92386.0,88525.0,-0.3352610067525669,-0.47084399917922787,-0.10190902888530617,-0.0507755874698386,-0.06114213271655715,-0.33358246507144146,-0.08152558080093167,-0.19217902627064004,2.2369839586084472,20.137422314265535,45.0470906847358,2.191810223100819,14.293890274699788,31.32949483196837,183315.0,2294318.7499999995,84372.0
Trametinib Dimethyl Sulfoxide,Mekinist,1370,5087.0,5438.0,5418.0,61363638.86999999,69237440.11999999,75835093.55000001,1658.0,1760.0,1779.0,0.4823529411764706,0.9052831146543765,0.06899941026145076,0.1283137929072426,-0.003677822728944465,0.09529025652255763,0.032660793766253145,0.11180202471490011,3.0897727272727273,12732.151548363367,39339.45461363636,3.045531197301855,13996.879577334812,42627.93341765037,6832.0,96314914.12999997,2180.0
Trandolapril,Trandolapril,1371,15816.0,13478.0,11281.0,371147.56,320006.9,312302.4699999999,5115.0,4385.0,3767.0,-0.5573300894679014,-0.5290457492771596,-0.14782498735457764,-0.13779064046655723,-0.16300638076866003,-0.02407582461503208,-0.15541568406161882,-0.08093323254079465,3.073660205245154,23.74290695948954,72.97762827822122,2.9946907353331564,27.683934934846192,82.90482346694981,10967.0,210248.35000000003,3553.0
Trandolapril/Verapamil Hcl,Trandolapril-Verapamil Er,1372,647.0,711.0,554.0,88434.5,101136.04999999996,87978.18000000002,255.0,280.0,210.0,-0.6379084967320261,-0.5990717850433456,0.09891808346213292,0.14362663892485353,-0.22081575246132207,-0.13010069109877181,-0.060948834499594574,0.006762973913040857,2.539285714285714,142.2447960618846,361.2001785714284,2.638095238095238,158.8053790613719,418.9437142857144,412.0,62560.25999999999,155.0
Tranexamic Acid,Tranexamic Acid,1373,7737.0,10263.0,13540.0,611229.66,754128.0600000002,846942.06,5263.0,7070.0,9722.0,1.7911770768913626,0.7747752523999454,0.32648313299728576,0.2337883930567115,0.319302348241255,0.12307458762375167,0.32289274061927037,0.1784314903402316,1.4516265912305517,73.48027477345806,106.66592079207923,1.3927175478296647,62.55111225997046,87.11603168072413,38168.0,1277885.2400000002,32163.0
Tranylcypromine Sulfate,Tranylcypromine Sulfate,1374,5589.0,5177.0,4655.0,1920770.15,1837449.6600000004,1402153.8700000003,1871.0,1755.0,1555.0,-0.27863009452967613,-0.440248492974576,-0.07371622830560029,-0.04337868849117607,-0.10083059687077459,-0.2369021581793974,-0.08727341258818744,-0.14014042333528673,2.94985754985755,354.9255669306549,1046.9798632478635,2.9935691318327975,301.21458002148233,901.7066688102896,5080.0,1122403.8899999997,1729.0
Trastuzumab,Herceptin,1375,1035.0,666.0,608.0,5696082.19,3774930.44,3086882.04,290.0,175.0,145.0,-0.6874035989717223,-0.7242934239914774,-0.3565217391304348,-0.33727598828766203,-0.08708708708708708,-0.18226783537765,-0.22180441310876092,-0.259771911832656,3.8057142857142856,5668.063723723723,21571.031085714287,4.1931034482758625,5077.108618421053,21288.841655172415,673.0,3264666.51,155.0
Travoprost,Travatan Z,1376,528263.0,459448.0,403514.0,128099568.92,108776823.29,93964071.53999996,148984.0,124614.0,109275.0,-0.6389394942643927,-0.7279190949055421,-0.13026655283447827,-0.15084161323030934,-0.1217417422646306,-0.13617562364833097,-0.12600414754955444,-0.14350861843932017,3.686969361387966,236.7554615320994,872.9101328101177,3.692646991535118,232.86446452911167,859.8862643788603,376339.0,61272607.51,101684.0
Trazodone Hcl,Trazodone Hcl,1377,14462541.0,15210904.0,16276859.0,180851693.68,192818081.95999995,207440616.17,3654918.0,3919938.0,4216120.0,0.21908833093101124,0.25731651023948693,0.05174491813022345,0.06616685769707711,0.07007834642832536,0.07583590740744676,0.0609116322792744,0.07100138255226193,3.8803940266402175,12.676306546935011,49.1890642045869,3.8606251719590525,12.744511466862248,49.201781773289184,17632656.0,159468513.9,4556125.0
Treprostinil Diolamine,Orenitram Er,1378,17702.0,16339.0,15122.0,156187214.59,155725221.49999997,172922232.42000002,2236.0,2230.0,2036.0,0.03334700013666803,0.5749495307599365,-0.07699694949723195,-0.0029579443567950845,-0.07448436256808862,0.11043176406719736,-0.07574065603266028,0.05373690985520114,7.326905829596413,9530.890599179875,69831.93789237666,7.427308447937132,11435.142998280651,84932.33419449902,18908.0,216462965.58000004,2383.0
Treprostinil Sodium,Remodulin,1379,367.0,551.0,1024.0,4203609.58,7278117.549999999,9986943.66,105.0,160.0,210.0,2.8208955223880596,1.6416158934136074,0.5013623978201635,0.7313971270376634,0.8584392014519057,0.3721877382977968,0.6799007996360346,0.55179243266773,3.44375,13208.924773139745,45488.23468749999,4.876190476190477,9752.87466796875,47556.87457142857,1139.0,12221804.66,275.0
Treprostinil/Neb Accessories,Tyvaso Refill Kit,1380,130.0,157.0,57.0,2542277.09,3195687.97,1188906.94,50.0,60.0,20.0,-0.3372093023255814,-0.23580342819190633,0.2076923076923077,0.2570179633723562,-0.6369426751592356,-0.6279652609513062,-0.21462518373346395,-0.185473648789475,2.6166666666666667,20354.700445859875,53261.46616666667,2.85,20858.01649122807,59445.346999999994,224.0,4588529.45,85.0
Tretinoin,Tretinoin,1381,63091.0,80259.0,106739.0,6865111.98,7913491.519999998,9543938.31,26891.0,33820.0,44872.0,0.9924400806391398,0.41708469104010265,0.27211488167884484,0.152711207487106,0.32993184564970907,0.20603380769150093,0.30102336366427696,0.17937250758930345,2.373122412773507,98.59942835071453,233.98851330573618,2.3787439828846497,89.41378793130909,212.6925100285256,138761.0,9856489.1,60642.0
Tretinoin Microspheres,Retin-A Micro Pump,1382,250.0,280.0,352.0,122834.98,154333.86999999994,169775.36000000002,90.0,105.0,134.0,-0.38028169014084506,-0.5309663754644672,0.12,0.256432573196983,0.2571428571428571,0.10005250305717134,0.18857142857142856,0.17824253812707716,2.6666666666666665,551.1923928571426,1469.8463809523803,2.626865671641791,482.3163636363637,1266.9802985074627,463.0,210261.16,172.0
Triamcinolone Acetonide,Triamcinolone Acetonide,1383,4728063.0,4858149.0,5138123.0,58164628.71999999,61431532.04000002,63369811.88999999,2793915.0,2888035.0,3076153.0,0.1463369632391164,0.13146464996656054,0.02751359277573078,0.05616649485938695,0.05762976804540165,0.03155187223294213,0.04257168041056622,0.04385918354616454,1.6821641704480728,12.645048976472319,21.27104832178281,1.6703080113375375,12.333260976819744,20.600344615498642,5540703.0,57912483.42,3347685.0
Triamterene,Dyrenium,1384,1116.0,1305.0,1420.0,337366.51,382577.44,394871.4399999999,380.0,470.0,510.0,0.33083411433926896,0.03305456458309824,0.1693548387096774,0.13401131606098066,0.08812260536398467,0.03213467056499694,0.12873872203683104,0.0830729933129888,2.776595744680851,293.16278927203064,813.9945531914893,2.784313725490196,278.07847887323936,774.2577254901959,1283.0,375415.50000000006,490.0
Triamterene/Hydrochlorothiazid,Triamterene-Hydrochlorothiazid,1385,2681113.0,2484448.0,2316128.0,34006681.72000001,30795726.879999988,28667627.28,739614.0,691079.0,645879.0,-0.24914690815395657,-0.2792580251974087,-0.07335199971056797,-0.09442129245181834,-0.06774945581473228,-0.06910373014712187,-0.07055072776265012,-0.0817625112994701,3.595027486003771,12.395400056672544,44.561803903750494,3.5860091441276154,12.37739333922823,44.38544569493667,2214275.0,20279184.079999994,617718.0
Triazolam,Triazolam,1386,43773.0,41704.0,38546.0,3007750.29,2776692.3,2365821.540000001,17057.0,16420.0,15859.0,-0.24697194654997265,-0.37539358089922886,-0.04726657985516186,-0.07682086866326933,-0.07572415116056014,-0.14797129663953001,-0.061495365507861,-0.11239608265139966,2.5398294762484777,66.5809586610397,169.10428136419,2.4305441705025537,61.37657707673951,149.1784816192699,42644.0,1664382.6699999992,19534.0
Trientine Hcl,Trientine Hcl,1387,407.0,469.0,410.0,3357611.9400000004,3706551.55,2237584.61,145.0,180.0,160.0,0.3442622950819672,-0.49850223353840306,0.15233415233415235,0.10392493719807279,-0.1257995735607676,-0.39631633883521733,0.013267289386692374,-0.14619570081857228,2.6055555555555556,7903.094989339019,20591.953055555554,2.5625,5457.5234390243895,13984.903812499999,399.0,3122618.6,155.0
Trifluoperazine Hcl,Trifluoperazine Hcl,1388,19150.0,22316.0,23115.0,1083399.2399999998,1194763.9,1195823.47,5525.0,6036.0,6132.0,1.1692004504504505,0.8984775328214406,0.16532637075718015,0.10279189414975054,0.03580390751030651,0.0008868446728262088,0.10056513913374333,0.051839369411288375,3.6971504307488403,53.53844326940312,197.93967859509607,3.769569471624266,51.733656500108154,195.01361219830397,22834.0,1047581.9,6007.0
Trifluridine,Trifluridine,1389,985.0,769.0,785.0,168154.02,129685.13,130462.48000000004,435.0,339.0,349.0,-0.455994455994456,-0.4459694127930983,-0.21928934010152284,-0.22877175341987058,0.02080624187256177,0.005994133637372573,-0.09924154911448053,-0.111388809891249,2.2684365781710913,168.64126137841353,382.552005899705,2.2492836676217767,166.1942420382166,373.8179942693411,990.0,159565.26999999996,449.0
Trifluridine/Tipiracil Hcl,Lonsurf,1390,3071.0,3817.0,5343.0,32422148.0,44828007.73999998,60942294.11000001,960.0,1243.0,1600.0,1.1897540983606558,1.5815104008292435,0.24291761641159232,0.38263534359290385,0.39979041131778886,0.3594691618566236,0.3213540138646906,0.3710522527247637,3.0707964601769913,11744.30383547288,36064.36664521318,3.339375,11406.006758375446,38088.93381875,8412.0,94064116.91,2402.0
Trihexyphenidyl Hcl,Trihexyphenidyl Hcl,1391,156178.0,152327.0,149475.0,2213813.369999999,2258849.599999999,2213694.3300000005,36363.0,35921.0,35522.0,-0.11085532772989275,0.16656520697526742,-0.024657762296866396,0.020343282143968622,-0.0187228790693705,-0.019990383600572006,-0.02169032068311845,0.00017644927169830835,4.240611341555079,14.828950875419322,62.8838172656663,4.2079556331287655,14.809796487706977,62.31896655593718,145271.0,1825282.42,34598.0
Trimethobenzamide Hcl,Trimethobenzamide Hcl,1392,89.0,24.0,12.0,33287.09,15298.86,6049.61,41.0,5.0,5.0,-0.9931662870159453,-0.964799553408455,-0.7303370786516854,-0.5403965921923484,-0.5,-0.6045711902716934,-0.6151685393258427,-0.5724838912320209,4.8,637.4525,3059.772,2.4,504.13416666666666,1209.922,44.0,35896.1,10.0
Trimethoprim,Trimethoprim,1393,127703.0,116505.0,116893.0,2492682.12,5307815.63,5714121.830000003,42929.0,38623.0,38591.0,-0.35341427662693253,1.0744994559909997,-0.08768783818704337,1.1293592100704761,0.00333032917042187,0.07654866489776756,-0.04217875450831075,0.6029539374841218,3.016466872071046,45.55869387579932,137.42629081117468,3.0290223109015053,48.88335340867291,148.06876810655342,122043.0,6228939.970000003,39628.0
Trimipramine Maleate,Surmontil,1394,330.0,302.0,339.0,79598.83,67566.32,89877.97,125.0,110.0,130.0,-0.3663551401869159,-0.4243566553572099,-0.08484848484848485,-0.15116440781855706,0.12251655629139073,0.33021851715470063,0.018834035721452938,0.08952705466807179,2.7454545454545456,223.7295364238411,614.2392727272728,2.6076923076923078,265.12675516224186,691.369,225.0,58676.66,90.0
Triptorelin Pamoate,Trelstar,1395,4238.0,4887.0,4201.0,9839567.010000004,10928276.829999998,10094859.4,1451.0,1692.0,1557.0,0.33917755817660183,0.4916900109430539,0.1531382727701746,0.11064611063612181,-0.14037241661551053,-0.07626247421845352,0.00638292807733204,0.01719181820883415,2.8882978723404253,2236.193335379578,6458.792452718675,2.698137443802184,2402.9658176624616,6483.532048811818,5128.0,12295249.030000009,1953.0
Tropicamide,Tropicamide,1396,97.0,57.0,15.0,1124.41,872.54,160.67,83.0,47.0,15.0,-0.9911816578483245,-0.9917871183453398,-0.41237113402061853,-0.22400192100746177,-0.7368421052631579,-0.8158594448392051,-0.5746066196418882,-0.5199306829233334,1.2127659574468086,15.307719298245614,18.56468085106383,1.0,10.711333333333332,10.711333333333332,533.0,4510.17,508.0
Trospium Chloride,Trospium Chloride,1397,235047.0,253394.0,310244.0,21254489.130000003,24758710.0,28974874.73,79241.0,85585.0,108872.0,0.4471685791585036,0.2449217052400532,0.07805672907971598,0.16486968228532514,0.2243541678177068,0.1702901617249041,0.1512054484487114,0.16757992200511462,2.960729099725419,97.70835142110705,289.28795933866917,2.84962157395841,93.393827858073,266.1370667389228,401207.0,29922664.72000001,141316.0
Typhoid Vi Polysacch Vaccine,Typhim Vi,1398,2160.0,9656.0,16479.0,238298.01000000007,1209914.11,2208664.5500000003,2157.0,9647.0,16446.0,0.32499798986893946,0.6682510534936194,3.4703703703703703,4.077315207122375,0.7066072908036454,0.825472181657589,2.088488830587008,2.451393694389982,1.0009329325178813,125.30179266777134,125.41869078469992,1.00200656694637,134.0290399902907,134.2979782317889,22071.0,2619004.919999999,22034.0
Umeclidinium Brm/Vilanterol Tr,Anoro Ellipta,1399,1280954.0,1127335.0,1061624.0,718380589.4000001,661391008.12,649181391.3299999,309813.0,271566.0,260684.0,-0.19103637358400274,-0.02871148111931851,-0.11992546180424903,-0.07933062518796402,-0.05828879614311629,-0.0184605122236328,-0.08910712897368266,-0.04889556870579841,4.151237636522982,586.685420145742,2435.470596908302,4.072455540040815,611.4984131198993,2490.300100236301,1044751.0,600718387.2000003,255165.0
Umeclidinium Bromide,Incruse Ellipta,1400,887125.0,748282.0,651525.0,394908065.7699999,336739086.34000003,295181449.8999999,215027.0,183418.0,163741.0,-0.36216797785148436,-0.2820179549945413,-0.15650894744258137,-0.14729752180822342,-0.1293055291988849,-0.12341197718295178,-0.14290723832073315,-0.1353547494955876,4.07965412336848,450.0162857585777,1835.91079577795,3.9789973189366132,453.0623535551205,1802.7338901069368,570145.0,237223272.6399999,146171.0
Upadacitinib,Rinvoq,1401,59489.0,83327.0,119035.0,344412253.22,514798672.9500001,801815169.1499997,11556.0,15709.0,22661.0,635.5508021390374,796.7751718576986,0.4007127368084856,0.4947164862370981,0.428528568171181,0.5575315386018412,0.4146206524898333,0.5261240124194697,5.304411483862753,6178.053607474169,32770.9385034057,5.252857331980054,6735.961432771872,35383.0444000706,161517.0,1124402418.9400003,31041.0
Urea,Urea,1402,27.0,26.0,53.0,2617.52,2935.45,5582.09,13.0,10.0,20.0,0.20454545454545456,0.5853166038078794,-0.037037037037037035,0.12146230019254861,1.0384615384615385,0.901613040590029,0.5007122507122508,0.5115376703912888,2.6,112.90192307692307,293.54499999999996,2.65,105.32245283018868,279.10450000000003,78.0,6970.0,25.0
Ursodiol,Ursodiol,1403,257449.0,259638.0,279285.0,61035493.69000001,65527728.61000001,60463947.690000005,68714.0,70416.0,76030.0,0.041179694227908695,-0.2096900196259818,0.008502654894755855,0.07360037002102593,0.07567074157095649,-0.07727691814465291,0.04208669823285617,-0.0018382740618134927,3.687201772324472,252.38111759449697,930.5801040956602,3.6733526239642247,216.49550706267792,795.2643389451533,312326.0,48811366.85999999,83791.0
Ustekinumab,Stelara,1404,35190.0,55854.0,73053.0,833798233.7299997,1421852758.73,1951381600.9000008,8648.0,12690.0,16253.0,3.8884502141327624,5.317345369639801,0.5872122762148337,0.7052719725362527,0.3079278117950371,0.37242171449804434,0.4475700440049354,0.5388468435171485,4.401418439716312,25456.596819028182,112045.13465169424,4.494739432720113,26711.861263740037,120062.85614348126,85101.0,2252981771.46,18464.0
Valacyclovir Hcl,Valacyclovir,1405,1543679.0,1673650.0,1847642.0,71702228.32,80272086.34,80155109.94999999,585191.0,643039.0,719809.0,0.2945423207485698,0.4431868250284746,0.08419561320714994,0.11952010726575438,0.10395960923729573,-0.0014572486568313542,0.09407761122222283,0.059031429304461515,2.6027192751917068,47.96228980969737,124.83237617003013,2.566850372807231,43.38238140830312,111.35608189116833,2141758.0,72942260.43,844958.0
Valbenazine Tosylate,Ingrezza,1406,96454.0,128278.0,170619.0,680744819.4300002,938427661.86,1278101740.61,22697.0,29977.0,38823.0,1.7252383918731131,2.09086928537235,0.329939660356232,0.37853074320236807,0.3300721869689269,0.3619608549014345,0.3300059236625794,0.37024579905190125,4.2792140641158225,7315.577588206864,31304.922502585316,4.3947917471601885,7490.969590784144,32921.25133580609,195113.0,1470001391.8300006,44176.0
Valganciclovir Hcl,Valganciclovir Hcl,1407,78313.0,75360.0,80186.0,40687431.09000002,31825923.519999992,31464893.25000001,28795.0,30057.0,32605.0,0.11891605269033266,-0.4124143784306972,-0.03770766028628708,-0.21779471774461498,0.06403927813163482,-0.011343905535784465,0.013165808922673869,-0.11456931164019972,2.5072362511228667,422.318518046709,1058.8522979671955,2.4593160558196594,392.3988383258924,965.03276337985,86294.0,20456460.91,35453.0
Valproic Acid,Valproic Acid,1408,51217.0,49811.0,50196.0,2232440.11,2081231.58,2241779.64,15103.0,14697.0,14613.0,-0.13166225543619284,-0.05980428787492328,-0.027451822637015053,-0.06773240156485084,0.007729216438136155,0.07714089174064909,-0.009861303099439448,0.004704245087899121,3.38919507382459,41.7825697135171,141.60927944478465,3.4350236091151714,44.660523547693046,153.40995278176968,49337.0,2106372.03,14324.0
Valproic Acid (As Sodium Salt),Valproic Acid,1409,176400.0,171096.0,172602.0,6899489.640000001,6517258.21,6518817.899999998,39261.0,38240.0,38644.0,-0.13652804250273898,-0.18256856093008567,-0.030068027210884352,-0.05539995709015959,0.008802076027493336,0.00023931689519443114,-0.010632975591695508,-0.02758032009748258,4.474267782426778,38.091236557254405,170.4303925209205,4.4664630990580685,37.76791636249868,168.6890047614118,179591.0,7859071.289999999,39803.0
Valsartan,Valsartan,1410,2126180.0,2792918.0,3294446.0,103926019.93,111286545.72999996,125827252.85,597321.0,789869.0,942667.0,1.084831141413924,0.6999735740816374,0.3135849269582067,0.07082466744091305,0.1795713300569512,0.13066006339417036,0.24657812850757896,0.1007423654175417,3.5359255775324767,39.84597676337077,140.89240839936744,3.4948141814659897,38.193751802275706,133.48006544198535,4004212.0,111210876.64,1151576.0
Valsartan/Hydrochlorothiazide,Valsartan-Hydrochlorothiazide,1411,1059400.0,1115540.0,1145349.0,59522720.67999999,56685191.50000001,61523156.76000001,290216.0,309774.0,320712.0,0.124616691295959,0.31537216303005633,0.05299225976968095,-0.04767136225601684,0.026721587751223623,0.0853479565293522,0.03985692376045229,0.01883829713666768,3.6011414773350894,50.814127238826046,182.98886123431924,3.571269550250692,53.7156419222438,191.83303636907883,1224163.0,40093565.97,344314.0
Vancomycin Hcl,Vancomycin Hcl,1412,174500.0,154422.0,152164.0,29656122.01,27399614.96,24415833.870000005,48535.0,43348.0,44216.0,-0.3067983545093823,-0.7025159093755093,-0.11506017191977078,-0.07608908033353484,-0.014622268847703047,-0.10889865037723859,-0.06484122038373691,-0.09249386535538671,3.562378887145889,177.43336415795676,632.0848703515734,3.4413786864483447,160.45736093951265,552.194542020988,144310.0,19507038.02,44152.0
Vancomycin Hcl In 5 % Dextrose,Vancomycin Hcl,1413,1071.0,479.0,518.0,132700.87000000002,46291.49000000002,38340.3,328.0,145.0,170.0,-0.734495130702204,-0.8173722327751306,-0.5527544351073763,-0.6511591069448149,0.081419624217119,-0.17176353580323325,-0.23566740544512865,-0.4114613213740241,3.303448275862069,96.64194154488521,319.2516551724139,3.0470588235294116,74.01602316602317,225.53117647058826,339.0,28676.21,105.0
Vancomycin/0.9 % Sod Chloride,Vancomycin Hcl-0.9% Nacl,1414,2691.0,1351.0,1353.0,219962.25999999995,175168.00000000003,214863.96,762.0,393.0,367.0,-0.6191950464396285,-0.2750786093021027,-0.49795615013006317,-0.2036452071368967,0.0014803849000740192,0.22661650529777103,-0.24823788261499458,0.011485649080437157,3.4376590330788805,129.65803108808294,445.72010178117057,3.6866485013623977,158.80558758314857,585.4603814713896,1253.0,150375.03,357.0
Vandetanib,Caprelsa,1415,190.0,26.0,86.0,2846568.27,381884.03,1342281.4700000002,75.0,10.0,35.0,-0.8,-0.7642306150872737,-0.8631578947368421,-0.8658440642282577,2.3076923076923075,2.514892911337508,0.7222672064777327,0.8245244235546251,2.6,14687.84730769231,38188.403000000006,2.4571428571428573,15607.924069767445,38350.899142857146,132.0,2099880.6700000004,55.0
Vardenafil Hcl,Levitra,1416,496.0,918.0,838.0,70723.58,149188.27999999997,74657.92999999998,190.0,355.0,340.0,2.643478260869565,0.29238481037024733,0.8508064516129032,1.109455997561209,-0.08714596949891068,-0.499572419495687,0.38183024105699626,0.30494178903276103,2.5859154929577466,162.5144662309368,420.24867605633796,2.4647058823529413,89.09060859188541,219.58214705882347,816.0,59315.02,345.0
Varenicline Tartrate,Chantix,1417,45366.0,92055.0,191409.0,22444692.290000003,39236122.33999999,83412017.33,16796.0,31234.0,64525.0,-0.23832168054787325,-0.28028134067137,1.0291628091522285,0.7481247607694418,1.079289555157243,1.125898594341064,1.0542261821547356,0.9370116775552528,2.9472690017288854,426.2247823583726,1256.1990888134721,2.966431615652848,435.7789724098658,1292.7085211933359,263214.0,91277018.25,86243.0
Varicella Vaccine Live/Pf,Varivax Vaccine,1418,401.0,888.0,1394.0,69401.63999999998,157637.66999999998,267887.06,311.0,733.0,1133.0,1.6351606805293006,2.2970264652384444,1.2144638403990025,1.2713824918258418,0.5698198198198198,0.6993847980625445,0.8921418301094111,0.9853836449441932,1.2114597544338335,177.51989864864862,215.0582128240109,1.2303618711385702,192.17149210903872,236.44047661076786,1717.0,287083.4399999999,1452.0
Varicella-Zoster Ge/As01b/Pf,Shingrix,1419,3337922.0,3612021.0,5417608.0,619977230.2900002,707435858.0499997,1152724533.11,2661593.0,2775904.0,4067652.0,-0.0067197028963971095,0.27237283278179114,0.08211665820831043,0.1410674835898246,0.4998827526196553,0.6294403513661423,0.2909997054139829,0.38525391747798343,1.3012053010478748,195.85596486011562,254.84881971782875,1.3318759815244765,212.77370623898958,283.3881888396549,3710214.0,727447409.8299999,2921238.0
Vedolizumab,Entyvio,1420,2851.0,3427.0,4649.0,21246333.56,27363275.750000004,39527121.31,860.0,1005.0,1376.0,1.900187149095446,2.690992676542816,0.20203437390389337,0.28790577784753585,0.3565800992121389,0.4445317757688422,0.27930723655801615,0.36621877680818904,3.409950248756219,7984.61504231106,27227.140049751248,3.3786337209302326,8502.284644009465,28726.105603197677,7683.0,63622004.040000014,2258.0
Velaglucerase Alfa,Vpriv,1421,204.0,166.0,188.0,6416115.54,5449534.079999999,6879932.419999999,60.0,50.0,55.0,0.08045977011494253,0.352766847108923,-0.18627450980392157,-0.15064901091229427,0.13253012048192772,0.26248085047300046,-0.026872194660996926,0.055915919780353096,3.32,32828.51855421686,108990.68159999998,3.418181818181818,36595.385212765956,125089.68036363635,214.0,7117097.390000001,65.0
Vemurafenib,Zelboraf,1422,584.0,668.0,591.0,3827867.39,4907448.7700000005,4418974.590000001,225.0,245.0,225.0,0.06678700361010831,0.16207308814328505,0.14383561643835616,0.28203207426159044,-0.11526946107784432,-0.0995372958320255,0.01428307768025592,0.09124738921478247,2.726530612244898,7346.480194610779,20030.403142857143,2.6266666666666665,7477.1143654822345,19639.88706666667,560.0,3994266.389999999,220.0
Venetoclax,Venclexta,1423,55153.0,60406.0,64325.0,503544239.06000006,551221989.5799999,589686391.2300001,13667.0,15480.0,16454.0,1.8067457893358931,1.8925946882012608,0.09524413903142168,0.09468433321569347,0.06487766115948747,0.06978023804766555,0.08006090009545458,0.0822322856316795,3.9021963824289405,9125.28539515942,35608.65565762274,3.9093837364774524,9167.297181966578,35838.48251063572,81793.0,715904297.3299998,20377.0
Venlafaxine Hcl,Venlafaxine Hcl,1424,4856979.0,4872572.0,4912094.0,161422729.99,145496263.83999997,145369436.89999998,1013176.0,1028882.0,1040232.0,-0.010180318239476566,-0.14696159531942193,0.0032104318342739387,-0.09866309503616168,0.008111116675135843,-0.0008716852010678932,0.005660774254704891,-0.049767390118614786,4.735792831442284,29.860259394832948,141.412002387057,4.7221139130501655,29.594188730915974,139.74713035169074,5079753.0,114332841.42999996,1074102.0
Verapamil Hcl,Verapamil Er,1425,939137.0,833285.0,739411.0,39472664.79,35697973.37,32155499.919999994,265365.0,240021.0,217324.0,-0.36108850097382006,-0.24089543353067186,-0.11271198983747845,-0.09562798559666237,-0.11265533400937254,-0.09923458156246596,-0.1126836619234255,-0.09743128357956417,3.4717170580907504,42.840052767060484,148.72854196091174,3.402343965691778,43.48799236148772,147.96110839115786,720930.0,24995837.020000007,210819.0
Vigabatrin,Sabril,1426,1226.0,1211.0,1141.0,24311143.94,24305812.269999992,20658058.010000005,450.0,425.0,410.0,-0.0034934497816593887,-0.18976757742621014,-0.012234910277324634,-0.00021930971299284892,-0.057803468208092484,-0.15007744729857522,-0.03501918924270856,-0.07514837850578404,2.8494117647058825,20070.860668868696,57190.14651764704,2.7829268292682925,18105.22174408414,50385.507341463424,1118.0,18672282.56,385.0
Vilazodone Hcl,Viibryd,1427,212733.0,138443.0,194463.0,77212892.14000002,43080208.99999999,26804123.51,50910.0,37963.0,50067.0,-0.08432413088416027,-0.5968337447339676,-0.34921709372781845,-0.44205937886786706,0.40464306609940554,-0.3778088794787415,0.027712986185793542,-0.4099341291733043,3.646787661670574,311.1765058543949,1134.7946421515685,3.884055365809815,137.8366244992621,535.3650809914715,223412.0,22628348.46,54864.0
Vincristine Sulfate,Vincristine Sulfate,1428,79.0,63.0,105.0,660.57,544.15,1305.35,25.0,25.0,40.0,1.3863636363636365,1.7606006133023153,-0.20253164556962025,-0.17624173062658016,0.6666666666666666,1.3988789855738306,0.2320675105485232,0.6113186274736252,2.52,8.637301587301588,21.766,2.625,12.431904761904761,32.63375,85.0,1254.69,25.0
Vinorelbine Tartrate,Vinorelbine Tartrate,1429,62.0,11.0,12.0,12294.37,2681.08,595.03,25.0,5.0,5.0,-0.7446808510638298,-0.8626221908231634,-0.8225806451612904,-0.7819261987397483,0.09090909090909091,-0.778063317767467,-0.3658357771260997,-0.7799947582536076,2.2,243.73454545454544,536.216,2.4,49.58583333333333,119.006,52.0,3417.04,10.0
Vismodegib,Erivedge,1430,5139.0,3925.0,2797.0,61130494.14,47507971.9,36145076.37000002,1622.0,1261.0,946.0,-0.4395912642756963,-0.3566198249900612,-0.2362327301031329,-0.22284331955180892,-0.28738853503184714,-0.2391787120258017,-0.26181063256749004,-0.2310110157888053,3.112609040444092,12103.941885350318,37674.838937351306,2.956659619450317,12922.801705398648,38208.32597251588,3634.0,45163082.81999999,1187.0
Vorapaxar Sulfate,Zontivity,1431,671.0,570.0,664.0,305161.7,302433.5800000001,384820.0800000001,219.0,179.0,160.0,-0.7737649063032368,-0.7011450409246063,-0.15052160953800298,-0.008939916116602893,0.1649122807017544,0.2724118796596594,0.007195335581875711,0.13173598177152826,3.184357541899441,530.5852280701756,1689.5730726256988,4.15,579.5483132530121,2405.1255000000006,43.0,26570.66,20.0
Voriconazole,Voriconazole,1432,10874.0,10433.0,11037.0,6201639.240000001,5833957.21,6062580.399999999,3488.0,3185.0,3479.0,-0.37470964817857344,-0.7402799236184717,-0.04055545337502299,-0.059287877893394056,0.05789322342566855,0.03918835565130919,0.00866888502532278,-0.010049761121042434,3.2756671899529044,559.1830930700661,1831.697711145997,3.172463351537798,549.2960405907402,1742.621557918942,12727.0,4914569.07,3950.0
Vorinostat,Zolinza,1433,81.0,109.0,102.0,683216.0900000001,1301736.5,1233558.32,35.0,45.0,40.0,0.0851063829787234,0.4593539395961327,0.345679012345679,0.9053071481381533,-0.06422018348623854,-0.05237479320891742,0.14072941442972023,0.4264661774646179,2.422222222222222,11942.536697247706,28927.477777777778,2.55,12093.709019607844,30838.958000000002,157.0,1221314.28,55.0
Vortioxetine Hydrobromide,Trintellix,1434,449428.0,446698.0,436782.0,230362026.70000008,244723376.26,252909171.58,95342.0,95439.0,94029.0,-0.007345220833882558,0.3010258323204308,-0.006074387888605071,0.06234252131625263,-0.022198442795803876,0.03344917614777935,-0.014136415342204474,0.047895848732015994,4.680455578956192,547.8497245566356,2564.186299730718,4.645183932616534,579.0283747498753,2689.693302917185,436130.0,249265084.85999995,94210.0
Warfarin Sodium,Warfarin Sodium,1435,6506358.0,5532708.0,4773701.0,82016403.65999995,70849932.12999998,64821527.969999984,1434403.0,1244169.0,1082567.0,-0.4980560281947412,-0.4957671391234679,-0.14964593094938827,-0.1361492461470357,-0.13718544336697328,-0.08508694332887567,-0.14341568715818076,-0.11061809473795568,4.446910347388497,12.805651794744993,56.945585471105595,4.409612522827686,13.578883128624936,59.87761308999811,4293014.0,39895419.52,969341.0
"Water For Irrigation,sterile",Water,1436,8432.0,7159.0,8064.0,246181.75,228155.9699999999,282696.45,2186.0,1863.0,2473.0,-0.2085582490921582,0.19629177055182714,-0.15097248576850095,-0.07322143091435529,0.12641430367369744,0.23904910312011612,-0.012279091047401755,0.08291383610288042,3.8427267847557705,31.869810029333692,122.46697262479867,3.26081682167408,35.05660342261905,114.31316215123333,7024.0,217915.83,2162.0
Yellow Fever Vaccine Live/Pf,Stamaril,1437,83.0,1183.0,3768.0,15375.4,243668.47,794945.5000000001,83.0,1180.0,3757.0,2.080948487326247,2.7251225004998805,13.25301204819277,14.847943468137416,2.1851225697379544,2.262406088075327,7.7190673089653625,8.555174778106371,1.0025423728813558,205.9750380388842,206.4987033898305,1.002927867979771,210.9727972399151,211.5904977375566,6065.0,1277428.55,6060.0
Zafirlukast,Zafirlukast,1438,30853.0,27453.0,25956.0,3296516.37,3069249.01,2896316.6400000006,9810.0,8773.0,8122.0,-0.21927449918787223,-0.15951144352126925,-0.11019998055294461,-0.06894167493547144,-0.05452955961097148,-0.056343545094113816,-0.08236477008195804,-0.06264261001479263,3.1292602302519095,111.8001314974684,349.85170523196166,3.1957645900024625,111.58563106796119,356.601408520069,25755.0,2107774.11,7950.0
Zaleplon,Zaleplon,1439,91894.0,82231.0,84446.0,2380714.7100000004,2401195.5999999987,2409957.5800000005,28209.0,25412.0,26535.0,0.015537436563484618,0.0879411442553326,-0.10515376411952902,0.008602832550229533,0.026936313555714998,0.0036490071862541515,-0.03910872528190701,0.006125919868241843,3.2359121674799307,29.200612907540936,94.49061860538323,3.1824382890521954,28.538445633896224,90.82184209534579,88063.0,1780905.2799999998,28286.0
Zanamivir,Relenza,1440,69.0,75.0,81.0,4893.56,5426.48,5897.26,24.0,25.0,31.0,1.1891891891891893,1.3211344994253504,0.08695652173913043,0.10890231242694462,0.08,0.0867560554908524,0.08347826086956522,0.0978291839588985,3.0,72.35306666666666,217.05919999999998,2.6129032258064515,72.80567901234568,190.2341935483871,22.0,1628.37,5.0
Zidovudine,Zidovudine,1441,2501.0,1777.0,1541.0,109299.89000000004,91758.42,89092.38,810.0,580.0,535.0,-0.6452578268876611,-0.4957469893633697,-0.289484206317473,-0.1604893655428202,-0.13280810354530106,-0.029054990266833208,-0.21114615493138705,-0.0947721779048267,3.0637931034482757,51.63670230725943,158.2041724137931,2.880373831775701,57.81465282284231,166.52781308411215,1164.0,60659.850000000006,390.0
Zileuton,Zileuton Er,1442,3258.0,4702.0,5843.0,9111576.79,11671237.830000002,13307282.689999994,949.0,1183.0,1397.0,1.7025901942645698,1.1592017897651825,0.44321669736034375,0.2809240484928189,0.24266269672479795,0.14017749306715924,0.3429396970425709,0.21055077077998907,3.9746407438715132,2482.1858421948114,9865.796982248523,4.182534001431639,2277.474360773574,9525.613951324262,8231.0,19457235.18999999,1778.0
Ziprasidone Hcl,Ziprasidone Hcl,1443,625421.0,580690.0,541172.0,56032372.46999998,58661051.16,47186578.43000001,111359.0,105370.0,100622.0,-0.23947941274429757,-0.24713219101250772,-0.07152142316935313,0.046913571104051116,-0.06805352253353769,-0.19560632656757168,-0.0697874728514454,-0.07434637773176028,5.5109613742051815,101.01956493137473,556.7149203758186,5.378267178151895,87.19331086974198,468.94892200512817,499459.0,32946311.16,94068.0
Ziprasidone Mesylate,Geodon,1444,685.0,818.0,1006.0,138263.05000000002,147935.64,188874.50999999995,203.0,274.0,327.0,-0.14528462192013594,-0.08228692311228085,0.19416058394160585,0.06995788101014692,0.22982885085574573,0.2767343285228626,0.21199471739867579,0.17334610476650478,2.9854014598540144,180.85041564792178,539.911094890511,3.076452599388379,187.74802186878722,577.5978899082568,944.0,195074.89,357.0
Zoledronic Ac/Mannitol/0.9nacl,Zoledronic Acid,1445,148.0,76.0,129.0,20093.56,11576.86,19759.77,40.0,30.0,40.0,3.4482758620689653,3.9972231705929215,-0.4864864864864865,-0.42385221931803024,0.6973684210526315,0.7068332864006301,0.1054409672830725,0.14149053354129995,2.533333333333333,152.3271052631579,385.8953333333333,3.225,153.176511627907,493.99425,193.0,29674.959999999995,50.0
Zoledronic Acid,Zoledronic Acid,1446,2063.0,2418.0,3086.0,459129.26,511213.17,649161.04,535.0,636.0,764.0,0.9820166987797045,0.383957022613407,0.17207949587978671,0.11344062454220402,0.2762613730355666,0.26984412392974944,0.22417043445767665,0.19164237423597674,3.80188679245283,211.4198387096774,803.7942924528302,4.039267015706806,210.35678548282567,849.68722513089,2640.0,280655.69,774.0
Zoledronic Acid/Mannitol-Water,Zoledronic Acid,1447,1840.0,2916.0,3851.0,390277.13,618534.7,785438.3000000002,1822.0,2870.0,3795.0,0.96579887697805,0.30426279849664134,0.5847826086956521,0.5848602248356186,0.32064471879286693,0.2698370843220279,0.45271366374425953,0.42734865457882326,1.01602787456446,212.11752400548696,215.51731707317072,1.014756258234519,203.95697221500913,206.96661396574444,4592.0,705456.4599999998,4513.0
Zolmitriptan,Zolmitriptan Odt,1448,17619.0,15667.0,15270.0,4283981.399999999,3901522.44,3149193.85,6093.0,5339.0,5209.0,-0.1555137706005973,-0.31569878279281294,-0.11078948862023952,-0.08927652206893325,-0.025339886385396054,-0.19282949196621815,-0.06806468750281779,-0.1410530070175757,2.9344446525566585,249.0280487649199,730.759026034838,2.931464772509119,206.2340438768828,604.5678345171818,15693.0,2324653.64,5239.0
Zolpidem Tartrate,Zolpidem Tartrate,1449,7132151.0,6982947.0,7029773.0,70034047.19999999,71055839.53000002,70334679.38999999,1557577.0,1554330.0,1578398.0,0.023103529777494723,-0.0466447061799715,-0.020919916025333732,0.014589936907145188,0.006705764772380486,-0.010149203003865069,-0.007107075626476623,0.00222036695164006,4.492576865916504,10.175623491056143,45.71477069219536,4.453739170982224,10.005256128469581,44.56080113507492,7171503.0,56659181.54999999,1632811.0
Zonisamide,Zonisamide,1450,297980.0,298031.0,301961.0,25429511.79,23040698.15000001,24027573.540000003,69886.0,70501.0,71653.0,0.0007092034055019603,0.0707815480759241,0.00017115242633733806,-0.0939386355399625,0.013186547708124323,0.04283183537127293,0.00667885006723083,-0.025553400084344785,4.227330108792783,77.30973673879566,326.8137778187545,4.214212942933304,79.57177761366535,335.332415111719,317841.0,21055151.6,75751.0
