Gnrc_Name,Brnd_Name,Tot_Clms,Tot_Drug_Cst,Tot_Benes,Tot_30day_Fills,Tot_Day_Suply,year
Atorvastatin Calcium,Atorvastatin Calcium,67633912,993675781.9300003,20817428.0,166266169.6,4932858629,2023
Amlodipine Besylate,Amlodipine Besylate,46601898,402755302.21000004,14243749.0,111691473.19999997,3312770523,2023
Levothyroxine Sodium,Levothyroxine Sodium,45138029,969026257.1699998,11863150.0,104506292.70000002,3079479325,2023
Lisinopril,Lisinopril,35257305,326219597.2299999,10695370.0,86757047.10000002,2577200721,2023
Gabapentin,Gabapentin,33913654,651205397.5199999,9401345.0,53022915.49999999,1540565773,2023
Losartan Potassium,Losartan Potassium,32407536,478156556.33000004,9963476.0,80694513.90000002,2402375537,2023
Metformin Hcl,Metformin Hcl,31793565,494864331.3699999,9518488.0,76663999.69999997,2277149192,2023
Metoprolol Succinate,Metoprolol Succinate,28792402,574171075.22,8828471.0,68621238.39999999,2036173502,2023
Omeprazole,Omeprazole,27230410,409186968.73000014,8327945.0,60224877.90000001,1782741511,2023
Rosuvastatin Calcium,Rosuvastatin Calcium,25188902,594106014.0699998,8021162.0,64819020.29999997,1934446996,2023
Pantoprazole Sodium,Pantoprazole Sodium,22538863,369661686.15000004,7079853.0,46379025.0,1362934835,2023
Furosemide,Furosemide,22000367,139952166.82999998,6865813.0,41833548.9,1195698128,2023
Apixaban,Eliquis,20163420,17392162956.070004,4771977.0,32167831.19999999,897991546,2023
Hydrocodone/Acetaminophen,Hydrocodone-Acetaminophen,18961158,412257483.83000004,6401473.0,18999375.300000004,401428408,2023
Tamsulosin Hcl,Tamsulosin Hcl,18879859,380657614.3499999,5710088.0,42147797.50000001,1242966118,2023
Albuterol Sulfate,Albuterol Sulfate Hfa,17712090,698450606.3000001,7055257.0,21257826.200000007,525985355,2023
Hydrochlorothiazide,Hydrochlorothiazide,17656054,95038209.20999996,5474277.0,44240447.60000001,1319383820,2023
Trazodone Hcl,Trazodone Hcl,16276859,207440616.17,4216120.0,27934490.89999999,811931242,2023
Metoprolol Tartrate,Metoprolol Tartrate,15390982,133310294.19,4497503.0,33806517.79999999,990848023,2023
Simvastatin,Simvastatin,15388703,166622425.58999997,4379875.0,39227409.3,1168167711,2023
Sertraline Hcl,Sertraline Hcl,14519326,167063196.57000002,3472195.0,26740180.300000012,776106230,2023
Carvedilol,Carvedilol,14325976,169220130.76000008,4211647.0,32123294.999999996,948251660,2023
Potassium Chloride,Klor-Con M20,13776316,387375545.8099999,3871013.0,25668401.400000002,733185556,2023
Prednisone,Prednisone,13437997,85277054.86999997,8157121.0,16264860.099999998,289297149,2023
Clopidogrel Bisulfate,Clopidogrel,12148014,189623807.30999994,3638337.0,27070106.700000007,798342832,2023
Fluticasone Propionate,Fluticasone Propionate,11946980,418370615.45,5044049.0,19885567.9,594402988,2023
Famotidine,Famotidine,11747802,188376389.31,3588594.0,22427260.4,653341223,2023
Tramadol Hcl,Tramadol Hcl,11738319,100739801.65,4103437.0,11915924.799999997,241427314,2023
Duloxetine Hcl,Duloxetine Hcl,11444110,375083684.40999997,2753788.0,20867095.200000003,611864443,2023
Montelukast Sodium,Montelukast Sodium,11318872,181296389.05999997,3282523.0,24788794.499999993,735996493,2023
Escitalopram Oxalate,Escitalopram Oxalate,11090501,164168681.24,2745646.0,21009383.2,613817380,2023
Alprazolam,Alprazolam,10981542,81748730.22000001,2493422.0,11867195.199999997,325986494,2023
Meloxicam,Meloxicam,10554271,63569286.93000001,3986330.0,17420742.9,510064142,2023
Latanoprost,Latanoprost,9881149,208457898.19000003,2705733.0,18296645.7,525565625,2023
Pravastatin Sodium,Pravastatin Sodium,9013479,171702557.45,2532309.0,22752314.1,675459853,2023
Allopurinol,Allopurinol,8613058,127133335.24999996,2349769.0,20488179.300000004,606777720,2023
Quetiapine Fumarate,Quetiapine Fumarate,8585605,226738742.77999997,1618725.0,11369985.8,318387310,2023
Clonazepam,Clonazepam,8276010,77511462.39000003,1556336.0,9037219.299999999,256432996,2023
Oxycodone Hcl,Oxycodone Hcl,7870077,471694200.57000005,2852169.0,7880780.799999999,156225788,2023
Oxycodone Hcl/Acetaminophen,Oxycodone-Acetaminophen,7818639,300871438.97,2382176.0,7827515.699999999,176374639,2023
Alendronate Sodium,Alendronate Sodium,7647426,92642190.65000002,2240813.0,17107716.9,507096406,2023
Diclofenac Sodium,Diclofenac Sodium,7631609,476347545.2899998,3021432.0,9352082.8,232361148,2023
Amoxicillin,Amoxicillin,7566479,28087912.9,5828754.0,7627536.199999999,53484605,2023
Bupropion Hcl,Bupropion Hcl Sr,7462789,246317720.04000005,1788178.0,13673618.499999998,403390300,2023
Empagliflozin,Jardiance,7460553,8031744087.31,1920264.0,13778580.9,404134859,2023
Lorazepam,Lorazepam,7284782,70289758.47999997,1797350.0,7815051.800000002,199578513,2023
Semaglutide,Ozempic,7171085,9670618798.109999,1721681.0,10132234.7,295291728,2023
Donepezil Hcl,Donepezil Hcl,7068757,111947841.96,1636242.0,11787084.500000006,335108413,2023
Mirtazapine,Mirtazapine,7065219,156730401.31,1591855.0,10190618.2,285944682,2023
Zolpidem Tartrate,Zolpidem Tartrate,7029773,70334679.38999999,1578398.0,8717296.1,256549257,2023
Spironolactone,Spironolactone,7015164,88331619.33000001,2094285.0,15455136.899999999,456683373,2023
"Insulin Glargine,hum.Rec.Anlog",Lantus Solostar,6931026,4310701891.290001,1829932.0,12143585.000000004,343834675,2023
Azithromycin,Azithromycin,6703405,49317787.52,5331274.0,6989275.899999999,54039390,2023
Glipizide,Glipizide,6621024,105162508.80999999,1879495.0,15798268.400000004,469422176,2023
Fluoxetine Hcl,Fluoxetine Hcl,6495496,98928141.97000003,1457227.0,12249294.9,360076719,2023
Buspirone Hcl,Buspirone Hcl,6459819,120815761.68999998,1476611.0,9477329.600000001,270987544,2023
Ezetimibe,Ezetimibe,6372346,264260810.88000003,1910184.0,15724468.2,469019735,2023
Finasteride,Finasteride,6242654,100804524.96999998,1783420.0,14733258.100000003,436211521,2023
Citalopram Hydrobromide,Citalopram Hbr,6227631,56552139.44000002,1472943.0,12522988.700000003,367330861,2023
Atenolol,Atenolol,6090618,64228470.29999999,1672003.0,15452972.500000004,460198581,2023
Pregabalin,Pregabalin,6042538,277848430.4500001,1519174.0,7671017.6,223804621,2023
Rivaroxaban,Xarelto,5892811,5511694348.01,1371650.0,10287901.899999997,293406051,2023
Tizanidine Hcl,Tizanidine Hcl,5846521,82336448.86999997,1936513.0,7553407.400000002,199843700,2023
Cyclobenzaprine Hcl,Cyclobenzaprine Hcl,5783649,63506826.69000001,2107652.0,7009827.900000001,178063745,2023
Ibuprofen,Ibuprofen,5703817,47699988.79000001,3015362.0,6502991.800000003,132601478,2023
Varicella-Zoster Ge/As01b/Pf,Shingrix,5417608,1152724533.1100001,4067652.0,5445598.100000001,8834107,2023
Cephalexin,Cephalexin,5406721,48054087.699999996,4339691.0,5733952.399999999,58682135,2023
Lisinopril/Hydrochlorothiazide,Lisinopril-Hydrochlorothiazide,5170854,60121168.99000002,1508234.0,13766831.499999998,411807295,2023
Triamcinolone Acetonide,Triamcinolone Acetonide,5138123,63369811.88999999,3076153.0,5706387.499999998,138538540,2023
Hydralazine Hcl,Hydralazine Hcl,5051600,96667414.70000002,1450208.0,9822626.9,285217294,2023
Memantine Hcl,Memantine Hcl,5042907,259986842.34999993,1093522.0,7532333.6,210234355,2023
Amoxicillin/Potassium Clav,Amoxicillin-Clavulanate Potass,4970506,56770802.19000001,4269618.0,4989532.8,44305768,2023
Venlafaxine Hcl,Venlafaxine Hcl,4912094,145369436.89999998,1040232.0,9046322.299999997,265231664,2023
Dulaglutide,Trulicity,4851616,6666365125.900001,1018826.0,6779381.400000001,193878678,2023
Warfarin Sodium,Warfarin Sodium,4773701,64821527.969999984,1082567.0,9571394.500000002,267842255,2023
Losartan/Hydrochlorothiazide,Losartan-Hydrochlorothiazide,4585233,104198314.28,1324514.0,11949748.399999993,357527825,2023
Doxycycline Hyclate,Doxycycline Hyclate,4539991,90914391.32000002,3463235.0,4905827.500000001,67806358,2023
Fluticasone/Umeclidin/Vilanter,Trelegy Ellipta,4532469,4011731369.5799994,1097862.0,6016805.0,179985363,2023
Methylprednisolone,Methylprednisolone,4357652,42496059.330000006,3693265.0,4414496.8,30669408,2023
Celecoxib,Celecoxib,4295142,171345726.26999998,1484923.0,6918757.8,201860729,2023
Divalproex Sodium,Divalproex Sodium,4290850,231747648.26000005,752828.0,5019355.4,133384202,2023
Baclofen,Baclofen,4288521,99515404.91,1251351.0,5675216.500000002,154322383,2023
Rsvpref3 Antigen/As01e/Pf,Arexvy,4278430,1351013283.9500003,4274614.0,4281477.699999999,4881556,2023
Oxybutynin Chloride,Oxybutynin Chloride Er,4234587,120854468.56999998,1193901.0,7868082.199999999,228297235,2023
Glimepiride,Glimepiride,4214846,56389807.78000001,1174080.0,10257002.8,305672540,2023
Diltiazem Hcl,Diltiazem 24hr Er (Cd),4153827,170939579.74,1169135.0,8975706.799999999,262956975,2023
Isosorbide Mononitrate,Isosorbide Mononitrate Er,4056639,77633904.39999998,1146895.0,8680300.599999998,255742234,2023
Levetiracetam,Levetiracetam,3853939,212338135.64,814343.0,5858922.5,164105024,2023
Dapagliflozin Propanediol,Farxiga,3755745,3719615328.450001,953082.0,6479634.400000003,190389196,2023
Lamotrigine,Lamotrigine,3616065,198607093.59000006,709867.0,5477433.2,158959735,2023
Sitagliptin Phosphate,Januvia,3498323,3446734330.2699995,792257.0,6370422.199999998,182634682,2023
Aripiprazole,Aripiprazole,3380680,844314017.5800002,685346.0,4406326.599999999,125852787,2023
Risperidone,Risperidone,3351191,87779235.63999999,560364.0,3931311.3,107336795,2023
Ciprofloxacin Hcl,Ciprofloxacin Hcl,3350770,27007385.899999995,2640907.0,3396492.6,30181452,2023
Prednisolone Acetate,Prednisolone Acetate,3341061,155817840.54,2070458.0,4304965.299999999,110923176,2023
Hydroxyzine Hcl,Hydroxyzine Hcl,3321511,67787713.27,990364.0,4234016.699999999,111050618,2023
Valsartan,Valsartan,3294446,125827252.85,942667.0,8015538.199999999,237928009,2023
Olanzapine,Olanzapine,3265757,135256062.76999998,581243.0,3813603.6999999993,103350436,2023
Budesonide/Formoterol Fumarate,Symbicort,3236078,1691865577.6299999,887971.0,4422116.7,132484241,2023
Mirabegron,Myrbetriq,3185794,2103635686.6399999,763092.0,4824811.000000001,135428789,2023
Estradiol,Estradiol,3166307,259482531.41000003,1216398.0,7497261.8,223468973,2023
Carbidopa/Levodopa,Carbidopa-Levodopa,3074397,380816114.46999997,769448.0,5387113.100000001,154094370,2023
Sulfamethoxazole/Trimethoprim,Sulfamethoxazole-Trimethoprim,3010218,18790504.93,2108966.0,3323518.099999999,45651000,2023
Ketoconazole,Ketoconazole,2999815,79175486.19000001,1436980.0,3295090.3,89339290,2023
"Pen Needle, Diabetic",Ultra-Fine Mini Pen Needle,2920035,234669925.0,1044982.0,6079354.4,179239712,2023
Amitriptyline Hcl,Amitriptyline Hcl,2899088,57639136.93000001,725152.0,5202668.799999999,154014267,2023
Fluticasone Propion/Salmeterol,Advair Diskus,2882959,1169817281.4699998,845017.0,4107467.6000000006,123080669,2023
Ondansetron,Ondansetron Odt,2836105,48348169.28,1791804.0,2896420.2999999993,31380239,2023
Ondansetron Hcl,Ondansetron Hcl,2816054,43187753.92999999,1497864.0,2907930.199999999,37181484,2023
Nifedipine,Nifedipine Er,2802248,115138065.79999998,797281.0,5956558.0,176005657,2023
Clonidine Hcl,Clonidine Hcl,2784308,27476166.79,762260.0,4993457.999999999,143881886,2023
Paroxetine Hcl,Paroxetine Hcl,2757760,43054799.14999999,625255.0,5194361.200000001,152421536,2023
Sacubitril/Valsartan,Entresto,2750774,2937507652.74,706212.0,4496961.5,130307478,2023
Ropinirole Hcl,Ropinirole Hcl,2702051,61418460.099999994,622775.0,4959024.399999999,144133780,2023
Nitrofurantoin Monohyd/M-Cryst,Nitrofurantoin Mono-Macro,2635552,54952663.59,2018181.0,2751464.6,26211006,2023
Pioglitazone Hcl,Pioglitazone Hcl,2627208,55188430.33,745801.0,6428972.2,191757097,2023
Propranolol Hcl,Propranolol Hcl,2614129,87128837.16,674556.0,4759753.099999999,138880418,2023
Mupirocin,Mupirocin,2573970,24861916.220000003,1871771.0,2610371.2,42709562,2023
Topiramate,Topiramate,2564035,93620435.58999997,609996.0,4255228.800000001,124367505,2023
Timolol Maleate,Timolol Maleate,2538213,58459020.499999985,805529.0,5198016.700000001,152949801,2023
Dorzolamide Hcl/Timolol Maleat,Dorzolamide-Timolol,2484075,75562010.85999998,762935.0,5198719.0,155456315,2023
Olmesartan Medoxomil,Olmesartan Medoxomil,2467807,76026581.84,699000.0,6083850.100000001,181743766,2023
Triamterene/Hydrochlorothiazid,Triamterene-Hydrochlorothiazid,2316128,28667627.28,645879.0,5939825.6999999955,177337535,2023
Amiodarone Hcl,Amiodarone Hcl,2273370,67807272.24,764899.0,4475826.9,129792087,2023
Morphine Sulfate,Morphine Sulfate Er,2266232,74265331.27000001,510673.0,2270458.1999999997,61453594,2023
Brimonidine Tartrate,Alphagan P,2256874,224568582.83000004,698640.0,4059600.7,117127899,2023
Azelastine Hcl,Azelastine Hcl,2232579,81907573.94000001,959825.0,3322952.500000001,96758483,2023
Diazepam,Diazepam,2215656,26638203.279999997,616760.0,2344325.9,57479884,2023
Lovastatin,Lovastatin,2202376,30475383.42000001,590256.0,5693938.499999999,169589033,2023
Torsemide,Torsemide,2170535,49571317.76000001,658411.0,4061619.7000000016,116972450,2023
Esomeprazole Magnesium,Esomeprazole Magnesium,2157897,149461205.62,566082.0,4384884.400000001,129848869,2023
Chlorthalidone,Chlorthalidone,2154162,48615405.060000025,629168.0,5162715.7,153916271,2023
Insulin Aspart,Novolog Flexpen,2119631,1835265942.8200004,613871.0,3384919.8000000003,92392119,2023
Fluconazole,Fluconazole,2115709,26233118.300000004,1220271.0,2263712.2999999993,22788327,2023
Methotrexate Sodium,Methotrexate,2079165,74656105.44,591249.0,4002887.899999999,117149940,2023
Hydroxychloroquine Sulfate,Hydroxychloroquine Sulfate,2064601,131893832.60999997,613254.0,4244908.9,126113000,2023
Nystatin,Nystatin,2040168,47876823.019999996,958970.0,2135247.9,40657149,2023
Naproxen,Naproxen,2035149,38376785.489999995,927124.0,2576316.9999999995,66620749,2023
Temazepam,Temazepam,2030349,24120933.919999994,423194.0,2238685.2999999993,65938051,2023
"Rsv Vacc, Pref A And Pref B/Pf",Abrysvo,2029719,664274567.3300002,2028306.0,2032206.5,2560558,2023
Fluticasone/Vilanterol,Breo Ellipta,2016549,1091902924.66,505569.0,2650643.5,79148016,2023
Irbesartan,Irbesartan,1924325,66593157.02000001,529809.0,4843798.5,144601359,2023
Chlorhexidine Gluconate,Chlorhexidine Gluconate,1907877,11178709.730000002,1262833.0,1954052.9000000004,36009460,2023
Acetaminophen With Codeine,Acetaminophen-Codeine,1900609,25651625.020000007,870879.0,1906747.2999999993,30577762,2023
Meclizine Hcl,Meclizine Hcl,1893601,20238673.400000006,747378.0,2230716.0999999996,50728506,2023
Insulin Lispro,Humalog Kwikpen U-100,1869369,1358389042.7799995,576175.0,3048896.5999999996,82678605,2023
Valacyclovir Hcl,Valacyclovir,1847642,80155109.94999999,719809.0,2739040.3,62080475,2023
Linaclotide,Linzess,1842508,1435097285.3799999,495103.0,2650748.2000000007,78874188,2023
Methocarbamol,Methocarbamol,1826321,24472882.28,793158.0,2046567.1,47699918,2023
Benztropine Mesylate,Benztropine Mesylate,1780160,23828401.249999996,306858.0,2036818.5000000002,56161850,2023
Nitroglycerin,Nitroglycerin,1727436,38281245.209999986,956259.0,2060555.2000000007,45746437,2023
Hydrocortisone,Hydrocortisone,1713566,35695169.64999999,848955.0,2004952.6000000003,48124019,2023
Levocetirizine Dihydrochloride,Levocetirizine Dihydrochloride,1694937,29575091.759999994,555454.0,3118954.1000000006,92109463,2023
Clobetasol Propionate,Clobetasol Propionate,1683838,112840131.58999997,908921.0,1812192.3000000003,47199861,2023
Dicyclomine Hcl,Dicyclomine Hcl,1676552,38901735.14999998,607702.0,2305391.6000000006,60373393,2023
Bumetanide,Bumetanide,1649360,72599424.07000001,462636.0,2840171.4999999986,80389887,2023
Benazepril Hcl,Benazepril Hcl,1647705,27372136.670000006,443308.0,4168943.599999999,124178654,2023
Cyclosporine,Restasis,1642296,1550673258.57,591200.0,2629937.3,77771735,2023
Doxazosin Mesylate,Doxazosin Mesylate,1630349,35261877.57000001,438368.0,3655307.2,108055283,2023
Buprenorphine Hcl/Naloxone Hcl,Buprenorphine-Naloxone,1623131,314372498.33000004,296031.0,1631193.1,34961102,2023
Dextroamphetamine/Amphetamine,Dextroamphetamine-Amphetamine,1593491,86466686.43000002,345530.0,1646085.6999999997,48308358,2023
Icosapent Ethyl,Vascepa,1548212,749744248.3099997,367817.0,2422883.099999999,71632449,2023
Sucralfate,Sucralfate,1541315,108970732.19000003,510666.0,2026694.5999999996,53651614,2023
Tirzepatide,Mounjaro,1521598,1965517131.54,345170.0,1792562.0,51127151,2023
Tiotropium Bromide,Spiriva Handihaler,1502782,1064266689.9899998,412719.0,2143852.4999999995,63864933,2023
Enalapril Maleate,Enalapril Maleate,1499762,38684791.41,400476.0,3506675.999999998,104163213,2023
Fenofibrate,Fenofibrate,1490662,54080183.929999985,403082.0,3504556.1999999997,104123761,2023
Ipratropium Bromide,Ipratropium Bromide,1453735,101049683.78000002,609206.0,2060252.5999999994,55176058,2023
Levofloxacin,Levofloxacin,1431674,11015434.709999999,1106796.0,1441303.1000000003,12283076,2023
Anastrozole,Anastrozole,1412211,39658103.980000004,437236.0,3272797.7,97490209,2023
Cefdinir,Cefdinir,1372695,28632746.600000005,1194410.0,1378625.4000000004,11601572,2023
Bimatoprost,Lumigan,1362771,635783675.1999998,366209.0,2374401.6,68132834,2023
Nirmatrelvir/Ritonavir,Paxlovid (Eua),1352308,14107437.480000002,1325538.0,1352334.3999999997,6817838,2023
Fenofibrate Nanocrystallized,Fenofibrate,1340176,51512539.76000001,341962.0,2852670.5000000005,84109096,2023
Insulin Degludec,Tresiba Flextouch U-100,1328647,1263392186.1399996,376152.0,2517703.8000000007,73133404,2023
Ketorolac Tromethamine,Ketorolac Tromethamine,1310557,35154825.17000001,817831.0,1528442.2000000002,36549563,2023
Pramipexole Di-Hcl,Pramipexole Dihydrochloride,1258267,29807712.750000007,312861.0,2393821.4,70015545,2023
Sumatriptan Succinate,Sumatriptan Succinate,1251213,43201944.08999999,320442.0,1450066.8,37917642,2023
Digoxin,Digoxin,1231837,35808860.00000001,326905.0,2468614.900000001,71811053,2023
Insulin Detemir,Levemir Flexpen,1225361,842611652.9199998,331623.0,1923431.5,52621025,2023
Lactulose,Lactulose,1204254,57154675.92,368332.0,1331891.2000000002,26835690,2023
Evolocumab,Repatha Sureclick,1187888,1031069707.36,258971.0,1746679.100000001,50742044,2023
Amlodipine Besylate/Benazepril,Amlodipine Besylate-Benazepril,1186649,30075302.810000006,324848.0,2987063.4999999995,89206932,2023
Acyclovir,Acyclovir,1183877,28237055.100000005,371383.0,1879538.0000000005,50181284,2023
Ergocalciferol (Vitamin D2),Vitamin D2,1183684,7037407.760000002,388348.0,2416767.6999999997,71314389,2023
Doxycycline Monohydrate,Doxycycline Monohydrate,1159741,25905171.369999997,893090.0,1273207.3000000003,18313870,2023
"Peg3350/Sod Sulf,bicarb,cl/Kcl",Gavilyte-G,1155319,20879120.890000008,1115791.0,1167087.0,2207148,2023
Linagliptin,Tradjenta,1149649,897995678.69,248063.0,1815870.0999999996,49573705,2023
Valsartan/Hydrochlorothiazide,Valsartan-Hydrochlorothiazide,1145349,61523156.76000001,320712.0,2940470.8999999994,87947328,2023
Hydroxyzine Pamoate,Hydroxyzine Pamoate,1127420,15346104.019999998,306304.0,1328556.3999999994,35357286,2023
Clotrimazole/Betamethasone Dip,Clotrimazole-Betamethasone,1117697,32275788.770000003,559012.0,1178391.9,27115848,2023
Ramipril,Ramipril,1117543,16866656.289999995,308884.0,2850246.0000000005,85068206,2023
Clindamycin Hcl,Clindamycin Hcl,1108598,9749777.6,824616.0,1113639.3,8057125,2023
Clozapine,Clozapine,1107362,106115207.33000001,119737.0,1111806.0000000002,27104194,2023
Umeclidinium Brm/Vilanterol Tr,Anoro Ellipta,1061624,649181391.3299999,260684.0,1357639.1000000003,40361912,2023
"Diphth,pertuss(Acell),tet Vac",Boostrix Tdap,1037794,69171023.04,1033420.0,1039120.7999999999,1486113,2023
Primidone,Primidone,1021879,33781782.76,256262.0,1786064.2000000002,51792518,2023
Ofloxacin,Ofloxacin,998253,20647233.629999995,738161.0,1053593.6,21095277,2023
Oxcarbazepine,Oxcarbazepine,971167,78422714.84000002,203497.0,1302584.1999999995,36934144,2023
Calcitriol,Calcitriol,962282,23037970.28,280133.0,1983761.5,58246969,2023
Dexamethasone,Dexamethasone,951787,14502936.500000002,574245.0,1027721.6000000001,14222235,2023
Alcohol Antiseptic Pads,Alcohol Prep Pads,943960,14753201.66,298996.0,1726939.2000000002,50980554,2023
Flecainide Acetate,Flecainide Acetate,943178,57936651.27000001,291482.0,2159904.3,64196520,2023
Nebivolol Hcl,Nebivolol Hcl,930355,83347412.21,253143.0,1992195.1000000003,59229966,2023
Ammonium Lactate,Ammonium Lactate,926206,23545266.319999997,401062.0,1061120.4000000001,30911757,2023
Dorzolamide Hcl,Dorzolamide Hcl,923587,27654924.17,277905.0,1816267.7,54143402,2023
Terazosin Hcl,Terazosin Hcl,917990,27688197.049999997,268616.0,2237795.9,66326672,2023
Promethazine Hcl,Promethazine Hcl,917934,11228290.579999996,323890.0,958709.2999999996,14486983,2023
Lidocaine,Lidocaine,909369,160471991.63999996,285376.0,1034417.6000000001,28620183,2023
Metronidazole,Metronidazole,903496,40503190.62999999,601861.0,958741.9,17546185,2023
Prazosin Hcl,Prazosin Hcl,888686,28067812.98,182801.0,1164597.3999999994,33194714,2023
Erythromycin Base,Erythromycin,883073,16131740.489999996,552518.0,912297.0000000001,13855659,2023
Carbamazepine,Carbamazepine,871763,89786593.78999999,202462.0,1162287.8,32519056,2023
Ranolazine,Ranolazine Er,867816,117305194.01,239965.0,1621056.0999999999,47754965,2023
Midodrine Hcl,Midodrine Hcl,866382,69853535.66000001,238112.0,1156314.9000000001,30607853,2023
Lithium Carbonate,Lithium Carbonate,859208,10943489.870000003,170158.0,1051562.7000000002,29475026,2023
Doxepin Hcl,Doxepin Hcl,837684,51701206.52999998,208079.0,1135131.4000000004,33017630,2023
Sotalol Hcl,Sotalol,833951,23424309.300000004,249162.0,1900010.0999999996,56422583,2023
Neomycin/Polymyxin B/Dexametha,Neomycin-Polymyxin-Dexameth,830013,12052567.990000002,623707.0,853443.9999999999,13313396,2023
Moxifloxacin Hcl,Moxifloxacin,817146,28059732.71,531299.0,826907.1000000001,12864208,2023
Brimonidine Tartrate/Timolol,Brimonidine Tartrate-Timolol,799035,271326054.95000005,219527.0,1282243.2,36466322,2023
Nortriptyline Hcl,Nortriptyline Hcl,797498,14096639.600000003,224541.0,1348779.7000000004,39764868,2023
Ipratropium/Albuterol Sulfate,Combivent Respimat,795281,241556285.23999998,267458.0,880710.9999999995,17336074,2023
Solifenacin Succinate,Solifenacin Succinate,776728,61204552.359999985,237066.0,1431261.7999999998,42155874,2023
Haloperidol,Haloperidol,763757,25871888.629999995,137036.0,825223.1999999996,21800897,2023
Telmisartan,Telmisartan,758562,37232316.98,215191.0,1874711.9,56041398,2023
Budesonide/Glycopyr/Formoterol,Breztri Aerosphere,755979,623969765.11,210505.0,955374.3,28625160,2023
Verapamil Hcl,Verapamil Er,739411,32155499.919999994,217324.0,1568521.9000000004,46201430,2023
Cefuroxime Axetil,Cefuroxime,735591,13879136.100000003,612489.0,743209.9,6359921,2023
Sitagliptin Phos/Metformin Hcl,Janumet,734309,668892482.1699998,185959.0,1280343.0999999999,37686016,2023
Alfuzosin Hcl,Alfuzosin Hcl Er,728835,20939794.169999998,234271.0,1680469.8999999997,50051833,2023
Fentanyl,Fentanyl,722609,80682701.03999999,155661.0,724023.0,19672662,2023
Lipase/Protease/Amylase,Zenpep,707705,1289850171.4199998,175467.0,853632.7000000001,23456193,2023
Bictegrav/Emtricit/Tenofov Ala,Biktarvy,703775,2929480787.71,106083.0,735912.7999999999,22005921,2023
Colchicine,Colchicine,703212,61705288.85000001,242242.0,1022583.8,26475429,2023
Lansoprazole,Lansoprazole,695716,33817785.92,194708.0,1345112.5000000002,39498934,2023
Letrozole,Letrozole,694468,23079163.360000003,209553.0,1558734.1000000003,46450455,2023
Testosterone Cypionate,Testosterone Cypionate,678963,26987692.649999995,188458.0,1083978.3000000003,31037840,2023
Bisoprolol Fumarate,Bisoprolol Fumarate,668643,27697279.14000001,204577.0,1604463.1,47708339,2023
Lacosamide,Lacosamide,665790,196352176.56000003,130422.0,809726.1,22542887,2023
Ticagrelor,Brilinta,656273,439369320.8,179067.0,1009910.4,28976448,2023
Vibegron,Gemtesa,655411,429997876.89000005,172633.0,946243.7000000002,26132285,2023
Umeclidinium Bromide,Incruse Ellipta,651525,295181449.8999999,163741.0,811206.6000000002,23659169,2023
Folic Acid,Folic Acid,631622,2579252.96,184703.0,1308617.7000000004,38733861,2023
Sevelamer Carbonate,Sevelamer Carbonate,630405,219094676.54,185481.0,968353.8,27303229,2023
Metoclopramide Hcl,Metoclopramide Hcl,629401,7179477.78,213041.0,758067.2,18935603,2023
Hydromorphone Hcl,Hydromorphone Hcl,627630,17866325.130000003,186977.0,628507.9,13484676,2023
Labetalol Hcl,Labetalol Hcl,622655,26745036.169999994,169199.0,1220760.5,35557932,2023
Dexlansoprazole,Dexlansoprazole Dr,621114,221469233.9900001,157119.0,940545.2999999999,27822504,2023
Methimazole,Methimazole,609377,8867770.95,173603.0,1251820.6999999997,36804608,2023
Dutasteride,Dutasteride,600269,27809739.780000005,175568.0,1353136.7999999993,40248409,2023
Mometasone Furoate,Mometasone Furoate,587683,31740274.07,313008.0,688771.4999999999,18140189,2023
Desvenlafaxine Succinate,Desvenlafaxine Succinate Er,581990,47983950.26,132298.0,877228.6000000001,25648745,2023
Lurasidone Hcl,Latuda,578058,433536593.16999996,131731.0,638836.7999999999,17980859,2023
Paliperidone Palmitate,Invega Sustenna,573917,1898066569.9100003,100602.0,635388.7999999999,17776826,2023
Olmesartan/Hydrochlorothiazide,Olmesartan-Hydrochlorothiazide,563502,31835708.56,158882.0,1351984.9999999998,40453750,2023
Methenamine Hippurate,Methenamine Hippurate,561433,47362553.90999999,149707.0,844765.2,23826138,2023
Sildenafil Citrate,Sildenafil Citrate,557966,31708237.450000003,151439.0,709727.1999999997,19166773,2023
"Sodium, Potassium,mag Sulfates",Sod Sulf-Potass Sulf-Mag Sulf,552046,46175328.3,540656.0,561485.4999999999,1077135,2023
Adalimumab,Humira(Cf) Pen,545396,4884226408.42,108243.0,570830.7000000001,15994742,2023
Ziprasidone Hcl,Ziprasidone Hcl,541172,47186578.43000001,100622.0,656207.3999999998,18621934,2023
Omega-3 Acid Ethyl Esters,Omega-3 Acid Ethyl Esters,529271,46229637.02000001,149238.0,950506.9000000001,28119845,2023
Naloxone Hcl,Naloxone Hcl,523660,42321676.92000001,450208.0,535434.6999999998,5937485,2023
Ciclopirox,Ciclopirox,516229,19163526.770000003,240799.0,561017.6000000002,16015210,2023
Cilostazol,Cilostazol,514567,13996115.49,146994.0,930560.4,27342564,2023
Methylphenidate Hcl,Methylphenidate Er,512470,31258797.279999994,135392.0,536865.7000000001,15589862,2023
Cariprazine Hcl,Vraylar,510260,741099757.53,102597.0,533641.2,15133486,2023
Ibandronate Sodium,Ibandronate Sodium,507406,21290773.219999995,152312.0,1201342.7999999998,35947083,2023
Dabigatran Etexilate Mesylate,Dabigatran Etexilate,502535,149913264.93,169334.0,1143896.6,34051293,2023
Butalb/Acetaminophen/Caffeine,Butalbital-Acetaminophen-Caffe,496057,19219524.760000005,124201.0,512553.3999999999,9993563,2023
Methadone Hcl,Methadone Hcl,491603,11244119.160000002,100519.0,493452.79999999993,13568589,2023
Fluorouracil,Fluorouracil,487769,43393262.79000001,428907.0,507783.50000000006,13737234,2023
Prochlorperazine Maleate,Prochlorperazine Maleate,475848,8224984.16,285248.0,481049.8999999999,5950989,2023
Leflunomide,Leflunomide,473433,36677304.33,144979.0,959176.5999999999,28571098,2023
Fluocinonide,Fluocinonide,472585,34106814.370000005,248551.0,504645.79999999993,13795620,2023
Gemfibrozil,Gemfibrozil,469936,11008222.1,126217.0,949636.2999999999,28014204,2023
Phenytoin Sodium Extended,Phenytoin Sodium Extended,468723,26610917.589999996,112780.0,658925.9999999999,18295227,2023
Buprenorphine Hcl,Buprenorphine Hcl,456478,149905581.61,101789.0,459974.80000000005,12237121,2023
Tiotropium Br/Olodaterol Hcl,Stiolto Respimat,450868,291793371.45,119156.0,616708.6,18482614,2023
Clotrimazole,Clotrimazole,448876,12901512.94,192683.0,477752.80000000016,11784082,2023
Alirocumab,Praluent Pen,448170,362488837.42,99034.0,680554.4,19806902,2023
Raloxifene Hcl,Raloxifene Hcl,438588,32641066.98,118034.0,927101.9000000001,27512754,2023
Vortioxetine Hydrobromide,Trintellix,436782,252909171.57999998,94029.0,537750.1,15186290,2023
Liothyronine Sodium,Liothyronine Sodium,436764,22885418.22,125132.0,963944.9000000001,28609249,2023
Betamethasone Dipropionate,Betamethasone Dipropionate,426379,24613335.959999997,222351.0,452568.8,11307737,2023
Liraglutide,Victoza 3-Pak,425747,617334961.1299999,125410.0,622349.2,18210244,2023
Nabumetone,Nabumetone,424840,9396451.55,170887.0,536901.7999999999,14329707,2023
Sulfasalazine,Sulfasalazine Dr,412141,13531544.5,118585.0,742985.8999999999,21796222,2023
Tolterodine Tartrate,Tolterodine Tartrate Er,410165,50372962.35999999,120230.0,651603.4,18780079,2023
Travoprost,Travoprost,403514,93964071.53999996,109275.0,708891.6000000001,20417325,2023
Mesalamine,Mesalamine,398943,248615157.84000003,108241.0,681034.2,19930277,2023
Hydroxyurea,Hydroxyurea,398823,14230996.250000002,102081.0,750771.3999999997,22145770,2023
Amantadine Hcl,Amantadine,398473,99320459.29,101039.0,579591.7,16347572,2023
Metolazone,Metolazone,398014,13762879.379999999,123037.0,597164.2999999999,15888338,2023
Tacrolimus,Tacrolimus,396728,84552138.41000003,146244.0,576355.3999999999,16697217,2023
Insulin Nph Human Isophane,Humulin N,396439,103070258.39999999,127883.0,816920.0999999997,23813078,2023
Insulin Nph Hum/Reg Insulin Hm,Humulin 70-30,390817,180544409.26000002,104944.0,571360.3999999998,15846350,2023
Eszopiclone,Eszopiclone,390754,17007958.020000003,109311.0,455354.00000000006,13371917,2023
Loperamide Hcl,Loperamide,385005,10455619.800000004,158900.0,413716.7,7206003,2023
Rizatriptan Benzoate,Rizatriptan,379984,10876619.01,109462.0,417716.5000000001,10495160,2023
Sodium Chloride/Nahco3/Kcl/Peg,Peg 3350-Electrolyte,373949,9188813.489999998,362502.0,377246.5,642991,2023
Terbinafine Hcl,Terbinafine Hcl,372088,5602461.329999998,186506.0,549753.6000000001,15551396,2023
Diphenoxylate Hcl/Atropine,Diphenoxylate-Atropine,370538,10137005.610000001,136693.0,393545.9000000001,7425068,2023
Nitrofurantoin Macrocrystal,Nitrofurantoin,368440,14021581.42,148857.0,512279.10000000003,12617774,2023
Clindamycin Phosphate,Clindamycin Phosphate,362430,17070061.610000003,176326.0,392165.5,11014182,2023
Ciclopirox Olamine,Ciclopirox,355235,11859935.399999999,178326.0,399097.30000000005,10834140,2023
Dupilumab,Dupixent Pen,350986,1368118588.69,77113.0,360944.2999999999,9956968,2023
Buprenorphine,Buprenorphine,347313,137623199.42999998,99475.0,348800.89999999997,9692567,2023
Mycophenolate Mofetil,Mycophenolate Mofetil,343190,49690992.540000014,89461.0,582170.6000000001,17211274,2023
Tobramycin/Dexamethasone,Tobradex,339832,26330996.229999997,248563.0,355599.00000000006,6490438,2023
"Progesterone, Micronized",Progesterone,334955,19954206.189999998,98199.0,731209.8000000002,21767765,2023
Etanercept,Enbrel Sureclick,332317,2552950971.2999997,58898.0,352268.1000000001,9906288,2023
Bisoprolol/Hydrochlorothiazide,Bisoprolol-Hydrochlorothiazide,329374,13190373.609999998,92724.0,807369.3999999996,24106769,2023
Lifitegrast,Xiidra,327648,365495795.72999996,113941.0,517080.00000000006,15512568,2023
Irbesartan/Hydrochlorothiazide,Irbesartan-Hydrochlorothiazide,327435,10665232.43,90217.0,787663.3999999999,23574368,2023
"Insulin Regular, Human",Afrezza,323089,268216542.74999997,87943.0,462667.30000000005,12247314,2023
Oxycodone Myristate,Xtampza Er,314976,212688644.08,71742.0,315078.19999999995,8787876,2023
Trospium Chloride,Trospium Chloride,310244,28974874.73,108872.0,547132.7999999999,16013985,2023
Penicillin V Potassium,Penicillin V Potassium,306768,2090789.2800000003,236384.0,314299.39999999997,2956498,2023
Brexpiprazole,Rexulti,305200,458040775.62999994,65303.0,326695.6000000001,9033054,2023
Testosterone,Testosterone,303703,70168194.68000002,82252.0,401552.0000000001,11771177,2023
Zonisamide,Zonisamide,301961,24027573.540000003,71653.0,477024.60000000003,13794443,2023
"Fenofibrate,micronized",Fenofibrate,299882,11405026.800000004,82395.0,594303.6,17477297,2023
Potassium Citrate,Potassium Citrate Er,298019,38939187.85999999,87618.0,591013.8999999999,17479550,2023
Tamoxifen Citrate,Tamoxifen Citrate,297664,10135700.47,88831.0,677244.9,20182286,2023
Colestipol Hcl,Colestipol Hcl,295766,27039010.509999998,96013.0,472941.70000000007,13598526,2023
Paliperidone,Paliperidone Er,295479,113036227.57,58139.0,321335.39999999997,8747782,2023
Netarsudil Mesylate,Rhopressa,294334,149164087.91,84637.0,458547.4999999998,12912247,2023
Lenalidomide,Revlimid,292691,4816489867.910002,63505.0,292804.1000000001,7922805,2023
"Estrogens, Conjugated",Premarin,291026,116025602.87000002,106257.0,556178.2000000001,16469466,2023
Abiraterone Acetate,Abiraterone Acetate,290428,807734631.7499999,52857.0,301116.5,8995770,2023
Calcium Acetate,Calcium Acetate,288643,27442860.409999996,87271.0,447490.3000000001,12658347,2023
Fluvoxamine Maleate,Fluvoxamine Maleate,282617,14584185.750000004,59374.0,324705.6000000001,8732680,2023
Phenobarbital,Phenobarbital,279805,9467072.629999997,64311.0,336620.6,9492959,2023
Ursodiol,Ursodiol,279285,60463947.690000005,76030.0,477753.3000000001,14011976,2023
Cefadroxil,Cefadroxil,278718,3960729.51,223535.0,294332.19999999995,3280082,2023
Budesonide,Budesonide Dr,271932,77313723.70000002,81638.0,349574.2,9055120,2023
Bromfenac Sodium,Prolensa,271181,92261939.58999996,155723.0,345466.8,9472031,2023
Isosorbide Dinitrate,Isosorbide Dinitrate,270406,17839878.540000003,73115.0,416078.70000000007,11623053,2023
Erenumab-Aooe,Aimovig Autoinjector,267981,253409340.76,54781.0,323812.0,9603393,2023
Rivastigmine,Rivastigmine,267807,71373368.89,69419.0,360124.9,10486974,2023
Fluorometholone,Fluorometholone,263789,22254716.21,129653.0,376035.6000000001,9925827,2023
Haloperidol Decanoate,Haloperidol Decanoate,263164,14445635.409999998,47211.0,267893.7,7045949,2023
Empagliflozin/Metformin Hcl,Synjardy Xr,261711,260254751.42000005,68658.0,446304.10000000003,13262422,2023
Azathioprine,Azathioprine,258331,17517193.200000003,69826.0,503368.2,14952732,2023
Denosumab,Prolia,256048,444869751.3,150749.0,1457143.0999999999,43686571,2023
Rifaximin,Xifaxan,255268,716644943.9800001,65853.0,262008.9,6274117,2023
Clonidine,Clonidine,250946,37043545.769999996,67248.0,350456.40000000014,9975977,2023
Candesartan Cilexetil,Candesartan Cilexetil,246613,27834431.509999994,68612.0,539542.7999999998,16072684,2023
Silver Sulfadiazine,Ssd,246225,5182810.219999996,126084.0,263771.9,5852432,2023
Megestrol Acetate,Megestrol Acetate,245169,18589648.180000003,79613.0,297403.9999999999,7978936,2023
Rimegepant Sulfate,Nurtec Odt,241447,347332357.9299999,61525.0,247663.99999999997,6283782,2023
Carisoprodol,Carisoprodol,239793,4251097.739999997,59633.0,251141.00000000003,7063704,2023
Dolutegravir Sodium,Tivicay,238489,586777443.57,37546.0,248291.49999999997,7264733,2023
Minoxidil,Minoxidil,238070,4283222.329999998,74311.0,479002.3,14216680,2023
Betamethasone/Propylene Glyc,Betamethasone Diprop Augmented,233096,11340123.65,124348.0,248192.19999999998,6295026,2023
"Syringe-Needle,insulin,0.5 Ml",Insulin Syringe,232892,7345053.210000003,75141.0,433445.0999999999,12862620,2023
Fludrocortisone Acetate,Fludrocortisone Acetate,232372,5824754.8900000015,65020.0,349040.8999999999,9833947,2023
Galcanezumab-Gnlm,Emgality Pen,232105,199744335.0,49566.0,264770.80000000005,7804213,2023
Netarsudil Mesylat/Latanoprost,Rocklatan,230353,123112857.08,61539.0,344398.70000000007,9557480,2023
Repaglinide,Repaglinide,229102,12613702.750000002,63556.0,456079.00000000006,13455683,2023
Rivastigmine Tartrate,Rivastigmine,227820,17469849.720000003,55426.0,307950.69999999995,8411826,2023
Pentoxifylline,Pentoxifylline,225277,7829837.139999999,59450.0,345017.79999999993,10055497,2023
Dofetilide,Dofetilide,221054,59643250.42000002,64994.0,444833.9,13179423,2023
Dronedarone Hcl,Multaq,219971,276557391.62,58604.0,370868.80000000005,10838036,2023
Finerenone,Kerendia,218073,210044304.13000005,52119.0,321168.4,9545922,2023
Gentamicin Sulfate,Gentamicin Sulfate,217912,7918161.880000004,130968.0,224281.49999999997,4169305,2023
Emtricitabine/Tenofov Alafenam,Descovy,217876,511609931.08,37451.0,227006.80000000005,6779130,2023
Latanoprostene Bunod,Vyzulta,216928,96197758.00999999,59248.0,323316.0,9147557,2023
Cholestyramine (With Sugar),Cholestyramine,216903,20143868.51,77135.0,300879.39999999997,8494011,2023
0.9 % Sodium Chloride,Sodium Chloride,216889,5379948.229999998,76392.0,220012.8,1653736,2023
Diclofenac Potassium,Diclofenac Potassium,215537,36174775.61000001,98803.0,233399.9,5408924,2023
Roflumilast,Roflumilast,214597,50320603.620000005,55038.0,298394.40000000014,8617213,2023
Ceftriaxone Sodium,Ceftriaxone,214178,15500585.98,95239.0,214219.20000000004,1054836,2023
Insulin Glargine-Yfgn,Insulin Glargine-Yfgn,214087,30254727.650000006,67428.0,267688.0,6365262,2023
Brinzolamide/Brimonidine Tart,Simbrinza,212415,58028027.940000005,56620.0,321726.1999999999,9363537,2023
Enoxaparin Sodium,Enoxaparin Sodium,212067,32613350.31,93491.0,215033.09999999998,2707935,2023
"Pen Needle,dual Safety,diabetc",Autoshield Duo Pen Needle,211609,18429712.119999994,52621.0,229487.3000000001,5491860,2023
Tadalafil,Tadalafil,206672,98549711.67000003,51602.0,306848.5000000001,9053821,2023
Naltrexone Hcl,Naltrexone Hcl,205555,11517000.440000001,55640.0,244564.59999999998,6844286,2023
Lisdexamfetamine Dimesylate,Lisdexamfetamine Dimesylate,203584,82094623.86,51233.0,211122.6,6170540,2023
"Syringe And Needle,insulin,1ml",Trueplus Insulin Syringe,202499,6717947.529999999,66386.0,361481.8,10656185,2023
Minocycline Hcl,Minocycline Hcl,202469,6047941.749999999,96325.0,244628.2,5990129,2023
Indapamide,Indapamide,198355,4034859.81,58517.0,456708.60000000015,13591328,2023
Suvorexant,Belsomra,198084,92527482.01999998,54473.0,214013.80000000002,6127048,2023
Modafinil,Modafinil,196989,27939913.249999993,53229.0,240840.2,7075185,2023
Lubiprostone,Lubiprostone,196420,47646172.30000002,54722.0,245533.3,6580712,2023
Vilazodone Hcl,Vilazodone Hcl,194463,26804123.51,50067.0,246764.3,7120740,2023
Tramadol Hcl/Acetaminophen,Tramadol Hcl-Acetaminophen,194030,2773443.53,88525.0,195393.30000000008,3411647,2023
Ciclesonide,Alvesco,193193,28422841.309999995,85217.0,347134.70000000007,10321954,2023
Varenicline Tartrate,Varenicline Tartrate,191409,83412017.33,64525.0,228846.4,6510459,2023
Loteprednol Etabonate,Loteprednol Etabonate,190690,49805017.89,96380.0,241720.6,6170757,2023
Lidocaine/Prilocaine,Lidocaine-Prilocaine,188131,4871399.99,103702.0,197079.50000000003,4782559,2023
Naloxegol Oxalate,Movantik,187348,79561295.04,52143.0,209027.60000000003,5674402,2023
Medroxyprogesterone Acetate,Medroxyprogesterone Acetate,186584,4048087.349999999,50680.0,343678.8000000001,9590738,2023
Insulin Glargine/Lixisenatide,Soliqua 100-33,183701,205318740.43999994,47140.0,299207.4000000001,8643724,2023
Amlodipine Besylate/Valsartan,Amlodipine-Valsartan,178232,13462385.15,52604.0,414622.39999999997,12388322,2023
Sodium Zirconium Cyclosilicate,Lokelma,178087,137407227.61999995,54384.0,230689.9,6142910,2023
"Diph,pertuss(Acell),tet Vac/Pf",Adacel Tdap,177661,11605465.82,177122.0,177726.0,379611,2023
Chlorpromazine Hcl,Chlorpromazine Hcl,177449,57627013.25000001,34349.0,186822.80000000008,4822373,2023
"Thyroid,pork",Armour Thyroid,177000,12293515.690000001,49692.0,329731.00000000006,9760023,2023
Molnupiravir,Lagevrio (Eua),176397,4982067.700000001,174071.0,176401.8,885440,2023
Insulin Aspart Prot/Insuln Asp,Novolog Mix 70-30 Flexpen,175662,193671591.84999996,48996.0,258940.3,7181343,2023
Prasugrel Hcl,Prasugrel Hcl,174169,16005466.819999995,52769.0,354781.1999999999,10611747,2023
Cinacalcet Hcl,Cinacalcet Hcl,173633,86026082.68000002,43940.0,270391.39999999997,7844376,2023
Valproic Acid (As Sodium Salt),Valproic Acid,172602,6518817.899999998,38644.0,177242.39999999994,4157629,2023
Valbenazine Tosylate,Ingrezza,170619,1278101740.61,38823.0,171449.80000000002,4711356,2023
Hepatitis A And B Vaccine/Pf,Twinrix,170056,24932726.430000007,108404.0,170116.8,194649,2023
Olopatadine Hcl,Olopatadine Hcl,169608,6385683.839999998,61197.0,201590.89999999997,5431186,2023
Etodolac,Etodolac,166692,8220830.05,69572.0,199260.1,5174879,2023
Sod Picosulf/Mag Ox/Citric Ac,Clenpiq,166447,28982072.519999996,162743.0,167721.69999999995,382777,2023
Ubrogepant,Ubrelvy,166206,220515138.21,42077.0,172495.5,4234722,2023
Galantamine Hbr,Galantamine Hbr,165527,14716291.589999998,42523.0,238651.30000000005,6703081,2023
Enzalutamide,Xtandi,165326,2240072642.9599996,31932.0,167052.7,4985885,2023
Fluticasone Furoate,Arnuity Ellipta,165062,52128759.26999999,46070.0,211534.30000000002,6324732,2023
Fluphenazine Hcl,Fluphenazine Hcl,164698,36682316.23,34554.0,175247.8,4699271,2023
Pilocarpine Hcl,Pilocarpine Hcl,163879,13485974.41,54155.0,298487.0,8772293,2023
Pyridostigmine Bromide,Pyridostigmine Bromide,161712,23902081.26,44989.0,275604.69999999995,7972425,2023
Cefpodoxime Proxetil,Cefpodoxime Proxetil,161626,8940981.940000003,139787.0,163006.10000000003,1220783,2023
Atomoxetine Hcl,Atomoxetine Hcl,159080,22413604.050000004,40986.0,186569.90000000002,5351918,2023
Collagenase Clostridium Hist.,Santyl,157887,140750407.92,72385.0,168743.3,3364936,2023
Silodosin,Silodosin,157808,19649842.479999993,48551.0,310040.40000000014,9156995,2023
Vancomycin Hcl,Vancomycin Hcl,152164,24415833.870000005,44216.0,155649.39999999997,1414741,2023
Atenolol/Chlorthalidone,Atenolol-Chlorthalidone,151198,6001295.440000001,44929.0,356377.60000000003,10639549,2023
Perphenazine,Perphenazine,150519,10009578.019999998,31966.0,168838.80000000005,4646160,2023
Propafenone Hcl,Propafenone Hcl,150109,16583359.460000003,43972.0,300773.60000000003,8859906,2023
Febuxostat,Febuxostat,149764,25868328.829999994,41486.0,254009.30000000002,7479815,2023
Trihexyphenidyl Hcl,Trihexyphenidyl Hcl,149475,2213694.3300000005,35522.0,180420.00000000003,4947846,2023
Exemestane,Exemestane,149289,32674383.73,42654.0,300378.7,8938957,2023
Pitavastatin Calcium,Livalo,148902,87297245.99000001,40253.0,274263.2,8158399,2023
Canagliflozin,Invokana,147982,141402869.76999995,42332.0,238187.90000000005,6895289,2023
Felodipine,Felodipine Er,146493,5343326.310000001,42614.0,326679.29999999993,9669437,2023
Diclofenac Epolamine,Licart,146226,102560554.92000002,39351.0,168693.0,4976477,2023
Bicalutamide,Bicalutamide,143401,5126430.040000001,50720.0,246779.00000000006,7207110,2023
Abacavir/Dolutegravir/Lamivudi,Triumeq,140123,547239027.64,23989.0,147846.1,4415854,2023
Acetazolamide,Acetazolamide Er,140110,9345948.9,53273.0,185403.8,4729074,2023
Sod Sulf/Pot Chloride/Mag Sulf,Sutab,136741,22907400.379999995,133678.0,136848.09999999998,306184,2023
Lidocaine Hcl,Lidocaine Hcl Viscous,136418,3157887.85,79131.0,137369.49999999997,1185430,2023
Clobazam,Clobazam,135270,46306682.110000014,27335.0,158835.4,4577006,2023
Deutetrabenazine,Austedo,135031,909547831.7399999,28770.0,136106.9,3628337,2023
Amlodipine Bes/Olmesartan Med,Amlodipine-Olmesartan,134638,10347443.240000002,39459.0,301638.1999999999,8996464,2023
Brinzolamide,Azopt,133998,46963532.85,38086.0,251692.39999999994,7497107,2023
Apremilast,Otezla,132754,640426450.65,32009.0,139688.9,4109290,2023
Dextromethorphan Hbr/Quinidine,Nuedexta,132636,132204408.23,25059.0,136058.30000000002,2617371,2023
Ibrutinib,Imbruvica,132259,2056621140.4800003,25347.0,133795.5,3805075,2023
Insulin Lispro Protamin/Lispro,Humalog Mix 75-25 Kwikpen,131609,133309591.66000001,37986.0,195390.30000000002,5457874,2023
Glycopyrrolate,Glycopyrrolate,131152,6221014.609999999,35583.0,148474.5,3831214,2023
Eplerenone,Eplerenone,130228,13883227.350000001,38520.0,280180.8000000001,8337876,2023
Dapaglifloz Propaned/Metformin,Xigduo Xr,129564,120874150.11999999,32815.0,217049.5,6456246,2023
Polymyxin B Sulf/Trimethoprim,Polymyxin B Sul-Trimethoprim,128929,1270159.5400000005,103999.0,164324.5,4112894,2023
Sucroferric Oxyhydroxide,Velphoro,127742,390734975.6399998,31105.0,150407.39999999997,4421244,2023
Bethanechol Chloride,Bethanechol Chloride,127649,7704727.820000001,35756.0,172762.00000000003,4738495,2023
Elviteg/Cob/Emtri/Tenof Alafen,Genvoya,127543,534328975.18999994,22305.0,133868.5,4006156,2023
Dolutegravir Sodium/Lamivudine,Dovato,127035,386788259.10999995,20188.0,130877.5,3911434,2023
Glipizide/Metformin Hcl,Glipizide-Metformin,126293,8918387.320000002,36028.0,282684.5,8428137,2023
Risedronate Sodium,Risedronate Sodium,125470,14069875.36,38365.0,263786.80000000005,7834013,2023
Neomycin/Polymyxin B/Hydrocort,Neomycin-Polymyxin-Hc,124251,8077352.85,97704.0,128847.99999999999,1930944,2023
Nintedanib Esylate,Ofev,123184,1602890969.88,23510.0,125037.3,3739188,2023
Guanfacine Hcl,Guanfacine Hcl,121707,5521332.430000002,32751.0,146440.8,4184255,2023
Halobetasol Propionate,Halobetasol Propionate,121574,11921358.379999999,53602.0,128750.19999999998,3548292,2023
Upadacitinib,Rinvoq,119035,801815169.1499997,22661.0,123757.8,3708214,2023
Cyproheptadine Hcl,Cyproheptadine Hcl,118960,3441060.57,35204.0,146924.8,4039286,2023
Epinephrine,Epinephrine,118797,30319007.06,88261.0,128360.50000000001,2630161,2023
Trimethoprim,Trimethoprim,116893,5714121.830000003,38591.0,190742.40000000002,5347132,2023
Betamethasone Valerate,Betamethasone Valerate,115226,4262160.979999999,59394.0,122590.00000000003,2870416,2023
Tofacitinib Citrate,Xeljanz Xr,114350,678496399.6399999,23798.0,122600.5,3665742,2023
Colesevelam Hcl,Colesevelam Hcl,112866,32505942.869999997,34334.0,175687.39999999994,5040230,2023
Desmopressin Acetate,Desmopressin Acetate,112029,10450157.31,32365.0,154416.39999999997,4331450,2023
Pimavanserin Tartrate,Nuplazid,111094,473597546.79999995,21972.0,117530.4,2882650,2023
Rasagiline Mesylate,Rasagiline Mesylate,110387,33519108.099999998,29591.0,216853.69999999998,6338667,2023
Risperidone Microspheres,Risperdal Consta,110070,149756201.83000004,21848.0,110293.7,2141423,2023
Exenatide Microspheres,Bydureon Bcise,109771,128348778.43,32395.0,152042.69999999998,4361811,2023
Imiquimod,Imiquimod,109343,4507690.319999999,72152.0,129545.2,3484493,2023
Ruxolitinib Phosphate,Jakafi,108964,1618425654.8200002,24421.0,110367.90000000001,3284485,2023
Palbociclib,Ibrance,108311,1693438330.3899999,21742.0,108727.0,2995331,2023
Scopolamine,Scopolamine,107405,9614656.260000002,33952.0,109477.0,2059229,2023
Spironolact/Hydrochlorothiazid,Spironolactone-Hctz,106812,4297411.040000001,32279.0,238865.90000000005,7091767,2023
Tretinoin,Tretinoin,106739,9543938.31,44872.0,118719.59999999998,3324722,2023
Memantine Hcl/Donepezil Hcl,Namzaric,105788,61557144.79,23294.0,124850.0,3089587,2023
Difluprednate,Difluprednate,105760,15843882.869999997,52634.0,124189.19999999998,3030385,2023
Fluoride (Sodium),Sodium Fluoride 5000 Plus,105626,1640616.1099999996,44555.0,141243.90000000005,4064720,2023
"Insulin Pump Cart,automated,bt",Omnipod 5 G6 Pods (Gen 5),104967,124924009.98,25225.0,175811.69999999995,5197635,2023
Cyanocobalamin (Vitamin B-12),Cyanocobalamin Injection,104898,863772.35,34255.0,187520.6,5472125,2023
Sulindac,Sulindac,102981,2070996.8799999997,40574.0,129565.50000000001,3443405,2023
Mometasone/Formoterol,Dulera,102360,44405266.27999999,31012.0,130612.89999999998,3870689,2023
Secukinumab,Cosentyx Sensoready (2 Pens),102203,785311477.1700002,26165.0,105920.5,2981204,2023
Theophylline Anhydrous,Theophylline Er,102025,10911190.08,28107.0,153465.9,4426995,2023
Tenofovir Alafenamide,Vemlidy,101919,157530039.4,18287.0,107740.7,3229058,2023
Atropine Sulfate,Atropine Sulfate,100593,4703269.3500000015,58710.0,131869.3,3128935,2023
Acarbose,Acarbose,98300,5348162.139999999,26619.0,181957.60000000003,5374444,2023
Levalbuterol Tartrate,Levalbuterol Tartrate Hfa,95956,6492460.339999998,32845.0,110717.00000000006,2808352,2023
"Pen Needle, Diabetic, Safety",Novofine Autocover,95525,8070672.499999998,24972.0,103510.5,2522802,2023
Tobramycin,Tobramycin,95448,1925276.0399999998,70099.0,98321.3,1789373,2023
Parenteral Amino Acid 20% No.1,Prosol,94633,14988963.839999996,8934.0,94633.0,654310,2023
Imipramine Hcl,Imipramine Hcl,94087,2100646.0200000005,28750.0,131611.6,3821762,2023
Dalfampridine,Dalfampridine Er,93929,78047513.2,19412.0,121952.40000000001,3603104,2023
Imatinib Mesylate,Imatinib Mesylate,93373,193052694.46,22229.0,96954.50000000001,2888588,2023
Patiromer Calcium Sorbitex,Veltassa,93363,101680776.19999999,26097.0,115781.90000000002,3260909,2023
Brivaracetam,Briviact,92413,150236536.84000003,17438.0,100678.79999999999,2849145,2023
Telmisartan/Hydrochlorothiazid,Telmisartan-Hydrochlorothiazid,91905,11939222.680000002,27759.0,213438.6,6386982,2023
Dolutegravir/Rilpivirine,Juluca,91801,335035361.23,15957.0,96321.5,2876900,2023
Rabeprazole Sodium,Rabeprazole Sodium,91287,6434570.4799999995,29747.0,171590.69999999998,5102121,2023
Fesoterodine Fumarate,Fesoterodine Fumarate Er,91207,14755854.28,27399.0,131509.5,3797723,2023
Glatiramer Acetate,Copaxone,90775,447002288.96,21464.0,95696.49999999999,2646989,2023
Daptomycin,Daptomycin,90504,90243317.07,21708.0,90505.90000000001,548323,2023
Relugolix,Orgovyx,88443,243999254.03000003,16504.0,89517.29999999999,2675652,2023
Darunavir/Cobicistat,Prezcobix,88388,231965216.31000006,16043.0,93493.4,2763648,2023
Teriparatide,Forteo,88073,348905953.93999994,20714.0,91427.19999999998,2610165,2023
Fluocinolone Acetonide Oil,Fluocinolone Acetonide Oil,87615,6959296.069999999,59534.0,113206.90000000001,2849183,2023
Nateglinide,Nateglinide,87017,7385663.930000002,24429.0,165836.80000000002,4888168,2023
Oseltamivir Phosphate,Oseltamivir Phosphate,86816,4084309.990000001,77102.0,86837.59999999999,577427,2023
Dorzolamide/Timolol/Pf,Cosopt Pf,86370,15802931.5,24260.0,133787.1,3965078,2023
Ramelteon,Ramelteon,85904,10986921.979999997,24525.0,97355.5,2683061,2023
Entacapone,Entacapone,85115,18635307.01,22801.0,134685.99999999997,3781906,2023
Zaleplon,Zaleplon,84446,2409957.5800000005,26535.0,94006.19999999998,2697562,2023
Emtricitab/Rilpiviri/Tenof Ala,Odefsey,84438,323975236.5599999,15317.0,89839.6,2687958,2023
Plecanatide,Trulance,84123,62508021.260000005,24420.0,111120.19999999998,3305805,2023
Benazepril/Hydrochlorothiazide,Benazepril-Hydrochlorothiazide,84070,3963062.32,25586.0,193052.5000000001,5720395,2023
Abatacept,Orencia,83520,493403084.77000004,18147.0,88225.39999999998,2477800,2023
Ertapenem Sodium,Ertapenem,82696,43372422.42999999,27483.0,82703.2,461035,2023
Lumateperone Tosylate,Caplyta,82439,132753417.14999999,19164.0,84301.2,2382086,2023
Nadolol,Nadolol,81330,5102917.910000001,25728.0,151759.09999999995,4447760,2023
Epoetin Alfa,Epogen,81030,125164344.99000002,20927.0,85230.99999999997,1869026,2023
Ezetimibe/Simvastatin,Ezetimibe-Simvastatin,80269,11094354.310000002,25699.0,181275.40000000002,5386755,2023
Valganciclovir Hcl,Valganciclovir Hcl,80186,31464893.25000001,32605.0,99389.39999999997,2926231,2023
Darunavir/Cob/Emtri/Tenof Alaf,Symtuza,80106,397354074.9800001,14229.0,82367.0,2465320,2023
Benzonatate,Benzonatate,78998,844203.7500000001,59329.0,79170.5,787563,2023
Estazolam,Estazolam,76543,4225811.629999999,13489.0,77250.0,2300128,2023
Entecavir,Entecavir,76457,21857755.779999997,19500.0,126201.4,3760541,2023
Ferric Citrate,Auryxia,76184,142276532.06000003,18542.0,94723.79999999997,2742974,2023
Clomipramine Hcl,Clomipramine Hcl,76062,16218006.609999996,19401.0,84864.80000000003,2358731,2023
Ciprofloxacin Hcl/Dexameth,Ciprofloxacin-Dexamethasone,75545,11931670.980000002,50255.0,76558.9,1055572,2023
Macitentan,Opsumit,75471,964664973.7199999,11251.0,76029.0,2272756,2023
Clorazepate Dipotassium,Clorazepate Dipotassium,75404,8070025.320000001,22007.0,79199.69999999997,2229512,2023
Leucovorin Calcium,Leucovorin Calcium,75040,3675942.980000001,21288.0,155272.8,4519491,2023
Empagliflozin/Linagliptin,Glyxambi,74960,72134728.51,19431.0,118106.90000000001,3498411,2023
Atogepant,Qulipta,74129,91532247.46000001,18492.0,83545.7,2477517,2023
Econazole Nitrate,Econazole Nitrate,73336,3950315.210000001,37457.0,79860.50000000001,2100974,2023
Cenobamate,Xcopri,73227,100267876.80000001,12212.0,78772.09999999998,2283743,2023
Ustekinumab,Stelara,73053,1951381600.9000006,16253.0,111332.89999999998,3270427,2023
Linagliptin/Metformin Hcl,Jentadueto,72949,53246892.77999999,18316.0,103386.6,3058433,2023
Calcipotriene,Calcipotriene,71769,17571102.859999996,36130.0,76879.1,2155727,2023
Acalabrutinib Maleate,Calquence,71706,1022652477.7599998,15696.0,72100.29999999999,2157348,2023
Phenytoin,Phenytoin,71619,2784834.68,19049.0,76908.29999999999,1867758,2023
Glucagon,Gvoke Hypopen 2-Pack,71611,37381060.86,41006.0,75932.0,1073673,2023
Eslicarbazepine Acetate,Aptiom,68999,109424474.51,13351.0,74343.09999999998,1892501,2023
Tapentadol Hcl,Nucynta,68898,78165375.11999999,18326.0,69013.0,1921343,2023
Dimethyl Fumarate,Dimethyl Fumarate,66699,243401987.76000002,15715.0,70780.3,2097976,2023
Desonide,Desonide,66254,4965778.670000001,42170.0,69102.9,1644153,2023
Omeprazole/Sodium Bicarbonate,Omeprazole-Sodium Bicarbonate,65983,145120170.68999997,13371.0,82032.69999999997,2425279,2023
Omalizumab,Xolair,65825,211060365.87999994,13240.0,67032.90000000001,1853086,2023
Niacin,Niacin Er,65083,6371385.62,20077.0,113455.90000000002,3320548,2023
Aripiprazole Lauroxil,Aristada,64941,194271828.0,14777.0,74877.7,2149680,2023
"Calcitonin,salmon,synthetic",Calcitonin-Salmon,64919,5140308.36,21411.0,82899.3,2466861,2023
Fremanezumab-Vfrm,Ajovy Autoinjector,64585,53814932.58999999,16232.0,76955.50000000001,2273956,2023
Venetoclax,Venclexta,64325,589686391.2300001,16454.0,64891.09999999999,1799925,2023
Immune Globul G/Gly/Iga Avg 46,Gamunex-C,64163,607631337.87,11051.0,65163.600000000006,1653655,2023
Armodafinil,Armodafinil,63259,7041856.040000001,17836.0,75274.10000000002,2220781,2023
Nystatin/Triamcinolone Acet,Nystatin-Triamcinolone,62894,2614803.6199999996,29389.0,65302.19999999998,1288629,2023
Glyburide,Glyburide,62682,1195196.5399999998,19271.0,116863.80000000002,3428442,2023
Fosinopril Sodium,Fosinopril Sodium,62200,1501136.9799999993,19248.0,134330.7,3976424,2023
Olmesartan/Amlodipin/Hcthiazid,Olmesartan-Amlodipine-Hctz,61128,12148030.09,17456.0,126223.09999999998,3772334,2023
Onabotulinumtoxina,Botox,60609,87571338.19,22563.0,170057.7,5087862,2023
Pomalidomide,Pomalyst,60269,1302808336.1499999,14675.0,60282.600000000006,1669188,2023
Balsalazide Disodium,Balsalazide Disodium,59669,12042594.179999998,16520.0,100900.59999999998,2959125,2023
Tocilizumab,Actemra,59097,234047507.10000002,13994.0,62081.40000000001,1727104,2023
Fenofibric Acid (Choline),Fenofibric Acid,58966,3927853.4599999995,17569.0,114292.7,3392461,2023
Ambrisentan,Ambrisentan,58345,289418020.98999995,10148.0,59783.2,1790027,2023
Raltegravir Potassium,Isentress,58111,121718453.47000003,12634.0,61190.1,1810754,2023
Empaglifloz/Linaglip/Metformin,Trijardy Xr,57980,50325760.93999999,14184.0,85617.09999999996,2555600,2023
Apalutamide,Erleada,57408,848132002.6500001,12170.0,58560.50000000001,1752333,2023
Desloratadine,Desloratadine,56981,2614858.2399999993,19968.0,90354.59999999999,2636160,2023
Insulin Aspart (Niacinamide),Fiasp Flextouch,56799,62329388.37000003,18269.0,97913.90000000001,2801756,2023
Osimertinib Mesylate,Tagrisso,56755,981426965.0999998,12431.0,57307.90000000001,1714416,2023
Glycopyrrolate/Formoterol Fum,Bevespi Aerosphere,55228,29061556.739999995,16255.0,65801.9,1971204,2023
Indomethacin,Indomethacin,54912,798895.02,21167.0,64348.5,1494046,2023
Fluphenazine Decanoate,Fluphenazine Decanoate,53491,6170833.700000001,12164.0,57978.400000000016,1491564,2023
Esketamine Hcl,Spravato,53245,74832798.02000001,5295.0,53265.40000000001,356672,2023
Dexamethasone Sodium Phosphate,Dexamethasone Sodium Phosphate,53200,2009715.4400000009,28936.0,61053.50000000001,1242884,2023
Clarithromycin,Clarithromycin,53194,1661511.8699999992,42020.0,54437.8,726846,2023
Chlordiazepoxide Hcl,Chlordiazepoxide Hcl,52945,559550.44,14284.0,54201.299999999996,1550462,2023
Abaloparatide,Tymlos,52880,148194979.57999998,11632.0,56203.700000000004,1683767,2023
Cefepime Hcl,Cefepime Hcl,52699,12131282.030000001,14899.0,52720.0,313327,2023
Candesartan/Hydrochlorothiazid,Candesartan-Hydrochlorothiazid,52599,9029497.129999997,14161.0,109546.29999999999,3275346,2023
Rifampin,Rifampin,52551,3899137.780000001,15432.0,66392.49999999999,1883815,2023
Fluocinolone Acetonide,Fluocinolone Acetonide,52297,3862729.66,27859.0,55737.599999999984,1499043,2023
Peg3350/Sod Sul/Nacl/Kcl/Asb/C,Plenvu,52178,7065956.849999999,51109.0,52217.9,106953,2023
Rotigotine,Neupro,52161,58126128.95,13453.0,69585.90000000001,2041753,2023
Immun Glob G(Igg)/Gly/Iga Ov50,Gammagard Liquid,51569,496082371.9500001,9462.0,52023.99999999999,1331246,2023
Darunavir,Prezista,51497,109155346.73000002,11429.0,53574.5,1560687,2023
Bepotastine Besilate,Bepotastine Besilate,50875,13169598.949999997,17061.0,64917.50000000001,1818522,2023
Beclomethasone Dipropionate,Qvar Redihaler,50518,16811413.85,16215.0,69679.70000000001,2079100,2023
Prucalopride Succinate,Motegrity,50464,35581969.34,13483.0,67036.80000000002,1975126,2023
Valproic Acid,Valproic Acid,50196,2241779.6399999997,14613.0,54491.69999999998,1364623,2023
Tenofovir Disoproxil Fumarate,Tenofovir Disoproxil Fumarate,49374,13056200.209999997,12484.0,79512.50000000003,2373931,2023
Meropenem,Meropenem,49296,11130603.15,13638.0,49299.30000000001,256641,2023
Permethrin,Permethrin,49156,3125356.09,28681.0,49729.30000000001,510881,2023
Azilsartan Medoxomil,Edarbi,48293,18117930.200000007,11682.0,75413.90000000001,2256544,2023
"Syring-Needl,disp,insul,0.3 Ml",Insulin Syringe,48054,1546763.6199999999,15021.0,71406.59999999999,2104578,2023
Tafluprost/Pf,Zioptan,47802,12722173.54,13650.0,72019.7,2127632,2023
Immun Glob G(Igg)/Pro/Iga 0-50,Hizentra,47561,473184849.5899999,9400.0,48026.999999999985,1248843,2023
Asenapine Maleate,Saphris,47353,19279044.57,12866.0,52584.70000000002,1506973,2023
Cimetidine,Cimetidine,47334,2527723.660000001,14318.0,62602.50000000001,1730894,2023
Ritonavir,Ritonavir,47273,7614941.600000002,10274.0,55699.899999999994,1648096,2023
Cevimeline Hcl,Cevimeline Hcl,46922,9928622.160000002,13804.0,76820.5,2231664,2023
Mepolizumab,Nucala,46010,197785767.23999998,11227.0,47051.0,1325456,2023
Cefazolin Sodium,Cefazolin Sodium,45777,2907837.940000001,11539.0,45778.5,294902,2023
Cromolyn Sodium,Cromolyn Sodium,45752,4689954.150000002,18181.0,61301.59999999998,1697574,2023
Ixekizumab,Taltz Autoinjector,45362,338655442.77000004,12688.0,46653.10000000001,1310848,2023
Loxapine Succinate,Loxapine,45341,2651719.4499999997,10752.0,49273.299999999996,1344673,2023
Naproxen Sodium,Naproxen Sodium,45316,5716206.970000002,19365.0,46977.29999999999,1122773,2023
Tafamidis,Vyndamax,45104,1126868426.7999997,8510.0,51153.799999999996,1534083,2023
Perampanel,Fycompa,44964,55773977.76,9351.0,48630.20000000001,1360611,2023
Ethambutol Hcl,Ethambutol Hcl,44810,2567926.44,11030.0,59527.600000000006,1722685,2023
Naratriptan Hcl,Naratriptan Hcl,43949,1786243.0,12769.0,48020.899999999994,1220827,2023
Azelastine/Fluticasone,Azelastine-Fluticasone,43509,7416326.000000002,15808.0,55888.79999999999,1647918,2023
Teriflunomide,Aubagio,43372,323349247.14000005,9963.0,47759.09999999999,1428159,2023
Sodium Polystyrene Sulfon/Sorb,Sps,43353,5745693.229999998,18955.0,45260.90000000003,441313,2023
Zanubrutinib,Brukinsa,43157,576158574.3299999,9842.0,43330.100000000006,1295540,2023
Pirfenidone,Pirfenidone,42306,178913081.36999997,10381.0,42976.99999999999,1278864,2023
Cabergoline,Cabergoline,41760,4403593.539999999,11577.0,75712.99999999997,2192324,2023
Riociguat,Adempas,41583,558755014.1700002,6478.0,41736.0,1229428,2023
Cholestyramine/Aspartame,Cholestyramine Light,39973,3999165.7300000004,14822.0,50546.299999999996,1390832,2023
Besifloxacin Hcl,Besivance,39878,9141204.509999998,26699.0,42389.19999999999,1039416,2023
Emtricitabine/Tenofovir (Tdf),Emtricitabine-Tenofovir Disop,39339,15169796.159999996,11816.0,46366.299999999996,1382935,2023
Olanzapine/Samidorphan Malate,Lybalvi,39146,61041891.81000001,8859.0,39884.9,1145719,2023
Dronabinol,Dronabinol,38939,7254172.499999996,12214.0,39527.0,951542,2023
Amiloride Hcl,Amiloride Hcl,38854,654511.33,11783.0,66669.70000000001,1922508,2023
"Insulin Pump Cart,cont Inf,bt",Omnipod Dash Pods (Gen 4),38580,49578867.99999999,10086.0,65435.00000000002,1921464,2023
Alogliptin Benzoate,Alogliptin,38580,7254828.720000002,9096.0,47307.5,1217466,2023
Methotrexate Sodium/Pf,Methotrexate Sodium,38568,551135.59,13117.0,57123.10000000001,1576317,2023
Triazolam,Triazolam,38546,2365821.540000001,15859.0,40037.200000000004,941251,2023
Dextroamphetamine Sulfate,Dextroamphetamine Sulfate Er,38486,5697027.26,12662.0,39970.50000000001,1149208,2023
Mexiletine Hcl,Mexiletine Hcl,38371,5760512.67,11453.0,66246.69999999998,1934787,2023
Nepafenac,Ilevro,38289,15566942.949999997,22717.0,50300.200000000004,1404913,2023
Terconazole,Terconazole,37312,1185888.21,22527.0,37893.899999999994,302696,2023
Bempedoic Acid/Ezetimibe,Nexlizet,37199,24878468.400000002,9857.0,60098.5,1799030,2023
Hepatitis A Virus Vaccine/Pf,Havrix,37047,3689584.45,33735.0,37087.0,59126,2023
Dapsone,Dapsone,36756,3018429.91,11177.0,50272.999999999985,1460150,2023
Misoprostol,Misoprostol,36582,1660374.6500000004,16149.0,43469.30000000001,928639,2023
Azilsartan Med/Chlorthalidone,Edarbyclor,36134,12668573.98,8595.0,54314.79999999999,1626831,2023
Riluzole,Riluzole,36013,9331396.120000003,8763.0,51008.2,1470621,2023
Efinaconazole,Jublia,35345,44337701.680000015,10617.0,38829.70000000001,1144286,2023
Cannabidiol (Cbd),Epidiolex,35256,169144085.03999996,6461.0,36929.70000000002,1055169,2023
Methylnaltrexone Bromide,Relistor,35167,85479687.92,11077.0,36136.9,1036485,2023
Atovaquone,Atovaquone,35123,27606754.95,9751.0,38080.100000000006,1030509,2023
Abemaciclib,Verzenio,35027,523800711.13000005,8566.0,35148.40000000001,978122,2023
Aspirin/Dipyridamole,Aspirin-Dipyridamole Er,35021,7113316.309999999,11663.0,43888.599999999984,1242719,2023
Gatifloxacin,Gatifloxacin,34916,2036749.7299999995,22992.0,35290.899999999994,539035,2023
Ofatumumab,Kesimpta Pen,34877,341490082.16,6516.0,36826.90000000001,1068432,2023
Piperacillin Sodium/Tazobactam,Piperacillin-Tazobactam,34786,7157754.870000001,10776.0,34786.6,175361,2023
Darolutamide,Nubeqa,34064,446966468.1,7178.0,34387.9,1028565,2023
"Pnv,calcium 72/Iron/Folic Acid",Prenatal Vitamin Plus Low Iron,33994,381601.27999999997,9061.0,37678.70000000001,972343,2023
Milnacipran Hcl,Savella,33938,18884573.93,10652.0,40706.79999999999,1164177,2023
Neomycin Sulfate,Neomycin Sulfate,33536,262713.69,31289.0,33621.40000000001,77603,2023
Carbidopa/Levodopa/Entacapone,Carbidopa-Levodopa-Entacapone,33221,9215217.45,8449.0,51931.999999999985,1424876,2023
Haloperidol Lactate,Haloperidol Lactate,33211,921552.0000000002,13813.0,33670.99999999999,402779,2023
"Heparin Sodium,porcine",Heparin Sodium,32987,1846884.1599999997,7347.0,33150.49999999999,356669,2023
Dexmethylphenidate Hcl,Dexmethylphenidate Hcl Er,32852,3540825.37,10649.0,33764.99999999999,969120,2023
Chlorzoxazone,Chlorzoxazone,32687,9442905.369999997,10688.0,36413.600000000006,994167,2023
Iloperidone,Fanapt,32593,64949614.92999997,7613.0,33322.8,872200,2023
Famciclovir,Famciclovir,32571,1852254.8899999997,12817.0,39962.4,863908,2023
Diphenhydramine Hcl,Diphenhydramine Hcl,32356,1095281.4900000002,9265.0,32995.49999999999,485745,2023
Selegiline Hcl,Selegiline Hcl,32094,3941136.4100000006,9083.0,57590.999999999985,1671351,2023
Mycophenolate Sodium,Mycophenolic Acid,31967,10749249.700000001,8954.0,49819.200000000004,1480082,2023
Lanthanum Carbonate,Lanthanum Carbonate,31630,34355260.62,8495.0,38186.9,1115461,2023
Hydrocodone Bitartrate,Hysingla Er,31275,18627039.519999996,8702.0,31311.5,895570,2023
Doravirine,Pifeltro,31221,57079198.47999999,6102.0,32445.0,967018,2023
Belimumab,Benlysta,30590,145158069.44,6828.0,31122.299999999996,870395,2023
Selexipag,Uptravi,30189,687280974.55,4844.0,30608.999999999996,891689,2023
Fosfomycin Tromethamine,Fosfomycin Tromethamine,30115,6491189.790000002,11971.0,33273.90000000001,552059,2023
Levobunolol Hcl,Levobunolol Hcl,29951,840663.5700000002,8771.0,60912.900000000016,1777680,2023
"Estrogen,con/M-Progest Acet",Prempro,29439,9706619.570000002,10181.0,38831.89999999999,1116025,2023
Atovaquone/Proguanil Hcl,Atovaquone-Proguanil Hcl,29204,2660430.1500000004,27557.0,31713.399999999998,709274,2023
Alclometasone Dipropionate,Alclometasone Dipropionate,29090,1334046.03,19856.0,30329.8,744968,2023
Bempedoic Acid,Nexletol,28857,18256001.75,7980.0,44323.80000000001,1325723,2023
Acetic Acid,Acetic Acid,28758,550202.3700000001,11915.0,30479.999999999993,452608,2023
Oxymorphone Hcl,Oxymorphone Hcl Er,28612,21133048.390000004,7445.0,28638.7,808878,2023
Risankizumab-Rzaa,Skyrizi Pen,28296,585928863.63,8986.0,70274.2,2099972,2023
Aflibercept,Eylea,27629,71104321.53,6886.0,29295.2,830842,2023
Acebutolol Hcl,Acebutolol Hcl,27138,1686947.61,7958.0,54313.799999999996,1598529,2023
Alpha-1-Proteinase Inhibitor,Prolastin C,27054,304758822.81000006,7807.0,27069.100000000002,736467,2023
Methazolamide,Methazolamide,26999,7863998.940000001,7957.0,39279.0,1104147,2023
Cabozantinib S-Malate,Cabometyx,26573,671560156.1799998,6707.0,26667.399999999998,790759,2023
Certolizumab Pegol,Cimzia,26490,177939618.76000002,7143.0,28217.6,795358,2023
Fat Emulsion/Olive/Soy/Phospho,Clinolipid,26175,7384683.23,3260.0,26175.0,181637,2023
Zafirlukast,Zafirlukast,25956,2896316.6400000006,8122.0,36470.6,1072659,2023
Insulin Degludec/Liraglutide,Xultophy 100-3.6,25493,40145098.07,7208.0,39819.2,1166360,2023
Midazolam Hcl/Pf,Midazolam Hcl,25199,79586.70999999999,23056.0,25199.0,27333,2023
Amlodipine/Atorvastatin,Amlodipine-Atorvastatin,25047,5282133.129999999,7585.0,44905.799999999996,1313355,2023
Ivabradine Hcl,Corlanor,25043,18058306.689999998,7323.0,34182.700000000004,954856,2023
Interferon Beta-1a,Avonex,24951,215744398.29000002,7187.0,26029.399999999994,732157,2023
Enalapril/Hydrochlorothiazide,Enalapril-Hydrochlorothiazide,24869,675506.0799999997,7830.0,50338.09999999999,1492976,2023
Piroxicam,Piroxicam,24767,4843114.249999999,8567.0,29257.400000000005,850107,2023
Methotrexate/Pf,Rasuvo,24748,17315020.790000003,6339.0,30764.199999999997,877499,2023
Fingolimod Hcl,Fingolimod,24580,162466606.12000003,6412.0,25646.299999999996,755352,2023
Norgestimate-Ethinyl Estradiol,Tri-Sprintec,24543,427361.80000000005,9235.0,25503.999999999996,705923,2023
Sirolimus,Sirolimus,24419,14511575.370000001,6140.0,39867.2,1178551,2023
Dasatinib,Sprycel,24371,315004632.55,6821.0,24614.5,728356,2023
Epoetin Alfa-Epbx,Retacrit,24326,14232529.620000005,7147.0,25627.899999999998,544303,2023
Dantrolene Sodium,Dantrolene Sodium,24246,1910886.2800000003,6790.0,26521.7,656289,2023
Eltrombopag Olamine,Promacta,24242,323929537.4599998,6869.0,24799.999999999993,737939,2023
Ampicillin Trihydrate,Ampicillin Trihydrate,24175,353240.2400000001,15833.0,25633.700000000004,300643,2023
Fluocinolone/Shower Cap,Fluocinolone Acetonide,24152,1933469.8399999994,11488.0,25866.299999999992,721328,2023
Levomilnacipran Hcl,Fetzima,23975,13449621.2,6848.0,27307.7,773545,2023
Calcifediol,Rayaldee,23867,33518313.73,4827.0,25874.6,760523,2023
Tetanus-Diphtheria Toxoids/Pf,Tenivac,23723,1260399.3200000003,23659.0,23740.0,53174,2023
Azelaic Acid,Azelaic Acid,23697,3825435.2499999995,10568.0,27160.899999999998,789493,2023
Insulin Lispro-Aabc,Lyumjev,23613,24231550.72,7508.0,42086.70000000001,1218919,2023
Elexacaftor/Tezacaftor/Ivacaft,Trikafta,23578,644768118.1200002,3289.0,24183.499999999996,679155,2023
Trifluoperazine Hcl,Trifluoperazine Hcl,23115,1195823.47,6132.0,26031.1,746551,2023
Lamivudine,Lamivudine,22974,3347261.1400000006,6381.0,28125.099999999995,811671,2023
"Cyclosporine, Modified",Gengraf,22492,3840010.6199999996,6144.0,34277.899999999994,1003898,2023
Eletriptan Hydrobromide,Eletriptan Hbr,22334,3373029.4499999997,6884.0,23835.0,577044,2023
Levocarnitine,Levocarnitine,22158,2223263.7800000003,5978.0,25111.2,659437,2023
Desipramine Hcl,Desipramine Hcl,22033,1428795.0200000003,7066.0,28212.500000000004,811203,2023
Lemborexant,Dayvigo,21910,7671857.599999999,6152.0,23284.1,681422,2023
Acitretin,Acitretin,21843,9615458.41,6174.0,26542.999999999996,774446,2023
Carvedilol Phosphate,Carvedilol Er,21809,7861951.76,7084.0,35556.6,1026731,2023
Midazolam Hcl,Midazolam Hcl,21719,75516.76999999996,19607.0,21720.0,24392,2023
Pentosan Polysulfate Sodium,Elmiron,21607,22221561.03,6594.0,25508.5,708351,2023
Tavaborole,Tavaborole,21436,13899058.689999998,6839.0,25358.199999999997,752988,2023
Pimecrolimus,Pimecrolimus,20801,6949778.200000002,9571.0,22438.500000000004,616118,2023
Vericiguat,Verquvo,20729,19608547.919999998,5426.0,29426.400000000005,846122,2023
Captopril,Captopril,20486,1545472.4600000004,6046.0,28996.300000000007,809492,2023
Leuprolide Acetate,Lupron Depot,20339,88964874.62,6924.0,50044.500000000015,1490615,2023
Cetirizine Hcl,Zerviate,20183,7399692.149999999,6184.0,23875.800000000003,642081,2023
Droxidopa,Droxidopa,20154,51471429.260000005,5285.0,22316.199999999997,641784,2023
Rufinamide,Rufinamide,20141,41165112.169999994,5251.0,21511.90000000001,587702,2023
Immun Globg(Igg)/Malt/Iga Ov50,Octagam,20070,250587772.59999993,3721.0,20336.600000000002,523456,2023
Edaravone,Radicava Ors,20039,279059830.59999996,3308.0,20068.000000000004,559418,2023
Everolimus,Everolimus,20035,126356244.52000003,5690.0,20991.1,606967,2023
Romosozumab-Aqqg,Evenity (2 Syringes),19999,49709254.38,4704.0,20669.8,609545,2023
Sodium Chloride Irrig Solution,Sodium Chloride,19990,429387.0699999999,6074.0,20903.0,358178,2023
Olaparib,Lynparza,19958,276389616.21,5361.0,20186.700000000004,599706,2023
Golimumab,Simponi Aria,19841,137309706.89000005,5402.0,22236.500000000007,650619,2023
Benralizumab,Fasenra Pen,19666,115300833.66000001,5563.0,33461.700000000004,995236,2023
Orphenadrine Citrate,Orphenadrine Citrate Er,19539,904655.8400000001,9377.0,20521.8,430887,2023
Butalbit/Acetamin/Caff/Codeine,Butalb-Acetaminoph-Caff-Codein,19277,2701271.3000000003,6307.0,19331.399999999998,404563,2023
Fentanyl Citrate/Pf,Fentanyl Citrate,19049,70922.22000000002,16807.0,19049.0,19624,2023
Norethindrone Acetate,Norethindrone Acetate,19038,954691.2799999997,6189.0,28054.49999999999,798167,2023
Somatropin,Genotropin,19033,118994705.97999999,4937.0,20245.000000000004,547275,2023
Saxagliptin Hcl,Onglyza,18891,10208162.48,6215.0,22941.100000000006,622336,2023
Fluorometholone Acetate,Flarex,18884,2705833.1399999997,10198.0,21117.999999999996,495097,2023
Testosterone Enanthate,Xyosted,18808,13165188.889999999,4788.0,22763.4,651781,2023
Selenium Sulfide,Selenium Sulfide,18761,253874.48999999993,8543.0,20220.199999999997,554237,2023
Etravirine,Etravirine,18663,21779537.240000006,5010.0,19827.1,591432,2023
Flunisolide,Flunisolide,18371,1193483.16,7330.0,23393.8,663142,2023
Mercaptopurine,Mercaptopurine,18339,1990294.9300000004,5530.0,32990.399999999994,975882,2023
Efavirenz/Emtricit/Tenofovr Df,Efavirenz-Emtric-Tenofov Disop,18149,16939504.63,5125.0,19763.2,590724,2023
Salmeterol Xinafoate,Serevent Diskus,18002,9169099.800000003,6354.0,20750.6,622163,2023
Paricalcitol,Paricalcitol,17868,2578847.0100000002,4909.0,32789.50000000001,954396,2023
Estradiol/Norethindrone Acet,Estradiol-Norethindrone Acetat,17706,2126055.56,5841.0,28974.300000000003,846550,2023
Dextromethorphan Hbr/Bupropion,Auvelity,17557,18187200.54,4671.0,18921.300000000003,544269,2023
Bromocriptine Mesylate,Bromocriptine Mesylate,17408,4560782.970000002,5313.0,20846.7,551858,2023
Felbamate,Felbamate,17363,10363489.31,4452.0,20871.9,584207,2023
Cabotegravir/Rilpivirine,Cabenuva,17268,112209267.34,4141.0,27465.79999999999,818640,2023
Naltrexone Microspheres,Vivitrol,16791,28053357.560000002,5274.0,16798.4,471636,2023
Cefprozil,Cefprozil,16752,511552.88000000006,13753.0,16799.0,163558,2023
Gabapentin Enacarbil,Horizant,16741,15172919.779999997,4611.0,20199.700000000004,594529,2023
Oxazepam,Oxazepam,16714,1033260.0299999999,5914.0,17122.700000000004,477012,2023
Metaxalone,Metaxalone,16652,2490118.6899999995,5931.0,17820.1,476961,2023
Linezolid,Linezolid,16636,3968188.0400000005,10341.0,16843.0,217466,2023
Ivermectin,Ivermectin,16504,2844543.65,9227.0,17432.499999999996,297046,2023
Posaconazole,Posaconazole,16497,42084501.57,4684.0,16883.4,480939,2023
Typhoid Vi Polysacch Vaccine,Typhim Vi,16479,2208664.5500000003,16446.0,16491.0,25003,2023
Thioridazine Hcl,Thioridazine Hcl,16477,897550.9999999998,4608.0,17009.4,448838,2023
Dutasteride/Tamsulosin Hcl,Dutasteride-Tamsulosin,16444,3071631.4100000006,5257.0,30437.4,903187,2023
Norethindrone,Norethindrone,16437,332389.72,5923.0,20792.2,593914,2023
Sarilumab,Kevzara,16314,73098801.63000003,4060.0,16969.8,477403,2023
Butorphanol Tartrate,Butorphanol Tartrate,16294,1725964.74,4415.0,16379.499999999998,340845,2023
Sodium Polystyrene Sulfonate,Sodium Polystyrene Sulfonate,16253,1248709.04,6822.0,20989.9,494244,2023
Treprostinil,Tyvaso Dpi,16088,378930624.8499999,2884.0,16101.5,450892,2023
Lenvatinib Mesylate,Lenvima,16035,380035060.9100001,4682.0,16202.5,483156,2023
Immun Glob G(Igg)/Gly/Iga 0-50,Gammaplex,16034,217890703.22999996,3216.0,16262.099999999999,416313,2023
Ixazomib Citrate,Ninlaro,15993,207164865.05,4160.0,16050.299999999997,443832,2023
Midazolam,Nayzilam,15859,15744997.030000001,6295.0,16130.2,257259,2023
Ondansetron Hcl/Pf,Ondansetron Hcl,15707,201383.93999999997,4872.0,15762.400000000001,199456,2023
Darbepoetin Alfa In Polysorbat,Aranesp,15614,43726175.25000001,3910.0,16116.199999999997,357426,2023
Nilotinib Hcl,Tasigna,15363,243978342.54000002,4953.0,15524.200000000003,432928,2023
Tetrabenazine,Tetrabenazine,15358,37787923.44,4327.0,15932.200000000008,412272,2023
Lidocaine Hcl/Pf,Lidocaine Hcl,15355,179801.09999999995,9889.0,15373.400000000001,54023,2023
Zolmitriptan,Zolmitriptan,15270,3149193.85,5209.0,16030.3,381628,2023
Butalbital/Aspirin/Caffeine,Butalbital-Aspirin-Caffeine,15202,1033783.7599999998,5264.0,15319.7,292638,2023
Treprostinil Diolamine,Orenitram Er,15122,172922232.42000002,2036.0,15219.0,429949,2023
Guselkumab,Tremfya,15109,207640285.19000003,4405.0,27083.900000000005,808501,2023
Levalbuterol Hcl,Levalbuterol Hcl,15093,1283206.3399999996,3668.0,15114.0,137560,2023
Oxiconazole Nitrate,Oxiconazole Nitrate,15023,10956714.610000001,5223.0,17823.100000000002,524536,2023
Istradefylline,Nourianz,14964,38084909.38999999,3451.0,20387.600000000002,610402,2023
"Ringer's Solution,lactated",Lactated Ringers,14894,535062.4500000002,3349.0,14901.5,110093,2023
Sofosbuvir/Velpatasvir,Epclusa,14739,339000813.75999993,5128.0,14775.699999999997,413368,2023
Diflorasone Diacetate,Diflorasone Diacetate,14587,11892071.479999999,5027.0,16642.1,492209,2023
Sod Phenylbutyrat/Taurursodiol,Relyvrio,14558,182377642.69999996,2999.0,14728.999999999998,412735,2023
Parenteral Amino Acid 15% No.5,Clinisol,14452,2319163.9899999998,2175.0,14452.0,97920,2023
Eluxadoline,Viberzi,14362,21664748.459999997,4820.0,15325.999999999996,440244,2023
Darifenacin Hydrobromide,Darifenacin Er,14359,2543340.289999999,4774.0,22052.8,641492,2023
Acamprosate Calcium,Acamprosate Calcium,14313,2009262.8399999996,5143.0,15419.500000000002,410307,2023
Naproxen/Esomeprazole Mag,Naproxen-Esomeprazole Mag,14138,22272328.670000006,3423.0,17373.3,520045,2023
Axitinib,Inlyta,14055,256923267.40999997,3882.0,14086.7,415044,2023
Ribociclib Succinate,Kisqali,13751,207000968.81999996,3848.0,13775.9,379653,2023
Propylthiouracil,Propylthiouracil,13750,735199.7500000003,4194.0,19518.400000000005,542352,2023
Abacavir Sulfate/Lamivudine,Abacavir-Lamivudine,13595,6106719.760000001,3548.0,17007.7,502460,2023
Bacitracin/Polymyxin B Sulfate,Bacitracin-Polymyxin,13575,203933.28999999995,8908.0,13834.900000000001,175633,2023
Tranexamic Acid,Tranexamic Acid,13540,846942.06,9722.0,13828.4,115212,2023
Adalimumab-Atto,Amjevita(Cf),13445,29697457.78999999,3139.0,15846.299999999996,449610,2023
Norethindrone-E.Estradiol-Iron,Norethindrone-E.Estradiol-Iron,13434,383267.52,4970.0,14485.7,396258,2023
Interferon Beta-1a/Albumin,Rebif,13352,139420324.78999996,4117.0,13714.900000000001,375332,2023
Dihydroergotamine Mesylate,Dihydroergotamine Mesylate,12987,27705508.01,2526.0,13399.100000000002,392645,2023
Tezepelumab-Ekko,Tezspire,12878,55465725.20000001,3377.0,13026.999999999998,366516,2023
Anagrelide Hcl,Anagrelide Hcl,12833,3100139.5000000005,3785.0,19231.399999999994,560150,2023
Pioglitazone Hcl/Metformin Hcl,Pioglitazone-Metformin,12741,1626754.9400000004,3964.0,26857.999999999996,802174,2023
Desoximetasone,Desoximetasone,12603,2414401.0600000005,5621.0,14000.300000000005,380744,2023
Ertugliflozin Pidolate,Steglatro,12568,5072087.529999999,3879.0,16017.2,433265,2023
Probenecid,Probenecid,12540,877091.21,4301.0,17690.099999999995,499578,2023
Prednisolone,Prednisolone,12481,397700.96,9922.0,12526.6,102251,2023
Betaxolol Hcl,Betaxolol Hcl,12478,1605958.0599999998,3848.0,23513.400000000005,689779,2023
Sevelamer Hcl,Sevelamer Hcl,12279,9295460.289999997,3488.0,14655.100000000002,307074,2023
Flurbiprofen Sodium,Flurbiprofen Sodium,12245,579105.4200000002,7130.0,13413.800000000005,279445,2023
Thiothixene,Thiothixene,12188,1201468.8400000003,3511.0,13189.600000000006,357585,2023
Abacavir Sulfate,Abacavir,12137,2974796.2600000007,3378.0,14076.700000000003,402402,2023
Opicapone,Ongentys,12113,11059200.690000001,2866.0,16295.999999999998,471282,2023
Isoniazid,Isoniazid,12087,114654.70999999998,3795.0,14956.2,427738,2023
Glyburide/Metformin Hcl,Glyburide-Metformin Hcl,12063,248576.72999999995,3900.0,21791.799999999996,649349,2023
Diroximel Fumarate,Vumerity,11944,107657761.21000004,3013.0,12380.300000000003,370310,2023
Norethindrone Ac-Eth Estradiol,Norethindron-Ethinyl Estradiol,11932,376434.77999999997,4131.0,13553.0,330653,2023
"Syrge-Ndl,ins 0.3 Ml Half Mark",Veo Insulin Syringe,11806,295994.62,4488.0,27507.399999999998,820705,2023
Carteolol Hcl,Carteolol Hcl,11773,296095.65,3685.0,23562.600000000002,691056,2023
Sodium Chloride 0.45 %,Sodium Chloride,11680,350132.12,4409.0,11689.1,54656,2023
Rilpivirine Hcl,Edurant,11640,17513531.100000005,3229.0,12424.1,367190,2023
Trandolapril,Trandolapril,11281,312302.4699999999,3767.0,22254.799999999992,657515,2023
Levonorgestrel/Ethin.Estradiol,Vienva,11275,204370.80999999994,4195.0,12055.799999999997,327692,2023
Maraviroc,Maraviroc,11118,17181611.549999997,3035.0,11644.9,346968,2023
Filgrastim-Aafi,Nivestym,11042,9653174.060000004,3253.0,11077.799999999997,84700,2023
Voriconazole,Voriconazole,11037,6062580.3999999985,3479.0,12396.4,344373,2023
Mupirocin Calcium,Mupirocin,10622,2905467.2499999995,4876.0,11051.599999999999,243962,2023
Dextrose 5 %-0.45 % Sod Chlord,Dextrose 5%-0.45% Nacl,10621,281948.41000000003,5178.0,10624.2,36360,2023
Ampicillin Sodium,Ampicillin Sodium,10595,2065128.5999999999,2893.0,10595.0,31672,2023
Naftifine Hcl,Naftifine Hcl,10344,5439980.720000002,4178.0,11870.599999999997,342769,2023
Naldemedine Tosylate,Symproic,10342,4925985.9,3134.0,11098.0,320690,2023
Itraconazole,Itraconazole,10325,3935596.400000001,3327.0,12998.7,355938,2023
Carbidopa,Carbidopa,10283,4482162.159999999,2973.0,17326.699999999993,494915,2023
Sumatriptan,Sumatriptan,10278,2633822.7400000007,3506.0,10646.099999999999,269522,2023
Obeticholic Acid,Ocaliva,10133,98579934.50999999,3065.0,10962.4,328103,2023
Tiagabine Hcl,Tiagabine Hcl,10126,4100420.829999999,2989.0,10778.300000000005,284298,2023
Probenecid/Colchicine,Probenecid-Colchicine,10071,592740.44,3200.0,15171.9,430295,2023
Pindolol,Pindolol,10033,788102.3599999998,2789.0,14634.900000000001,417877,2023
Daridorexant Hcl,Quviviq,10030,5204655.720000001,3204.0,10349.7,301940,2023
"Meloxicam, Submicronized",Meloxicam,9974,9424058.200000001,2439.0,11622.1,343525,2023
Acetylcysteine,Acetylcysteine,9950,922453.9000000003,2407.0,9952.7,95583,2023
Mavacamten,Camzyos,9841,81525824.95,2048.0,9942.100000000002,294554,2023
Levocarnitine (With Sugar),Levocarnitine,9766,1107662.1800000002,2740.0,10056.5,231373,2023
Ampicillin Sod/Sulbactam Sod,Ampicillin-Sulbactam,9765,1253696.4900000002,2501.0,9765.0,29017,2023
Abatacept/Maltose,Orencia,9741,44347836.15,2034.0,9934.600000000002,276187,2023
Timolol Maleate/Pf,Timolol Maleate,9647,4492416.080000002,2954.0,15361.9,465056,2023
Filgrastim-Sndz,Zarxio,9396,20019781.609999992,3180.0,9432.6,152026,2023
Deferasirox,Deferasirox,9264,28739095.439999998,2622.0,9505.9,281265,2023
Flurbiprofen,Flurbiprofen,9120,326812.9600000001,4770.0,10498.6,228635,2023
Immun Glob G(Igg)-Ifas/Glycine,Panzyga,9088,130054295.48000003,1827.0,9236.800000000001,234442,2023
Diclofenac Sodium/Misoprostol,Diclofenac Sodium-Misoprostol,8959,1357437.9500000002,3402.0,10612.1,299576,2023
Solriamfetol Hcl,Sunosi,8913,8835235.030000003,2660.0,10036.5,296049,2023
Norethindrone-Ethin. Estradiol,Nortrel,8784,186017.81000000006,3126.0,9057.300000000003,239395,2023
Codeine/Butalbital/Asa/Caffein,Asa-Butalb-Caffeine-Codeine,8756,1090078.84,3170.0,8764.9,191961,2023
Tenapanor Hcl,Ibsrela,8748,18542181.810000002,2513.0,10409.8,311459,2023
Epinastine Hcl,Epinastine Hcl,8714,735400.8400000002,3326.0,11511.300000000001,309798,2023
Cyclopentolate Hcl,Cyclopentolate Hcl,8646,90938.49,7045.0,9975.699999999995,193729,2023
Sodium Fluoride/Potassium Nit,Prevident 5000 Sensitive,8623,123672.36000000002,3330.0,9855.499999999996,284175,2023
Ibuprofen/Famotidine,Ibuprofen-Famotidine,8548,11195693.629999997,2019.0,9440.5,282113,2023
Canagliflozin/Metformin Hcl,Invokamet Xr,8510,6537728.12,2908.0,11490.700000000003,339953,2023
Atazanavir Sulfate,Atazanavir Sulfate,8500,4512895.22,2521.0,10066.8,294780,2023
Pembrolizumab,Keytruda,8455,101263256.50999998,1590.0,8533.099999999999,183096,2023
Vancomycin/Water For Inj (Peg),Vancomycin Hcl,8361,622704.1499999999,2229.0,8397.7,26689,2023
Clobetasol Propionate/Emoll,Clobetasol Emollient,8340,1126019.2800000003,3480.0,8840.4,228249,2023
"Measles,mumps,rubella Vacc/Pf",M-M-R Ii Vaccine,8271,937690.8500000001,7194.0,8281.2,12898,2023
"Sub-Q Insulin Device, 40 Unit",V-Go 40,8236,5599595.840000002,2229.0,10699.2,320520,2023
Infliximab,Remicade,8176,59260726.39,2120.0,10618.099999999999,307068,2023
"Water For Irrigation,sterile",Water,8064,282696.45,2473.0,8178.299999999999,167669,2023
Nevirapine,Nevirapine,8035,1549955.72,2175.0,10531.199999999999,314308,2023
Dextrose 5 % In Water,Dextrose In Water,7735,188047.74000000005,2607.0,7740.900000000001,59021,2023
Isosorbide Dinit/Hydralazine,Isosorbide Dinit-Hydralazine,7713,2131596.86,2376.0,10494.600000000002,284647,2023
Famotidine/Pf,Famotidine,7558,56494.26000000002,1628.0,7616.900000000001,123106,2023
Aliskiren Hemifumarate,Aliskiren,7546,1971707.9299999997,2546.0,11174.499999999998,326168,2023
"Sodium,calcium,mag,pot Oxybate",Xywav,7546,118633801.58,2116.0,7556.0,218400,2023
Bosutinib,Bosulif,7529,112920351.35999998,2370.0,7576.5,226356,2023
Prednisolone Sodium Phosphate,Prednisolone Sodium Phosphate,7439,221856.65000000002,5086.0,8156.800000000001,118672,2023
Efavirenz,Efavirenz,7338,3488473.0499999993,2248.0,8586.2,256443,2023
Citric Ac/Gluconolact/Mag Carb,Renacidin,7231,1491784.06,1932.0,7534.9,143750,2023
Cenegermin-Bkbj,Oxervate,7205,265950488.02999994,1990.0,7206.6,100409,2023
"Sub-Q Insulin Device, 20 Unit",V-Go 20,7204,4810391.49,2010.0,9207.399999999998,275461,2023
Fostemsavir Tromethamine,Rukobia,7144,64392597.98,1818.0,7231.0,215342,2023
Ethosuximide,Ethosuximide,7095,792931.2500000002,2370.0,7785.399999999998,213791,2023
Pegfilgrastim,Neulasta,7083,55255989.72999999,1807.0,7090.099999999999,155347,2023
Flumazenil,Flumazenil,6964,61779.95,6188.0,6964.0,7708,2023
Amikacin Sulfate,Amikacin Sulfate,6811,613994.85,1665.0,6887.3,60848,2023
Amikacin Liposomal/Neb.Accessr,Arikayce,6742,100420142.16000001,1909.0,6938.0,195045,2023
Interferon Beta-1b,Betaseron,6739,64553009.209999986,2201.0,6864.5999999999985,190289,2023
Amiloride/Hydrochlorothiazide,Amiloride-Hydrochlorothiazide,6604,175802.83999999997,2176.0,13154.900000000003,389756,2023
Nicotine,Nicotrol,6588,4373265.420000001,2634.0,6811.4,144215,2023
Magnesium Sulfate,Magnesium Sulfate,6539,127697.70000000003,1204.0,6541.7,51037,2023
Methylprednisolone Sod Succ,Methylprednisolone Sodium Succ,6523,217056.68999999994,2123.0,7291.8,135002,2023
Hydrocortisone Butyrate,Hydrocortisone Butyrate,6521,4056227.8199999994,2379.0,6875.299999999999,193912,2023
Alectinib Hcl,Alecensa,6437,108012315.30000003,2030.0,6575.0,196520,2023
Isavuconazonium Sulfate,Cresemba,6417,41249995.41,1797.0,6898.0,187398,2023
Tolvaptan,Jynarque,6400,77945662.17,2045.0,6649.400000000001,181238,2023
Bosentan,Bosentan,6331,38696126.20000001,1856.0,6333.0,189109,2023
Fluvastatin Sodium,Fluvastatin Er,6321,1220373.0799999998,2124.0,11143.100000000002,325355,2023
Erythromycin Base In Ethanol,Erythromycin,6178,246560.89000000004,2856.0,6503.7,180191,2023
Meperidine Hcl/Pf,Meperidine Hcl,6121,93521.43000000002,5348.0,6121.0,11987,2023
Metoprolol/Hydrochlorothiazide,Metoprolol-Hydrochlorothiazide,6062,331992.5099999999,2129.0,10075.200000000003,295838,2023
Hydrocortisone Valerate,Hydrocortisone Valerate,6006,545123.1199999999,3153.0,6326.000000000001,161643,2023
"Sub-Q Insulin Device, 30 Unit",V-Go 30,5966,3902662.960000001,1680.0,7466.399999999999,223422,2023
Hydrocodone/Ibuprofen,Hydrocodone-Ibuprofen,5876,759321.7800000001,2209.0,5884.3,140139,2023
Voxelotor,Oxbryta,5851,67394040.72000003,1390.0,5971.9,179050,2023
Zileuton,Zileuton Er,5843,13307282.689999994,1397.0,6354.599999999999,189288,2023
Desmopressin (Nonrefrigerated),Desmopressin Acetate,5751,1162256.3199999998,2050.0,6765.9,169147,2023
Formoterol Fumarate,Formoterol Fumarate,5639,2565873.550000001,1620.0,5646.5,102758,2023
Disulfiram,Disulfiram,5618,435083.30000000005,1889.0,5996.900000000001,162299,2023
Norgestrel-Ethinyl Estradiol,Cryselle,5574,114334.36999999997,1960.0,5777.9000000000015,155705,2023
Lasmiditan Succinate,Reyvow,5568,4903513.92,1574.0,5770.400000000001,130308,2023
Saxagliptin Hcl/Metformin Hcl,Kombiglyze Xr,5560,3087286.6999999997,1933.0,6537.999999999999,188965,2023
Fondaparinux Sodium,Fondaparinux Sodium,5519,8027021.129999998,1795.0,5700.1,139937,2023
Octreotide Acetate,Octreotide Acetate,5514,5504882.539999999,1566.0,5611.6,105174,2023
Dabrafenib Mesylate,Tafinlar,5450,68680946.68,1743.0,5474.2,163481,2023
Methylprednisolone Acetate,Methylprednisolone Acetate,5445,107323.09999999998,3616.0,5643.8,35502,2023
Arformoterol Tartrate,Arformoterol Tartrate,5424,1779045.3900000008,1503.0,5426.1,97537,2023
Trametinib Dimethyl Sulfoxide,Mekinist,5418,75835093.55000001,1779.0,5445.900000000001,163117,2023
Alosetron Hcl,Alosetron Hcl,5405,6339040.989999999,1677.0,5948.7,172972,2023
Aprepitant,Aprepitant,5400,4450556.99,2139.0,5531.1,78185,2023
Trifluridine/Tipiracil Hcl,Lonsurf,5343,60942294.11000001,1600.0,5347.0,143068,2023
Pitolisant Hcl,Wakix,5312,64207631.27,1459.0,5416.0,156137,2023
Demeclocycline Hcl,Demeclocycline Hcl,5284,2567636.6200000006,1620.0,5689.900000000001,144531,2023
Chlordiazepoxide/Clidinium Br,Chlordiazepoxide-Clidinium,5214,2324758.88,1739.0,5726.6,157032,2023
Levodopa,Inbrija,5157,15837409.119999995,1447.0,5415.700000000001,112202,2023
Mifepristone,Korlym,5144,173058781.14000002,1275.0,5145.0,153900,2023
Hyoscyamine Sulfate,Hyoscyamine Sulfate,5141,190023.06999999995,1889.0,5560.299999999999,112597,2023
Sodium Bicarbonate,Sodium Bicarbonate,5016,378888.1799999999,1167.0,5017.6,77005,2023
Niraparib Tosylate,Zejula,5005,77460843.48999996,1440.0,5029.400000000001,150054,2023
Siponimod,Mayzent,4992,53058868.96999999,1292.0,5550.3,162784,2023
Promethazine/Dextromethorphan,Promethazine-Dm,4989,67653.66000000002,3327.0,5002.400000000001,55565,2023
"Poliomyelitis Vaccine, Killed",Ipol,4925,274823.45,4600.0,4927.0,9812,2023
Ceftazidime,Ceftazidime,4924,591938.1099999999,1242.0,4946.299999999998,34060,2023
Sodium Oxybate,Xyrem,4897,81864759.47,1585.0,4897.9,141238,2023
Fulvestrant,Fulvestrant,4886,5507100.279999999,1051.0,4923.3,137952,2023
"Octreotide Acetate,mi-Spheres",Sandostatin Lar Depot,4813,28356820.089999992,1603.0,4860.5,135557,2023
Sulfacetamide Sodium,Sulfacetamide Sodium,4804,459160.44000000006,2430.0,5696.200000000001,160091,2023
Butalbital/Acetaminophen,Butalbital-Acetaminophen,4781,1379908.3099999998,1472.0,5082.599999999999,107593,2023
Faricimab-Svoa,Vabysmo,4772,13438137.38,1098.0,5020.0999999999985,141976,2023
Ethinyl Estradiol/Drospirenone,Drospirenone-Ethinyl Estradiol,4707,156538.14999999997,1815.0,5013.600000000001,136946,2023
Codeine Sulfate,Codeine Sulfate,4668,446844.9100000001,1564.0,4672.6,120986,2023
Tranylcypromine Sulfate,Tranylcypromine Sulfate,4655,1402153.8700000003,1555.0,5272.5,146298,2023
Letermovir,Prevymis,4655,34962888.60000001,1239.0,4777.800000000001,133669,2023
Vedolizumab,Entyvio,4649,39527121.309999995,1376.0,6585.0999999999985,189361,2023
Oxaprozin,Oxaprozin,4647,330051.48000000004,1723.0,5769.1,166560,2023
Micafungin Sodium,Micafungin,4595,3672335.17,1215.0,4595.0,25149,2023
Belumosudil Mesylate,Rezurock,4592,107144573.60999998,1091.0,4664.0,139411,2023
Atazanavir Sulfate/Cobicistat,Evotaz,4580,7934284.669999997,1328.0,4693.0,139465,2023
Imipenem/Cilastatin Sodium,Imipenem-Cilastatin Sodium,4536,1884524.8399999996,1150.0,4536.0,21697,2023
Pimozide,Pimozide,4523,499718.1699999999,1517.0,4899.899999999998,134625,2023
Rifabutin,Rifabutin,4369,2226674.02,1717.0,4937.2,129686,2023
Risdiplam,Evrysdi,4290,116531634.74000002,845.0,4375.4,108042,2023
Ospemifene,Osphena,4288,1626458.93,1447.0,6518.9000000000015,192211,2023
Teduglutide,Gattex,4282,213126891.58999997,1182.0,4433.4,132884,2023
Timolol,Betimol,4259,1041910.1700000002,1425.0,6721.5,190612,2023
Triptorelin Pamoate,Trelstar,4201,10094859.4,1557.0,10684.000000000002,318662,2023
Crotamiton,Crotan,4174,12099341.469999997,1949.0,4269.0,120585,2023
"Mening Vac A,c,y,w135,c-Tet/Pf",Menquadfi,4172,757620.3699999999,3963.0,4178.1,5608,2023
Desogestrel-Ethinyl Estradiol,Isibloom,4150,70572.30999999998,1555.0,4395.8,118849,2023
Peginterferon Alfa-2a,Pegasys,4138,15868595.280000003,1079.0,4253.699999999999,115248,2023
Eculizumab,Soliris,4126,175341836.48999998,1085.0,4133.2,90230,2023
Ganciclovir,Zirgan,4097,2133459.78,1423.0,4490.200000000001,90641,2023
Lamivudine/Zidovudine,Lamivudine-Zidovudine,4086,1132696.7599999995,1330.0,4674.5,138253,2023
Ergotamine Tartrate/Caffeine,Ergotamine-Caffeine,4054,3161523.1900000004,1547.0,4142.1,105109,2023
Bexarotene,Bexarotene,4008,36564446.36000001,908.0,4133.5,122738,2023
Dipyridamole,Dipyridamole,3979,343004.6500000001,1398.0,4755.0,130032,2023
Dicloxacillin Sodium,Dicloxacillin Sodium,3968,240312.30000000005,2194.0,4292.099999999999,75627,2023
"Insulin Pump Cart,auto,bt/Cntr",Omnipod 5 G6 Intro Kit (Gen 5),3967,2438565.2399999998,3665.0,5353.700000000001,159467,2023
Tralokinumab-Ldrm,Adbry,3958,14976635.919999998,1257.0,4012.7000000000003,108749,2023
Perindopril Erbumine,Perindopril Erbumine,3942,216070.24000000002,1203.0,8288.2,243783,2023
Tobramycin Sulfate,Tobramycin Sulfate,3936,356843.02999999997,1164.0,4008.1,49308,2023
"Tetanus, Diphtheria Tox,adult",Tdvax,3922,186457.09000000003,3895.0,3924.0,21148,2023
Lanreotide Acetate,Somatuline Depot,3920,37734837.74,1115.0,3985.5000000000005,111598,2023
Emtricita/Rilpivirine/Tenof Df,Complera,3892,14558423.670000006,1310.0,3985.0,119296,2023
Moexipril Hcl,Moexipril Hcl,3882,182209.23999999993,1410.0,5832.199999999998,170703,2023
Baricitinib,Olumiant,3864,12195370.140000002,1210.0,4133.2,123251,2023
Phenelzine Sulfate,Phenelzine Sulfate,3861,279868.02999999997,1365.0,4325.5,114404,2023
Tetracycline Hcl,Tetracycline Hcl,3858,603692.57,2807.0,3992.2000000000007,66234,2023
Zoledronic Acid/Mannitol-Water,Zoledronic Acid,3851,785438.3000000002,3795.0,32403.999999999996,967302,2023
Disopyramide Phosphate,Disopyramide Phosphate,3820,1063246.18,1190.0,5809.3,166928,2023
Decitabine/Cedazuridine,Inqovi,3769,31198549.680000003,1136.0,3815.3,105385,2023
Yellow Fever Vaccine Live/Pf,Yf-Vax,3768,794945.5000000001,3757.0,3770.0,5959,2023
Estradiol Valerate,Estradiol Valerate,3718,540824.4500000001,1185.0,6040.300000000002,175639,2023
Phenazopyridine Hcl,Phenazopyridine Hcl,3701,37430.5,2330.0,3734.0,24202,2023
Elviteg/Cob/Emtri/Tenofo Disop,Stribild,3700,16006842.269999996,1225.0,3768.9,112601,2023
Palonosetron Hcl,Palonosetron Hcl,3699,434046.54999999993,951.0,3709.3999999999996,84985,2023
Doravirine/Lamivu/Tenofov Diso,Delstrigo,3682,10003040.039999997,1009.0,3749.0,112086,2023
Safinamide Mesylate,Xadago,3673,6444295.239999999,890.0,5261.099999999999,154462,2023
Emtricitabine,Emtricitabine,3627,1356780.5599999998,1206.0,3994.5000000000005,117167,2023
Corticotropin,Acthar,3626,242261667.88999993,1079.0,3848.6,93561,2023
Fosnetupitant/Palonosetron,Akynzeo,3609,4248705.430000001,905.0,3617.4000000000005,85655,2023
Ozanimod Hydrochloride,Zeposia,3577,33385080.490000006,977.0,3837.7999999999997,113812,2023
Natalizumab,Tysabri,3510,30756240.18,919.0,3589.5,100540,2023
Daratumumab-Hyaluronidase-Fihj,Darzalex Faspro,3490,51107626.13000002,745.0,3497.1000000000004,88151,2023
Fluocinonide/Emollient Base,Fluocinonide-E,3474,329812.47000000003,1687.0,3599.6,99423,2023
Tapinarof,Vtama,3473,5806580.43,1225.0,3672.4,108096,2023
Telmisartan/Amlodipine,Telmisartan-Amlodipine,3392,590113.6899999998,1137.0,6680.7,197620,2023
Tobramycin/Lotepred Etab,Zylet,3311,1496629.1899999997,2062.0,3691.7999999999993,87554,2023
Diflunisal,Diflunisal,3300,252189.75000000003,1396.0,4510.599999999999,118866,2023
Erythromycin Ethylsuccinate,Erythromycin Ethylsuccinate,3295,1997736.4300000004,828.0,3382.1000000000004,55042,2023
Hpv Vaccine 9-Valent/Pf,Gardasil 9,3255,1010353.2800000001,2353.0,3259.0,3578,2023
Tafamidis Meglumine,Vyndaqel,3244,72272868.59,931.0,3383.0,101490,2023
Granisetron Hcl,Granisetron Hcl,3226,423829.5299999999,1458.0,3281.1,67506,2023
Clindamycin Phos/Benzoyl Perox,Clindamycin Phos-Benzoyl Perox,3209,380933.68,1352.0,3378.4999999999995,93476,2023
Olanzapine Pamoate,Zyprexa Relprevv,3149,3409491.9000000013,605.0,3152.7000000000003,65601,2023
Pazopanib Hcl,Votrient,3093,39385256.120000005,1026.0,3103.1,91536,2023
Zoledronic Acid,Zoledronic Acid,3086,649161.04,764.0,4357.5999999999985,125755,2023
Lopinavir/Ritonavir,Lopinavir-Ritonavir,3079,2516385.1,1034.0,3298.3,96877,2023
Meropenem-0.9% Sodium Chloride,Meropenem-0.9% Nacl,3052,877560.56,996.0,3052.0,11082,2023
Erlotinib Hcl,Erlotinib Hcl,3047,5019650.620000001,1030.0,3071.3,91709,2023
Lanadelumab-Flyo,Takhzyro,3012,137333653.39999998,845.0,3042.7,84642,2023
Nivolumab,Opdivo,3007,38325436.06000001,639.0,3016.0,74595,2023
Ponatinib Hcl,Iclusig,2973,62276740.10999999,950.0,2989.0,89072,2023
Sunitinib Malate,Sunitinib Malate,2969,21682193.459999993,941.0,3005.1999999999994,77981,2023
Ethacrynic Acid,Ethacrynic Acid,2956,1347076.4600000004,1025.0,3358.5999999999995,86653,2023
Levorphanol Tartrate,Levorphanol Tartrate,2955,11275012.24,768.0,2966.1,80803,2023
Prasterone (Dhea),Intrarosa,2953,967807.27,1020.0,3665.8,104867,2023
Methenamine Mandelate,Methenamine Mandelate,2942,183713.80000000005,897.0,3667.8000000000006,86982,2023
Opium Tincture,Opium Tincture,2925,1334804.5799999998,1059.0,3026.9000000000005,85289,2023
Sacrosidase,Sucraid,2914,36069243.470000006,857.0,2974.7,85998,2023
Clemastine Fumarate,Clemastine Fumarate,2850,14111390.869999995,959.0,3147.7,79497,2023
Vismodegib,Erivedge,2797,36145076.37000002,946.0,2825.0,80820,2023
Pegloticase,Krystexxa,2794,124164828.99999997,665.0,2795.8,62023,2023
Aclidinium Bromide,Tudorza Pressair,2793,1945376.11,1035.0,3301.1000000000004,96975,2023
Sotorasib,Lumakras,2769,50680929.769999996,955.0,2777.2,83001,2023
"Bolus Insulin Pump, 200 Unit",Cequr Simplicity,2768,1539262.83,888.0,3496.7999999999997,104245,2023
Avatrombopag Maleate,Doptelet,2758,38888331.28,922.0,2815.2000000000003,82008,2023
Exenatide,Byetta,2699,2453400.9899999998,1095.0,2882.2,86224,2023
Perfluorohexyloctane/Pf,Miebo,2685,2829938.31,1507.0,3237.9999999999995,87753,2023
Sumatriptan Succ/Naproxen Sod,Sumatriptan Succ-Naproxen Sod,2667,1702222.0599999996,567.0,2697.5,74438,2023
Hydrocortisone/Acetic Acid,Hydrocortisone-Acetic Acid,2648,317581.88000000006,1768.0,2917.4,54293,2023
Omadacycline Tosylate,Nuzyra,2638,26216850.220000003,1043.0,2677.2,50621,2023
Crisaborole,Eucrisa,2630,2297106.1700000004,925.0,2755.1,80432,2023
Nisoldipine,Nisoldipine,2623,739631.31,898.0,4008.2999999999993,118640,2023
Calcipotriene/Betamethasone,Enstilar,2604,3469888.9899999998,867.0,2797.8000000000006,81091,2023
Anakinra,Kineret,2604,15937102.69,880.0,2613.9,71852,2023
Dexamethasone Sodium Phosp/Pf,Dexamethasone Sodium Phosphate,2594,36356.4,1276.0,2643.6999999999994,37254,2023
Olodaterol Hcl,Striverdi Respimat,2530,751806.64,959.0,2854.9999999999995,85389,2023
Olanzapine/Fluoxetine Hcl,Olanzapine-Fluoxetine Hcl,2522,830421.5000000001,870.0,2821.8999999999996,82140,2023
Amifampridine Phosphate,Firdapse,2490,111214562.41000001,735.0,2518.5,75309,2023
Encorafenib,Braftovi,2478,35746687.54999999,725.0,2498.1000000000004,74223,2023
Frovatriptan Succinate,Frovatriptan Succinate,2467,953813.5999999999,823.0,2576.1,59991,2023
Peginterferon Beta-1a,Plegridy Pen,2466,20965675.51,805.0,2541.1,70928,2023
Edoxaban Tosylate,Savaysa,2450,992336.4700000003,890.0,2658.3999999999996,71391,2023
Amlodipine/Valsartan/Hcthiazid,Amlodipine-Valsartan-Hctz,2425,823990.8199999998,874.0,3860.6,114207,2023
Tesamorelin Acetate,Egrifta Sv,2413,18103438.449999996,656.0,2443.0,73249,2023
Dextrose 5 % And 0.9 % Nacl,Dextrose 5%-0.9% Nacl,2344,85547.49,905.0,2344.0,11751,2023
Sulfacetamide/Prednisolone Sp,Sulfacetamide-Prednisolone,2312,45703.75,1526.0,2886.0,63247,2023
Glecaprevir/Pibrentasvir,Mavyret,2301,31937349.560000006,1007.0,2310.7,64694,2023
Methscopolamine Bromide,Methscopolamine Bromide,2289,326919.56,808.0,2915.2000000000003,83316,2023
Bacitracin,Bacitracin,2287,244332.54000000007,1511.0,2338.6,32033,2023
Selegiline,Emsam,2284,4931413.91,845.0,2335.0,68300,2023
Potassium Bicarbonate/Cit Ac,Effer-K,2272,70039.15000000001,782.0,2471.9999999999995,55142,2023
Protriptyline Hcl,Protriptyline Hcl,2256,632884.58,736.0,2614.3,75364,2023
Danazol,Danazol,2234,647173.49,721.0,2702.3,74676,2023
Methylprednisolone Sod Succ/Pf,Solu-Medrol,2232,46937.95000000001,1168.0,2260.3,20277,2023
Tiopronin,Thiola Ec,2209,18279294.639999997,805.0,2222.1000000000004,65865,2023
Azacitidine,Onureg,2204,25729400.68,555.0,2210.5,50179,2023
Bupropion Hbr,Aplenzin,2201,9013465.640000002,680.0,2275.3,66264,2023
Cefaclor,Cefaclor,2188,137214.4,1102.0,2709.3999999999996,59100,2023
Binimetinib,Mektovi,2176,28062902.710000012,630.0,2180.4,65157,2023
Asfotase Alfa,Strensiq,2135,210539310.28,465.0,2143.7,59597,2023
Ivosidenib,Tibsovo,2132,65064131.90999999,740.0,2135.0,63416,2023
Efgartigimod Alfa-Fcab,Vyvgart,2132,94207257.55,545.0,2304.0000000000005,47064,2023
"Igg/Hyaluronidase,recombinant",Hyqvia,2114,14114296.050000003,520.0,2124.1000000000004,56519,2023
Oxaliplatin,Oxaliplatin,2100,796658.5099999999,508.0,2100.4,50192,2023
C1 Esterase Inhibitor,Haegarda,2087,103673538.57000002,620.0,2087.4,57204,2023
Pentazocine Hcl/Naloxone Hcl,Pentazocine-Naloxone Hcl,2083,400425.54999999993,741.0,2096.8,53791,2023
Asciminib Hydrochloride,Scemblix,2045,54378478.8,674.0,2086.2,62089,2023
Infliximab-Dyyb,Inflectra,2044,11840657.920000004,621.0,2434.8,69399,2023
Hydrocortisone Sodium Succ/Pf,Solu-Cortef,2040,177629.85,735.0,2131.7999999999997,29399,2023
Bortezomib,Bortezomib,1963,3686562.04,470.0,1966.3000000000002,46397,2023
Testosterone Undecanoate,Jatenzo,1943,1770131.2200000007,635.0,2299.8999999999996,68105,2023
Fosaprepitant Dimeglumine,Fosaprepitant Dimeglumine,1917,446119.93000000005,515.0,1918.8000000000002,42899,2023
Belatacept,Nulojix,1913,4154477.4699999993,490.0,1920.2,53561,2023
Flavoxate Hcl,Flavoxate Hcl,1881,140662.30000000002,592.0,2029.6000000000001,46655,2023
Carbinoxamine Maleate,Carbinoxamine Maleate,1873,614931.63,652.0,2418.2999999999997,63930,2023
Ceftriaxone In Is-Osm Dextrose,Ceftriaxone,1866,178038.99000000002,722.0,1866.0,6867,2023
Caspofungin Acetate,Caspofungin Acetate,1852,840023.94,622.0,1852.0,38435,2023
Tazarotene,Tazarotene,1848,852905.21,761.0,1927.0,53889,2023
Tasimelteon,Hetlioz,1847,46469208.44999999,695.0,1873.0,56190,2023
Mefloquine Hcl,Mefloquine Hcl,1842,112942.87999999999,1464.0,3935.7,116166,2023
Viloxazine Hcl,Qelbree,1836,1072046.05,614.0,1877.7,52810,2023
Hepatitis B Vaccine/Cpg1018/Pf,Heplisav-B,1835,296732.17000000004,1238.0,1835.0,1896,2023
Atezolizumab,Tecentriq,1821,20068662.81,445.0,1832.0,39136,2023
Quinapril Hcl,Quinapril Hcl,1812,26036.689999999995,710.0,2485.5,59208,2023
Afatinib Dimaleate,Gilotrif,1805,20750866.549999993,655.0,1807.0,53999,2023
Alpelisib,Piqray,1801,37980663.940000005,660.0,1819.6000000000001,50892,2023
Capmatinib Hydrochloride,Tabrecta,1800,32914193.320000004,630.0,1812.4,49539,2023
Estradiol/Levonorgestrel,Climara Pro,1783,525351.86,662.0,2022.0999999999997,57559,2023
"Mening Vac A,c,y,w-135 Dip/Pf",Menveo A-C-Y-W-135-Dip,1772,298100.42000000004,1507.0,1781.1000000000001,4673,2023
Flucytosine,Flucytosine,1767,6631204.170000002,850.0,1801.0,53041,2023
Desvenlafaxine,Desvenlafaxine Er,1755,232119.22999999995,595.0,1858.8,44806,2023
Carboplatin,Carboplatin,1732,96090.74,504.0,1738.8,37391,2023
Sapropterin Dihydrochloride,Sapropterin Dihydrochloride,1729,17542609.6,395.0,1737.7,51975,2023
Insulin Glulisine,Apidra Solostar,1712,1134445.18,570.0,1974.2,46607,2023
Agalsidase Beta,Fabrazyme,1646,34413429.27,305.0,1656.8,41278,2023
Norelgestromin/Ethin.Estradiol,Xulane,1635,171683.98000000004,630.0,1690.8999999999994,42075,2023
"Glyburide,micronized",Glyburide Micronized,1634,31310.87000000001,498.0,2854.1,84179,2023
Asenapine,Secuado,1623,2153655.0800000005,489.0,1633.0,45710,2023
Colistin (Colistimethate Na),Colistimethate,1613,1246919.39,451.0,1743.7,37585,2023
Gemcitabine Hcl,Gemcitabine Hcl,1605,388702.6900000001,488.0,1657.0,39032,2023
Ropeginterferon Alfa-2b-Njft,Besremi,1598,24006711.650000002,453.0,1603.5,43462,2023
Selpercatinib,Retevmo,1589,26428960.05999999,520.0,1591.0,47183,2023
Crofelemer,Mytesi,1577,4556469.109999999,410.0,1806.0,54152,2023
Cyclophosphamide,Cyclophosphamide,1570,891792.4499999998,492.0,1633.8999999999999,39689,2023
Pegvisomant,Somavert,1567,24019078.109999996,525.0,1588.8999999999999,46949,2023
Tigecycline,Tigecycline,1553,1416330.81,370.0,1553.0,7089,2023
"Syringe,needle,insuln,safe,1ml",Safetyglide Insulin Syringe,1547,60396.779999999984,416.0,1615.6000000000001,39784,2023
Zidovudine,Zidovudine,1541,89092.38,535.0,1662.1,48301,2023
Lorlatinib,Lorbrena,1525,30497040.05,555.0,1527.0,45259,2023
Adapalene,Adapalene,1512,1056688.6300000004,609.0,1634.4,46265,2023
Tucatinib,Tukysa,1507,29120422.77,525.0,1508.7,44429,2023
Imipramine Pamoate,Imipramine Pamoate,1498,519253.58,570.0,1561.4,44325,2023
Bevacizumab,Avastin,1495,8529013.18,333.0,1498.3000000000002,33723,2023
"Immune Globulin,gamma(Igg)klhw",Xembify,1488,11008045.97,390.0,1504.4,41323,2023
Cefixime,Cefixime,1483,165502.18000000002,1109.0,1491.0,9905,2023
Fosinopril/Hydrochlorothiazide,Fosinopril-Hydrochlorothiazide,1470,62849.179999999986,524.0,2277.1,66438,2023
Bevacizumab-Awwb,Mvasi,1463,9119483.39,339.0,1466.1999999999998,34043,2023
Regorafenib,Stivarga,1448,25223678.19,500.0,1454.5000000000002,39464,2023
Rucaparib Camsylate,Rubraca,1440,18726458.700000007,500.0,1441.0,42889,2023
"Syringe With Needle, Insulin",Monoject Insulin Safety Syrng,1439,40623.16,362.0,1462.3,37757,2023
Pitavastatin Magnesium,Zypitamag,1431,422327.14999999997,515.0,1845.6,53204,2023
Ceftolozane/Tazobactam,Zerbaxa,1429,4387539.030000002,360.0,1429.0,7370,2023
Ketoprofen,Ketoprofen,1428,2111931.32,485.0,1594.1000000000001,46438,2023
Triamterene,Triamterene,1420,394871.4399999999,510.0,1521.1000000000001,39790,2023
Nefazodone Hcl,Nefazodone Hcl,1414,205851.21000000002,490.0,1619.6999999999998,45657,2023
Drospirenone,Slynd,1397,323679.32000000007,535.0,1543.9999999999998,43221,2023
Varicella Vaccine Live/Pf,Varivax Vaccine,1394,267887.06,1133.0,1394.0,2031,2023
Desog-E.Estradiol/E.Estradiol,Kariva,1388,36990.640000000014,535.0,1419.6999999999998,38487,2023
Pacritinib Citrate,Vonjo,1373,30870956.749999996,433.0,1374.3,40769,2023
Salsalate,Salsalate,1371,127872.1,473.0,1780.4,48598,2023
Omeprazole Magnesium,Prilosec,1369,1228424.9100000004,495.0,1371.7,30353,2023
Thalidomide,Thalomid,1360,9740109.800000003,445.0,1364.3,38208,2023
Vancomycin/0.9 % Sod Chloride,Vancomycin Hcl-0.9% Nacl,1353,214863.96000000002,367.0,1353.0,5580,2023
Deucravacitinib,Sotyktu,1352,9172762.490000002,470.0,1416.0,42480,2023
Gilteritinib Fumarate,Xospata,1332,30434523.580000006,415.0,1344.5,40014,2023
Durvalumab,Imfinzi,1327,14780917.809999999,305.0,1327.3,29613,2023
Phenylephrine Hcl,Phenylephrine Hcl,1324,49256.08999999999,1220.0,1383.4,15669,2023
Brodalumab,Siliq,1321,6883098.640000001,400.0,1333.2,37232,2023
Granisetron Hcl/Pf,Granisetron Hcl,1313,70840.08,273.0,1318.8,25316,2023
Isradipine,Isradipine,1307,206983.54,438.0,2045.5,57856,2023
Ethynodiol D-Ethinyl Estradiol,Ethynodiol-Ethinyl Estradiol,1307,29014.350000000002,490.0,1405.8999999999999,38348,2023
Levofloxacin In Dextrose 5 %,Levofloxacin-D5w,1290,48805.72000000001,495.0,1290.0,6282,2023
Ceftaroline Fosamil Acetate,Teflaro,1289,3025320.41,360.0,1289.0,5525,2023
Fostamatinib Disodium,Tavalisse,1278,16986888.54,500.0,1297.6,38897,2023
Revefenacin,Yupelri,1277,1385839.3599999999,416.0,1278.5,30129,2023
Docetaxel,Docetaxel,1273,863565.0499999998,347.0,1308.8,28894,2023
"Meningococcal B Vaccine,4-Comp",Bexsero,1257,295318.83999999997,881.0,1273.5,2560,2023
Tivozanib Hcl,Fotivda,1253,34296324.80999999,405.0,1253.0,34803,2023
Granisetron,Sancuso,1246,2486413.35,410.0,1269.9,29326,2023
Meprobamate,Meprobamate,1245,494173.9200000001,495.0,1254.0,35348,2023
Dalbavancin Hcl,Dalvance,1241,5975798.090000001,374.0,1241.2,10712,2023
Aztreonam Lysine,Cayston,1240,15365346.359999996,358.0,1796.0999999999997,52844,2023
Enasidenib Mesylate,Idhifa,1239,40210441.12,416.0,1239.0,37139,2023
Ranibizumab,Lucentis,1234,2815264.21,303.0,1324.9,37739,2023
Alogliptin Benz/Metformin Hcl,Alogliptin-Metformin,1231,242504.31,361.0,1539.2,44868,2023
Oxacillin Sodium,Oxacillin Sodium,1228,838183.5,361.0,1228.1,6974,2023
Nicardipine Hcl,Nicardipine Hcl,1223,813358.7399999999,356.0,1644.6,43652,2023
Degarelix Acetate,Firmagon,1223,731559.9299999999,261.0,1230.4,34317,2023
Prochlorperazine,Compro,1213,120770.13,798.0,1214.4,8261,2023
Milrinone Lactate/D5w,Milrinone In 5% Dextrose,1210,116111.36,150.0,1210.0,4043,2023
Becaplermin,Regranex,1188,2005742.0799999998,489.0,1319.9,32867,2023
Burosumab-Twza,Crysvita,1188,29077902.529999997,300.0,1204.2,33718,2023
Ceftazidime/Avibactam,Avycaz,1184,4366410.649999999,340.0,1184.0,4009,2023
Terbutaline Sulfate,Terbutaline Sulfate,1182,309400.7,450.0,1343.5000000000002,33841,2023
Erythromycin/Benzoyl Peroxide,Erythromycin-Benzoyl Peroxide,1177,168496.57000000007,451.0,1192.3,31485,2023
Icatibant Acetate,Icatibant,1173,51156555.730000004,289.0,1173.0,12797,2023
Luspatercept-Aamt,Reblozyl,1167,15893068.240000002,285.0,1168.9,24648,2023
Vigabatrin,Vigabatrin,1141,20658058.010000005,410.0,1149.4,34190,2023
Adefovir Dipivoxil,Adefovir Dipivoxil,1140,901120.1,405.0,1271.3,37793,2023
Crizotinib,Xalkori,1135,22184016.98,410.0,1135.0,33392,2023
Sorafenib Tosylate,Sorafenib,1132,9619831.450000001,416.0,1132.0,33386,2023
Glutamine,Endari,1122,4101249.310000001,309.0,1168.5,34271,2023
Belzutifan,Welireg,1119,28572661.080000002,325.0,1119.0,33534,2023
Almotriptan Malate,Almotriptan Malate,1111,326214.02999999985,394.0,1151.6,24228,2023
Daratumumab,Darzalex,1108,11349142.52,205.0,1108.0,28333,2023
"Insulin Pump Cart,cont Inf,rf",Omnipod Classic Pods (Gen 3),1107,1110738.6600000001,343.0,1521.5,43449,2023
Chloroquine Phosphate,Chloroquine Phosphate,1105,166685.94,340.0,1773.4999999999998,52023,2023
Bevacizumab-Bvzr,Zirabev,1099,5290436.869999999,263.0,1102.1,23731,2023
Cefepime In Iso-Osm Dextrose,Cefepime,1096,300631.51,307.0,1096.0,4069,2023
Capsaicin/Skin Cleanser,Qutenza,1094,4012092.6000000006,642.0,2972.6999999999994,89118,2023
Ravulizumab-Cwvz,Ultomiris,1075,63315349.89999999,277.0,1642.1999999999998,46935,2023
Nafcillin Sodium,Nafcillin Sodium,1072,845033.06,305.0,1072.0,6663,2023
Filgrastim,Neupogen,1063,2675416.3099999996,315.0,1076.3,21216,2023
Tramadol Hcl/Celecoxib,Seglentis,1056,325299.83,406.0,1060.2,20857,2023
Ibalizumab-Uiyk,Trogarzo,1053,11038478.139999999,295.0,1056.5,23968,2023
Inclisiran Sodium,Leqvio,1051,3744653.840000001,542.0,4223.700000000001,126634,2023
Neomycin/Bacitracin/Polymyxinb,Neomycin-Bacitracin-Polymyxin,1041,38069.71000000001,678.0,1051.7,15386,2023
"Syrge-Ndl,ins 0.5 Ml Half Mark",Droplet Insulin Syringe,1025,57829.62,382.0,2482.8,73647,2023
Amphetamine,Adzenys Xr-Odt,1025,567098.3599999999,355.0,1025.0,30598,2023
Paclitaxel,Paclitaxel,1025,111148.68999999999,273.0,1028.6000000000001,22078,2023
Treprostinil Sodium,Remodulin,1024,9986943.66,210.0,1024.4,14312,2023
Amitriptyline/Chlordiazepoxide,Chlordiazepoxide-Amitriptyline,1020,67162.26,400.0,1043.2,30555,2023
Apraclonidine Hcl,Apraclonidine Hcl,1018,96312.89,331.0,1670.7000000000003,47233,2023
Satralizumab-Mwge,Enspryng,1013,20294482.029999997,320.0,1100.5,31195,2023
Ocrelizumab,Ocrevus,1009,38521681.64,497.0,4854.8,144443,2023
Ziprasidone Mesylate,Ziprasidone Mesylate,1006,188874.50999999995,327.0,1006.7,3906,2023
Multivit-Mins60/Iron Fum/Folic,Niva-Plus,1005,10642.39,180.0,1030.7,13177,2023
Tinidazole,Tinidazole,1003,72359.83,491.0,1129.1000000000001,17058,2023
Fedratinib Dihydrochloride,Inrebic,1000,19657596.63,309.0,1000.0,29615,2023
Apomorphine Hcl,Apokyn,996,27353270.580000002,330.0,1040.8000000000002,28057,2023
Milrinone Lactate,Milrinone Lactate,981,187962.5,170.0,981.0,6135,2023
Pegfilgrastim-Jmdb,Fulphila,978,4136580.6000000006,279.0,978.0,20177,2023
Romiplostim,Nplate,977,8318219.4399999995,235.0,978.8,17402,2023
Osilodrostat Phosphate,Isturisa,977,23069415.080000006,260.0,1022.0,28302,2023
Telotristat Etiprate,Xermelo,975,8596962.339999998,335.0,975.0,26924,2023
Deflazacort,Emflaza,969,12023435.37,225.0,969.0,28805,2023
Eliglustat Tartrate,Cerdelga,968,29271352.55,265.0,974.5,27262,2023
"Peg 3350/Sod Sulf,chlr/Pot/Mag",Suflave,968,127097.91,963.0,972.0,2357,2023
Orphenadrine/Aspirin/Caffeine,Norgesic Forte,965,2960948.44,437.0,997.0,28983,2023
Sonidegib Phosphate,Odomzo,962,12722977.27,305.0,970.0,28440,2023
Rituximab,Rituxan,961,10793702.03,342.0,1550.9,44053,2023
Deferiprone,Ferriprox (2 Times A Day),957,20091531.07,260.0,961.7,28411,2023
Incobotulinumtoxina,Xeomin,951,1223690.4699999997,374.0,2643.2000000000003,78980,2023
Estradiol Acetate,Femring,950,705686.16,298.0,2712.2999999999997,81323,2023
Perphenazine/Amitriptyline Hcl,Perphenazine-Amitriptyline,944,95600.02,383.0,1127.5,33009,2023
Pemetrexed Disodium,Alimta,939,2620734.79,240.0,939.0,19730,2023
Griseofulvin Ultramicrosize,Griseofulvin Ultramicrosize,925,236650.99,353.0,1018.8000000000001,28507,2023
Berotralstat Hydrochloride,Orladeyo,920,37310305.56999999,310.0,920.0,25760,2023
Carfilzomib,Kyprolis,920,7754297.129999999,190.0,920.0,21229,2023
Streptomycin Sulfate,Streptomycin Sulfate,917,1964507.9300000002,488.0,917.0,26435,2023
Dextrose 5%-Lactated Ringers,Dextrose In Lactated Ringers,914,48145.850000000006,332.0,914.0,5972,2023
Hydrocortisone/Pramoxine,Proctofoam-Hc,910,220348.83000000002,322.0,933.7,15966,2023
Teprotumumab-Trbw,Tepezza,898,49270886.35000001,270.0,898.4,18499,2023
Hepatitis B Virus Vaccine/Pf,Engerix-B Adult,897,76123.13,520.0,897.0,1219,2023
Irinotecan Hcl,Irinotecan Hcl,896,895398.9999999999,219.0,897.1,21719,2023
Pertuzumab,Perjeta,887,6416144.17,240.0,887.0,18485,2023
Anifrolumab-Fnia,Saphnelo,884,4537617.170000001,270.0,884.0,24748,2023
Potassium Chloride In 0.9%nacl,Potassium Chloride-0.9% Nacl,884,63369.76,130.0,884.0,7139,2023
Glucagon Hcl,Glucagon Emergency Kit,877,264366.17000000004,277.0,877.0,22702,2023
Migalastat Hcl,Galafold,875,26532691.830000006,250.0,880.2,24668,2023
Elacestrant Hcl,Orserdu,865,19030738.89,295.0,865.0,25757,2023
Ribociclib Succinate/Letrozole,Kisqali Femara Co-Pack,865,13434602.809999999,275.0,872.8,24430,2023
Isotretinoin,Claravis,862,126777.29000000001,322.0,862.0,25817,2023
Rituximab-Pvvr,Ruxience,842,5459566.36,259.0,1008.2,25223,2023
"Potassium Phosphate,monobasic",K-Phos Original,839,25864.070000000003,225.0,845.0,16248,2023
Vardenafil Hcl,Vardenafil Hcl,838,74657.92999999998,340.0,849.0,22428,2023
Mechlorethamine Hcl,Valchlor,837,6788751.109999999,249.0,839.0,25170,2023
Dapagliflozin/Saxagliptin Hcl,Qtern,829,466663.26999999996,222.0,1044.8000000000002,30954,2023
Pioglitazone Hcl/Glimepiride,Pioglitazone-Glimepiride,821,410415.23000000004,282.0,1639.6,49076,2023
Fenfluramine Hcl,Fintepla,817,12590102.410000002,245.0,817.0,24503,2023
"Abiraterone Acet,submicronized",Yonsa,797,8370084.300000001,168.0,800.0,24000,2023
Oxandrolone,Oxandrolone,793,496832.25000000006,206.0,844.0,24479,2023
Fosamprenavir Calcium,Fosamprenavir Calcium,792,943307.1399999999,290.0,816.0,24450,2023
Diazoxide,Diazoxide,791,644842.49,251.0,838.0,16899,2023
Trifluridine,Trifluridine,785,130462.48000000003,349.0,1022.5000000000002,24800,2023
Aztreonam,Azactam,780,654661.9500000001,223.0,801.2,6184,2023
Serdexmethylphen/Dexmethylphen,Azstarys,768,321459.53,294.0,776.3,22928,2023
Lapatinib Ditosylate,Lapatinib,768,4026433.3400000003,305.0,768.0,21668,2023
Olopatadine Hcl/Mometasone,Ryaltris,768,219065.24999999997,338.0,899.0,26840,2023
Lomustine,Gleostine,761,806145.1599999998,230.0,900.4999999999998,22908,2023
Penicillin G Potassium,Penicillin G Potassium,761,211770.66999999998,240.0,761.0,3799,2023
Avacopan,Tavneos,753,11437644.079999998,270.0,757.0,22710,2023
Elagolix Sodium,Orilissa,752,871701.9699999997,290.0,773.8000000000001,20712,2023
Abobotulinumtoxina,Dysport,749,1281372.5499999998,261.0,2033.2999999999997,59692,2023
"Griseofulvin, Microsize",Griseofulvin,742,156734.01,302.0,784.6,18802,2023
Methsuximide,Celontin,733,240990.99999999994,230.0,764.1,19744,2023
Brigatinib,Alunbrig,732,13390052.790000003,255.0,732.0,21872,2023
Nalbuphine Hcl,Nalbuphine Hcl,731,234599.26,150.0,737.6,12380,2023
Selinexor,Xpovio,706,18543482.599999998,231.0,710.5,19849,2023
Pegvaliase-Pqpz,Palynziq,686,17414726.82,205.0,686.5000000000001,20153,2023
Nitrofurantoin,Nitrofurantoin,683,1594978.0499999996,259.0,686.1999999999999,13328,2023
Amoxapine,Amoxapine,682,50710.61,235.0,734.5999999999999,20987,2023
Canakinumab/Pf,Ilaris,679,19350192.089999996,240.0,704.1,19766,2023
"Mite,d.Farinae-D.Pteronyssinus",Odactra,672,262295.18,235.0,724.0,21720,2023
Chlorambucil,Leukeran,672,5190838.23,205.0,678.1,16224,2023
Betaine,Cystadane,665,2242437.2700000005,210.0,673.5,17434,2023
Halcinonide,Halcinonide,665,679302.08,208.0,675.0,20154,2023
Quinine Sulfate,Quinine Sulfate,665,54406.88999999999,217.0,721.7,21046,2023
"Estrogens,esterified",Menest,664,60556.31,270.0,744.5,21240,2023
Vorapaxar Sulfate,Zontivity,664,384820.0800000001,160.0,847.0,25028,2023
"Syringe,needle,insuln,sf 0.5ml",Safetyglide Insulin Syringe,663,34923.85,200.0,701.5999999999999,18100,2023
Pramlintide Acetate,Symlinpen 60,662,1182186.5399999998,264.0,698.1,18439,2023
Voclosporin,Lupkynis,660,7928811.68,255.0,660.0,19590,2023
Pegfilgrastim-Bmez,Ziextenzo,647,2944919.9700000007,196.0,647.8,13529,2023
Etonogestrel/Ethinyl Estradiol,Eluryng,640,75312.77000000002,260.0,665.4,18095,2023
Neomycin Sulf/Polymyxin B Sulf,Neomycin-Polymyxin B,635,24063.480000000003,140.0,646.9000000000001,6354,2023
Lotilaner,Xdemvy,632,1221565.0099999998,592.0,962.9000000000001,28827,2023
Trastuzumab-Qyyp,Trazimera,632,2752171.26,167.0,632.0,13431,2023
"Pen Needle, Diabetic,disp Unit",Ultiguard Safepack-Pen Needle,623,33461.24999999999,190.0,1149.0000000000002,33285,2023
Oxybutynin,Oxytrol,615,444250.8299999999,230.0,623.2,16388,2023
Rituximab-Abbs,Truxima,614,4843621.7,176.0,728.7,18596,2023
Trastuzumab,Herceptin,608,3086882.0399999996,145.0,608.0,12044,2023
Immun Glob G/Gly/Gluc/Iga 0-50,Gammagard S-D,602,6846709.21,195.0,611.4,16113,2023
Glycerol Phenylbutyrate,Ravicti,601,56919977.26999999,155.0,610.6,17545,2023
Ertugliflozin/Metformin,Segluromet,599,254090.53,207.0,769.6,22655,2023
Albendazole,Albendazole,597,3297754.9800000004,263.0,609.6999999999999,11171,2023
Omeprazole/Amoxicill/Rifabutin,Talicia,592,474291.64,562.0,592.0,8299,2023
Vemurafenib,Zelboraf,591,4418974.590000001,225.0,605.9,16679,2023
Ivacaftor,Kalydeco,588,15808762.77,175.0,588.0,16464,2023
Nimodipine,Nimodipine,586,319607.36,174.0,732.7,20122,2023
Acetohydroxamic Acid,Lithostat,584,223713.61000000002,178.0,644.5,15435,2023
Penicillin G Benzathine,Bicillin L-A,580,290554.08,224.0,594.5999999999999,15011,2023
Fam-Trastuzumab Deruxtecn-Nxki,Enhertu,577,6020616.509999999,160.0,577.0,12334,2023
Neratinib Maleate,Nerlynx,571,11118994.880000003,185.0,571.0,16888,2023
"Piperacillin-Tazo-Dextrose,iso",Zosyn,571,141295.79999999996,177.0,571.0,1780,2023
Omaveloxolone,Skyclarys,569,17911648.45,148.0,571.0,17130,2023
Cabotegravir,Apretude,560,2280609.0500000003,180.0,887.3,26526,2023
Olsalazine Sodium,Dipentum,560,885507.9099999998,210.0,561.0999999999999,15417,2023
Pirtobrutinib,Jaypirca,556,11679518.94,181.0,556.0,16519,2023
Trandolapril/Verapamil Hcl,Trandolapril-Verapamil Er,554,87978.18000000002,210.0,706.0,21019,2023
"Syringe,insul U-500,ndl,0.5ml",Insulin Syringe U-500,554,24503.75,181.0,783.5999999999999,23219,2023
Immun Glob G(Igg)-Hipp/Maltose,Cutaquig,551,3362285.909999999,145.0,551.0,15145,2023
Toremifene Citrate,Toremifene Citrate,549,529936.8300000001,190.0,573.2,16473,2023
Cefepime Hcl In Dextrose 5 %,Cefepime-Dextrose,548,117409.03,181.0,548.0,1953,2023
Tirbanibulin,Klisyri,548,656578.55,291.0,552.0,9336,2023
Promethazine Hcl/Codeine,Promethazine-Codeine,546,3897.6500000000005,348.0,546.0,5180,2023
Glycopyrronium Tosylate,Qbrexza,545,387533.5599999999,172.0,558.0,16538,2023
Amlodipine Benzoate,Katerzia,545,419828.52999999985,180.0,555.8000000000001,14780,2023
Eptinezumab-Jjmr,Vyepti,539,2079183.31,191.0,1539.0,46147,2023
Haemoph B Poly Conj-Tet Tox/Pf,Acthib,530,15829.25,472.0,530.0,559,2023
Gauze Bandage,Band-Aid Gauze Pads,526,2826.26,403.0,526.2,10355,2023
Trastuzumab-Anns,Kanjinti,523,2442069.4700000007,135.0,523.0,11260,2023
Paclitaxel Protein-Bound,Abraxane,522,3627960.8599999994,145.0,522.0,10288,2023
Meperidine Hcl,Meperidine Hcl,521,556884.95,209.0,521.5,12143,2023
Bcg Live,Bcg (Tice Strain),520,311883.9099999999,244.0,588.0999999999999,13970,2023
Vancomycin Hcl In 5 % Dextrose,Vancomycin,518,38340.3,170.0,518.0,1376,2023
Flurandrenolide,Cordran,518,454900.75,220.0,538.0,15076,2023
Prochlorperazine Edisylate,Prochlorperazine Edisylate,517,72654.22,100.0,517.0,4096,2023
Miglitol,Miglitol,517,126827.87999999996,155.0,731.7,21086,2023
Rilonacept,Arcalyst,517,11727021.729999997,175.0,523.5,14553,2023
Avapritinib,Ayvakit,516,20043820.86,180.0,516.0,15480,2023
Citric Acid/Sodium Citrate,Sodium Citrate-Citric Acid,514,23036.849999999995,170.0,530.1,11861,2023
Potassium Chloride/D5-0.45nacl,Kcl-D5w-0.45% Nacl,511,24091.079999999998,65.0,511.0,3850,2023
Baloxavir Marboxil,Xofluza,507,87123.91000000003,486.0,507.0,5874,2023
Pegcetacoplan,Empaveli,501,19155367.160000004,195.0,501.0,14070,2023
Quinidine Sulfate,Quinidine Sulfate,496,301207.6500000001,176.0,576.4000000000001,15425,2023
Cladribine,Mavenclad,496,36686580.910000004,223.0,848.4000000000001,21758,2023
Clomiphene Citrate,Clomid,495,75790.61,178.0,733.7,21479,2023
Pemigatinib,Pemazyre,493,9078111.04,160.0,493.0,10374,2023
Calcium Gluconate,Calcium Gluconate,483,47678.399999999994,85.0,483.0,3524,2023
Methylphenidate,Methylphenidate,483,257555.70000000004,195.0,483.0,14460,2023
Pegfilgrastim-Cbqv,Udenyca,476,2529623.6500000004,157.0,476.8,10656,2023
Sertaconazole Nitrate,Ertaczo,461,630812.27,180.0,494.3,14824,2023
Fentanyl Citrate,Fentanyl Citrate,456,2576739.3000000003,170.0,456.0,12740,2023
Auranofin,Ridaura,455,585662.8,140.0,497.3,13688,2023
Hydromorphone Hcl/Pf,Dilaudid,451,118074.54000000002,100.0,451.0,3860,2023
Rimantadine Hcl,Rimantadine Hcl,448,78457.64999999998,164.0,636.7,17915,2023
Penicillamine,Penicillamine,446,3943380.7100000004,155.0,465.0,11958,2023
Potassium Citrate/Citric Acid,Potassium Citrate-Citric Acid,441,22139.72,155.0,452.19999999999993,10691,2023
Fidaxomicin,Dificid,440,2414603.44,169.0,440.9,6122,2023
Gentamicin Sulfate/Pf,Gentamicin Sulfate,438,15450.369999999997,35.0,439.0,2320,2023
Quinidine Gluconate,Quinidine Gluconate,437,219858.2,180.0,496.7,14813,2023
Immun Glob G/Sorb/Gly/Iga 0-50,Gammaplex,437,3761054.7199999993,130.0,438.6,11446,2023
Linezolid In Dextrose 5%,Linezolid-D5w,435,177209.92,150.0,435.0,1772,2023
Efavirenz/Lamivu/Tenofov Disop,Efavirenz-Lamivu-Tenofov Disop,433,819089.7900000003,145.0,617.0,18500,2023
Cobimetinib Fumarate,Cotellic,433,2269003.0800000005,145.0,440.2,11822,2023
Abrocitinib,Cibinqo,433,2615855.76,160.0,457.0,13710,2023
"Gentamicin In Nacl, Iso-Osm",Gentamicin Sulfate In Ns,431,12540.73,103.0,447.4,5368,2023
Paroxetine Mesylate,Paroxetine Mesylate,431,84971.16000000002,165.0,454.0,12405,2023
Sodium Acetate,Sodium Acetate,427,41608.9,75.0,427.0,2816,2023
Dichlorphenamide,Keveyis,426,11615544.800000003,180.0,426.0,12780,2023
Japanese Encephalitis Vacc/Pf,Ixiaro,424,147449.70000000004,272.0,430.0,895,2023
Mitotane,Lysodren,420,936906.7499999999,160.0,428.0,12754,2023
Selumetinib/Vitamin E Tpgs,Koselugo,418,7233657.749999999,120.0,418.0,12453,2023
Trientine Hcl,Trientine Hcl,410,2237584.61,160.0,411.1,11525,2023
Doxercalciferol,Doxercalciferol,403,194026.54,137.0,643.3999999999999,18265,2023
Cetuximab,Erbitux,399,2980076.3400000003,85.0,399.3,7465,2023
"Prenatal Vit27,calcium/Iron/Fa",Trinatal Rx 1,397,3794.22,145.0,430.0,12178,2023
Acalabrutinib,Calquence,395,5596790.32,134.0,404.0,12061,2023
Vit B Comp No.3/Folic/C/Biotin,Rena-Vite Rx,393,7381.119999999999,109.0,638.6,19138,2023
Ertugliflozin/Sitagliptin Phos,Steglujan,387,252667.61999999997,150.0,442.2,13213,2023
Alogliptin Benz/Pioglitazone,Alogliptin-Pioglitazone,386,95581.84000000001,135.0,434.0,12546,2023
Cefoxitin Sodium,Cefoxitin,386,125437.56000000001,130.0,386.0,2456,2023
Cefiderocol Sulfate Tosylate,Fetroja,386,1112845.8800000001,90.0,386.0,945,2023
Ripretinib,Qinlock,377,15413680.85,145.0,377.0,11287,2023
Acetaminophen/Caff/Dihydrocod,Acetamin-Caff-Dihydrocodeine,374,76143.29999999999,119.0,374.0,8959,2023
Sodium Chloride,Sodium Chloride,369,15039.350000000002,80.0,369.0,3029,2023
Neomycin/Bacit/P-Myx/Hydrocort,Neomycin-Bacitracin-Poly-Hc,368,14516.019999999997,233.0,372.0,4227,2023
"Dipht,pert(A),tet-Polio/Hib/Pf",Pentacel,361,41563.82,209.0,361.0,361,2023
Ponesimod,Ponvory,359,3717608.96,125.0,381.0,11334,2023
Cysteamine Bitartrate,Procysbi,357,22123652.149999995,110.0,361.0,10708,2023
Eteplirsen,Exondys-51,356,22134876.789999995,70.0,356.0,8750,2023
Tretinoin Microspheres,Tretinoin Microsphere,352,169775.36000000002,134.0,375.09999999999997,10955,2023
Metronidazole/Sodium Chloride,Metronidazole,351,9222.310000000001,117.0,362.0,2207,2023
Ledipasvir/Sofosbuvir,Harvoni,348,10876722.52,127.0,348.0,9744,2023
Podofilox,Podofilox,348,20881.200000000004,145.0,360.0,8966,2023
Sodium Phenylbutyrate,Buphenyl,347,4523884.67,115.0,348.59999999999997,8928,2023
"Fluconazole In Nacl,iso-Osm",Fluconazole-Nacl,346,20747.49,100.0,346.0,2233,2023
Netupitant/Palonosetron Hcl,Akynzeo,345,313929.49,73.0,345.0,6601,2023
Pegfilgrastim-Apgf,Nyvepria,345,1466265.17,90.0,345.0,6531,2023
Midostaurin,Rydapt,342,7723926.619999998,135.0,342.0,9471,2023
Nizatidine,Nizatidine,341,47385.439999999995,163.0,557.0,16026,2023
Lofexidine Hcl,Lucemyra,339,1416936.03,260.0,339.0,4160,2023
Trimipramine Maleate,Trimipramine Maleate,339,89877.97,130.0,355.2,10206,2023
Nelfinavir Mesylate,Viracept,334,422809.86000000004,130.0,334.0,9922,2023
Imiglucerase,Cerezyme,332,10766833.57,100.0,332.0,7910,2023
"Chorionic Gonadotropin, Human",Pregnyl,331,165890.5,125.0,360.99999999999994,9694,2023
Alendronate Sodium/Vitamin D3,Fosamax Plus D,327,65562.08000000002,120.0,334.4,8781,2023
Cemiplimab-Rwlc,Libtayo,326,3265300.0599999996,100.0,326.0,6804,2023
Aminocaproic Acid,Aminocaproic Acid,323,324703.82,105.0,326.90000000000003,6509,2023
Eravacycline Di-Hydrochloride,Xerava,322,268825.20999999996,105.0,322.0,1592,2023
Tipranavir,Aptivus,321,680498.3,120.0,321.0,9630,2023
Abacavir/Lamivudine/Zidovudine,Trizivir,319,528600.51,130.0,320.0,9576,2023
Phentermine Hcl,Phentermine Hcl,314,3780.8799999999997,105.0,340.0,10167,2023
Magnesium Sulfate In Water,Magnesium Sulfate,311,13003.469999999998,89.0,311.0,2577,2023
Pyrazinamide,Pyrazinamide,310,76260.46,105.0,324.0,8275,2023
Immune Globul G (Igg)/Glycine,Gamastan,310,136885.74,70.0,363.1,9860,2023
Maribavir,Livtencity,309,7773922.670000002,120.0,310.0,8555,2023
Pegcetacoplan/Pf,Syfovre,302,910129.9300000002,115.0,353.3,9978,2023
"Interferon Gamma-1b,recomb.",Actimmune,301,18861442.900000002,95.0,301.0,8170,2023
"Cefazolin Sodium/Dextrose,iso",Cefazolin Sodium-Dextrose,301,29041.280000000002,100.0,301.0,910,2023
"Sod Phosphate,monobasic-Dibas",Sodium Phosphate,300,42731.42999999999,70.0,300.0,2237,2023
Parenteral Amino Acid 15% No.6,Plenamine,299,31179.690000000002,60.0,299.0,2103,2023
Crizanlizumab-Tmca,Adakveo,299,3524004.4299999997,75.0,301.0,8382,2023
Rimabotulinumtoxinb,Myobloc,298,202512.22999999998,92.0,854.3,25601,2023
Amphetamine Sulfate,Amphetamine Sulfate,297,133856.71000000002,115.0,303.0,8889,2023
Cysteamine Hcl,Cystadrops,295,2517229.74,100.0,295.0,8225,2023
Cobicistat,Tybost,294,97109.18,120.0,294.0,8783,2023
Tezacaftor/Ivacaftor,Symdeko,291,7552358.2299999995,105.0,295.5,8288,2023
Tepotinib Hcl,Tepmetko,291,6282697.03,105.0,291.0,8543,2023
Estradiol/Progesterone,Bijuva,290,92777.54999999999,95.0,360.0,10800,2023
Ecallantide,Kalbitor,289,21041865.889999997,55.0,289.0,1624,2023
Larotrectinib Sulfate,Vitrakvi,289,10052315.15,115.0,290.0,8667,2023
Bedaquiline Fumarate,Sirturo,288,1261347.0899999999,85.0,293.2,8204,2023
Infliximab-Abda,Renflexis,288,1226719.6299999997,90.0,368.6,10384,2023
Venlafaxine Besylate,Venlafaxine Besylate Er,287,46039.35,70.0,299.1,5396,2023
Isatuximab-Irfc,Sarclisa,281,2548292.4200000004,35.0,281.0,7332,2023
Noreth-Ethinyl Estradiol/Iron,Norethin-Eth Estra-Ferrous Fum,281,15585.580000000004,110.0,282.8,7592,2023
Avalglucosidase Alfa-Ngpt,Nexviazyme,278,15722239.97,80.0,278.0,5978,2023
Alglucosidase Alfa,Lumizyme,272,16475820.22,70.0,272.0,4811,2023
Pamidronate Disodium,Pamidronate Disodium,266,12027.08,71.0,380.4,10545,2023
"Syringe,needle,insuln,sf,0.3ml",Safetyglide Insulin Syringe,260,11842.849999999999,103.0,326.09999999999997,8605,2023
Echothiophate Iodide,Phospholine Iodide,260,663959.29,61.0,260.0,7004,2023
Tildrakizumab-Asmn,Ilumya,258,4498161.7,81.0,657.3000000000001,19623,2023
Duvelisib,Copiktra,255,6780555.619999999,95.0,255.0,7035,2023
Relugolix/Estradiol/Norethindr,Myfembree,254,310871.24,95.0,265.2,7468,2023
Ipilimumab,Yervoy,249,4678282.01,65.0,264.2,6730,2023
Tazemetostat Hydrobromide,Tazverik,247,4771072.32,90.0,247.0,7388,2023
"Patisiran Sodium,lipid Complex",Onpattro,245,7470938.859999999,70.0,245.0,5145,2023
Chenodiol,Chenodal,243,10989228.83,90.0,243.0,7290,2023
"C1 Esterase Inhibitor, Recomb",Ruconest,241,26302928.750000004,70.0,241.39999999999998,4220,2023
Penciclovir,Denavir,239,194851.91,95.0,257.0,5968,2023
"Estrogens,conj/Bazedoxifene",Duavee,237,86289.49,90.0,422.7,12680,2023
Tbo-Filgrastim,Granix,234,535891.6000000001,83.0,236.6,5105,2023
Anidulafungin,Eraxis,234,140921.62,50.0,234.0,630,2023
Entrectinib,Rozlytrek,233,3504330.6599999997,95.0,235.0,6962,2023
Rifapentine,Priftin,232,26913.079999999998,102.0,247.3,6406,2023
Fenoprofen Calcium,Nalfon,230,68632.69,80.0,280.8,8263,2023
Zavegepant Hcl,Zavzpret,230,280456.31999999995,88.0,236.4,6660,2023
Amphotericin B Liposome,Amphotericin B Liposome,229,415009.07,75.0,229.0,4713,2023
Sargramostim,Leukine,228,1334655.5999999996,72.0,228.2,6099,2023
Nilutamide,Nilutamide,226,1028302.0200000001,65.0,236.0,6904,2023
Miglustat,Zavesca,223,6280804.35,80.0,225.0,6627,2023
Dextrose 10 % In Water,Dextrose In Water,217,13700.83,30.0,217.0,1541,2023
Ramucirumab,Cyramza,213,1913908.02,60.0,213.0,4179,2023
Ceritinib,Zykadia,213,2443867.25,80.0,213.0,6160,2023
Tedizolid Phosphate,Sivextro,210,1390419.16,65.0,212.0,3158,2023
Dextrose 70 % In Water,Dextrose In Water,209,10447.079999999998,40.0,209.0,1931,2023
Deferoxamine Mesylate,Deferoxamine Mesylate,208,78081.99,55.0,208.0,3534,2023
Ciprofloxacin In 5 % Dextrose,Ciprofloxacin-D5w,207,7079.26,80.0,207.0,1237,2023
Mitomycin,Mitomycin,206,394017.98,69.0,212.0,5093,2023
Difenoxin Hcl/Atropine Sulfate,Motofen,204,210106.50000000003,75.0,204.0,4857,2023
Insulin Glargine-Aglr,Rezvoglar Kwikpen,204,12114.26,65.0,239.3,5152,2023
Doxorubicin Hcl,Doxorubicin Hcl,203,10888.26,60.0,203.0,4340,2023
Spinosad,Spinosad,203,100051.06999999999,84.0,203.0,2926,2023
Minocycline Hcl Microspheres,Arestin,201,1772471.0900000003,139.0,201.0,6030,2023
"Diph,pertuss(Acell),tet Ped/Pf",Daptacel Dtap,201,7606.9,138.0,201.0,201,2023
Panitumumab,Vectibix,200,1738760.7,45.0,200.0,3882,2023
Estradiol Cypionate,Depo-Estradiol,199,36460.55,100.0,458.20000000000005,13579,2023
"Dalteparin Sodium,porcine",Fragmin,195,640652.69,70.0,195.0,5248,2023
Monomethyl Fumarate,Bafiertam,194,1496374.82,60.0,230.60000000000002,6918,2023
Hydrocortisone Sod Succinate,Solu-Cortef,194,25141.759999999995,68.0,202.6,3455,2023
Oxymetazoline Hcl,Rhofade,192,130425.38,77.0,207.0,6150,2023
"Tetanus,diphtheria Toxd Ped/Pf",Diphtheria-Tetanus Toxoids-Ped,189,12947.189999999999,102.0,189.0,189,2023
Velaglucerase Alfa,Vpriv,188,6879932.419999999,55.0,188.0,5005,2023
Pralsetinib,Gavreto,183,2875402.82,70.0,183.0,5490,2023
Clascoterone,Winlevi,183,114872.98000000001,60.0,183.0,4617,2023
Glycopyrrolate/Neb.Accessories,Lonhala Magnair Refill,183,255057.72000000003,60.0,189.0,5670,2023
Infliximab-Axxq,Avsola,182,550133.45,60.0,216.00000000000003,6134,2023
Pasireotide Pamoate,Signifor Lar,181,3065495.5600000005,75.0,181.0,5160,2023
Vutrisiran Sodium,Amvuttra,181,21980219.53,55.0,538.2,16146,2023
Mesalamine W/Cleansing Wipes,Mesalamine,181,68611.04999999999,60.0,186.4,4069,2023
Nitazoxanide,Nitazoxanide,179,401760.30999999994,90.0,179.0,3294,2023
Adapalene/Benzoyl Peroxide,Adapalene-Benzoyl Peroxide,179,25156.649999999998,84.0,184.8,5177,2023
Potassium Chloride/D5-0.9%nacl,Kcl-D5w-0.9% Nacl,178,7883.08,25.0,178.0,1216,2023
Isocarboxazid,Marplan,178,116724.37000000001,70.0,186.0,4962,2023
Goserelin Acetate,Zoladex,175,180390.28,65.0,196.39999999999998,5656,2023
Pyrimethamine,Pyrimethamine,175,3669881.58,70.0,175.0,5150,2023
Casimersen,Amondys-45,174,10652311.75,25.0,174.0,2331,2023
Dobutamine Hcl,Dobutamine Hcl,174,9903.48,20.0,174.0,694,2023
Ribavirin,Ribavirin,172,26782.95,60.0,179.1,4841,2023
Neomycin/Polymyxn B/Gramicidin,Neomycin-Polymyxin-Gramicidin,169,8279.320000000002,135.0,180.5,3210,2023
Fat Emul/Soy/Mct/Oliv/Fish Oil,Smoflipid,168,15265.900000000001,30.0,168.0,1129,2023
Cisplatin,Cisplatin,165,9230.189999999999,45.0,165.4,3703,2023
Brolucizumab-Dbll,Beovu,165,422136.94000000006,43.0,233.7,6845,2023
Methoxsalen,Methoxsalen,165,251904.41999999998,50.0,174.0,4183,2023
Meropenem/Vaborbactam,Vabomere,162,282607.31,35.0,162.0,247,2023
Methenam/Sod Phos/Mblue/Hyoscy,Urogesic-Blue,160,39007.70999999999,55.0,172.0,2893,2023
Obinutuzumab,Gazyva,160,1779425.2199999997,56.0,161.7,4563,2023
Acetaminophen,Acetaminophen,159,22319.809999999998,64.0,159.0,643,2023
Epoprostenol Sodium,Veletri,156,345880.48,30.0,156.0,1866,2023
Trastuzumab-Dttb,Ontruzant,155,633471.16,55.0,155.0,3357,2023
Aminolevulinic Acid Hcl,Levulan,154,78265.63,121.0,202.7,5997,2023
Fat Emulsions,Intralipid,153,121191.08,45.0,153.0,1440,2023
Reslizumab,Cinqair,153,637417.72,60.0,153.0,4176,2023
Drospirenone/Estradiol,Angeliq,152,32995.31,65.0,166.4,4704,2023
"N.Meningitidis B,lipid Fhbp Rc",Trumenba,151,31287.660000000003,102.0,151.0,204,2023
Remdesivir,Veklury,151,196127.40999999997,77.0,151.0,248,2023
"Betamethasone Acetate,sod Phos",Betamethasone Sod Phos-Acetate,151,7336.419999999999,118.0,155.5,3239,2023
Sodium Chloride 3 %,Sodium Chloride,151,11639.279999999999,20.0,151.0,1040,2023
Cabazitaxel,Jevtana,148,2086622.06,45.0,148.0,3108,2023
"Grass Pollen-Timothy, Standard",Grastek,147,57927.770000000004,55.0,165.0,4950,2023
Sotagliflozin,Inpefa,146,131666.94,56.0,202.0,6060,2023
Pnv No.118/Iron Fumarate/Fa,Se-Natal 19,144,3262.18,55.0,144.2,3746,2023
Multivit41/Iron/Folate8/Ps-Dha,Enbrace Hr,144,24749.749999999996,40.0,156.9,4640,2023
Laronidase,Aldurazyme,144,7070678.180000001,40.0,144.0,2961,2023
Phenoxybenzamine Hcl,Phenoxybenzamine Hcl,143,1317448.71,55.0,143.2,4087,2023
Malathion,Malathion,141,28786.350000000002,65.0,141.0,2121,2023
Stiripentol,Diacomit,140,831419.2700000001,45.0,152.0,4433,2023
Elosulfase Alfa,Vimizim,139,14071865.34,50.0,139.0,3854,2023
Elotuzumab,Empliciti,136,1319289.34,35.0,136.0,3192,2023
Rabies Vaccine (Pcec)/Pf,Rabavert,135,69301.63999999998,53.0,135.0,135,2023
Elagolix/Estradiol/Norethindrn,Oriahnn,134,149786.76,55.0,134.0,3784,2023
Esomeprazole Sodium,Esomeprazole Sodium,132,36140.89,25.0,132.0,1479,2023
Ado-Trastuzumab Emtansine,Kadcyla,131,1559383.24,45.0,131.0,2751,2023
Prenatal 147/Iron/Folic Acid,Azesco,130,660411.76,46.0,234.0,6919,2023
Zoledronic Ac/Mannitol/0.9nacl,Zoledronic Acid,129,19759.769999999997,40.0,247.5,7303,2023
Miconazole Nitrate/Zinc Ox/Pet,Vusion,129,61439.47,51.0,129.0,2379,2023
Amino Ac 8 %/D14w/Electrolytes,Clinimix E,128,77456.97,10.0,128.0,805,2023
Dornase Alfa,Pulmozyme,127,762177.69,45.0,127.0,3558,2023
Tobramycin In 0.225% Sod Chlor,Tobramycin,127,311061.15,40.0,139.4,2656,2023
Idelalisib,Zydelig,126,1604385.8399999999,45.0,133.0,3990,2023
Bendamustine Hcl,Treanda,126,1324833.69,40.0,126.0,3290,2023
Clindamycin Palmitate Hcl,Clindamycin (Pediatric),125,17367.600000000002,35.0,125.0,1304,2023
Gefitinib,Iressa,125,984073.4600000001,45.0,125.0,3750,2023
Talazoparib Tosylate,Talzenna,125,1960611.81,50.0,125.0,3724,2023
Neomycin Sulfate/Fluocinolone,Neo-Synalar,124,112898.06,77.0,126.0,3780,2023
Molindone Hcl,Molindone Hcl,123,123578.45000000001,38.0,123.2,3386,2023
Desloratadine/Pseudoephedrine,Clarinex-D 12 Hour,120,37986.39,50.0,132.0,3936,2023
Lomitapide Mesylate,Juxtapid,119,7228311.340000001,50.0,119.0,3546,2023
Polymyxin B Sulfate,Polymyxin B Sulfate,118,20990.33,30.0,118.0,376,2023
Beremagene Geperpavec-Svdt,Vyjuvek,117,2921610.44,20.0,117.0,819,2023
Inotersen Sodium,Tegsedi,116,4587506.09,35.0,116.0,3248,2023
Evinacumab-Dgnb,Evkeeza,116,4819944.46,40.0,116.0,3248,2023
Enfuvirtide,Fuzeon,115,439679.97000000003,45.0,115.0,3448,2023
Levoketoconazole,Recorlev,112,2973621.8,40.0,112.0,3360,2023
Haemph B Polysac Conj-Menin/Pf,Pedvaxhib,112,4227.200000000001,79.0,112.0,112,2023
Pedi Multivit No.17 W-Fluoride,Multivitamin With Fluoride,112,814.1299999999999,45.0,112.60000000000001,3055,2023
Artemether/Lumefantrine,Coartem,112,40036.22000000001,40.0,118.0,1966,2023
Doxorubicin Hcl Peg-Liposomal,Doxorubicin Hcl Liposome,112,254158.06000000003,35.0,112.0,2856,2023
Givosiran Sodium,Givlaari,111,5267251.39,45.0,111.0,3170,2023
Dobutamine Hcl In Dextrose 5 %,Dobutamine Hcl-D5w,107,13822.09,20.0,107.0,712,2023
Vincristine Sulfate,Vincristine Sulfate,105,1305.35,40.0,105.0,2205,2023
Avelumab,Bavencio,104,1143938.4300000002,35.0,104.0,2170,2023
Etoposide,Etoposide,103,5581.46,35.0,103.0,2257,2023
Vorinostat,Zolinza,102,1233558.32,40.0,102.0,2977,2023
Adagrasib,Krazati,102,1812196.56,35.0,102.0,2829,2023
Parenteral Amino Acid 10% No.6,Travasol,101,18213.06,25.0,101.0,694,2023
Decitabine,Decitabine,99,202115.96,40.0,99.0,2686,2023
Electrolyte-A Solution,Plasma-Lyte A Ph 7.4,99,19513.489999999998,30.0,99.0,1156,2023
Benzoyl Peroxide,Epsolay,98,52986.96,39.0,100.0,3000,2023
Levetiracetam In Nacl (Iso-Os),Levetiracetam-Nacl,98,23577.32,25.0,98.0,442,2023
Pnv 119/Iron Fum/Folic Acid,Se-Natal-19,97,2028.55,30.0,101.0,2247,2023
Natamycin,Natacyn,96,50121.799999999996,30.0,106.8,2650,2023
Metyrosine,Metyrosine,96,4014196.3499999996,40.0,96.0,2595,2023
Sarecycline Hcl,Seysara,96,100999.09000000001,40.0,96.0,2880,2023
Rituximab-Arrx,Riabni,95,526142.22,35.0,111.2,2840,2023
Thiamine Hcl,Vitamin B-1,95,664.8199999999999,21.0,97.3,2743,2023
Lamivudine/Tenofovir Disop Fum,Cimduo,90,118768.21999999999,35.0,100.0,3000,2023
Fezolinetant,Veozah,90,52970.189999999995,35.0,102.0,2783,2023
Phenylephrine Hcl/Prometh Hcl,Promethazine Vc,89,4127.33,56.0,89.0,880,2023
Clindamycin In 0.9 % Sod Chlor,Clindamycin-0.9% Nacl,89,16389.199999999997,20.0,89.0,455,2023
Mesna,Mesna,87,44334.520000000004,30.0,87.0,1961,2023
Trofinetide,Daybue,87,5243171.1899999995,25.0,87.0,2456,2023
Vandetanib,Caprelsa,86,1342281.4700000002,35.0,86.0,2580,2023
Omacetaxine Mepesuccinate,Synribo,84,501315.6,20.0,84.0,578,2023
Naltrexone Hcl/Bupropion Hcl,Contrave,84,60486.950000000004,35.0,92.0,2758,2023
Mitapivat Sulfate,Pyrukynd,83,2225960.0599999996,25.0,83.0,2324,2023
Prenatal Vit103/Iron Fum/Folic,Tricare,81,3657.5,21.0,114.0,3420,2023
Zanamivir,Relenza,81,5897.26,31.0,81.7,1100,2023
"Potassium Phos,m-Basic-D-Basic",Potassium Phosphate,80,6596.290000000001,15.0,80.0,480,2023
"Insulin Pen,reusable,bt Lispro",Inpen (For Humalog),78,82244.04999999999,72.0,142.7,4251,2023
Dacomitinib,Vizimpro,76,1328368.94,20.0,76.0,2280,2023
Ketorolac Tromethamine/Pf,Acuvail,76,30035.25,37.0,90.5,1545,2023
Primaquine Phosphate,Primaquine,75,6178.41,25.0,85.0,2460,2023
Sulfadiazine,Sulfadiazine,75,110642.09,30.0,75.3,2067,2023
Plerixafor,Mozobil,74,1574299.82,63.0,74.0,239,2023
Methylergonovine Maleate,Methylergonovine Maleate,73,233149.0,25.0,73.0,1956,2023
Clindamycin Phosphate/D5w,Clindamycin Phosphate-D5w,71,9675.26,25.0,71.0,238,2023
Pertuzumab-Trastuzumab-Hy-Zzxf,Phesgo,71,627325.66,25.0,71.0,1491,2023
Bupivacaine Hcl/Pf,Bupivacaine Hcl,70,1691.0000000000002,41.0,70.7,523,2023
Metreleptin,Myalept,70,12084063.75,30.0,70.9,2127,2023
Elapegademase-Lvlr,Revcovi,69,25778037.479999997,25.0,69.0,1932,2023
Lenacapavir Sodium,Sunlenca,68,1007929.4,25.0,252.4,6913,2023
Trastuzumab-Dkst,Ogivri,65,297318.99,20.0,65.0,1265,2023
Hydrocortisone Acetate,Cortifoam,64,55470.670000000006,20.0,64.0,1086,2023
Erdafitinib,Balversa,63,1127820.1,25.0,63.0,1632,2023
Bevacizumab-Maly,Alymsys,63,188401.65000000002,15.0,63.0,1225,2023
Capecitabine,Capecitabine,62,4436.02,20.0,62.0,1371,2023
Oritavancin Diphosphate,Kimyrsa,61,309333.69,17.0,61.0,335,2023
Tolcapone,Tolcapone,61,163035.72999999998,20.0,65.0,1566,2023
Rolapitant Hcl,Varubi,61,59967.74,20.0,61.0,1414,2023
Fosphenytoin Sodium,Cerebyx,60,39796.450000000004,10.0,60.0,369,2023
Sutimlimab-Jome,Enjaymo,58,980120.42,10.0,58.0,987,2023
"Aripiprazole Lauroxil,submicr.",Aristada Initio,58,143294.19,50.0,59.0,1432,2023
Praziquantel,Praziquantel,58,140159.91,15.0,59.7,807,2023
Treprostinil/Neb Accessories,Tyvaso Refill Kit,57,1188906.94,20.0,57.0,1596,2023
Estradiol/Norgestimate,Prefest,57,11670.67,25.0,57.0,1710,2023
Sofosbuvir/Velpatas/Voxilaprev,Vosevi,56,1427655.13,20.0,56.0,1568,2023
Sacituzumab Govitecan-Hziy,Trodelvy,56,806358.32,15.0,56.0,921,2023
Levoleucovorin Calcium,Levoleucovorin Calcium,55,18870.07,5.0,55.0,770,2023
Momelotinib Dihydrochloride,Ojjaara,54,1513379.02,21.0,54.0,1620,2023
Balanced Salt Irrig Soln No.2,Bss,54,500.86,20.0,54.0,1620,2023
Ciprofloxacin,Cipro,54,12926.869999999999,20.0,54.0,768,2023
Urea,Urea,53,5582.09,20.0,53.0,999,2023
Dextrose 5 %-0.2 % Sod Chlorid,Dextrose 5%-0.2% Nacl,53,1010.62,20.0,53.0,583,2023
Methyltestosterone,Methyltestosterone,53,377038.41000000003,15.0,55.0,1650,2023
Atropine Sulfate/Pf,Atropine Sulfate,52,2344.31,10.0,52.0,162,2023
Estradiol Valerate/Dienogest,Natazia,52,13206.96,20.0,52.0,1456,2023
Halobetasol Propion/Tazarotene,Duobrii,50,54825.490000000005,26.0,50.0,1490,2023
Lidocaine Hcl/Epinephrine,Lidocaine Hcl-Epinephrine,49,577.83,17.0,73.0,2190,2023
Mvn-Min75/Iron/Iron Ps/Om3/Dha,Virt-C Dha,48,2356.18,15.0,82.0,2360,2023
Moxifloxacin-Sod.Chloride(Iso),Moxifloxacin,48,10351.779999999999,15.0,48.0,221,2023
Trastuzumab-Hyaluronidase-Oysk,Herceptin Hylecta,47,236028.02000000002,15.0,47.0,994,2023
"Rabies Vacc, Human Diploid/Pf",Imovax Rabies Vaccine,47,20721.809999999998,15.0,47.0,47,2023
Drospir/Eth Estra/Levomefol Ca,Safyral,47,5621.259999999999,20.0,50.6,1353,2023
Luliconazole,Luliconazole,46,9315.65,15.0,50.0,1447,2023
Mefenamic Acid,Mefenamic Acid,45,6224.89,10.0,45.0,625,2023
Ciprofloxacin/Hydrocortisone,Cipro Hc,45,17349.49,27.0,56.0,1358,2023
Mebendazole,Emverm,45,512618.43,10.0,45.0,304,2023
Triheptanoin,Dojolvi,45,821053.9800000001,20.0,45.2,1354,2023
Potassium Acetate,Potassium Acetate,44,369.37,5.0,44.0,284,2023
Avacincaptad Pegol Sodium/Pf,Izervay,44,116251.2,16.0,44.0,1244,2023
Magnesium Sulfate/D5w,Magnesium Sulfate-D5w,43,1903.04,15.0,43.0,678,2023
Hydrocortisone Butyrate/Emoll,Hydrocortisone Butyrate,43,2706.3199999999997,26.0,43.0,1132,2023
Clocortolone Pivalate,Clocortolone Pivalate,43,13833.720000000001,33.0,47.0,1363,2023
Progesterone,Progesterone,42,1909.8899999999999,15.0,42.0,883,2023
Adalimumab-Bwwd,Hadlima(Cf) Pushtouch,41,43717.38,16.0,41.0,1150,2023
Epoprostenol Sodium (Glycine),Flolan,41,389994.08999999997,15.0,41.0,1050,2023
"Heparin Sodium,porcine/Pf",Heparin Sodium,40,2303.0,10.0,40.0,280,2023
Dextrose 50 % In Water,Dextrose In Water,40,457.3,5.0,40.0,279,2023
Eflapegrastim-Xnst,Rolvedon,39,189767.94999999998,10.0,39.0,819,2023
Olutasidenib,Rezlidhia,39,1296548.8,15.0,39.0,1170,2023
Taliglucerase Alfa,Elelyso,39,1845416.89,15.0,39.0,1092,2023
Amino Acids 5 %/Dextrose 15 %,Clinimix,39,12875.329999999998,15.0,39.0,148,2023
Prenatal Vit 87/Iron/Folic/Dha,Prenate Mini,39,9480.5,10.0,39.0,769,2023
Cholic Acid,Cholbam,38,3217965.3499999996,15.0,38.0,1140,2023
Carglumic Acid,Carbaglu,38,4574790.75,15.0,38.0,1140,2023
Telavancin Hcl,Vibativ,38,137059.18,10.0,38.0,243,2023
Tetracaine Hcl/Pf,Tetracaine Hcl,38,418.01,17.0,38.0,108,2023
Idursulfase,Elaprase,38,2228603.51,15.0,38.0,1064,2023
Mafenide Acetate,Sulfamylon,38,4633.41,22.0,40.3,872,2023
Thioguanine,Tabloid,37,161853.78,10.0,37.0,675,2023
Nitisinone,Orfadin,37,850905.3,10.0,37.0,1110,2023
Delafloxacin Meglumine,Baxdela,37,132767.09,15.0,37.3,756,2023
Albumin Human,Albutein,37,51027.42999999999,10.0,37.0,397,2023
Pexidartinib Hydrochloride,Turalio,36,401168.04,15.0,36.0,1080,2023
Imipenem/Cilastatin/Relebactam,Recarbrio,36,213584.28,15.0,36.0,189,2023
Galsulfase,Naglazyme,35,3803658.8000000003,15.0,35.0,980,2023
Nivolumab-Relatlimab-Rmbw,Opdualag,35,1063264.87,10.0,35.0,980,2023
Sod/Pot/K Cit/Sod Cit/Cit Acid,Tricitrates,35,8676.27,15.0,35.0,976,2023
"Sod,pot Chlor/Mag/Sod,pot Phos",Tis-U-Sol Pentalyte,34,269.96,5.0,34.0,340,2023
Chlorothiazide,Diuril,34,1286.3,16.0,61.099999999999994,1711,2023
Pnv Cmb 52/Iron/Fa/Omega-3/Dha,Complete Natal Dha,34,863.26,15.0,35.0,1050,2023
Trifarotene,Aklief,34,24832.32,15.0,34.0,1020,2023
Daptomycin In 0.9 % Sod Chlor,Daptomycin-0.9% Nacl,33,5361.66,10.0,33.0,116,2023
Mobocertinib Succinate,Exkivity,33,653706.43,15.0,33.0,990,2023
Meclofenamate Sodium,Meclofenamate Sodium,33,12264.439999999999,15.0,34.4,1033,2023
Cytomegalovirus Immune Globuln,Cytogam,33,273959.7,5.0,33.0,924,2023
Dostarlimab-Gxly,Jemperli,32,375292.61,5.0,32.0,672,2023
Blinatumomab,Blincyto,32,661644.09,10.0,59.8,1219,2023
Sparsentan,Filspari,32,362831.07999999996,10.0,32.0,960,2023
Potassium Chloride-0.45% Nacl,Potassium Chloride-0.45% Nacl,31,998.3,5.0,31.0,212,2023
Lurbinectedin,Zepzelca,30,495853.04000000004,10.0,30.0,630,2023
Dextrose 10 % And 0.45 % Nacl,Dextrose 10%-0.45% Nacl,29,2075.94,5.0,29.0,243,2023
Linezolid In 0.9% Sodium Chlor,Linezolid-0.9% Nacl,29,14937.54,10.0,29.0,125,2023
Gr Pol-Orc/Sw Ver/Rye/Kent/Tim,Oralair,29,18520.65,10.0,39.0,1170,2023
Enfortumab Vedotin-Ejfv,Padcev,29,1184871.1600000001,10.0,29.0,784,2023
Copanlisib Di-Hcl,Aliqopa,29,347331.25,5.0,29.0,770,2023
Sodium/Pot/Mag/Calc/Chlor/Acet,Tpn Electrolytes,28,16942.760000000002,10.0,28.0,28,2023
"Syringe,insulin,needless 1 Ml",Insulin Syringe,27,333.26,10.0,27.0,810,2023
Dexchlorpheniramine Maleate,Ryclora,26,16668.52,10.0,37.3,1061,2023
Dasiglucagon Hcl,Zegalogue Autoinjector,26,16064.32,10.0,28.0,351,2023
Olipudase Alfa-Rpcp,Xenpozyme,26,3603222.87,10.0,26.0,728,2023
Prenatal Vit 85/Iron/Fa 1/Dha,Prenate Pixie,25,4530.1,5.0,25.0,365,2023
B Complex W-C No.20/Folic Acid,Virt-Caps,25,623.6,10.0,27.7,821,2023
"Prenatal,calc.40/Iron/Folate 1",Pnv-Select,25,912.22,10.0,25.0,627,2023
"Prenatal Vit,calc76/Iron/Folic",Thrivite Rx,25,571.5,10.0,37.0,902,2023
Maralixibat Chloride,Livmarli,25,2519524.5300000003,10.0,25.0,750,2023
Sulfacetamide Sodium/Sulfur,Sodium Sulfacetamide-Sulfur,24,6217.74,10.0,24.0,720,2023
Amivantamab-Vmjw,Rybrevant,24,369126.6,10.0,24.0,497,2023
Levonorgest/Eth.Estradiol/Iron,Balcoltra,24,6680.25,10.0,24.0,609,2023
Non-Adherent Bandage,Excilon,24,212.09,10.0,24.0,720,2023
L-Norgest/E.Estradiol-E.Estrad,Ashlyna,24,169.49,10.0,26.0,759,2023
Orlistat,Xenical,24,17201.28,10.0,24.0,694,2023
Phenytoin Sodium,Phenytoin Sodium,24,2014.7,10.0,24.0,362,2023
Methotrexate,Xatmep,24,12653.77,10.0,25.8,602,2023
Dimethyl Sulfoxide,Rimso-50,23,16433.98,10.0,23.0,690,2023
Tafasitamab-Cxix,Monjuvi,23,281301.66000000003,10.0,23.0,644,2023
"Immune Globulin,gamma(Igg)slra",Asceniv,23,848916.12,10.0,23.0,567,2023
Weed Pollen-Short Ragweed,Ragwitek,23,8400.23,10.0,23.0,690,2023
Caplacizumab-Yhdp,Cablivi,23,5395026.96,10.0,23.0,690,2023
Brompheniramine/Pseudoephed/Dm,Brompheniramine-Pseudoephed-Dm,23,447.26,17.0,23.0,180,2023
Temsirolimus,Temsirolimus,23,64054.26,5.0,23.0,644,2023
Parenteral Amino Acid 10% No.7,Premasol,22,215209.03,10.0,22.0,660,2023
Potassium Chloride In Lr-D5,Potassium Chloride In D5lr,22,1537.42,5.0,22.0,286,2023
Aa 5%/D15w/Electrolytes,Clinimix E,22,9065.57,5.0,22.0,135,2023
"Sod Phos,m-B/K Phos,monob",K-Phos No.2,22,2394.31,10.0,22.0,660,2023
Mv-Mins 71/Iron/Folic No.1/Dha,Pnv-Omega,21,722.97,5.0,21.0,316,2023
Dexmedetomidine Hcl,Igalmi,20,56874.75,12.0,20.0,520,2023
Ergotamine Tartrate,Ergomar,19,13454.54,5.0,19.2,423,2023
Temozolomide,Temozolomide,18,5945.79,5.0,18.0,113,2023
Pentamidine Isethionate,Pentamidine Isethionate,18,2704.86,5.0,18.0,358,2023
Estramustine Phosphate Sodium,Emcyt,17,5408.68,5.0,17.0,494,2023
Lincomycin Hcl,Lincocin,17,428.42,12.0,17.0,19,2023
Hydrocodone Bit/Homatrop Me-Br,Hydrocodone-Homatropine Mbr,17,252.93,15.0,17.0,75,2023
Pediatric Multivitamin No.17,Children's Multivitamin,17,252.77,5.0,21.7,578,2023
Acetazolamide Sodium,Acetazolamide Sodium,17,8835.78,5.0,17.0,112,2023
Rozanolixizumab-Noli,Rystiggo,15,420543.03,5.0,15.0,238,2023
Brentuximab Vedotin,Adcetris,15,607542.92,5.0,15.0,315,2023
Mogamulizumab-Kpkc,Poteligeo,15,353183.57,5.0,15.0,182,2023
Tropicamide,Tropicamide,15,160.67,15.0,19.9,563,2023
Povidone-Iodine,Betadine,15,212.67,5.0,15.0,224,2023
Morphine Sulfate/Pf,Mitigo,15,2900.43,5.0,15.0,15,2023
Pnv 112/Iron/Folic/Om3/Dha/Epa,Vitafol Gummies,15,710.79,5.0,15.0,417,2023
Aa 5 %/Calcium/Lytes/Dext 20 %,Clinimix E,14,1398.46,5.0,14.0,28,2023
Metyrapone,Metopirone,14,76132.13,5.0,14.0,420,2023
Neomyc/Colist/Hydrocort/Thonzn,Cortisporin-Tc,14,3380.67,12.0,14.0,192,2023
Bimekizumab-Bkzx,Bimzelx,14,220169.24,5.0,14.0,392,2023
Amino Acid 8 % In D14w,Clinimix,14,6038.0,5.0,14.0,49,2023
Potassium Chloride In Water,Potassium Chloride,14,284.7,5.0,14.0,14,2023
Teclistamab-Cqyv,Tecvayli,14,134985.76,5.0,14.0,98,2023
"Rituximab/Hyaluronidase,human",Rituxan Hycela,13,83109.52,5.0,24.4,732,2023
Phenobarbital Sodium,Phenobarbital Sodium,13,31446.07,5.0,13.0,310,2023
Topotecan Hcl,Topotecan Hcl,13,8181.22,5.0,13.0,273,2023
Ethacrynate Sodium,Ethacrynate Sodium,13,200668.85,5.0,13.0,364,2023
"Nafcillin In Dextrose,iso-Osm",Nafcillin,13,6587.83,5.0,13.0,42,2023
Ubidecarenone,Co Q-10,13,104.0,5.0,13.1,369,2023
Trabectedin,Yondelis,13,103267.31,5.0,13.0,13,2023
Erythromycin Lactobionate,Erythrocin Lactobionate,13,26574.6,5.0,13.0,93,2023
Pasireotide Diaspartate,Signifor,13,234337.44,5.0,13.0,390,2023
Etoposide Phosphate,Etopophos,13,11490.82,5.0,13.0,58,2023
Pentostatin,Nipent,13,70453.99,5.0,13.0,364,2023
Pretomanid,Pretomanid,13,11093.39,5.0,15.9,442,2023
Miconazole Nitrate,Miconazole 3,12,597.24,5.0,12.0,36,2023
Ganaxolone,Ztalmy,12,153997.2,5.0,12.0,319,2023
Irinotecan Liposomal,Onivyde,12,135247.08,5.0,12.0,308,2023
"Insulin Pen,reusable,bt,aspart",Inpen (For Novolog Or Fiasp),12,14822.79,12.0,12.0,360,2023
Cycloserine,Cycloserine,12,101486.03,5.0,12.0,360,2023
Glycopyrrol/Nebulizer/Accessor,Lonhala Magnair Starter,12,16020.72,5.0,12.0,360,2023
Vinorelbine Tartrate,Vinorelbine Tartrate,12,595.03,5.0,12.0,336,2023
Pnv 11/Iron Fum/Folic Acid/Om3,Wesnate Dha,12,1192.65,5.0,12.0,360,2023
Lumacaftor/Ivacaftor,Orkambi,12,308278.36,5.0,12.0,336,2023
Trimethobenzamide Hcl,Tigan,12,6049.61,5.0,12.0,69,2023
Aclidinium Brom/Formoterol Fum,Duaklir Pressair,12,7702.44,5.0,12.0,339,2023
Lactic Acid/Citric/Potassium,Phexxi,12,4344.84,5.0,12.0,360,2023
Pen G Benz/Pen G Procaine,Bicillin C-R,12,2507.33,5.0,13.0,388,2023
Drospirenone/Estetrol,Nextstellis,12,2948.34,5.0,13.8,368,2023
Nafarelin Acetate,Synarel,12,38273.76,5.0,12.0,300,2023
Golodirsen,Vyondys-53,12,2240346.2,5.0,12.0,336,2023
Acyclovir Sodium,Acyclovir Sodium,12,1095.48,5.0,12.0,13,2023
Multivit 47/Iron/Folate 1/Dha,Pnv-Dha,12,408.96,5.0,12.0,360,2023
Ixabepilone,Ixempra,12,171707.74,5.0,12.0,336,2023
Bismuth/Metronid/Tetracycline,Pylera,12,12112.44,11.0,12.0,120,2023
Pnv No.163/Iron/Folate No.10,Pnv Tabs 20-1,11,14210.74,5.0,13.0,390,2023
Magnesium Chloride,Magnesium Chloride,11,1421.63,5.0,11.0,56,2023
Meth/Meblue/Sod Phos/Psal/Hyos,Uro-Mp,11,2854.83,5.0,11.0,330,2023
Lodoxamide Tromethamine,Alomide,11,3360.34,5.0,19.6,589,2023
Alitretinoin,Panretin,11,206643.47,5.0,11.0,330,2023
Diclofenac Submicronized,Zorvolex,11,2749.23,5.0,11.0,110,2023
Hydroxyprogesterone Caproat/Pf,Hydroxyprogesterone Caproate,11,3120.45,5.0,11.0,91,2023
Bupivacaine Hcl,Bupivacaine Hcl,11,75.94,5.0,12.9,385,2023
Cimetidine Hcl,Cimetidine,11,821.48,5.0,11.0,264,2023
"Diabetic Supplies,miscell",Cequr Simplicity Inserter,11,182.27,5.0,11.0,330,2023
Trastuzumab-Pkrb,Herzuma,11,51654.35,5.0,11.0,231,2023
Pnv 67/Iron Ps/Folate No.1/Dha,Vitafol Ultra,11,1554.32,5.0,11.0,330,2023
Eribulin Mesylate,Halaven,11,82189.01,5.0,11.0,231,2023
Ziconotide Acetate,Prialt,11,38612.3,5.0,11.0,11,2023
Multivit-Min69/Iron/Folic Acid,Elite-Ob,11,414.04,5.0,11.0,330,2023
Ganciclovir Sodium,Ganciclovir Sodium,11,4214.6,5.0,11.0,330,2023
