Gnrc_Name,Brnd_Name,Tot_Clms,Tot_Drug_Cst,Tot_Benes,Tot_30day_Fills,Tot_Day_Suply,year
Atorvastatin Calcium,Atorvastatin Calcium,53941582,926678181.0599998,15808275.0,122644489.00000006,3641414994,2019
Levothyroxine Sodium,Levothyroxine Sodium,45487453,1094307291.6199996,10851130.0,94734178.90000004,2780055054,2019
Amlodipine Besylate,Amlodipine Besylate,41462181,309347096.00000006,11613907.0,89133181.3,2642599873,2019
Lisinopril,Lisinopril,36400963,283423946.21999997,10500112.0,81489435.2,2419181822,2019
Gabapentin,Gabapentin,30510466,642775665.9600003,7989011.0,45262118.9,1314398891,2019
Metformin Hcl,Metformin Hcl,29952846,428220428.8600001,8350036.0,66056595.2,1963257169,2019
Omeprazole,Omeprazole,27271798,395916521.31999993,7761968.0,53886596.4,1594138536,2019
Losartan Potassium,Losartan Potassium,26300019,288175785.48,7790980.0,59854126.400000006,1781565801,2019
Furosemide,Furosemide,25009298,151083641.64,6947523.0,43054865.400000006,1204864639,2019
Metoprolol Succinate,Metoprolol Succinate,23333225,668224852.2100002,6419738.0,50171655.49999999,1488160752,2019
Hydrocodone/Acetaminophen,Hydrocodone-Acetaminophen,21699131,442457146.8099999,7195583.0,21780155.5,464929407,2019
Simvastatin,Simvastatin,21459625,206205642.03,5889031.0,50842020.0,1514908639,2019
Metoprolol Tartrate,Metoprolol Tartrate,18723944,142275824.47,5065283.0,37571902.999999985,1104089399,2019
Pantoprazole Sodium,Pantoprazole Sodium,17360668,267348613.13999993,5064931.0,32150498.999999993,945759662,2019
Hydrochlorothiazide,Hydrochlorothiazide,17233308,101382767.92000002,5303661.0,39408832.09999999,1174734734,2019
Tamsulosin Hcl,Tamsulosin Hcl,16199062,303131068.83000004,4455171.0,32532258.7,960350246,2019
Potassium Chloride,Potassium Chloride,15405427,512974997.2500001,4074334.0,26216467.799999997,748084092,2019
Carvedilol,Carvedilol,14302570,148166396.64999998,3870091.0,28754390.8,848125935,2019
Trazodone Hcl,Trazodone Hcl,13351665,164986790.90000004,3317461.0,20865418.200000003,606885624,2019
Sertraline Hcl,Sertraline Hcl,13201737,138640378.15000007,3024538.0,22347130.100000005,650621239,2019
Prednisone,Prednisone,13141965,105545292.95000002,7555418.0,15724815.600000003,288823835,2019
Tramadol Hcl,Tramadol Hcl,13028723,108316426.20999998,4339200.0,13323859.1,273841363,2019
Clopidogrel Bisulfate,Clopidogrel,12978131,180214604.95000002,3504398.0,26292537.200000003,776410666,2019
Rosuvastatin Calcium,Rosuvastatin Calcium,12552622,581687124.47,3660149.0,28759318.1,859016286,2019
Albuterol Sulfate,Proair Hfa,12096664,850750849.27,4854505.0,14023865.300000004,339042044,2019
Alprazolam,Alprazolam,12071054,98492594.23999996,2659884.0,13036943.9,358726730,2019
Fluticasone Propionate,Fluticasone Propionate,11816873,433184572.37,4884233.0,17905816.900000006,534755038,2019
Apixaban,Eliquis,11300167,6802143144.8,2480861.0,16489151.499999993,459417529,2019
Pravastatin Sodium,Pravastatin Sodium,11268970,256282099.02,3044420.0,26218564.300000016,778895942,2019
Montelukast Sodium,Montelukast Sodium,10542643,155828372.32,2877466.0,19940442.6,591582669,2019
Duloxetine Hcl,Duloxetine Hcl,9666326,417224244.29999995,2172297.0,15556934.000000004,455608529,2019
Warfarin Sodium,Warfarin Sodium,9510426,128554747.21999997,1962927.0,16767460.899999999,455392150,2019
Meloxicam,Meloxicam,9371621,55296005.07999999,3369215.0,15324988.4,449817909,2019
Escitalopram Oxalate,Escitalopram Oxalate,9214926,149423717.92999998,2131390.0,15446738.499999996,450291059,2019
Latanoprost,Latanoprost,9034668,172592775.84,2225608.0,14458860.0,404208770,2019
Clonazepam,Clonazepam,9023193,75136120.92999999,1686307.0,9832838.200000001,278232558,2019
Lorazepam,Lorazepam,8413769,73369518.14000002,2000990.0,9049809.800000004,232614723,2019
Allopurinol,Allopurinol,8384304,137611249.85999992,2124608.0,18085511.0,533761433,2019
Oxycodone Hcl/Acetaminophen,Oxycodone-Acetaminophen,8252659,329915420.72999996,2460252.0,8270158.999999999,186665841,2019
Ranitidine Hcl,Ranitidine Hcl,8106992,115117470.85,2206874.0,13747356.9,403357629,2019
Quetiapine Fumarate,Quetiapine Fumarate,8004246,237296937.51000005,1476886.0,9960579.799999995,279877858,2019
Atenolol,Atenolol,7836699,75037794.53999996,2052956.0,18353397.099999998,546790620,2019
Citalopram Hydrobromide,Citalopram Hbr,7784774,61399015.94999998,1774570.0,14049240.200000001,411960621,2019
Donepezil Hcl,Donepezil Hcl,7512883,117128482.41000007,1586282.0,11234536.599999996,319226940,2019
Oxycodone Hcl,Oxycodone Hcl,7437312,720338120.2300001,2089490.0,7454502.799999999,170989279,2019
"Insulin Glargine,hum.Rec.Anlog",Lantus Solostar,7420296,3995065473.6000004,1770776.0,11474565.599999998,317575261,2019
Glipizide,Glipizide,6948139,97375345.85000002,1844962.0,14963376.4,444260427,2019
Alendronate Sodium,Alendronate Sodium,6934080,68125130.27,1859812.0,13760958.500000002,405868198,2019
Zolpidem Tartrate,Zolpidem Tartrate,6871028,73775936.25999999,1536313.0,8213195.2,241377533,2019
Azithromycin,Azithromycin,6751598,60877969.45999999,5391900.0,6931117.7,49174948,2019
Diclofenac Sodium,Diclofenac Sodium,6692932,421009584.6699999,2816112.0,8142315.600000001,199944968,2019
Bupropion Hcl,Bupropion Hcl,6419089,265570536.07,1489521.0,10426233.100000001,307637904,2019
Mirtazapine,Mirtazapine,6412359,134494420.08,1401652.0,8571176.799999999,241536897,2019
Amoxicillin,Amoxicillin,6352994,26589866.639999997,4891212.0,6396272.5,46497978,2019
Fluoxetine Hcl,Fluoxetine Hcl,6244588,99078252.46,1374073.0,10822498.300000003,318493630,2019
Lisinopril/Hydrochlorothiazide,Lisinopril-Hydrochlorothiazide,6051943,56570069.319999985,1710901.0,14806505.799999999,442793588,2019
Finasteride,Finasteride,5845703,111666036.35999994,1549813.0,12776138.100000003,379008746,2019
Losartan/Hydrochlorothiazide,Losartan-Hydrochlorothiazide,5681070,78793694.49999999,1670405.0,13118384.799999999,392001179,2019
Rivaroxaban,Xarelto,5631986,3585435980.9499993,1183093.0,8544009.2,238774100,2019
Spironolactone,Spironolactone,5560664,68440771.9,1487992.0,10820406.500000002,319081982,2019
Glimepiride,Glimepiride,5471540,75261362.76999998,1411164.0,12081544.1,359895554,2019
Varicella-Zoster Ge/As01b/Pf,Shingrix,5454259,905964433.86,4007708.0,5545939.5,17762480,2019
Famotidine,Famotidine,5180788,64191450.94,1610700.0,8420768.2,239654521,2019
Ibuprofen,Ibuprofen,5151004,46297120.14000001,2502953.0,6032505.700000001,134462620,2019
Diltiazem Hcl,Diltiazem Hcl,5049294,217660695.92999992,1394763.0,9552540.999999998,279710715,2019
Tizanidine Hcl,Tizanidine Hcl,5019050,95823509.68999998,1629819.0,6281660.6,167971046,2019
Memantine Hcl,Memantine Hcl,4978151,403801527.59,992628.0,6692855.600000001,185689402,2019
Venlafaxine Hcl,Venlafaxine Hcl,4962615,170413707.17,1022899.0,8084328.7,236320532,2019
Cephalexin,Cephalexin,4904588,36889218.129999995,3841043.0,5139028.7,53106704,2019
Oxybutynin Chloride,Oxybutynin Chloride Er,4753841,191013019.88,1258597.0,7777151.0,225800641,2019
Isosorbide Mononitrate,Isosorbide Mononitrate Er,4743892,88817605.78999999,1214367.0,8993617.999999998,264544394,2019
Divalproex Sodium,Divalproex Sodium,4644999,269280463.5,817200.0,5263963.9,142153048,2019
Hydralazine Hcl,Hydralazine Hcl,4639538,84782071.54,1228962.0,7969162.899999999,230956966,2019
Buspirone Hcl,Buspirone Hcl,4504896,95402064.34999996,1016722.0,5972113.899999999,170104046,2019
Triamcinolone Acetonide,Triamcinolone Acetonide,4482210,56006886.199999996,2653053.0,4823658.3999999985,106226091,2019
Cyclobenzaprine Hcl,Cyclobenzaprine Hcl,4413582,57674639.99000001,1481924.0,5132180.0,131365773,2019
Sitagliptin Phosphate,Januvia,4286815,3120098858.360001,918960.0,7248638.0,208020043,2019
Baclofen,Baclofen,4180970,104250251.78,1210862.0,5340168.399999999,145726015,2019
Pregabalin,Lyrica,4021857,1738153230.7700002,1134324.0,4690686.6,131405662,2019
Ciprofloxacin Hcl,Ciprofloxacin Hcl,3859982,29620771.760000005,3039440.0,3902200.5999999996,33664385,2019
Levetiracetam,Levetiracetam,3844926,191651794.57999998,762950.0,5258138.1,147538444,2019
Risperidone,Risperidone,3829934,67904362.76,653271.0,4403936.800000002,121396948,2019
Budesonide/Formoterol Fumarate,Symbicort,3814265,1735203021.14,1008670.0,5196274.5,155335191,2019
Amoxicillin/Potassium Clav,Amoxicillin-Clavulanate Potass,3801645,47050371.47999999,3184221.0,3814066.8000000003,35273208,2019
Doxycycline Hyclate,Doxycycline Hyclate,3560551,103818917.36999997,2612850.0,3833961.8000000003,55668378,2019
Sulfamethoxazole/Trimethoprim,Sulfamethoxazole-Trimethoprim,3451471,20625544.380000003,2421515.0,3727077.6999999993,49658648,2019
Ezetimibe,Ezetimibe,3440968,230021752.72000003,900109.0,7319394.099999999,218318565,2019
Lamotrigine,Lamotrigine,3435067,176402768.15999994,665338.0,4789306.700000001,138949631,2019
Lovastatin,Lovastatin,3401911,44962685.179999985,893092.0,8268628.899999999,246522622,2019
Methylprednisolone,Methylprednisolone,3397039,41377100.33999999,2827832.0,3444501.6999999993,24646031,2019
Paroxetine Hcl,Paroxetine Hcl,3346167,50189955.43999999,732770.0,5760765.3999999985,169392148,2019
Clonidine Hcl,Clonidine Hcl,3331634,31777636.03,865889.0,5616342.599999999,162014983,2019
Olanzapine,Olanzapine,3163370,109202512.98000002,545883.0,3601133.1999999997,98972570,2019
"Pen Needle, Diabetic",Ultra-Fine Mini Pen Needle,3130531,198321194.17000005,1044284.0,5887398.1,172940392,2019
Carbidopa/Levodopa,Carbidopa-Levodopa,3093073,249498042.12999997,708610.0,4809640.3,137341468,2019
Triamterene/Hydrochlorothiazid,Triamterene-Hydrochlorothiazid,3084662,39775159.88,820966.0,7219768.8,215495787,2019
Esomeprazole Magnesium,Esomeprazole Magnesium,3048724,334865772.53,733249.0,5294668.600000001,156427761,2019
Celecoxib,Celecoxib,3008785,184664512.35000008,933471.0,4802374.399999999,140509181,2019
Amitriptyline Hcl,Amitriptyline Hcl,2994767,72711287.17000002,714166.0,4911276.600000001,145397808,2019
Fluticasone Propion/Salmeterol,Wixela Inhub,2972855,1400756261.08,855019.0,4098105.7000000016,122347879,2019
Aripiprazole,Aripiprazole,2937069,780150644.1300004,599160.0,3571209.299999999,102271122,2019
Morphine Sulfate,Morphine Sulfate Er,2931152,124969096.18,641799.0,2939655.9999999995,80267397,2019
Insulin Aspart,Novolog Flexpen,2756928,1953714020.5399997,703873.0,3939206.3999999994,103599986,2019
Ropinirole Hcl,Ropinirole Hcl,2698681,58381791.139999986,594331.0,4433046.000000001,128988834,2019
Diazepam,Diazepam,2687706,25905206.080000006,707341.0,2852702.5,72006008,2019
Topiramate,Topiramate,2683671,103650152.90999997,610633.0,3931210.1000000006,114940780,2019
Prednisolone Acetate,Prednisolone Acetate,2678803,131254151.85000002,1680199.0,3297656.6999999997,82473106,2019
Nifedipine,Nifedipine Er,2675626,121029867.65000002,685626.0,5083556.2,150534553,2019
Insulin Detemir,Levemir Flextouch,2671721,1633706180.11,592071.0,3873932.899999999,103862197,2019
Naproxen,Naproxen,2645328,27994487.599999994,1156066.0,3454612.0999999996,91812782,2019
Fluticasone/Vilanterol,Breo Ellipta,2631087,1134182571.44,642778.0,3259304.8000000007,96020362,2019
Timolol Maleate,Timolol Maleate,2610742,78129454.01000004,797331.0,4806217.300000001,139996388,2019
Estradiol,Estradiol,2580142,248844425.47000006,824781.0,5183923.700000001,153992666,2019
Temazepam,Temazepam,2456252,28845764.0,537893.0,2689575.3,78638582,2019
Tiotropium Bromide,Spiriva,2447493,1424454574.99,629180.0,3420808.7,101899604,2019
Mirabegron,Myrbetriq,2429491,1225172018.73,563816.0,3360870.9,93821312,2019
Acetaminophen With Codeine,Acetaminophen-Codeine,2429463,29099624.67000001,1102031.0,2443189.1,38529909,2019
Propranolol Hcl,Propranolol Hcl,2361223,100435705.77,590579.0,3863618.2999999984,112847664,2019
Enalapril Maleate,Enalapril Maleate,2329672,72559340.97000001,572904.0,4826176.100000001,142916652,2019
Pioglitazone Hcl,Pioglitazone Hcl,2305930,50254295.91,598366.0,5034020.1000000015,150042805,2019
Methotrexate Sodium,Methotrexate,2273615,106246643.79999998,559046.0,3806263.3999999994,110563347,2019
Ondansetron Hcl,Ondansetron Hcl,2220171,38194803.49,1105889.0,2279955.1,28928085,2019
Brimonidine Tartrate,Alphagan P,2190605,271410983.08000004,604181.0,3510404.1999999997,98867518,2019
Benazepril Hcl,Benazepril Hcl,2176009,23656452.099999998,556181.0,5051359.699999999,150356044,2019
Ketoconazole,Ketoconazole,2170276,86335821.20000002,1047447.0,2320255.0999999996,56700660,2019
Amiodarone Hcl,Amiodarone Hcl,2153843,61265206.35999999,649771.0,3841407.1000000006,111557137,2019
Levofloxacin,Levofloxacin,2092482,19434067.140000004,1633574.0,2099110.8,17084683,2019
Benztropine Mesylate,Benztropine Mesylate,2066993,24104877.28000001,368919.0,2280522.2999999993,63455465,2019
Insulin Lispro,Humalog Kwikpen U-100,2015755,1349974927.9400003,548639.0,2964459.5999999996,76997619,2019
Mupirocin,Mupirocin,1995120,22788664.330000002,1408205.0,2017993.2999999996,28680975,2019
Doxazosin Mesylate,Doxazosin Mesylate,1967781,59365110.129999995,491678.0,4009949.4999999986,118864929,2019
Nystatin,Nystatin,1948010,53362626.75999998,852638.0,2010656.2000000002,31182114,2019
Hydroxyzine Hcl,Hydroxyzine Hcl,1887912,37201525.629999995,575864.0,2220601.7,56639616,2019
Nitrofurantoin Monohyd/M-Cryst,Nitrofurantoin Mono-Macro,1877292,46953085.31999999,1386858.0,1938102.7,19067323,2019
Irbesartan,Irbesartan,1873796,61319622.49999999,534889.0,4127635.4999999995,123092860,2019
Dulaglutide,Trulicity,1849035,1934557985.32,395080.0,2503107.2,71717540,2019
Nitroglycerin,Nitroglycerin,1839194,47221561.01999999,1034206.0,2134402.1999999993,46450295,2019
Digoxin,Digoxin,1833188,63116075.92999999,486120.0,3285187.1999999993,95072774,2019
Fluconazole,Fluconazole,1830026,25929622.469999995,1019111.0,1925037.6000000003,18365093,2019
Chlorthalidone,Chlorthalidone,1796317,66644050.94,500019.0,3763565.1,112095792,2019
Fenofibrate,Fenofibrate,1736840,86866752.62999997,439870.0,3702250.1000000006,110230841,2019
Meclizine Hcl,Meclizine Hcl,1731961,21121658.259999998,663762.0,2013848.4,45626150,2019
Hydroxychloroquine Sulfate,Hydroxychloroquine Sulfate,1726675,185128640.72,474475.0,3183954.9000000004,94627518,2019
Dorzolamide Hcl/Timolol Maleat,Dorzolamide-Timolol,1651397,80558790.96000001,514247.0,3272547.5000000014,97719926,2019
Bimatoprost,Lumigan,1603875,547098522.5599998,413030.0,2502492.3000000003,70299200,2019
Valsartan,Valsartan,1580198,74017181.65999998,451860.0,3244744.6999999997,95871552,2019
Torsemide,Torsemide,1571594,29498607.579999994,445792.0,2635706.2,75937824,2019
Linagliptin,Tradjenta,1560618,916034363.72,316500.0,2294338.3000000003,62752819,2019
Dicyclomine Hcl,Dicyclomine Hcl,1547558,29599739.480000008,537516.0,1990437.2,51985926,2019
Ramipril,Ramipril,1521493,24487798.98,397042.0,3545529.9000000004,105800940,2019
Dextroamphetamine/Amphetamine,Dextroamphetamine-Amphet Er,1520189,95112832.10000001,316651.0,1570529.8999999997,46262426,2019
Chlorhexidine Gluconate,Chlorhexidine Gluconate,1491153,9744502.829999998,905988.0,1530959.3,29664414,2019
Empagliflozin,Jardiance,1487767,1157627580.11,360535.0,2389486.9,70678907,2019
Cyclosporine,Restasis,1483420,1224013759.61,539345.0,2273648.1999999997,66278875,2019
Azelastine Hcl,Azelastine Hcl,1474939,65371809.40999999,649649.0,1993906.7,57618536,2019
Ipratropium/Albuterol Sulfate,Combivent Respimat,1449368,314684999.73,442743.0,1594140.9,29051526,2019
Bumetanide,Bumetanide,1436052,84790522.98000002,378238.0,2238346.500000001,62782533,2019
Valacyclovir Hcl,Valacyclovir,1427255,55540355.940000005,533143.0,1872787.0999999999,41208283,2019
Fentanyl,Fentanyl,1424031,158819953.70999998,284816.0,1428884.9999999995,38754969,2019
Olmesartan Medoxomil,Olmesartan Medoxomil,1409937,80948855.34,406974.0,2827619.7000000007,84148216,2019
Fenofibrate Nanocrystallized,Fenofibrate,1390046,71464397.98,331559.0,2615691.5,77180042,2019
Linaclotide,Linzess,1385551,768083728.0300002,354066.0,1804287.9000000004,53007504,2019
Amlodipine Besylate/Benazepril,Amlodipine Besylate-Benazepril,1384294,42913096.309999995,347030.0,3060794.7,91393542,2019
Hydrocortisone,Hydrocortisone,1381311,28478285.700000007,650536.0,1580328.6,36039914,2019
Pramipexole Di-Hcl,Pramipexole Dihydrochloride,1372370,35720052.01999999,328023.0,2329689.299999999,68112278,2019
Sucralfate,Sucralfate,1362511,84913668.30000001,441811.0,1722907.6999999995,46196740,2019
Nebivolol Hcl,Bystolic,1356436,344147752.8100001,306401.0,2318837.9000000004,68124936,2019
Buprenorphine Hcl/Naloxone Hcl,Buprenorphine-Naloxone,1332853,337253954.1999999,241556.0,1337436.6000000003,24921924,2019
Ondansetron,Ondansetron Odt,1328527,24304749.699999996,842821.0,1349027.8,13692555,2019
Anastrozole,Anastrozole,1317872,30314634.779999997,366105.0,2729093.5999999996,81280887,2019
Umeclidinium Brm/Vilanterol Tr,Anoro Ellipta,1312326,668371321.92,326081.0,1627648.5000000002,48532208,2019
Terazosin Hcl,Terazosin Hcl,1300480,27870771.34,358499.0,2970143.0999999996,88181101,2019
Lactulose,Lactulose,1289092,30360126.439999998,347767.0,1391484.0999999996,27084894,2019
Levocetirizine Dihydrochloride,Levocetirizine Dihydrochloride,1254008,18512674.540000007,403728.0,2003637.5,59147115,2019
Clozapine,Clozapine,1187557,117626081.21000002,119673.0,1190751.9000000001,27272735,2019
Clindamycin Hcl,Clindamycin Hcl,1185096,10598689.930000003,879534.0,1189794.4,8887182,2019
Insulin Degludec,Tresiba Flextouch U-200,1181721,976426067.2099999,300452.0,1900016.799999999,53792751,2019
Verapamil Hcl,Verapamil Er,1157298,42359776.68999999,316562.0,2216109.5,65361722,2019
Carbamazepine,Carbamazepine Er,1149552,119256854.02,256824.0,1438302.5999999996,40291431,2019
Cefdinir,Cefdinir,1136772,26311377.319999997,974500.0,1139622.2999999993,10220650,2019
Acyclovir,Acyclovir,1130256,30979219.509999998,355779.0,1624528.4,41971731,2019
Brimonidine Tartrate/Timolol,Combigan,1130254,323410419.4000001,292821.0,1663660.6,46164213,2019
Sumatriptan Succinate,Sumatriptan Succinate,1119225,48808712.68000001,284949.0,1272007.7999999998,31495030,2019
Travoprost,Travatan Z,1117580,345353421.65,286996.0,1640825.6999999993,45877126,2019
Alcohol Antiseptic Pads,Alcohol Pads,1116466,50291876.739999995,326093.0,1807595.7999999996,53219498,2019
Dexlansoprazole,Dexilant,1115792,446517017.33000004,252074.0,1568874.6,45991762,2019
Ipratropium Bromide,Ipratropium Bromide,1097475,82736230.69,440692.0,1409829.5000000002,36754453,2019
Icosapent Ethyl,Vascepa,1096245,407623687.15,241285.0,1514968.4000000004,44746199,2019
Olopatadine Hcl,Olopatadine Hcl,1087384,130506797.06999996,337779.0,1236624.9000000001,32188094,2019
Liraglutide,Victoza 2-Pak,1085898,1301267530.3300002,280161.0,1588022.2,46842604,2019
Ketorolac Tromethamine,Ketorolac Tromethamine,1065076,27960226.529999997,649299.0,1185801.2000000002,27722430,2019
Ofloxacin,Ofloxacin,1051097,21058814.840000004,769673.0,1095874.3,22184332,2019
Clotrimazole/Betamethasone Dip,Clotrimazole-Betamethasone,1045495,31372097.080000002,531742.0,1087314.7,21716243,2019
Sitagliptin Phos/Metformin Hcl,Janumet Xr,1028119,682248455.7199999,245026.0,1633422.3000000005,48144249,2019
Lithium Carbonate,Lithium Carbonate,1021571,12838994.85,200562.0,1223937.3999999997,34327175,2019
Umeclidinium Bromide,Incruse Ellipta,1021468,411126506.5100001,247809.0,1230108.1999999997,36361601,2019
Valsartan/Hydrochlorothiazide,Valsartan-Hydrochlorothiazide,1018435,46772433.29999998,284013.0,2305229.6,68887142,2019
Fluticasone/Umeclidin/Vilanter,Trelegy Ellipta,1002980,686838277.1999998,260104.0,1252024.8999999997,37416438,2019
Promethazine Hcl,Promethazine Hcl,999617,12013538.220000003,344842.0,1035906.9,15243759,2019
Calcitriol,Calcitriol,985990,28319475.240000002,268648.0,1839212.6000000008,53975826,2019
Oxcarbazepine,Oxcarbazepine,979946,65059748.97000001,205689.0,1221022.3999999997,34736377,2019
Sotalol Hcl,Sotalol,960514,28165661.049999997,261703.0,1929250.3999999997,57272027,2019
Sacubitril/Valsartan,Entresto,955107,674308944.2199997,221115.0,1382725.5,40282819,2019
Clobetasol Propionate,Clobetasol Propionate,952828,98552432.11999996,491323.0,1015728.7,24082737,2019
Primidone,Primidone,941397,26503853.060000002,227597.0,1499080.9000000001,43485482,2019
Metronidazole,Metronidazole,933286,50811496.6,624017.0,976723.8000000004,16244480,2019
"Sodium, Potassium,mag Sulfates",Suprep,908325,90756000.16,893998.0,921263.9999999999,1797705,2019
Doxycycline Monohydrate,Doxycycline Monohydrate,892392,21377938.15,676099.0,966995.7999999998,14208075,2019
Nortriptyline Hcl,Nortriptyline Hcl,885473,12983103.88,243700.0,1427865.9000000001,42111736,2019
Cefuroxime Axetil,Cefuroxime,858681,22267855.379999995,700880.0,865095.1000000003,7651192,2019
Ammonium Lactate,Ammonium Lactate,850479,21657407.429999996,343079.0,925179.1999999997,26001004,2019
Dorzolamide Hcl,Dorzolamide Hcl,848961,27708433.839999996,258304.0,1571447.5,46777315,2019
Gemfibrozil,Gemfibrozil,818074,16721759.879999997,208487.0,1538917.9,45542345,2019
Phenytoin Sodium Extended,Phenytoin Sodium Extended,805903,44097897.59999999,182848.0,1068306.5000000002,30042587,2019
Flecainide Acetate,Flecainide Acetate,797160,56278942.46,218657.0,1603887.8000000003,47642114,2019
Labetalol Hcl,Labetalol Hcl,791989,39654179.72,202323.0,1358721.3,39570577,2019
Ranolazine,Ranexa,777218,296788953.0900001,234510.0,1175518.5,34106503,2019
Dabigatran Etexilate Mesylate,Pradaxa,776004,437624136.0299999,200386.0,1274651.5999999999,36937921,2019
Doxepin Hcl,Doxepin Hcl,757875,64003768.00000001,193293.0,959669.7000000003,27813938,2019
"Peg3350/Sod Sulf,bicarb,cl/Kcl",Gavilyte-C,754449,12129771.490000004,728664.0,758860.0000000001,1429038,2019
Metoclopramide Hcl,Metoclopramide Hcl,754002,6872422.909999999,245995.0,891250.5999999996,22424193,2019
Methadone Hcl,Methadone Hcl,753918,15569361.35,149004.0,757208.8,20676706,2019
Hydroxyzine Pamoate,Hydroxyzine Pamoate,750746,8849496.740000002,223357.0,833528.8999999996,21994471,2019
Ticagrelor,Brilinta,742886,382333295.88,193469.0,1053834.9000000001,30561776,2019
Sevelamer Carbonate,Renvela,742871,548298646.11,201566.0,1025776.0999999996,28494323,2019
Lidocaine,Lidocaine,736430,104773743.57999995,226709.0,801938.9000000001,21607222,2019
Lurasidone Hcl,Latuda,733740,1019725793.7699999,133030.0,778516.1000000001,21405950,2019
Ziprasidone Hcl,Ziprasidone Hcl,711581,62675781.68,126052.0,833768.6,23604662,2019
Erythromycin Base,Erythromycin,710294,15365804.400000002,441262.0,731121.2000000001,9395726,2019
Raloxifene Hcl,Raloxifene Hcl,695528,81346484.26000002,171667.0,1314051.3999999994,39054098,2019
Hydromorphone Hcl,Hydromorphone Hcl,690454,23536914.360000007,186964.0,691818.8999999999,15719007,2019
Omega-3 Acid Ethyl Esters,Omega-3 Acid Ethyl Esters,690383,85838245.90000002,194332.0,1104773.0,32716144,2019
Haloperidol,Haloperidol,674321,25830581.009999994,126288.0,728760.8,19594129,2019
Prazosin Hcl,Prazosin Hcl,673590,23368389.730000004,147041.0,822644.2,23505508,2019
Dexamethasone,Dexamethasone,664909,13755221.019999998,345485.0,724493.4000000003,11761305,2019
Telmisartan,Telmisartan,648904,38205391.379999995,179340.0,1304177.2999999996,38953050,2019
Colchicine,Colchicine,633980,141265590.35999998,189789.0,798765.6,20299708,2019
Lansoprazole,Lansoprazole,632353,37435356.78,174233.0,1102017.8,32439013,2019
Neomycin/Polymyxin B/Dexametha,Neomycin-Polymyxin-Dexameth,629019,9537903.709999997,468004.0,643379.1000000001,9607223,2019
Letrozole,Letrozole,628510,16008633.449999997,167682.0,1240315.0999999996,36950228,2019
Lacosamide,Vimpat,614730,532106736.28,102427.0,679031.2999999999,17220603,2019
Cilostazol,Cilostazol,613864,13317574.540000001,164292.0,980392.1999999997,28834069,2019
Dutasteride,Dutasteride,613661,35612018.37,163150.0,1182132.9000000001,35147579,2019
Insulin Nph Hum/Reg Insulin Hm,Novolin 70-30,601246,220097577.99,153693.0,820438.3999999999,22394038,2019
Midodrine Hcl,Midodrine Hcl,595312,46743083.30000001,155260.0,751731.6000000001,20363795,2019
Metolazone,Metolazone,591639,23996251.169999987,169975.0,812083.9,20901105,2019
Solifenacin Succinate,Solifenacin Succinate,589313,219664811.20000002,174049.0,827317.5000000002,23145683,2019
Mometasone Furoate,Mometasone Furoate,587913,40580973.69,302472.0,681133.1,17235285,2019
Lipase/Protease/Amylase,Creon,585737,655990153.5500002,140331.0,675970.1999999998,18703802,2019
Olmesartan/Hydrochlorothiazide,Olmesartan-Hydrochlorothiazide,568685,35949084.02000001,155201.0,1116367.2,33297386,2019
Insulin Nph Human Isophane,Novolin N,565708,143156189.92999998,169617.0,1029184.9999999999,29452245,2019
Methocarbamol,Methocarbamol,559087,7913265.249999999,205722.0,610491.2999999999,15149308,2019
Methylphenidate Hcl,Methylphenidate Hcl,556125,43738489.279999994,142542.0,580712.0000000002,16908171,2019
Quinapril Hcl,Quinapril Hcl,553961,11106611.5,150521.0,1280336.3,38168982,2019
Fluocinonide,Fluocinonide,552031,51837267.86999999,299427.0,579120.9,14382435,2019
Bisoprolol Fumarate,Bisoprolol Fumarate,545009,20041503.6,152051.0,1136548.0000000002,33726087,2019
Alfuzosin Hcl,Alfuzosin Hcl Er,540390,14956922.509999996,158825.0,1112339.5,33193982,2019
Tolterodine Tartrate,Tolterodine Tartrate Er,540294,75059097.58,152664.0,767392.1,22003619,2019
Nabumetone,Nabumetone,523276,11754870.680000002,206990.0,671033.1,18090524,2019
Paliperidone Palmitate,Invega Sustenna,522884,1340823597.59,92727.0,583944.1,16408288,2019
Testosterone Cypionate,Testosterone Cypionate,521816,24626079.680000003,144130.0,853144.9999999999,24456263,2019
Moxifloxacin Hcl,Moxifloxacin,513523,24433163.15,341933.0,518447.4,8086236,2019
Methimazole,Methimazole,508664,6914124.879999998,137467.0,914061.3,26814811,2019
Lubiprostone,Amitiza,508581,188136982.05999994,124281.0,602265.3,15999844,2019
"Estrogens, Conjugated",Premarin,508216,164240345.88999996,184632.0,893645.9999999997,26390147,2019
"Insulin Regular, Human",Novolin R,484910,276719802.29999995,127711.0,653294.0999999999,16872136,2019
Butalb/Acetaminophen/Caffeine,Butalbital-Acetaminophen-Caffe,483009,28058286.239999995,122736.0,497216.80000000005,9526864,2019
Difluprednate,Durezol,478664,96218923.22,300109.0,537775.4999999999,13323359,2019
Betamethasone Dipropionate,Betamethasone Dipropionate,471924,34723381.22,243122.0,492296.99999999994,11139879,2019
Bisoprolol/Hydrochlorothiazide,Bisoprolol-Hydrochlorothiazide,461235,12491979.539999995,120982.0,1008333.4,30111213,2019
"Syringe-Needle,insulin,0.5 Ml",Insulin Syringe,448475,12635576.600000001,142075.0,750768.4,22132442,2019
Dapagliflozin Propanediol,Farxiga,445108,323343327.3099998,109483.0,669211.7999999999,19664762,2019
Mesalamine,Mesalamine,443234,336218146.15999997,115532.0,632491.4000000001,18198909,2019
Desvenlafaxine Succinate,Desvenlafaxine Succinate Er,442356,43520044.43000001,102516.0,590567.0000000001,17289883,2019
Vortioxetine Hydrobromide,Trintellix,440014,194392121.43,94890.0,513796.39999999997,14641399,2019
"Syringe And Needle,insulin,1ml",Insulin Syringe,439156,13141424.78,139621.0,726117.8,21314594,2019
Leflunomide,Leflunomide,437759,75223883.85000001,115991.0,757472.7000000001,22450217,2019
Sodium Chloride/Nahco3/Kcl/Peg,Gavilyte-N,437698,7228725.859999999,426288.0,440680.7,835983,2019
Rivastigmine,Rivastigmine,436463,148011072.70999998,105373.0,523956.19999999995,15114069,2019
Calcium Acetate,Calcium Acetate,433913,35619687.15,128930.0,617019.3,17559517,2019
Clotrimazole,Clotrimazole,428061,14932900.77,184293.0,447394.9999999999,9908768,2019
Irbesartan/Hydrochlorothiazide,Irbesartan-Hydrochlorothiazide,424649,14128768.919999998,116592.0,862506.7000000001,25796741,2019
Adalimumab,Humira,424600,2718132689.3799996,93062.0,455526.3000000001,12804103,2019
Budesonide,Budesonide,420368,137698113.65,107874.0,475260.39999999997,11605306,2019
Ibandronate Sodium,Ibandronate Sodium,415604,23494870.889999997,116211.0,804695.3999999998,23984368,2019
Memantine Hcl/Donepezil Hcl,Namzaric,409100,181401271.29999998,71853.0,479572.0000000001,11416416,2019
Liothyronine Sodium,Liothyronine Sodium,404942,22409993.16000001,107525.0,783963.9000000003,23255204,2019
Sulfasalazine,Sulfasalazine,404886,15732409.069999997,115155.0,674743.2000000001,19802743,2019
Diphenoxylate Hcl/Atropine,Diphenoxylate-Atropine,404085,14883506.970000003,147007.0,427070.4999999999,7965900,2019
Amantadine Hcl,Amantadine,403617,64212386.430000015,100088.0,533806.2000000002,15105814,2019
Nitrofurantoin Macrocrystal,Nitrofurantoin,394631,16340697.200000003,156739.0,513508.80000000005,12530171,2019
Phenobarbital,Phenobarbital,393111,15983690.329999998,87363.0,452798.6999999999,12655195,2019
Fluorouracil,Fluorouracil,387766,48638712.85,336571.0,403187.80000000005,9025720,2019
Semaglutide,Ozempic,387438,403954706.8,104157.0,528629.5000000001,15389735,2019
"Fenofibrate,micronized",Fenofibrate,386643,21836944.689999998,99764.0,685186.8,20253675,2019
"Diphth,pertuss(Acell),tet Vac",Boostrix Tdap,384236,23025458.049999997,382880.0,389160.0,1315351,2019
Prochlorperazine Maleate,Prochlorperazine Maleate,382880,5273388.010000002,233121.0,394077.8999999999,5068122,2019
Canagliflozin,Invokana,382495,290462782.00000006,101381.0,598579.6,17569388,2019
Methenamine Hippurate,Methenamine Hippurate,379304,34403477.62,96205.0,525987.5000000002,14723824,2019
Ciclopirox,Ciclopirox,372904,16512144.430000002,173029.0,399221.5999999998,11001743,2019
Penicillin V Potassium,Penicillin V Potassium,372332,2859200.1700000004,289334.0,378543.8000000001,3401163,2019
Oseltamivir Phosphate,Oseltamivir Phosphate,357748,29681212.709999993,320700.0,357776.8,2895129,2019
Hydroxyurea,Hydroxyurea,349624,13104362.870000001,80842.0,577997.2,17006475,2019
Tobramycin/Dexamethasone,Tobramycin-Dexamethasone,348047,35632116.95000002,251373.0,358781.69999999995,6298464,2019
Tamoxifen Citrate,Tamoxifen Citrate,341297,15780682.82,92585.0,691978.0,20607240,2019
Isosorbide Dinitrate,Isosorbide Dinitrate,340977,20976660.4,89017.0,470786.5,13116577,2019
Sildenafil Citrate,Viagra,338405,42819283.37999999,80447.0,392810.49999999994,10414580,2019
Insulin Aspart Prot/Insuln Asp,Novolog Mix 70-30,337352,328142092.58000004,87868.0,461672.7000000002,12514715,2019
Bictegrav/Emtricit/Tenofov Ala,Biktarvy,319240,1044749809.2999998,50547.0,334977.7,10001795,2019
Loperamide Hcl,Loperamide,309052,7713693.319999999,124293.0,325105.99999999994,5622884,2019
Clonidine,Clonidine,305415,45853345.32,80423.0,391281.00000000006,11036181,2019
Buprenorphine Hcl,Buprenorphine Hcl,305026,78158033.08000003,70216.0,307050.39999999997,7804066,2019
Carisoprodol,Carisoprodol,304928,4472964.140000001,74649.0,317553.9000000001,8905416,2019
Dolutegravir Sodium,Tivicay,304124,592951447.2399999,47286.0,317373.3999999999,9306693,2019
Tiotropium Br/Olodaterol Hcl,Stiolto Respimat,302400,152218671.71000004,78750.0,387436.09999999986,11586388,2019
Zonisamide,Zonisamide,301747,22439286.12999999,69188.0,422554.59999999986,12280452,2019
Exenatide Microspheres,Bydureon Bcise,300808,273546342.39,82098.0,383307.30000000005,11033345,2019
Azathioprine,Azathioprine,298673,19994604.979999993,74953.0,505274.2,14982503,2019
Brinzolamide,Azopt,297953,120752708.05000001,84931.0,512937.00000000006,15227356,2019
Mycophenolate Mofetil,Mycophenolate Mofetil,294674,40227596.629999995,72911.0,437093.4999999999,12885949,2019
Potassium Citrate,Potassium Citrate Er,294190,49168925.90000001,79500.0,491675.7000000002,14484223,2019
Tramadol Hcl/Acetaminophen,Tramadol Hcl-Acetaminophen,291889,5241258.770000001,119492.0,296262.49999999994,5405623,2019
Lenalidomide,Revlimid,289362,4391478251.18,52273.0,289462.7,7730961,2019
Eszopiclone,Eszopiclone,287114,14415224.049999997,82318.0,330381.30000000005,9719100,2019
Enoxaparin Sodium,Enoxaparin Sodium,285522,58940616.74999999,120485.0,288721.2,3658506,2019
Clindamycin Phosphate,Clindamycin Phosphate,285497,29497499.13,141446.0,300398.7,7740030,2019
Etanercept,Enbrel,284402,1685603567.9699996,52542.0,319363.59999999986,9005008,2019
Terbinafine Hcl,Terbinafine Hcl,283172,3389556.329999999,135830.0,383208.6000000001,10713278,2019
Evolocumab,Repatha Sureclick,281835,228621604.23000002,63222.0,314019.5999999999,8927845,2019
Brinzolamide/Brimonidine Tart,Simbrinza,279614,57727177.039999984,68989.0,400058.8000000001,11536836,2019
Ciclopirox Olamine,Ciclopirox,278570,11438190.530000001,139341.0,298869.9000000001,7669160,2019
Silver Sulfadiazine,Silver Sulfadiazine,277184,6344652.260000001,128516.0,286190.30000000005,5413329,2019
Paliperidone,Invega,274346,203806572.81,57993.0,285471.7,7550984,2019
Tacrolimus,Tacrolimus,274137,55940794.69999999,82379.0,380482.39999999997,10978809,2019
Dextromethorphan Hbr/Quinidine,Nuedexta,273641,183829775.24999997,41074.0,282393.9,4826786,2019
Candesartan Cilexetil,Candesartan Cilexetil,273593,29583680.34,76924.0,496240.99999999994,14751119,2019
Roflumilast,Daliresp,268504,117227148.13000001,62667.0,341720.0,9570318,2019
Ursodiol,Ursodiol,268239,76506622.96,69877.0,406787.5,11895752,2019
Pentoxifylline,Pentoxifylline,266740,6118673.460000002,69660.0,373498.4000000001,10918394,2019
Febuxostat,Uloric,266533,110216470.08000004,75202.0,376892.7999999999,10779286,2019
Bromfenac Sodium,Bromsite,265980,73119809.92000002,164957.0,323774.5,8693922,2019
Haloperidol Decanoate,Haloperidol Decanoate,265797,17964468.4,51299.0,272665.19999999995,7152545,2019
Betamethasone/Propylene Glyc,Betamethasone Diprop Augmented,265520,14850921.17,145428.0,279736.99999999994,6411035,2019
Fluvoxamine Maleate,Fluvoxamine Maleate,262879,11950988.649999997,55778.0,293847.0,8024135,2019
Atenolol/Chlorthalidone,Atenolol-Chlorthalidone,262356,9121247.16,72848.0,551275.7999999999,16463594,2019
Emtricitabine/Tenofov Alafenam,Descovy,261827,482439775.10999995,41879.0,274602.79999999993,8184406,2019
Loteprednol Etabonate,Lotemax,260892,65226036.430000015,128755.0,308563.99999999994,7493495,2019
Minocycline Hcl,Minocycline Hcl,259926,8252144.730000001,116495.0,313477.90000000014,7894929,2019
Fluorometholone,Fluorometholone,255221,21075244.840000007,124108.0,347490.60000000003,9021257,2019
Insulin Lispro Protamin/Lispro,Humalog Mix 75-25,254570,236654350.09999996,67456.0,345262.7,9382476,2019
Rizatriptan Benzoate,Rizatriptan,254477,9069464.83,73748.0,274395.0,6466449,2019
Megestrol Acetate,Megestrol Acetate,252625,14082362.100000001,80854.0,282953.69999999995,7352624,2019
Varenicline Tartrate,Chantix,251299,115895310.27,83998.0,271953.0999999999,7678780,2019
Dronedarone Hcl,Multaq,250418,232104716.8500001,61370.0,375322.00000000006,10821332,2019
Colestipol Hcl,Colestipol Hcl,250242,23114800.82,77172.0,362758.5999999999,10415725,2019
Naloxone Hcl,Narcan,249383,34544136.699999996,233767.0,252274.69999999995,2576177,2019
Rivastigmine Tartrate,Rivastigmine,249037,21638051.089999992,58119.0,302323.3,8218496,2019
Rifaximin,Xifaxan,245906,507665400.8,63403.0,256818.20000000004,6184819,2019
Indapamide,Indapamide,241197,4909064.179999998,67572.0,493358.0000000001,14685359,2019
Nepafenac,Ilevro,239100,71826070.04999998,147672.0,271518.29999999993,7087985,2019
Repaglinide,Repaglinide,239080,17613539.78,60959.0,406626.69999999995,11989852,2019
Felodipine,Felodipine Er,238769,8564899.790000003,65190.0,466534.19999999984,13841836,2019
Fludrocortisone Acetate,Fludrocortisone Acetate,237161,5858555.6899999995,66110.0,334778.3000000001,9479650,2019
Propafenone Hcl,Propafenone Hcl,230917,31972033.669999998,62297.0,398194.0000000001,11709660,2019
Fesoterodine Fumarate,Toviaz,228659,96837943.15,60010.0,305899.1,8632920,2019
Bicalutamide,Bicalutamide,227502,7370509.430000001,68752.0,360369.00000000006,10574880,2019
Testosterone,Testosterone,227341,108077349.70999995,63143.0,288288.60000000003,8440597,2019
Collagenase Clostridium Hist.,Santyl,227338,104737481.53000002,90966.0,231535.09999999998,3202697,2019
Medroxyprogesterone Acetate,Medroxyprogesterone Acetate,224641,5746619.710000001,61950.0,403431.4,11353151,2019
Gentamicin Sulfate,Gentamicin Sulfate,224191,12414055.590000002,131011.0,228780.60000000003,3573577,2019
Elviteg/Cob/Emtri/Tenof Alafen,Genvoya,220400,722619898.4800001,34472.0,232262.70000000004,6941801,2019
Abacavir/Dolutegravir/Lamivudi,Triumeq,219582,678210445.6700001,33984.0,231114.00000000003,6899657,2019
Vancomycin Hcl,Vancomycin Hcl,219509,82074418.89999998,67308.0,221738.50000000003,2104133,2019
Cholestyramine (With Sugar),Cholestyramine,218673,23454965.25,76865.0,280618.0,7852089,2019
Dofetilide,Dofetilide,217730,99782322.35,54534.0,369744.10000000003,10943543,2019
Tadalafil,Cialis,214658,200499860.78000003,54309.0,278356.4000000001,8253551,2019
Perphenazine,Perphenazine,214532,15547503.18,44095.0,237152.50000000003,6587595,2019
Trospium Chloride,Trospium Chloride,214380,23274455.419999998,71056.0,370642.2,10925292,2019
Vilazodone Hcl,Viibryd,212371,66484045.13000001,50968.0,247445.99999999994,7045271,2019
Folic Acid,Folic Acid,209920,581953.94,55070.0,358733.10000000003,10713985,2019
Polymyxin B Sulf/Trimethoprim,Polymyxin B Sul-Trimethoprim,207324,1957016.2400000007,168421.0,258381.1,6512279,2019
"Progesterone, Micronized",Progesterone,207221,15113092.499999998,56867.0,395281.5999999999,11745478,2019
Brexpiprazole,Rexulti,206853,248554997.45,43414.0,217150.19999999998,6203959,2019
Oxycodone Myristate,Xtampza Er,206617,102908093.50999998,52597.0,206692.59999999998,5782000,2019
Ceftriaxone Sodium,Ceftriaxone,200613,11247458.270000001,97081.0,200655.79999999996,907822,2019
Lidocaine/Prilocaine,Lidocaine-Prilocaine,200446,8419371.18,100105.0,209101.79999999996,4905082,2019
Valproic Acid (As Sodium Salt),Valproic Acid,199893,7974757.99,43016.0,203508.5,4633201,2019
Chlorpromazine Hcl,Chlorpromazine Hcl,198985,81961155.68999998,39596.0,208881.59999999995,5475642,2019
Alirocumab,Praluent Pen,196757,195986562.72000006,41734.0,214815.6000000001,6085115,2019
Etodolac,Etodolac,194920,10478194.469999999,81686.0,241476.90000000002,6403233,2019
Netarsudil Mesylate,Rhopressa,194835,66829000.99999999,52761.0,259727.80000000005,7056798,2019
Fluphenazine Hcl,Fluphenazine Hcl,192338,53455308.80999998,39651.0,205902.2,5549118,2019
Cariprazine Hcl,Vraylar,191309,233143972.01000005,41294.0,198746.59999999998,5592553,2019
Prasugrel Hcl,Prasugrel Hcl,191035,21045255.019999992,51967.0,327060.2,9768524,2019
Parenteral Amino Acid 20% No.1,Prosol,189261,33531666.65,13175.0,189262.4,1312471,2019
Ergocalciferol (Vitamin D2),Vitamin D2,188564,485319.15,46953.0,245816.29999999996,7208679,2019
Modafinil,Modafinil,188294,35510794.400000006,50888.0,223340.1,6508830,2019
Pitavastatin Calcium,Livalo,187516,88315845.77999999,49795.0,311947.4000000001,9275306,2019
Ibrutinib,Imbruvica,186018,2197196278.68,32226.0,187688.29999999993,5342956,2019
Glipizide/Metformin Hcl,Glipizide-Metformin,185155,13247695.27,48926.0,369304.3,11005478,2019
Buprenorphine,Buprenorphine,184514,77183419.80999999,56020.0,185896.0,5132381,2019
Denosumab,Prolia,180997,233644664.75999996,106572.0,974468.9000000003,29191417,2019
Trimethoprim,Trimethoprim,180785,2754458.1,57859.0,276991.19999999995,7858102,2019
Lifitegrast,Xiidra,175754,122694041.38000004,54490.0,236894.09999999995,7093752,2019
Theophylline Anhydrous,Theophylline Anhydrous,175446,18801343.449999996,50158.0,236899.6,6798068,2019
Pilocarpine Hcl,Pilocarpine Hcl,173456,19366885.830000006,55816.0,284542.7,8321668,2019
Besifloxacin Hcl,Besivance,170913,30034602.89999999,122704.0,180861.00000000003,4327954,2019
Glatiramer Acetate,Copaxone,169563,933942895.1400001,34879.0,180339.6,5030235,2019
"Thyroid,pork",Armour Thyroid,169560,8575440.879999999,47138.0,281546.30000000005,8312674,2019
Risperidone Microspheres,Risperdal Consta,169532,195327032.27,30054.0,170049.40000000002,3411972,2019
Trihexyphenidyl Hcl,Trihexyphenidyl Hcl,168111,1897617.3100000003,39142.0,196803.69999999992,5488836,2019
Rasagiline Mesylate,Rasagiline Mesylate,167515,86157991.91999999,39603.0,276382.0999999999,8002712,2019
Pyridostigmine Bromide,Pyridostigmine Bromide,167319,23148849.39,43192.0,247821.2,7126699,2019
Lidocaine Hcl,Lidocaine Hcl Viscous,165846,3079576.6099999994,91029.0,166954.90000000002,1474961,2019
0.9 % Sodium Chloride,Sodium Chloride,164826,3682292.080000001,55961.0,165620.2,993618,2019
Lisdexamfetamine Dimesylate,Vyvanse,164663,54723678.53000001,39894.0,170398.90000000002,5000888,2019
Exemestane,Exemestane,164519,49876204.43,41641.0,285415.5000000001,8484956,2019
"Pen Needle, Diabetic, Safety",Novofine Autocover,163931,11284232.32,37392.0,171140.90000000005,3662151,2019
Fluticasone Furoate,Arnuity Ellipta,163634,40503040.24999999,43259.0,201239.00000000003,6012297,2019
Cefadroxil,Cefadroxil,162579,1921569.9799999997,127630.0,168796.0,1806465,2019
Colesevelam Hcl,Colesevelam Hcl,162567,77479476.49000001,48674.0,226072.99999999994,6400260,2019
Galantamine Hbr,Galantamine Er,162380,15975734.49,41221.0,212729.40000000005,5904579,2019
Bethanechol Chloride,Bethanechol Chloride,159680,11066761.240000004,42517.0,197094.39999999997,5418947,2019
Acetazolamide,Acetazolamide,154045,15331963.74,58353.0,186773.99999999997,4609605,2019
Sulindac,Sulindac,151700,2683967.19,59488.0,191931.99999999997,5182366,2019
Polyethylene Glycol 3350,Polyethylene Glycol 3350,150870,3743399.5600000005,54996.0,156801.30000000002,4097930,2019
Halobetasol Propionate,Halobetasol Propionate,150761,20853634.04,65305.0,155688.3,3973502,2019
Niacin,Niacin Er,150728,18897778.320000004,44042.0,238276.6,6990257,2019
Hepatitis A Virus Vaccine/Pf,Havrix,149805,13213364.070000004,135572.0,151792.7,452384,2019
Saxagliptin Hcl,Onglyza,146874,83693673.38000001,41497.0,205498.09999999998,5863663,2019
Mometasone/Formoterol,Dulera,146090,60085613.95999998,42493.0,191101.5,5702197,2019
"Pen Needle,dual Safety,diabetc",Autoshield Duo Pen Needle,145652,10024861.269999996,36966.0,154073.30000000002,3580126,2019
Cinacalcet Hcl,Sensipar,144183,150005652.81000003,37109.0,160477.3,4442141,2019
Naloxegol Oxalate,Movantik,143646,51678168.28,39562.0,155848.40000000002,4231712,2019
Silodosin,Silodosin,142694,30151914.410000008,41180.0,242919.0000000001,7150284,2019
Suvorexant,Belsomra,140673,51818096.44000001,39036.0,149707.99999999997,4279963,2019
Benazepril/Hydrochlorothiazide,Benazepril-Hydrochlorothiazide,140074,8824847.699999997,41127.0,289596.7,8586179,2019
Neomycin/Polymyxin B/Hydrocort,Neomycin-Polymyxin-Hc,139772,9143099.729999997,108707.0,144451.3,2177493,2019
Telmisartan/Hydrochlorothiazid,Telmisartan-Hydrochlorothiazid,139037,18743504.160000004,40188.0,269913.10000000003,8069772,2019
Erenumab-Aooe,Aimovig Autoinjector,138756,95933446.98000003,31390.0,151576.30000000002,4450389,2019
Spironolact/Hydrochlorothiazid,Spironolactone-Hctz,138234,6768037.640000002,39995.0,273170.6,8103262,2019
Imipramine Hcl,Imipramine Hcl,135606,2900791.25,40152.0,181390.4,5267850,2019
Risedronate Sodium,Risedronate Sodium,134451,20329356.799999993,40129.0,228721.29999999996,6738962,2019
Naltrexone Hcl,Naltrexone Hcl,134048,6434450.249999999,36125.0,150760.10000000003,4231270,2019
Abiraterone Acetate,Abiraterone Acetate,133016,982875700.5400001,29598.0,135020.40000000002,4023730,2019
Darunavir Ethanolate,Prezista,132575,231417912.73999998,23099.0,138564.9,4031469,2019
Phenytoin,Phenytoin,131933,5273565.040000002,32152.0,139127.8,3341093,2019
Glycopyrrolate,Glycopyrrolate,130311,6412584.460000002,35627.0,142811.4,3701638,2019
Tofacitinib Citrate,Xeljanz Xr,130154,622710263.12,26182.0,142062.40000000002,4239237,2019
Palbociclib,Ibrance,129581,1575712718.0199997,25394.0,130010.80000000005,3563326,2019
Nateglinide,Nateglinide,127745,12730253.319999998,33911.0,214638.09999999995,6314027,2019
Desmopressin Acetate,Desmopressin Acetate,127663,10613102.91,35854.0,164211.4,4562897,2019
Nadolol,Nadolol,126751,13981453.930000002,38790.0,208872.40000000002,6151321,2019
Amlodipine Bes/Olmesartan Med,Amlodipine-Olmesartan,126354,13816167.410000002,33907.0,226119.6,6737791,2019
Raltegravir Potassium,Isentress,126200,206454881.94999993,23038.0,133940.30000000002,3937337,2019
Beclomethasone Dipropionate,Qvar Redihaler,124186,29520216.390000004,49820.0,179605.30000000005,5346587,2019
Ritonavir,Ritonavir,122027,20242037.039999995,23614.0,136086.3,4030712,2019
Betamethasone Valerate,Betamethasone Valerate,121610,5359357.829999997,63296.0,128444.59999999996,2806712,2019
Ciclesonide,Alvesco,120982,15325203.810000002,62110.0,214957.30000000005,6396860,2019
Clorazepate Dipotassium,Clorazepate Dipotassium,120068,12526941.310000002,34050.0,127541.70000000003,3593321,2019
Acarbose,Acarbose,120035,5640823.96,30678.0,193076.30000000002,5663825,2019
Amlodipine Besylate/Valsartan,Amlodipine-Valsartan,119969,7804872.290000001,34873.0,230565.60000000003,6871730,2019
Fosinopril Sodium,Fosinopril Sodium,119595,2264315.7100000004,35138.0,235302.59999999998,6970928,2019
Aspirin/Dipyridamole,Aspirin-Dipyridamole Er,118974,38775699.50000001,35652.0,145400.69999999998,4051948,2019
Darunavir/Cobicistat,Prezcobix,117040,239965886.82999998,20100.0,123129.4,3647770,2019
Tapentadol Hcl,Nucynta,114982,84422687.36000001,30293.0,115344.79999999999,3204700,2019
Minoxidil,Minoxidil,113700,2613546.9900000007,32173.0,178940.9,5198147,2019
Dimethyl Fumarate,Tecfidera,109718,990671860.5099999,19991.0,124020.1,3695748,2019
Eplerenone,Eplerenone,109578,14501222.270000001,30240.0,194397.1,5752348,2019
Fenofibric Acid (Choline),Fenofibric Acid,109031,13326140.950000001,31598.0,188460.80000000005,5577136,2019
"Calcitonin,salmon,synthetic",Calcitonin-Salmon,107788,8775402.949999996,32733.0,133038.30000000002,3945654,2019
Econazole Nitrate,Econazole Nitrate,107496,11619190.040000003,51133.0,114078.19999999997,2850923,2019
Calcipotriene,Calcipotriene,106743,41936445.97,43872.0,117022.79999999997,3137509,2019
Clarithromycin,Clarithromycin,105919,4096906.7199999997,82204.0,108080.49999999996,1406784,2019
Ezetimibe/Simvastatin,Ezetimibe-Simvastatin,104412,22024979.159999996,32415.0,203662.20000000007,6063710,2019
Teriparatide,Forteo,103691,388431714.52,23757.0,111740.50000000001,3192203,2019
Cyproheptadine Hcl,Cyproheptadine Hcl,103415,3503071.5400000005,29839.0,116511.1,3122572,2019
Atomoxetine Hcl,Atomoxetine Hcl,102925,19472710.75,27722.0,116192.50000000001,3326221,2019
Glyburide,Glyburide,102565,2147527.6900000004,31381.0,177479.4,5206138,2019
Tobramycin,Tobramycin,102136,3522030.8400000003,75627.0,104672.29999999999,1900413,2019
Entacapone,Entacapone,101951,22590883.980000008,25472.0,140541.1,3804515,2019
Oxymorphone Hcl,Oxymorphone Hcl Er,101883,34055544.26999999,23820.0,102095.80000000002,2893054,2019
"Diph,pertuss(Acell),tet Vac/Pf",Adacel Tdap,101635,6072018.890000001,101358.0,101819.0,352008,2019
Enzalutamide,Xtandi,100868,1136000263.74,22106.0,101914.7,3045298,2019
Dalfampridine,Dalfampridine Er,100323,146930850.32000002,19965.0,114176.49999999999,3418340,2019
Emtricitab/Rilpiviri/Tenof Ala,Odefsey,99385,297362645.84,16488.0,105396.5,3147077,2019
Haloperidol Lactate,Haloperidol Lactate,98061,1924646.8700000006,28070.0,101096.9,1889822,2019
Imiquimod,Imiquimod,96639,5490143.580000002,64120.0,113211.5,2797699,2019
Clobazam,Clobazam,95703,59827280.81,19665.0,103690.40000000002,2926444,2019
Linagliptin/Metformin Hcl,Jentadueto,94878,52212800.039999984,23280.0,126538.20000000003,3709096,2019
Ferric Citrate,Auryxia,93262,118251034.61999999,22763.0,111813.2,3215949,2019
Emtricitabine/Tenofovir (Tdf),Truvada,93125,171866761.44000003,21301.0,98417.00000000001,2919111,2019
Glycopyrrolate/Formoterol Fum,Bevespi Aerosphere,93078,39599700.14,26134.0,109115.59999999998,3240775,2019
Epoetin Alfa,Procrit,92561,129872705.08000001,22968.0,96746.70000000001,1936443,2019
Patiromer Calcium Sorbitex,Veltassa,92233,81094297.99,23635.0,107689.70000000003,3061712,2019
Pimavanserin Tartrate,Nuplazid,92092,248336332.52999997,18449.0,95297.5,2257795,2019
"Syring-Needl,disp,insul,0.3 Ml",Insulin Syringe,91576,2611048.1700000004,29581.0,135349.1,3962955,2019
Rabeprazole Sodium,Rabeprazole Sodium,88308,8608168.15,28338.0,139736.00000000006,4152157,2019
Imatinib Mesylate,Imatinib Mesylate,87501,361226844.3399999,22098.0,90835.8,2690344,2019
Clomipramine Hcl,Clomipramine Hcl,86750,33464726.099999998,22027.0,94269.9,2601004,2019
Ciprofloxacin Hcl/Dexameth,Ciprodex,85053,20928076.259999998,55325.0,86049.59999999998,1198229,2019
Asenapine Maleate,Saphris,83917,78063804.3,19986.0,89279.59999999999,2484541,2019
Zaleplon,Zaleplon,83154,2215154.37,25810.0,90633.0,2602202,2019
Cefpodoxime Proxetil,Cefpodoxime Proxetil,82830,5866792.229999999,69049.0,83490.59999999999,642791,2019
Tenofovir Disoproxil Fumarate,Tenofovir Disoproxil Fumarate,80974,16822120.029999997,19219.0,91515.60000000002,2721236,2019
Sucroferric Oxyhydroxide,Velphoro,78217,190850191.33000007,20819.0,98720.8,2914191,2019
Apremilast,Otezla,77332,276493639.75999993,19476.0,82879.19999999998,2447689,2019
Estazolam,Estazolam,77307,2652000.4299999992,15779.0,78234.99999999999,2317629,2019
Leucovorin Calcium,Leucovorin Calcium,75330,3057645.6299999994,19569.0,138891.0,4004147,2019
Balsalazide Disodium,Balsalazide Disodium,75327,14384952.529999997,19551.0,112881.19999999998,3301867,2019
Entecavir,Entecavir,75199,26655899.549999997,17970.0,97861.70000000003,2910783,2019
Rotigotine,Neupro,75014,63833151.44,18130.0,95065.79999999999,2782910,2019
Olmesartan/Amlodipin/Hcthiazid,Olmesartan-Amlodipine-Hctz,73360,13153761.860000001,19533.0,125714.00000000001,3750318,2019
Guanfacine Hcl,Guanfacine Hcl Er,72459,3457852.789999999,20005.0,85827.59999999998,2441319,2019
Teriflunomide,Aubagio,71940,621364854.56,13059.0,85061.90000000001,2464432,2019
Valganciclovir Hcl,Valganciclovir Hcl,71664,53549460.870000005,25189.0,75185.0,2204882,2019
Levobunolol Hcl,Levobunolol Hcl,70841,781524.3799999999,20819.0,142138.3,4154449,2019
Empagliflozin/Metformin Hcl,Synjardy Xr,70548,47966143.77,19392.0,102341.90000000001,3040504,2019
Eslicarbazepine Acetate,Aptiom,69557,82879167.80999999,12611.0,73935.0,1820755,2019
Gatifloxacin,Gatifloxacin,69536,5846209.289999999,47050.0,70281.9,1067461,2019
Ruxolitinib Phosphate,Jakafi,68668,901548025.8100003,15284.0,69626.9,2080279,2019
Carbidopa/Levodopa/Entacapone,Carbidopa-Levodopa-Entacapone,66983,19871745.03,15307.0,92303.7,2450054,2019
Omeprazole/Sodium Bicarbonate,Omeprazole-Sodium Bicarbonate,66567,120222736.87,17110.0,88135.80000000002,2621998,2019
Hydrocodone Bitartrate,Hysingla Er,66093,34539895.669999994,17420.0,66254.1,1873028,2019
Dexamethasone Sodium Phosphate,Dexamethasone Sodium Phosphate,65847,3042716.49,36530.0,74434.60000000002,1546881,2019
Tenofovir Alafenamide,Vemlidy,65757,81073557.01,11571.0,71849.19999999998,2151449,2019
Nintedanib Esylate,Ofev,65662,665434520.71,13149.0,66454.6,1989710,2019
Levalbuterol Tartrate,Levalbuterol Tartrate Hfa,65475,5054003.8900000015,22381.0,74000.20000000001,1866040,2019
Nystatin/Triamcin,Nystatin-Triamcinolone,65263,4311037.8599999985,28933.0,66745.6,1177984,2019
Loxapine Succinate,Loxapine,64417,3292286.8399999994,14499.0,69772.59999999999,1885038,2019
"Heparin Sodium,porcine",Heparin Sodium,63132,3328937.58,12420.0,63314.00000000001,635710,2019
Valbenazine Tosylate,Ingrezza,62607,413508829.5899999,14592.0,63330.89999999998,1837792,2019
Enalapril/Hydrochlorothiazide,Enalapril-Hydrochlorothiazide,62379,1291588.6100000003,18323.0,114131.20000000003,3388948,2019
Dorzolamide/Timolol/Pf,Cosopt Pf,62244,12179607.429999996,17900.0,87693.8,2580474,2019
Fluoride (Sodium),Sf 5000 Plus,61054,678580.0900000001,24503.0,72134.69999999998,1955870,2019
Desonide,Desonide,61020,10454862.440000001,34584.0,63479.900000000016,1407848,2019
Fluphenazine Decanoate,Fluphenazine Decanoate,60596,6714520.1499999985,13203.0,68536.9,1812419,2019
Tafluprost/Pf,Zioptan,60046,17579677.710000005,15546.0,83849.79999999997,2496565,2019
Armodafinil,Armodafinil,59988,10024789.89,17143.0,68584.1,2004875,2019
Dronabinol,Dronabinol,59632,15062719.799999999,17429.0,60427.09999999999,1536884,2019
Desloratadine,Desloratadine,58764,2780771.4499999997,20520.0,83138.09999999999,2413139,2019
Dupilumab,Dupixent,58070,186713157.47,14263.0,60077.2,1630534,2019
Valproic Acid,Valproic Acid,57807,2384375.52,17075.0,62136.2,1602529,2019
"Glucagon,human Recombinant",Glucagon Emergency Kit,57294,20682887.949999996,26160.0,58505.80000000001,329707,2019
Candesartan/Hydrochlorothiazid,Candesartan-Hydrochlorothiazid,56841,8552033.07,17481.0,97693.19999999997,2918149,2019
Insulin Glargine/Lixisenatide,Soliqua 100-33,56719,44814219.190000005,15433.0,81241.30000000002,2316508,2019
Azilsartan Medoxomil,Edarbi,56321,15868584.39,13867.0,79734.29999999999,2381922,2019
Permethrin,Permethrin,56320,4355448.100000002,33188.0,56617.9,386061,2019
Scopolamine,Transderm-Scop,55473,6340555.700000001,16002.0,55684.2,915115,2019
Interferon Beta-1a,Avonex Pen,54780,423536909.3299999,14404.0,59098.0,1669393,2019
Atropine Sulfate,Atropine Sulfate,54170,2710494.89,34085.0,69711.20000000001,1654565,2019
Pirfenidone,Esbriet,53988,506669073.81999993,11870.0,54955.899999999994,1644299,2019
Efavirenz/Emtricit/Tenofovr Df,Atripla,53906,163015228.64000002,11769.0,56600.8,1690840,2019
Tretinoin,Tretinoin,53572,6734910.320000001,23225.0,58722.80000000002,1548786,2019
Pomalidomide,Pomalyst,52779,908625874.0800004,13062.0,52798.3,1444983,2019
Dolutegravir/Rilpivirine,Juluca,52722,151195100.64000002,9498.0,55083.1,1641955,2019
Rifampin,Rifampin,52203,3073192.310000001,15288.0,62394.8,1730186,2019
Epinephrine,Epinephrine,52159,15531918.89,43577.0,55318.0,902635,2019
Naproxen Sodium,Naproxen Sodium,51792,14244932.790000003,24603.0,57828.69999999998,1416747,2019
Ertapenem Sodium,Ertapenem,51711,30543134.570000008,17255.0,51717.100000000006,275206,2019
Misoprostol,Misoprostol,51392,2847327.65,18025.0,61439.20000000002,1559655,2019
Triazolam,Triazolam,51188,3787699.6900000004,18368.0,54082.99999999999,1409805,2019
Secukinumab,Cosentyx Pen (2 Pens),51091,316328304.7499999,14146.0,53503.5,1508408,2019
Methotrexate Sodium/Pf,Methotrexate Sodium,51068,825426.6900000002,14941.0,75070.6,2124610,2019
Diclofenac Epolamine,Diclofenac Epolamine,50427,38457714.29,18733.0,61578.200000000004,1799860,2019
Ambrisentan,Letairis,50403,430083252.1499999,10173.0,51391.899999999994,1539051,2019
Pentosan Polysulfate Sodium,Elmiron,50381,49653706.26000001,13720.0,64898.5,1807208,2019
Chlordiazepoxide Hcl,Chlordiazepoxide Hcl,50029,461529.09,15100.0,51942.799999999996,1438723,2019
Indomethacin,Indomethacin,50022,951912.4599999997,19503.0,57921.500000000015,1317627,2019
Macitentan,Opsumit,49530,500795468.38,8342.0,50192.6,1503980,2019
Dextroamphetamine Sulfate,Dextroamphetamine Sulfate Er,48804,8729179.38,16138.0,50364.3,1468003,2019
Captopril,Captopril,48800,4410426.07,14545.0,69753.29999999999,2005946,2019
Dapsone,Dapsone,48776,4119009.969999999,14428.0,60620.799999999996,1768146,2019
Darunavir/Cob/Emtri/Tenof Alaf,Symtuza,48443,187016355.13,8704.0,49539.0,1478380,2019
Milnacipran Hcl,Savella,48430,21313639.13,15051.0,57369.39999999999,1650580,2019
Cromolyn Sodium,Cromolyn Sodium,48264,3787032.9299999992,19686.0,61518.700000000004,1682596,2019
Cholestyramine/Aspartame,Cholestyramine Light,48171,4911383.96,16912.0,56708.4,1535494,2019
Latanoprostene Bunod,Vyzulta,47575,16996427.16,14250.0,69128.3,1952095,2019
Fluocinolone Acetonide,Fluocinolone Acetonide,47506,7293338.980000003,24139.0,49936.60000000001,1282920,2019
Aripiprazole Lauroxil,Aristada,47248,116638337.96999998,10659.0,53394.199999999975,1536542,2019
"Estrogen,con/M-Progest Acet",Prempro,47148,11953311.58,15771.0,60936.2,1746299,2019
Deutetrabenazine,Austedo,47134,254676564.74000007,10055.0,47922.59999999999,1273781,2019
Abatacept,Orencia Clickject,47089,224258700.87000006,11314.0,50557.5,1417676,2019
Azilsartan Med/Chlorthalidone,Edarbyclor,46804,12472562.689999998,11342.0,64238.899999999994,1923092,2019
Morphine Sulfate/Naltrexone,Embeda,46335,22373441.250000004,11278.0,46366.399999999994,1320549,2019
Lamivudine,Lamivudine,46151,7014451.440000001,11614.0,53459.200000000004,1564365,2019
Chlorzoxazone,Chlorzoxazone,46099,20370515.93,15567.0,48960.30000000001,1329248,2019
Selegiline Hcl,Selegiline Hcl,45669,5688167.39,12437.0,76456.39999999998,2244569,2019
Immune Globul G/Gly/Iga Avg 46,Gamunex-C,45287,351807227.6399999,8129.0,45793.6,1109433,2019
Brivaracetam,Briviact,44562,57381641.68000001,8671.0,47171.5,1322827,2019
Hydrocodone/Ibuprofen,Hydrocodone-Ibuprofen,44391,2199954.4000000004,17101.0,44515.799999999996,1055767,2019
Etravirine,Intelence,43641,64007882.48000001,9152.0,46535.2,1386792,2019
Fingolimod Hcl,Gilenya,43537,387693721.38999987,8933.0,46978.99999999999,1394846,2019
Iloperidone,Fanapt,43280,56778483.73000001,9174.0,44544.80000000001,1152676,2019
Hepatitis A And B Vaccine/Pf,Twinrix,42664,5291878.050000001,27139.0,42938.0,110654,2019
Neomycin Sulfate,Neomycin Sulfate,42494,538600.1099999999,37979.0,42799.9,155163,2019
Cevimeline Hcl,Cevimeline Hcl,41836,9472078.999999998,12284.0,63100.09999999998,1848348,2019
Famciclovir,Famciclovir,41373,2341384.6599999997,16480.0,47773.799999999996,997051,2019
Abacavir Sulfate/Lamivudine,Abacavir-Lamivudine,41226,16525396.97,9076.0,45603.0,1346040,2019
Dapagliflozin/Metformin Hcl,Xigduo Xr,40653,26457460.049999993,10968.0,57645.80000000001,1710531,2019
Ethambutol Hcl,Ethambutol Hcl,40464,2274420.5599999996,10118.0,50360.19999999998,1453472,2019
Acebutolol Hcl,Acebutolol Hcl,40329,1506995.7200000004,11484.0,70163.1,2061422,2019
Cabergoline,Cabergoline,40068,5927218.999999998,10807.0,63988.9,1840094,2019
Meropenem,Meropenem,40027,10786445.559999999,10807.0,40031.8,185872,2019
Terconazole,Terconazole,39366,1337787.49,23509.0,39864.7,306703,2019
Ramelteon,Rozerem,38989,13234098.270000005,11268.0,41228.20000000001,1029299,2019
Levomilnacipran Hcl,Fetzima,38945,17112837.34,10690.0,43351.299999999996,1235754,2019
Azelastine/Fluticasone,Dymista,38535,8964777.92,12886.0,48468.5,1438567,2019
Cefepime Hcl,Cefepime Hcl,38403,7069118.010000001,11302.0,38412.899999999994,218030,2019
Galcanezumab-Gnlm,Emgality Pen,38320,26416276.68999999,9690.0,41289.30000000002,1208640,2019
Abaloparatide,Tymlos,38089,76673931.19000003,9119.0,41477.399999999994,1234986,2019
Mexiletine Hcl,Mexiletine Hcl,37425,5879190.549999999,10906.0,56369.400000000016,1639341,2019
Amiloride Hcl,Amiloride Hcl,37389,688235.1999999998,11271.0,59060.30000000001,1694911,2019
Bacitracin,Bacitracin,37271,3599516.18,23273.0,38115.5,499883,2019
Sodium Polystyrene Sulfonate,Sodium Polystyrene Sulfonate,37209,2006661.8699999999,13947.0,42975.499999999985,763936,2019
Salmeterol Xinafoate,Serevent Diskus,37201,17126741.949999996,12495.0,44172.5,1309830,2019
Mercaptopurine,Mercaptopurine,37117,4609472.46,9957.0,58836.3,1740861,2019
Bepotastine Besilate,Bepreve,36868,11198962.600000001,12167.0,45415.80000000001,1237456,2019
Saxagliptin Hcl/Metformin Hcl,Kombiglyze Xr,36762,19825941.009999994,10864.0,48910.69999999999,1437233,2019
Daptomycin,Daptomycin,36579,90309057.25999999,8957.0,36579.8,208405,2019
Dextrose 70 % In Water,Dextrose In Water,36284,1009020.1900000002,4209.0,36284.0,251803,2019
Alclometasone Dipropionate,Alclometasone Dipropionate,35966,2115196.2800000003,24577.0,37120.7,814367,2019
Immun Glob G(Igg)/Pro/Iga 0-50,Hizentra,35959,295246057.16999996,7021.0,36204.399999999994,896745,2019
Prednisolone,Prednisolone,35936,733582.7200000003,27649.0,36012.299999999996,280755,2019
Paricalcitol,Paricalcitol,35835,5881110.25,9054.0,57806.999999999985,1666409,2019
Diclofenac Potassium,Diclofenac Potassium,35768,4482236.129999999,18213.0,37970.9,926926,2019
Immun Glob G(Igg)/Gly/Iga Ov50,Gammagard Liquid,35492,318510226.93,6960.0,35847.90000000001,862119,2019
Interferon Beta-1a/Albumin,Rebif Rebidose,35116,284603797.58,9544.0,37187.39999999999,1010097,2019
Omalizumab,Xolair,35112,112434517.42,7970.0,36127.399999999994,996728,2019
Sodium Chloride Irrig Solution,Sodium Chloride,35010,607175.4000000001,11224.0,35965.8,552850,2019
Norgestimate-Ethinyl Estradiol,Femynor,34866,558930.3300000001,12996.0,36944.80000000002,1028250,2019
Naratriptan Hcl,Naratriptan Hcl,34532,1797533.8599999999,10272.0,36845.30000000002,888865,2019
Piroxicam,Piroxicam,34179,3789232.4300000006,11720.0,41226.49999999999,1200083,2019
Carvedilol Phosphate,Carvedilol Er,33831,10926316.37,11211.0,50564.200000000004,1475550,2019
Ampicillin Trihydrate,Ampicillin Trihydrate,33379,465666.8800000001,21391.0,34888.200000000004,406400,2019
Perampanel,Fycompa,33362,33209606.200000014,6861.0,35386.000000000015,977477,2019
Zafirlukast,Zafirlukast,33246,3445991.7600000002,10818.0,42805.600000000006,1247124,2019
Fluocinolone Acetonide Oil,Fluocinolone Acetonide Oil,32956,3575536.269999999,21695.0,39886.0,945684,2019
Abacavir Sulfate,Abacavir,32908,7552639.459999999,7637.0,36443.79999999999,1064730,2019
"Measles,mumps,rubella Vacc/Pf",M-M-R Ii Vaccine,32759,3105249.8100000005,30781.0,33110.0,93849,2019
Peg3350/Sod Sul/Nacl/Kcl/Asb/C,Moviprep,32169,3372437.930000001,31345.0,32219.399999999998,111434,2019
Canagliflozin/Metformin Hcl,Invokamet,32130,20579548.260000005,9954.0,44424.09999999999,1312652,2019
Desipramine Hcl,Desipramine Hcl,32074,3131369.77,10348.0,39707.299999999996,1147103,2019
Atazanavir Sulfate,Atazanavir Sulfate,32002,17636637.849999998,7549.0,33508.6,985349,2019
Atovaquone/Proguanil Hcl,Atovaquone-Proguanil Hcl,31950,2683464.82,29918.0,34091.50000000001,738069,2019
Oxazepam,Oxazepam,31598,2067657.8700000003,10424.0,32664.100000000002,910455,2019
Ivermectin,Soolantra,31538,2760317.2799999993,20557.0,32024.600000000002,283985,2019
Dutasteride/Tamsulosin Hcl,Dutasteride-Tamsulosin,31515,5787814.59,9590.0,54822.79999999999,1630408,2019
Plecanatide,Trulance,31207,15791143.700000001,9224.0,37674.0,1126153,2019
"Cyclosporine, Modified",Cyclosporine Modified,31051,5834247.3,8382.0,42613.50000000001,1251599,2019
Flunisolide,Flunisolide,30993,2058309.81,11667.0,37788.600000000006,1083537,2019
Piperacillin Sodium/Tazobactam,Piperacillin-Tazobactam,30983,6118816.130000004,9264.0,30984.600000000002,142261,2019
Methazolamide,Methazolamide,30754,11628651.360000003,8788.0,41086.4,1143472,2019
Empagliflozin/Linagliptin,Glyxambi,30644,23338870.109999996,8878.0,43200.8,1277425,2019
Levocarnitine,Levocarnitine,30607,2914475.1899999995,7404.0,33425.200000000004,827368,2019
Desoximetasone,Desoximetasone,29694,3991395.6300000004,13822.0,31237.400000000005,765808,2019
Osimertinib Mesylate,Tagrisso,29511,457955540.32999986,6933.0,29713.2,885411,2019
Calcifediol,Rayaldee,29423,39290315.02999999,5959.0,33873.799999999996,1002549,2019
Fat Emulsions,Intralipid,29259,7398668.789999998,3610.0,29259.0,203602,2019
Fremanezumab-Vfrm,Ajovy Syringe,28894,19170511.11,6869.0,32466.800000000007,960639,2019
Cefprozil,Cefprozil,28750,999215.47,23458.0,28775.699999999997,277504,2019
Dantrolene Sodium,Dantrolene Sodium,28585,2591979.33,8177.0,30313.800000000003,776992,2019
Alpha-1-Proteinase Inhibitor,Prolastin C,28516,284529402.9100001,8002.0,28519.899999999998,752880,2019
Onabotulinumtoxina,Botox,28495,38195930.72000001,10489.0,76157.0,2272436,2019
Sodium Polystyrene Sulfon/Sorb,Sps,28256,1322365.5699999998,11808.0,29077.3,265915,2019
Riociguat,Adempas,27964,289685595.1700001,4849.0,28003.8,819741,2019
Tocilizumab,Actemra,27276,96249451.78999999,6514.0,29413.1,821601,2019
Cefazolin Sodium,Cefazolin Sodium,27275,1605929.7999999996,7074.0,27278.7,174013,2019
Aclidinium Bromide,Tudorza Pressair,26822,12886010.99,8306.0,34188.5,1004330,2019
Acetic Acid,Acetic Acid,26636,481156.2700000002,8873.0,27524.50000000001,346583,2019
Acitretin,Acitretin,26246,12809400.949999997,7276.0,28138.799999999996,816822,2019
Oxiconazole Nitrate,Oxiconazole Nitrate,26189,21863802.020000003,9949.0,26899.800000000003,768710,2019
Bromocriptine Mesylate,Bromocriptine Mesylate,26076,6768314.73,7862.0,30907.199999999997,824686,2019
Pioglitazone Hcl/Metformin Hcl,Pioglitazone-Metformin,25735,4235838.250000001,8013.0,46520.900000000016,1388472,2019
Insulin Degludec/Liraglutide,Xultophy 100-3.6,25706,27087455.760000005,7090.0,37295.4,1077676,2019
Trandolapril,Trandolapril,25484,663126.98,8074.0,47256.8,1400966,2019
Butorphanol Tartrate,Butorphanol Tartrate,25466,2305763.45,6535.0,25592.6,496331,2019
Glyburide/Metformin Hcl,Glyburide-Metformin Hcl,25147,422533.3799999999,7961.0,41199.00000000001,1224436,2019
"Pnv,calcium 72/Iron/Folic Acid",Preplus,25047,206827.5199999999,7308.0,28401.800000000003,786080,2019
Pindolol,Pindolol,24938,1589212.97,6800.0,33634.799999999996,961453,2019
Hydrocortisone Valerate,Hydrocortisone Valerate,24799,2837627.67,12116.0,25886.3,605074,2019
Mycophenolate Sodium,Mycophenolic Acid,24721,13602329.209999995,6639.0,33031.3,974985,2019
Diphenhydramine Hcl,Diphenhydramine Hcl,24233,716379.97,6856.0,24709.599999999995,322412,2019
Rufinamide,Banzel,24133,82372907.77999997,5442.0,24562.699999999993,657244,2019
Amlodipine/Atorvastatin,Amlodipine-Atorvastatin,24073,5538946.140000001,8013.0,41943.2,1240038,2019
Benzonatate,Benzonatate,23880,169282.74,17852.0,23910.199999999997,223815,2019
Butalbital/Aspirin/Caffeine,Butalbital-Aspirin-Caffeine,23675,1760860.3499999999,8081.0,23907.800000000003,459112,2019
Atovaquone,Atovaquone,23565,21221158.399999995,6574.0,24402.3,650310,2019
Butalbit/Acetamin/Caff/Codeine,Butalb-Caff-Acetaminoph-Codein,23559,2483377.45,7554.0,23637.0,490644,2019
Orphenadrine Citrate,Orphenadrine Citrate Er,23384,820671.14,10147.0,25324.499999999996,632176,2019
Alogliptin Benzoate,Alogliptin,23356,4525929.349999999,6210.0,26423.3,766331,2019
Quinapril/Hydrochlorothiazide,Quinapril-Hydrochlorothiazide,23343,995226.5600000002,7567.0,46420.9,1384114,2019
Riluzole,Riluzole,23142,6052083.22,5948.0,32915.2,957424,2019
Venetoclax,Venclexta,22918,203860704.5899999,6250.0,23035.5,664682,2019
Isosorbide Dinit/Hydralazine,Bidil,22407,7723072.42,6288.0,28314.800000000007,770287,2019
Darifenacin Hydrobromide,Darifenacin Er,21934,4810541.61,7261.0,27979.9,804449,2019
Parenteral Amino Acid 15% No.5,Clinisol,21933,3461966.9899999998,2440.0,21933.0,148878,2019
Selenium Sulfide,Selenium Sulfide,21775,297494.25999999995,9798.0,23166.799999999996,579454,2019
Efavirenz,Efavirenz,21742,15845211.700000003,6078.0,23056.7,683330,2019
Metaxalone,Metaxalone,21733,3795444.320000001,7666.0,23349.000000000007,620006,2019
Dasatinib,Sprycel,21467,230125436.11999997,6437.0,21878.900000000005,648822,2019
Sofosbuvir/Velpatasvir,Epclusa,21455,490428195.3500001,7280.0,21495.699999999997,597724,2019
Thioridazine Hcl,Thioridazine Hcl,21293,1285024.3500000006,5871.0,22205.5,564169,2019
Certolizumab Pegol,Cimzia,21077,110419809.89000002,5711.0,22609.59999999999,636953,2019
Probenecid,Probenecid,20972,1051089.66,6894.0,30665.200000000004,880600,2019
Maraviroc,Selzentry,20965,37139160.379999995,4832.0,21996.6,647008,2019
Propylthiouracil,Propylthiouracil,20874,1119740.8299999998,6333.0,27107.6,748309,2019
Dexmethylphenidate Hcl,Dexmethylphenidate Hcl Er,20480,2957619.6,6818.0,20945.100000000006,612959,2019
Ixazomib Citrate,Ninlaro,20299,211863539.89000005,5036.0,20357.7,560496,2019
Felbamate,Felbamate,20248,15640699.989999996,5287.0,22885.599999999995,636488,2019
Methotrexate/Pf,Otrexup,20060,12527581.919999996,4950.0,22941.900000000005,646949,2019
Levalbuterol Hcl,Levalbuterol Hcl,19817,1551835.609999999,4512.0,19834.5,179681,2019
Eletriptan Hydrobromide,Eletriptan Hbr,19780,3652819.89,6258.0,20653.099999999995,425905,2019
Rilpivirine Hcl,Edurant,19710,23473722.520000007,4548.0,20823.3,613682,2019
Midazolam Hcl/Pf,Midazolam Hcl,19670,62030.82,17601.0,19670.0,23278,2019
Probenecid/Colchicine,Probenecid-Colchicine,19656,822060.3599999998,6220.0,29109.9,841043,2019
Somatropin,Genotropin,19589,117583401.07999998,4899.0,21249.6,574472,2019
Estradiol/Norethindrone Acet,Combipatch,19504,2364955.7700000005,6551.0,26643.399999999994,768309,2019
Ivabradine Hcl,Corlanor,19225,9965016.4,5217.0,24450.300000000003,697134,2019
Eltrombopag Olamine,Promacta,19093,178851370.54999998,5529.0,19582.500000000004,579509,2019
Sirolimus,Sirolimus,18714,13500771.899999995,4746.0,27202.199999999993,800081,2019
Selexipag,Uptravi,18622,346599292.3999999,3257.0,18679.800000000003,542585,2019
Netarsudil Mesylat/Latanoprost,Rocklatan,18589,6846339.080000001,7023.0,23776.599999999995,631318,2019
Gabapentin Enacarbil,Horizant,18562,12962245.709999997,5061.0,21494.0,630567,2019
Anagrelide Hcl,Anagrelide Hcl,18442,4696693.980000001,5186.0,25199.800000000007,714928,2019
Norethindrone-E.Estradiol-Iron,Blisovi Fe,18168,516802.0200000001,6765.0,19560.69999999999,539664,2019
Isoniazid,Isoniazid,18100,145884.34999999995,5485.0,22171.5,635564,2019
Zolmitriptan,Zolmitriptan Odt,18082,4602057.9399999995,6192.0,18821.100000000002,399151,2019
Methylnaltrexone Bromide,Relistor,17973,30744658.650000006,5614.0,18886.100000000002,502623,2019
Sod Picosulf/Mag Ox/Citric Ac,Clenpiq,17940,2544163.6800000006,17699.0,18054.600000000002,61391,2019
Norethindrone Acetate,Norethindrone Acetate,17782,1086335.4500000004,5516.0,23953.30000000001,679631,2019
Amlodipine/Valsartan/Hcthiazid,Amlodipine-Valsartan-Hctz,17745,2485493.1,5743.0,30654.500000000004,912302,2019
Voriconazole,Voriconazole,17651,23342748.410000004,6515.0,18176.199999999997,518845,2019
Nilotinib Hcl,Tasigna,17334,201347857.66000003,5381.0,17676.0,492682,2019
Everolimus,Zortress,17326,221692665.23,5108.0,18146.3,514239,2019
Interferon Beta-1b,Betaseron,17090,131124938.73999996,4862.0,17693.3,486282,2019
Tiagabine Hcl,Tiagabine Hcl,17090,7982490.360000001,5049.0,18083.200000000004,468802,2019
Acetylcysteine,Acetylcysteine,16947,1094141.3199999998,3888.0,16956.4,147225,2019
Dextrose 5 %-0.45 % Sod Chlord,Dextrose 5%-0.45% Nacl,16897,353835.43999999994,7508.0,16914.9,53913,2019
Epinastine Hcl,Epinastine Hcl,16708,1028506.84,6276.0,20047.800000000003,520042,2019
Lanthanum Carbonate,Lanthanum Carbonate,16670,22676158.34,4983.0,20913.200000000004,595697,2019
Eluxadoline,Viberzi,16663,20497581.130000003,5443.0,18395.3,513555,2019
Nevirapine,Nevirapine Er,16641,3540959.740000001,4485.0,19751.3,585139,2019
Tetrabenazine,Tetrabenazine,16601,67289218.61999999,4428.0,17009.7,454353,2019
Sodium Oxybate,Xyrem,16515,214000549.05999997,4131.0,16531.0,479928,2019
Betaxolol Hcl,Betaxolol Hcl,16263,2556718.1399999997,4977.0,27668.700000000008,811430,2019
Nefazodone Hcl,Nefazodone Hcl,16091,2286312.4699999997,5487.0,19138.100000000002,554191,2019
Fosfomycin Tromethamine,Monurol,16041,4298760.9799999995,6054.0,17046.399999999998,248627,2019
"Sub-Q Insulin Device, 40 Unit",V-Go 40,15918,7330679.000000002,4000.0,19137.199999999997,571407,2019
Darbepoetin Alfa In Polysorbat,Aranesp,15714,28270413.389999993,4087.0,16186.900000000003,298242,2019
Norethindrone Ac-Eth Estradiol,Microgestin,15514,606227.05,5486.0,17368.5,431016,2019
Exenatide,Byetta,15483,13674138.680000003,5611.0,18719.699999999997,558970,2019
Golimumab,Simponi,15223,86593722.94999997,4199.0,16922.3,490345,2019
Dicloxacillin Sodium,Dicloxacillin Sodium,15113,572819.77,9901.0,16273.100000000002,238074,2019
Ustekinumab,Stelara,14944,308892657.71000004,4092.0,27001.0,800519,2019
Glecaprevir/Pibrentasvir,Mavyret,14862,201074455.23000008,5835.0,14901.299999999996,416163,2019
Cannabidiol (Cbd),Epidiolex,14775,46222248.60000001,3051.0,14989.800000000003,437880,2019
Levonorgestrel/Ethin.Estradiol,Levonorgestrel-Eth Estradiol,14745,274387.05,5597.0,15443.500000000002,421322,2019
Mupirocin Calcium,Mupirocin,14651,6954957.39,6783.0,14840.300000000001,253105,2019
Treprostinil Diolamine,Orenitram Er,14634,109795411.88000004,1946.0,14655.9,407559,2019
Norethindrone-Ethin. Estradiol,Dasetta,14577,310228.57999999996,5325.0,14962.9,401067,2019
Amiloride/Hydrochlorothiazide,Amiloride-Hydrochlorothiazide,14450,327498.92000000004,4631.0,26813.600000000002,796401,2019
Sodium Chloride 0.45 %,Sodium Chloride,14383,335538.46,5108.0,14404.099999999999,55968,2019
Codeine/Butalbital/Asa/Caffein,Butalbital Compound-Codeine,14376,2337232.1000000006,5090.0,14404.599999999999,309510,2019
Arformoterol Tartrate,Brovana,14271,8516096.319999997,3774.0,14277.000000000002,240982,2019
Efinaconazole,Jublia,14219,13358068.290000005,4520.0,15686.999999999998,457341,2019
Ondansetron Hcl/Pf,Ondansetron Hcl,14191,178162.35000000003,4693.0,14223.199999999999,152731,2019
Belimumab,Benlysta,14131,51177669.73000001,3143.0,14446.699999999999,404215,2019
Fluocinolone/Shower Cap,Fluocinolone Acetonide,13833,1620563.56,6532.0,14837.399999999998,387523,2019
Norethindrone,Norethindrone,13737,261047.0,5106.0,16171.5,458916,2019
"Syrge-Ndl,ins 0.3 Ml Half Mark",Veo Insulin Syringe,13706,270387.95,4947.0,28022.600000000002,832709,2019
Elviteg/Cob/Emtri/Tenofo Disop,Stribild,13451,45659611.04,3536.0,13943.0,416149,2019
Droxidopa,Northera,13403,141167234.04,3510.0,14312.199999999999,421242,2019
Bacitracin/Polymyxin B Sulfate,Bacitracin-Polymyxin,13244,216562.35,9459.0,13357.600000000004,159484,2019
Ixekizumab,Taltz Autoinjector,13170,79043712.34,3995.0,13576.9,381222,2019
Metoprolol/Hydrochlorothiazide,Metoprolol-Hydrochlorothiazide,12883,647320.5000000001,4335.0,19029.8,554324,2019
Diclofenac Sodium/Misoprostol,Diclofenac Sodium-Misoprostol,12867,2015320.9699999993,4764.0,15726.300000000001,451059,2019
Typhoid Vi Polysacch Vaccine,Typhim Vi,12437,1323940.1500000001,12420.0,12543.0,38947,2019
Cabozantinib S-Malate,Cabometyx,12429,234867649.67000005,3339.0,12485.5,369462,2019
Lopinavir/Ritonavir,Lopinavir-Ritonavir,12411,12901686.299999995,3499.0,12786.1,372240,2019
Itraconazole,Itraconazole,12369,5023701.210000001,3657.0,14760.299999999997,406379,2019
Flurbiprofen Sodium,Flurbiprofen Sodium,12278,391768.8500000001,6152.0,12803.800000000001,225465,2019
Apalutamide,Erleada,12265,147360732.18,3216.0,12443.3,372912,2019
Flurbiprofen,Flurbiprofen,12243,334436.24999999994,5969.0,14907.3,352593,2019
Cyclopentolate Hcl,Cyclopentolate Hcl,12238,139891.96,9338.0,14021.4,266595,2019
Naltrexone Microspheres,Vivitrol,12209,16436737.240000002,3719.0,12224.6,343704,2019
Leuprolide Acetate,Lupron Depot,12165,42777404.22000001,3971.0,27116.899999999998,804542,2019
Nicotine,Nicotrol,12159,6447708.780000001,4311.0,12468.900000000001,275074,2019
Lidocaine Hcl/Pf,Lidocaine Hcl,11946,148204.97999999998,7713.0,11955.8,49335,2019
Emtricita/Rilpivirine/Tenof Df,Complera,11646,33781147.47,3109.0,11975.400000000001,356201,2019
Carteolol Hcl,Carteolol Hcl,11599,260573.33000000007,3502.0,20435.999999999996,592343,2019
Insulin Pump Cartridge,Omnipod,11451,14835431.870000003,3773.0,23519.5,700385,2019
Acamprosate Calcium,Acamprosate Calcium,11430,1688813.2500000007,4169.0,12155.8,324491,2019
Hydrocortisone Butyrate,Hydrocortisone Butyrate,11260,5184909.930000002,4767.0,11460.300000000001,289593,2019
Tetanus-Diphtheria Toxoids/Pf,Tenivac,10793,508887.1799999999,10755.0,10857.0,65471,2019
Sulfacetamide Sodium,Sulfacetamide Sodium,10720,693623.84,6624.0,12917.3,317013,2019
Pazopanib Hcl,Votrient,10705,107932104.41,3199.0,10782.8,315266,2019
Trifluoperazine Hcl,Trifluoperazine Hcl,10656,629885.5000000002,3376.0,11991.800000000001,337788,2019
"Sub-Q Insulin Device, 20 Unit",V-Go 20,10626,4806473.2299999995,2934.0,12597.099999999999,375138,2019
Lamivudine/Zidovudine,Lamivudine-Zidovudine,10379,2936286.8300000005,3076.0,11617.900000000001,343947,2019
Diflorasone Diacetate,Diflorasone Diacetate,10346,15716328.29,4256.0,10483.199999999999,295962,2019
Naldemedine Tosylate,Symproic,10276,3508448.389999999,3143.0,10873.8,308151,2019
Diflunisal,Diflunisal,10272,843366.1999999998,4562.0,13028.0,325868,2019
"Water For Irrigation,sterile",Water,10189,236310.62000000002,2594.0,10279.100000000002,147762,2019
Aliskiren Hemifumarate,Tekturna,10185,2855165.17,3436.0,13037.500000000002,370953,2019
Dipyridamole,Dipyridamole,10022,648901.6100000001,3485.0,11448.1,315836,2019
Abemaciclib,Verzenio,9837,114470347.10999995,2775.0,9862.6,273393,2019
Demeclocycline Hcl,Demeclocycline Hcl,9745,3571974.7599999993,3062.0,10132.8,253630,2019
Pimecrolimus,Pimecrolimus,9742,5007470.35,4641.0,10398.399999999998,271492,2019
"Sub-Q Insulin Device, 30 Unit",V-Go 30,9727,4426904.71,2758.0,11578.0,345327,2019
Nizatidine,Nizatidine,9721,438574.91,3358.0,13826.500000000002,402535,2019
Moexipril Hcl,Moexipril Hcl,9589,444500.7200000001,3334.0,14223.399999999998,415445,2019
Atazanavir Sulfate/Cobicistat,Evotaz,9550,15863592.209999999,2306.0,9755.0,289017,2019
Deferasirox,Jadenu,9532,105794785.66000001,2717.0,9636.3,286172,2019
Emtricitabine,Emtriva,9446,4221149.800000002,2769.0,10167.3,293941,2019
Carbidopa,Carbidopa,9445,7496241.719999999,2690.0,12618.0,352144,2019
Insulin Aspart (Niacinamide),Fiasp Flextouch,9418,8295815.499999999,2899.0,14047.900000000003,392581,2019
Filgrastim-Sndz,Zarxio,9276,19383077.259999994,3045.0,9312.999999999996,105050,2019
Timolol Maleate/Pf,Timoptic Ocudose,9245,5657324.27,2704.0,13588.7,409164,2019
Glycopyrrolate/Neb.Accessories,Lonhala Magnair Refill,9217,11272010.37,2438.0,9697.0,289977,2019
Sumatriptan,Sumatriptan,9188,3049103.14,3121.0,9507.3,227732,2019
Olaparib,Lynparza,9054,116800268.86999997,2579.0,9102.3,269561,2019
Formoterol Fumarate,Perforomist,8922,5587212.869999998,2283.0,8932.899999999998,160620,2019
Ampicillin Sodium,Ampicillin Sodium,8797,1557533.8500000003,2555.0,8797.0,25103,2019
Mepolizumab,Nucala,8780,29021870.12,2491.0,8928.599999999999,251694,2019
Norgestrel-Ethinyl Estradiol,Cryselle,8774,178808.61,3170.0,9169.8,249556,2019
Oxaprozin,Oxaprozin,8591,967584.4000000003,3017.0,10498.000000000002,304915,2019
Midazolam Hcl,Midazolam Hcl,8375,33324.68,7365.0,8375.0,12406,2019
Hyoscyamine Sulfate,Hyoscyamine Sulfate,8306,302065.9600000001,3021.0,8673.4,168510,2019
"Syringe With Needle, Insulin",Monoject Insulin Safety Syrng,8299,274408.8800000001,1917.0,8476.3,224613,2019
Phenazopyridine Hcl,Phenazopyridine Hcl,8292,153917.39999999997,5558.0,8309.099999999999,53217,2019
Ethosuximide,Ethosuximide,8123,1157072.4699999997,2840.0,8684.9,242528,2019
Infliximab,Remicade,8122,53021806.81000001,1876.0,9544.800000000003,274982,2019
Pegfilgrastim,Neulasta,8103,60410757.31999999,2185.0,8153.3,174490,2019
Ibuprofen/Famotidine,Duexis,7996,20190029.339999992,2370.0,8782.0,259778,2019
Sarilumab,Kevzara,7855,27981186.309999995,2024.0,8133.5999999999985,228802,2019
Erythromycin Base In Ethanol,Erythromycin,7854,1360747.8600000006,3600.0,8134.8,209037,2019
Dextrose 5 % In Water,Dextrose In Water,7825,138772.09999999998,2420.0,7834.400000000001,81770,2019
Fondaparinux Sodium,Fondaparinux Sodium,7723,10139592.450000005,2519.0,7827.899999999999,167533,2019
Aflibercept,Eylea,7685,19147541.62,1946.0,8035.399999999998,228249,2019
Linezolid,Linezolid,7587,2832047.1900000004,4695.0,7627.0,96654,2019
Cetirizine Hcl,Cetirizine Hcl,7543,111436.85999999997,3386.0,7820.100000000001,185190,2019
"Ringer's Solution,lactated",Lactated Ringers,7473,226364.67999999993,1628.0,7476.699999999999,55188,2019
Pentazocine Hcl/Naloxone Hcl,Pentazocine-Naloxone Hcl,7418,1260024.5100000002,2332.0,7447.3,178100,2019
Desmopressin (Nonrefrigerated),Desmopressin Acetate,7300,1591065.1400000001,2535.0,8185.899999999998,197776,2019
Dihydroergotamine Mesylate,Dihydroergotamine Mesylate,7268,21371689.320000004,2093.0,7534.900000000001,210814,2019
Azelaic Acid,Azelaic Acid,7253,1787207.45,3251.0,8057.3,219160,2019
Ledipasvir/Sofosbuvir,Harvoni,7221,231206856.03999993,2604.0,7229.1,202268,2019
Obeticholic Acid,Ocaliva,7080,48209974.999999985,2120.0,7401.0,220732,2019
Citric Ac/Gluconolact/Mag Carb,Renacidin,6981,1239237.8699999996,1766.0,7161.0,122135,2019
Thiothixene,Thiothixene,6908,634036.4699999999,2256.0,7770.0,208664,2019
Levorphanol Tartrate,Levorphanol Tartrate,6881,30346758.82,1657.0,6887.8,194935,2019
Tobramycin Sulfate,Tobramycin Sulfate,6825,11441113.02,2739.0,6912.999999999999,123462,2019
Codeine Sulfate,Codeine Sulfate,6797,485909.36000000004,2422.0,6821.8,166352,2019
Levocarnitine (With Sugar),Levocarnitine,6667,803518.6300000001,1875.0,6884.300000000002,153867,2019
Corticotropin,Acthar,6660,387711557.63000005,1719.0,7008.6,167824,2019
Nisoldipine,Nisoldipine,6566,1642297.2099999995,2199.0,9116.9,267949,2019
Tranylcypromine Sulfate,Tranylcypromine Sulfate,6453,2504957.7399999998,2112.0,7178.9,199011,2019
Bosentan,Bosentan,6409,68853738.16,1663.0,6409.0,191204,2019
Epoetin Alfa-Epbx,Retacrit,6409,3253546.0599999996,1895.0,6494.999999999999,114200,2019
Desogestrel-Ethinyl Estradiol,Apri,6393,124936.64,2405.0,6811.5999999999985,185762,2019
Immun Glob G(Igg)/Gly/Iga 0-50,Gammaplex,6347,71028190.66999999,1405.0,6397.400000000001,150052,2019
Doravirine,Pifeltro,6327,9156131.420000002,1439.0,6558.0,193862,2019
Lenvatinib Mesylate,Lenvima,6265,114826789.06000005,1793.0,6296.099999999999,187826,2019
Sunitinib Malate,Sutent,6259,63611538.80000001,1836.0,6442.300000000001,160127,2019
Amikacin Sulfate,Amikacin Sulfate,6217,631360.0,1802.0,6342.099999999999,63592,2019
Sodium Bicarbonate,Sodium Bicarbonate,6144,456201.04000000004,1402.0,6152.000000000001,91719,2019
Fluvastatin Sodium,Fluvastatin Er,6062,1268598.56,2212.0,8720.999999999998,255193,2019
Safinamide Mesylate,Xadago,6027,6278839.01,1396.0,7829.7,224280,2019
Alosetron Hcl,Alosetron Hcl,6025,8042452.290000001,1890.0,6412.0,182880,2019
Edoxaban Tosylate,Savaysa,6014,2486740.18,2049.0,7133.9,203413,2019
Posaconazole,Noxafil,5948,35531180.839999996,1725.0,6160.200000000001,170429,2019
Naproxen/Esomeprazole Mag,Vimovo,5902,15357367.160000004,1685.0,6230.099999999999,185576,2019
Naftifine Hcl,Naftifine Hcl,5876,2239466.8799999994,2318.0,6073.2,165783,2019
Abatacept/Maltose,Orencia,5852,21427908.050000004,1232.0,5948.099999999999,165540,2019
"Tetanus, Diphtheria Tox,adult",Tdvax,5795,216140.55000000002,5769.0,5839.0,35723,2019
Perindopril Erbumine,Perindopril Erbumine,5789,271154.20000000007,1893.0,11036.9,328698,2019
Disopyramide Phosphate,Disopyramide Phosphate,5782,1486130.9799999997,1846.0,8124.4,234335,2019
Tezacaftor/Ivacaftor,Symdeko,5773,136456867.08999994,950.0,5956.800000000001,167277,2019
Octreotide Acetate,Octreotide Acetate,5755,2387936.32,1513.0,5822.799999999999,99187,2019
Butalbital/Acetaminophen,Butalbital-Acetaminophen,5742,768260.7000000001,1938.0,5820.099999999999,118257,2019
Phenelzine Sulfate,Phenelzine Sulfate,5702,487360.42000000004,2035.0,6453.700000000001,179192,2019
Methylprednisolone Acetate,Methylprednisolone Acetate,5688,105448.76000000004,3807.0,5827.100000000001,41321,2019
Erythromycin Ethylsuccinate,Erythromycin Ethylsuccinate,5584,3420249.55,1190.0,5606.499999999999,67766,2019
Disulfiram,Disulfiram,5583,385798.14999999997,2003.0,6111.800000000001,165978,2019
Prednisolone Sodium Phosphate,Prednisolone Sodium Phosphate,5514,297265.09,3688.0,6097.5,101861,2019
Methylprednisolone Sod Succ,Solu-Medrol,5493,256347.60999999993,1871.0,5590.000000000001,81318,2019
Ethinyl Estradiol/Drospirenone,Ocella,5452,221164.91000000006,2115.0,5658.9000000000015,154308,2019
Peginterferon Beta-1a,Plegridy Pen,5452,41577698.33999998,1640.0,5825.400000000001,164339,2019
Clobetasol Propionate/Emoll,Clobetasol Emollient,5412,681610.1300000002,2464.0,5630.0,128151,2019
Timolol,Betimol,5401,1174907.6199999999,1816.0,9098.2,261009,2019
Methscopolamine Bromide,Methscopolamine Bromide,5296,647275.9999999999,1987.0,6324.299999999999,169271,2019
Aprepitant,Aprepitant,5277,3753875.41,1678.0,5351.700000000001,59590,2019
Edaravone,Radicava,5235,57497524.040000014,974.0,5235.0,120204,2019
Pimozide,Pimozide,5221,551801.26,1758.0,5570.5,154827,2019
Ganciclovir,Zirgan,5179,2040894.4,1758.0,5527.600000000001,103538,2019
Cenegermin-Bkbj,Oxervate,5172,84611692.64,1122.0,5172.0,42001,2019
Meperidine Hcl/Pf,Demerol,5168,71644.27999999998,4634.0,5168.2,11190,2019
Ingenol Mebutate,Picato,5156,5696258.31,3656.0,5220.3,86250,2019
Crisaborole,Eucrisa,5131,3579832.439999999,1864.0,5245.9,145177,2019
Cimetidine,Cimetidine,5120,187580.05,1854.0,5860.2,143917,2019
Esketamine Hcl,Spravato,5085,5747401.879999999,968.0,5085.9,27753,2019
Cyanocobalamin (Vitamin B-12),Cyanocobalamin Injection,5013,93994.56,1495.0,8258.5,241598,2019
Vismodegib,Erivedge,4991,56179966.02,1542.0,5044.0,144132,2019
Ethacrynic Acid,Ethacrynic Acid,4960,3607447.6000000006,1760.0,5306.4,136609,2019
Tranexamic Acid,Tranexamic Acid,4851,477210.88,3069.0,4967.799999999999,46533,2019
Prasterone (Dhea),Intrarosa,4838,1318485.7499999995,1661.0,6379.000000000001,183642,2019
Olanzapine Pamoate,Zyprexa Relprevv,4807,5231341.24,856.0,4810.2,100678,2019
"Octreotide Acetate,mi-Spheres",Sandostatin Lar Depot,4799,27437720.540000003,1685.0,4868.800000000001,135704,2019
Sodium Fluoride/Potassium Nit,Prevident 5000 Enamel Protect,4744,76081.68,1934.0,5283.0,145341,2019
Fentanyl Citrate/Pf,Fentanyl Citrate,4663,21078.699999999997,4178.0,4663.0,5127,2019
Sulfacetamide/Prednisolone Sp,Sulfacetamide-Prednisolone,4641,82491.93999999999,2608.0,5556.900000000001,120440,2019
Fluocinonide/Emollient Base,Fluocinonide-E,4610,451234.0400000001,2355.0,4754.5999999999985,116192,2019
Tobramycin/Lotepred Etab,Zylet,4600,1380078.2899999998,2844.0,4986.400000000001,111162,2019
Axitinib,Inlyta,4411,63753361.63000001,1227.0,4445.0,131100,2019
Filgrastim,Neupogen,4362,11014007.779999997,1470.0,4384.5,76577,2019
Zidovudine,Zidovudine,4344,176681.8999999999,1385.0,4654.799999999999,136011,2019
Insulin Glulisine,Apidra,4317,3034009.9299999997,1445.0,5205.400000000001,133252,2019
Erlotinib Hcl,Tarceva,4266,31108029.350000005,1307.0,4319.0,128534,2019
Imipenem/Cilastatin Sodium,Imipenem-Cilastatin Sodium,4262,1186064.0599999996,1098.0,4262.0,17208,2019
Cefaclor,Cefaclor,4255,235605.95000000004,2471.0,4951.0,89966,2019
Natalizumab,Tysabri,4249,28699436.529999994,956.0,4277.5,119413,2019
Olanzapine/Fluoxetine Hcl,Olanzapine-Fluoxetine Hcl,4243,1408846.7799999996,1448.0,4604.999999999999,134339,2019
Alogliptin Benz/Metformin Hcl,Alogliptin-Metformin,4239,686002.1299999999,1054.0,4612.599999999999,134340,2019
Tafamidis Meglumine,Vyndaqel,4230,88344123.96000002,1123.0,4572.7,137167,2019
"Estrogens,conj/Bazedoxifene",Duavee,4188,1001808.48,1189.0,5580.0,167309,2019
Flurandrenolide,Cordran,4183,2367456.4400000004,1985.0,4236.7,105315,2019
Ampicillin Sodium/Sulbactam Na,Ampicillin-Sulbactam,4178,515457.95,1141.0,4178.3,12097,2019
Dolutegravir Sodium/Lamivudine,Dovato,4133,10059104.540000003,1075.0,4301.0,128584,2019
Acalabrutinib,Calquence,4129,56829737.889999986,1186.0,4145.0,124057,2019
Famotidine/Pf,Famotidine,4051,31078.170000000002,948.0,4076.9,61288,2019
Immun Globg(Igg)/Malt/Iga Ov50,Octagam,4036,52426377.07,916.0,4053.9,94180,2019
Magnesium Sulfate,Magnesium Sulfate,3924,97351.35999999999,824.0,3924.4,28944,2019
Ribociclib Succinate,Kisqali,3914,44140095.13000001,1245.0,3919.0,105528,2019
Teduglutide,Gattex,3914,169164480.20999998,1153.0,3976.1,119130,2019
Tetracycline Hcl,Tetracycline Hcl,3901,889822.96,2264.0,4042.4,78857,2019
Amikacin Liposomal/Neb.Accessr,Arikayce,3816,41792842.16999998,1038.0,3854.6,108056,2019
Dabrafenib Mesylate,Tafinlar,3807,35982228.38999999,1252.0,3835.2,113984,2019
Bosutinib,Bosulif,3792,43706955.91000001,1242.0,3820.6000000000004,113502,2019
Flavoxate Hcl,Flavoxate Hcl,3790,258114.54999999993,1285.0,4132.7,95605,2019
Flurazepam Hcl,Flurazepam Hcl,3741,82046.23999999999,1473.0,3777.6,108783,2019
Fluorometholone Acetate,Flarex,3720,370689.99999999994,2022.0,4216.799999999999,102117,2019
Ceftazidime,Ceftazidime,3678,432044.16000000003,1034.0,3705.9,23415,2019
Ertugliflozin Pidolate,Steglatro,3657,1172489.1900000002,1261.0,4233.1,125019,2019
Trametinib Dimethyl Sulfoxide,Mekinist,3655,39802532.74000001,1230.0,3692.8,110378,2019
Tolvaptan,Samsca,3643,41153071.07,1202.0,3709.9999999999995,100383,2019
Mifepristone,Korlym,3612,98246278.69000003,892.0,3614.0,107791,2019
Lithium Citrate,Lithium,3612,361767.9300000001,1164.0,3642.8999999999987,93551,2019
Protriptyline Hcl,Protriptyline Hcl,3589,630012.7999999998,1150.0,4136.999999999999,118836,2019
Vancomycin/0.9 % Sod Chloride,Vancomycin Hcl-0.9% Nacl,3553,296396.2200000001,1038.0,3553.0,10565,2019
Methylprednisolone Sod Succ/Pf,Solu-Medrol,3538,98350.99000000002,1724.0,3616.7999999999997,28554,2019
Milrinone Lactate,Milrinone Lactate,3533,3215162.56,360.0,3533.0,20008,2019
Guselkumab,Tremfya,3533,39408417.92,1106.0,6190.799999999999,184783,2019
Methyldopa,Methyldopa,3525,86608.16999999998,1222.0,4986.8,144777,2019
Aliskiren/Hydrochlorothiazide,Tekturna Hct,3514,998545.5100000004,1350.0,3958.1,117751,2019
Prucalopride Succinate,Motegrity,3512,1765317.4699999997,1116.0,4090.2,120670,2019
Oxandrolone,Oxandrolone,3470,1945780.3300000003,851.0,3624.1000000000004,101406,2019
Sevelamer Hcl,Sevelamer Hcl,3439,2765949.0999999996,1077.0,3551.5999999999995,66112,2019
Niraparib Tosylate,Zejula,3411,39994701.61,1044.0,3428.0,101522,2019
Alcaftadine,Lastacaft,3370,845027.74,1005.0,3526.899999999999,93939,2019
Nicardipine Hcl,Nicardipine Hcl,3369,581899.5200000003,1017.0,4294.1,118351,2019
Salsalate,Salsalate,3354,408832.12,1192.0,4341.6,122243,2019
"Mening Vac A,c,y,w-135 Dip/Pf",Menactra,3340,467183.48999999993,2987.0,3356.7,14834,2019
Pembrolizumab,Keytruda,3339,32656868.049999993,769.0,3339.0,70376,2019
Ceftriaxone In Is-Osm Dextrose,Ceftriaxone,3337,297766.74999999994,1218.0,3337.0,11834,2019
"Glyburide,micronized",Glyburide Micronized,3326,40204.57,1071.0,5295.099999999999,156776,2019
Isradipine,Isradipine,3315,272796.59,1030.0,4794.799999999999,137303,2019
Sorafenib Tosylate,Nexavar,3311,42552867.82999999,1169.0,3319.0,97014,2019
Clindamycin Phos/Benzoyl Perox,Clindamycin-Benzoyl Peroxide,3307,648860.6300000002,1295.0,3392.4999999999995,91178,2019
Calcipotriene/Betamethasone,Enstilar,3305,4409874.539999999,1197.0,3748.4,102640,2019
Sodium Zirconium Cyclosilicate,Lokelma,3295,2277369.0999999996,1172.0,3806.100000000001,109440,2019
Opium Tincture,Opium Tincture,3295,1760154.3300000003,1185.0,3416.8,93781,2019
Danazol,Danazol,3227,806077.9000000001,1039.0,3629.5,101969,2019
Triptorelin Pamoate,Trelstar,3137,6767397.600000002,1112.0,7464.5,222034,2019
Isavuconazonium Sulfate,Cresemba,3119,16052702.869999994,876.0,3211.2,85582,2019
Crofelemer,Mytesi,3108,2195817.0899999994,758.0,3252.8,96238,2019
Immun Glob G(Igg)-Ifas/Glycine,Panzyga,3096,43013353.050000004,819.0,3102.5,78090,2019
Tasimelteon,Hetlioz,3065,50351700.08999998,1163.0,3102.0,93032,2019
Neomycin Sulf/Polymyxin B Sulf,Neomycin-Polymyxin B,3046,129206.46999999994,390.0,3077.5,20254,2019
Vorapaxar Sulfate,Zontivity,2935,1287648.2999999993,800.0,4070.3999999999996,120290,2019
Baricitinib,Olumiant,2907,6836140.130000002,769.0,3108.2999999999997,93040,2019
Afatinib Dimaleate,Gilotrif,2862,25691921.44,951.0,2885.3,86351,2019
Bexarotene,Bexarotene,2842,48112720.81999999,659.0,2938.8,85887,2019
Ospemifene,Osphena,2811,793323.2700000005,998.0,3821.8,110730,2019
Fosamprenavir Calcium,Fosamprenavir Calcium,2799,3351201.4600000004,901.0,2889.7,84553,2019
Frovatriptan Succinate,Frovatriptan Succinate,2795,1432717.8700000003,950.0,2942.0999999999995,63659,2019
Bevacizumab,Avastin,2793,16193957.66,658.0,2793.8999999999996,66930,2019
Thalidomide,Thalomid,2780,20573860.179999996,954.0,2802.5000000000005,78544,2019
Hydrocortisone/Acetic Acid,Hydrocortisone-Acetic Acid,2770,271900.23,1892.0,3059.8,57192,2019
Fosinopril/Hydrochlorothiazide,Fosinopril-Hydrochlorothiazide,2752,136972.79000000004,1003.0,4127.8,122700,2019
Adefovir Dipivoxil,Adefovir Dipivoxil,2739,2296814.860000001,1010.0,2796.1,83474,2019
Terbutaline Sulfate,Terbutaline Sulfate,2719,802192.3300000002,862.0,3033.0000000000005,77974,2019
Dextrose 5 % And 0.9 % Nacl,Dextrose 5%-0.9% Nacl,2715,76311.24,942.0,2715.0,13355,2019
Granisetron Hcl,Granisetron Hcl,2712,269647.39999999997,929.0,2732.0,49328,2019
Tesamorelin Acetate,Egrifta,2697,14679697.219999997,705.0,2743.0,82276,2019
Nivolumab,Opdivo,2694,29391232.319999993,597.0,2696.3999999999996,68670,2019
Norelgestromin/Ethin.Estradiol,Xulane,2683,322125.70000000007,1025.0,2774.3,69096,2019
Testosterone Enanthate,Xyosted,2682,1007740.3,849.0,3551.3000000000006,102246,2019
Levodopa,Inbrija,2675,5654731.090000001,951.0,2754.6,42253,2019
Micafungin Sodium,Mycamine,2641,3057260.920000001,690.0,2641.0,14219,2019
Erythromycin/Benzoyl Peroxide,Erythromycin-Benzoyl Peroxide,2628,497651.86000000004,1081.0,2658.5999999999995,65716,2019
Becaplermin,Regranex,2627,3937910.680000001,1035.0,2898.6000000000004,79817,2019
Rituximab,Rituxan,2602,27728571.090000007,740.0,2988.6999999999994,76557,2019
Selegiline,Emsam,2571,4358908.15,890.0,2619.0,77154,2019
Alectinib Hcl,Alecensa,2569,35764957.349999994,915.0,2595.3999999999996,76891,2019
Amitriptyline/Chlordiazepoxide,Chlordiazepoxide-Amitriptyline,2558,174711.42999999996,982.0,2678.6,77916,2019
Olodaterol Hcl,Striverdi Respimat,2527,695850.2699999998,897.0,3166.7999999999993,94203,2019
Lanreotide Acetate,Somatuline Depot,2525,19597139.150000002,835.0,2630.7,74080,2019
"Syringe,needle,insuln,safe,1ml",Magellan Insulin Safety Syrng,2480,71547.37999999999,460.0,2505.7999999999997,57684,2019
Flumazenil,Flumazenil,2472,26193.89,2300.0,2472.0,3062,2019
Desvenlafaxine,Desvenlafaxine Er,2460,323172.5599999999,760.0,2546.1,62566,2019
Rifabutin,Rifabutin,2444,1325734.4299999997,878.0,2673.3,72905,2019
Trifluridine/Tipiracil Hcl,Lonsurf,2440,23607223.929999996,800.0,2441.0,66836,2019
Apraclonidine Hcl,Apraclonidine Hcl,2402,202965.23,758.0,3283.9,88069,2019
Meprobamate,Meprobamate,2352,832504.4199999999,895.0,2369.5,64086,2019
Granisetron,Sancuso,2318,3245328.4199999995,729.0,2349.4000000000005,45977,2019
Adapalene,Adapalene,2311,409445.9500000001,926.0,2395.8999999999996,65264,2019
Chlorambucil,Leukeran,2298,1712285.63,675.0,2375.3,54485,2019
C1 Esterase Inhibitor,Cinryze,2292,103038544.11999997,675.0,2292.3,59049,2019
Estradiol/Levonorgestrel,Climara Pro,2291,583503.52,848.0,2622.7,74573,2019
Prochlorperazine,Prochlorperazine,2287,261823.24,1350.0,2289.0,19257,2019
Prenatal 147/Iron/Folic Acid,Azesco,2259,8415591.87,905.0,4455.7,130859,2019
Meropenem-0.9% Sodium Chloride,Meropenem-0.9% Nacl,2202,436632.79,689.0,2202.0,7812,2019
Eculizumab,Soliris,2200,87960668.01,555.0,2202.6,44667,2019
Desog-E.Estradiol/E.Estradiol,Desogestr-Eth Estrad Eth Estra,2196,69252.12999999998,855.0,2234.7999999999997,61196,2019
Meperidine Hcl,Meperidine Hcl,2187,196780.22999999998,792.0,2193.5,46568,2019
Echothiophate Iodide,Phospholine Iodide,2183,212681.28999999998,428.0,2478.6000000000004,67255,2019
Chlorothiazide,Chlorothiazide,2179,57658.469999999994,788.0,3034.8000000000006,87040,2019
Zileuton,Zileuton Er,2162,6163056.529999999,745.0,2444.7000000000003,72017,2019
Doxercalciferol,Doxercalciferol,2149,891567.4400000001,665.0,3231.4999999999995,92947,2019
Apomorphine Hcl,Apokyn,2132,47792160.62,597.0,2205.2000000000003,61305,2019
Hydrocortisone Sodium Succ/Pf,Solu-Cortef,2120,193249.22999999998,651.0,2199.8999999999996,28661,2019
Imipramine Pamoate,Imipramine Pamoate,2115,758246.5800000003,791.0,2205.1,64376,2019
Fenoprofen Calcium,Fenoprofen Calcium,2112,530665.8099999999,676.0,2287.8,67543,2019
Abacavir/Lamivudine/Zidovudine,Abacavir-Lamivudine-Zidovudine,2097,2648871.56,745.0,2126.1,61534,2019
Aztreonam Lysine,Cayston,2092,19348124.12,561.0,2768.0,80740,2019
Alogliptin Benz/Pioglitazone,Oseni,2082,518453.96,630.0,2345.9,68601,2019
Fulvestrant,Fulvestrant,2077,4290358.16,549.0,2083.7,57717,2019
"Poliomyelitis Vaccine, Killed",Ipol,2073,87338.30999999998,2001.0,2105.0,4429,2019
Colistin (Colistimethate Na),Colistimethate,2072,1948389.43,659.0,2243.2,48201,2019
Flutamide,Flutamide,2068,245827.24,656.0,2580.2999999999997,71117,2019
Benralizumab,Fasenra,2067,10284615.27,651.0,3127.0,91477,2019
Telmisartan/Amlodipine,Telmisartan-Amlodipine,2053,334914.11000000004,731.0,3390.7000000000003,101109,2019
"Igg/Hyaluronidase,recombinant",Hyqvia,2046,11502943.819999997,495.0,2061.2,54970,2019
Nalbuphine Hcl,Nalbuphine Hcl,2034,381176.40000000014,470.0,2060.3,30081,2019
"Interferon Alfa-2b,recomb.",Intron A,2014,1597428.2600000005,543.0,2086.7999999999997,41219,2019
Etonogestrel/Ethinyl Estradiol,Nuvaring,2008,370532.13999999996,785.0,2168.0999999999995,59612,2019
Methenamine Mandelate,Methenamine Mandelate,2003,123881.76999999999,624.0,2369.1,62697,2019
Diclofenac Submicronized,Zorvolex,1986,1014294.97,623.0,2194.1000000000004,62930,2019
Sapropterin Dihydrochloride,Kuvan,1982,25164962.459999997,375.0,1992.3,59769,2019
Zoledronic Acid/Mannitol-Water,Zoledronic Acid,1959,602208.6199999998,1934.0,14501.3,431698,2019
Vancomycin Hcl In 5 % Dextrose,Vancomycin Hcl,1951,209936.85999999993,624.0,1951.0,6383,2019
Ethynodiol D-Ethinyl Estradiol,Zovia 1-35e,1949,43205.200000000004,745.0,2000.2,53892,2019
Trastuzumab,Herceptin,1945,11196258.299999997,490.0,1948.6,42112,2019
Zoster Vaccine Live/Pf,Zostavax,1929,441189.15,1908.0,1949.0,13101,2019
Bortezomib,Velcade,1903,10242885.42,457.0,1915.6,48495,2019
Lapatinib Ditosylate,Tykerb,1868,11628900.680000002,700.0,1872.0,52424,2019
Anakinra,Kineret,1861,9228229.719999999,605.0,1887.1999999999998,52379,2019
Peginterferon Alfa-2a,Pegasys,1844,6939047.05,489.0,1933.1,51623,2019
Omeprazole Magnesium,Prilosec,1840,943584.19,545.0,1844.2,29217,2019
Perphenazine/Amitriptyline Hcl,Perphenazine-Amitriptyline,1819,129332.6,691.0,1949.8,51968,2019
Phenylephrine Hcl,Phenylephrine Hcl,1778,89868.20999999998,1658.0,1840.3999999999999,24796,2019
"Estrogens,esterified",Menest,1765,145080.22999999998,682.0,1960.8,57000,2019
Trimethobenzamide Hcl,Trimethobenzamide Hcl,1756,171861.74,741.0,1837.1999999999998,40216,2019
Ivacaftor,Kalydeco,1751,42943797.06999999,415.0,1768.1000000000001,49570,2019
Crizotinib,Xalkori,1743,26856205.290000003,645.0,1749.0,52147,2019
Mefloquine Hcl,Mefloquine Hcl,1738,105874.74999999997,1367.0,3437.4,101157,2019
Belatacept,Nulojix,1731,3795568.3899999997,371.0,1736.6,46403,2019
Sumatriptan Succ/Naproxen Sod,Sumatriptan Succ-Naproxen Sod,1728,1415264.1500000001,580.0,1749.2,38027,2019
"Piperacillin-Tazo-Dextrose,iso",Zosyn,1727,394861.1,522.0,1727.0,5173,2019
Quinine Sulfate,Quinine Sulfate,1719,195637.28999999998,651.0,1871.0,54924,2019
Tropicamide,Tropicamide,1701,19563.17,1638.0,2099.1,56752,2019
Chloroquine Phosphate,Chloroquine Phosphate,1691,210805.55999999997,559.0,2300.2999999999993,67637,2019
Parenteral Amino Acid 10% No.6,Travasol,1683,286992.35000000003,285.0,1683.0,10957,2019
Lanadelumab-Flyo,Takhzyro,1665,75052192.40000002,474.0,1665.0,46303,2019
Rucaparib Camsylate,Rubraca,1664,22164062.919999994,520.0,1666.0,49013,2019
Potassium Bicarbonate/Cit Ac,Effer-K,1644,42482.74999999999,551.0,1850.2,41188,2019
Pramlintide Acetate,Symlinpen 60,1637,2573631.9,550.0,1696.1000000000004,41651,2019
Tavaborole,Kerydin,1631,2553516.1599999997,579.0,1723.6000000000001,49913,2019
Pegvisomant,Somavert,1628,20526233.949999996,505.0,1649.6999999999998,48946,2019
Estradiol Cypionate,Depo-Estradiol,1625,197458.89999999994,647.0,3598.5999999999995,106554,2019
Fentanyl Citrate,Fentanyl Citrate,1612,10692881.430000002,495.0,1612.0,40919,2019
Cyclophosphamide,Cyclophosphamide,1611,885929.12,544.0,1724.5,45262,2019
Paroxetine Mesylate,Pexeva,1610,521308.3099999998,565.0,1714.1,50302,2019
Palonosetron Hcl,Palonosetron Hcl,1605,418995.56,358.0,1608.8,35167,2019
Levofloxacin In Dextrose 5 %,Levofloxacin-D5w,1604,64911.5,643.0,1615.0,7764,2019
Vedolizumab,Entyvio,1603,10709076.060000002,510.0,2086.3,58828,2019
Acetaminophen/Caff/Dihydrocod,Acetamin-Caff-Dihydrocodeine,1586,366196.02,581.0,1587.1,31559,2019
Methsuximide,Celontin,1584,523388.0300000001,527.0,1626.4000000000003,44797,2019
Carboplatin,Carboplatin,1577,97228.31,394.0,1581.8000000000002,35577,2019
Almotriptan Malate,Almotriptan Malate,1576,490765.77999999997,540.0,1612.0,31072,2019
Agalsidase Beta,Fabrazyme,1570,25553552.739999995,295.0,1570.0,36044,2019
Zoledronic Acid,Zoledronic Acid,1557,469061.56000000006,447.0,2131.7,61072,2019
Trandolapril/Verapamil Hcl,Trandolapril-Verapamil Er,1530,219436.24000000005,615.0,1738.8,51678,2019
"Syringe,insul U-500,ndl,0.5ml",Insulin Syringe U-500,1526,55262.780000000006,473.0,2068.3999999999996,60946,2019
Amoxapine,Amoxapine,1518,85618.52999999997,464.0,1626.4,43583,2019
Idelalisib,Zydelig,1511,15616781.079999998,550.0,1517.0,45353,2019
Ceftaroline Fosamil Acetate,Teflaro,1486,2952980.5099999993,435.0,1486.0,7450,2019
Nafcillin Sodium,Nafcillin Sodium,1486,968214.9900000002,459.0,1486.0,7788,2019
Ponatinib Hcl,Iclusig,1476,35072409.39,520.0,1486.0,43892,2019
Trifluridine,Trifluridine,1443,235478.84,626.0,1789.9999999999995,44080,2019
Promethazine Hcl/Codeine,Promethazine-Codeine,1442,9996.0,1003.0,1478.0,17257,2019
Ergotamine Tartrate/Caffeine,Ergotamine-Caffeine,1431,1798368.5399999996,399.0,1488.2,33450,2019
Cefepime In Iso-Osm Dextrose,Cefepime,1431,348494.63999999996,458.0,1431.0,4669,2019
Tigecycline,Tygacil,1431,1440812.1899999997,384.0,1431.0,6722,2019
Bupropion Hbr,Aplenzin,1425,4803236.81,490.0,1488.5,44409,2019
Carbinoxamine Maleate,Ryvent,1404,476960.4199999999,570.0,1730.8999999999999,44366,2019
Clemastine Fumarate,Clemastine Fumarate,1383,91343.57,486.0,1679.3999999999999,46183,2019
Quinidine Sulfate,Quinidine Sulfate,1362,28486.329999999998,501.0,1780.2,50604,2019
Hydromorphone Hcl/Pf,Hydromorphone Hcl,1357,351976.67000000004,248.0,1357.3,10744,2019
Parathyroid Hormone,Natpara,1355,14735810.59,400.0,1416.6000000000001,39906,2019
Indacaterol/Glycopyrrolate,Utibron Neohaler,1323,553724.51,421.0,1516.0,44502,2019
Polymyxin B Sulfate,Polymyxin B Sulfate,1300,93422.4,375.0,1304.3,13371,2019
Ranibizumab,Lucentis,1287,2960985.32,365.0,1345.3000000000002,38405,2019
Icatibant Acetate,Firazyr,1283,76023700.96000002,324.0,1283.0,10355,2019
Regorafenib,Stivarga,1269,17274592.550000004,440.0,1297.8999999999999,33800,2019
Chlordiazepoxide/Clidinium Br,Chlordiazepoxide-Clidinium,1269,2140194.15,467.0,1344.6,35287,2019
Glycopyrrol/Nebulizer/Accessor,Lonhala Magnair Starter,1266,1507407.9900000002,792.0,1299.2,38617,2019
Tinidazole,Tinidazole,1243,100338.77000000002,598.0,1351.0,23764,2019
Rimantadine Hcl,Rimantadine Hcl,1237,175406.26,542.0,1665.3,44140,2019
Yellow Fever Vaccine Live/Pf,Stamaril,1223,213401.17,1223.0,1227.0,4498,2019
"Syringe,needle,insuln,sf 0.5ml",Easy Touch Insulin Safety,1221,39385.55,427.0,1238.7,26649,2019
Isotretinoin,Myorisan,1216,287352.43999999994,464.0,1218.0,36216,2019
Nitazoxanide,Alinia,1199,4505368.859999999,561.0,1206.8,20044,2019
Oxacillin Sodium,Oxacillin Sodium,1196,735034.5000000003,320.0,1196.4,6439,2019
Ziprasidone Mesylate,Geodon,1177,205809.98,384.0,1177.6,4336,2019
Estradiol Acetate,Femring,1171,557288.21,361.0,3339.0999999999995,100156,2019
Vigabatrin,Sabril,1145,25496459.33,390.0,1157.0,34660,2019
Daratumumab,Darzalex,1133,9979967.540000001,251.0,1139.8,27234,2019
Dexamethasone Sodium Phosp/Pf,Dexamethasone Sodium Phosphate,1120,21423.31,399.0,1137.9,20222,2019
Saquinavir Mesylate,Invirase,1115,1285188.1599999997,365.0,1123.1,32549,2019
Gemcitabine Hcl,Gemcitabine Hcl,1093,242471.24,323.0,1128.6999999999998,27008,2019
Ibalizumab-Uiyk,Trogarzo,1090,8226438.170000003,310.0,1090.0,22096,2019
Amifampridine Phosphate,Firdapse,1090,39679400.78000001,265.0,1156.1,34648,2019
Triamterene,Dyrenium,1067,382236.77,365.0,1119.5,27590,2019
Brodalumab,Siliq,1061,3963278.01,351.0,1071.3999999999999,29549,2019
Tazarotene,Tazorac,1060,584657.2300000001,420.0,1097.1,29401,2019
Hydroxypropyl Cellulose,Lacrisert,1060,698221.33,390.0,1222.0,36285,2019
Cefixime,Suprax,1056,245932.29000000004,763.0,1057.0,9969,2019
Oxaliplatin,Oxaliplatin,1044,848259.79,249.0,1066.0,25452,2019
Potassium Chloride/D5-0.45nacl,Dextrose 5%-0.45% Nacl-Kcl,1041,40295.39,150.0,1041.0,7080,2019
Pemetrexed Disodium,Alimta,1034,5548080.280000001,250.0,1034.0,21823,2019
Hydrocortisone/Pramoxine,Proctofoam-Hc,1033,216621.24999999997,392.0,1039.0,17434,2019
Multivit41/Iron/Folate8/Ps-Dha,Enbrace Hr,1030,213998.05000000005,265.0,1561.7,45877,2019
Degarelix Acetate,Firmagon,1019,574989.5799999998,258.0,1035.3,28750,2019
Elexacaftor/Tezacaftor/Ivacaft,Trikafta,1013,24942586.04,389.0,1038.9,29112,2019
Glutamine,Endari,1003,2910764.42,286.0,1009.0,30056,2019
Quinidine Gluconate,Quinidine Gluconate,996,404244.12000000005,331.0,1080.4,29148,2019
Streptomycin Sulfate,Streptomycin Sulfate,982,4913283.140000001,511.0,1047.7,31408,2019
Potassium Chloride In 0.9%nacl,Potassium Chl-Normal Saline,963,51427.979999999996,160.0,963.0,6335,2019
Gefitinib,Iressa,953,7343135.699999999,345.0,956.3,28263,2019
Estradiol Valerate,Estradiol Valerate,951,156281.68999999997,325.0,1701.6,50172,2019
Captopril/Hydrochlorothiazide,Captopril-Hydrochlorothiazide,949,103325.01000000001,371.0,1161.8999999999999,33568,2019
Lomustine,Gleostine,945,963741.4199999997,292.0,1096.2,23054,2019
Penicillin G Benzathine,Bicillin L-A,936,552551.03,336.0,1021.0,25371,2019
Encorafenib,Braftovi,932,9503092.09,255.0,940.5,27236,2019
Multivit-Mins60/Iron Fum/Folic,Vol-Plus,930,16547.75,301.0,1012.2,25740,2019
Binimetinib,Mektovi,926,9343074.510000002,255.0,930.1,27042,2019
Oxybutynin,Oxytrol,923,679206.3399999999,335.0,981.1999999999998,26539,2019
Tiopronin,Thiola,912,6803277.859999999,310.0,916.0,27480,2019
Ceftolozane/Tazobactam,Zerbaxa,899,1176535.0799999998,205.0,899.0,3957,2019
Hepatitis B Virus Vaccine/Pf,Engerix-B Adult,894,70961.9,502.0,896.0,4632,2019
Pioglitazone Hcl/Glimepiride,Pioglitazone-Glimepiride,882,428564.34,317.0,1457.0,42645,2019
Efavirenz/Lamivu/Tenofov Disop,Symfi,872,2594190.560000001,257.0,1554.0,46620,2019
Cefoxitin Sodium,Cefoxitin,870,219691.74999999997,215.0,870.0,5310,2019
Ketoprofen,Ketoprofen,867,965238.3000000002,358.0,927.3,26162,2019
Telotristat Etiprate,Xermelo,831,5114610.360000001,280.0,831.2,23093,2019
Diazoxide,Proglycem,829,804063.6599999999,255.0,847.1999999999999,15270,2019
Immun Glob G/Sorb/Gly/Iga 0-50,Gammaplex,824,6859232.300000001,215.0,834.4,20618,2019
Olsalazine Sodium,Dipentum,820,1181769.7000000002,310.0,824.3999999999999,21923,2019
Oxycodone Hcl/Aspirin,Oxycodone Hcl-Aspirin,819,69502.36999999998,325.0,819.0,22430,2019
Rosiglitazone Maleate,Avandia,818,243459.25999999995,265.0,1093.4,30981,2019
Pertuzumab,Perjeta,809,4442261.44,230.0,809.0,17060,2019
Ribociclib Succinate/Letrozole,Kisqali Femara Co-Pack,808,9237482.799999999,260.0,811.5,22761,2019
Asfotase Alfa,Strensiq,805,79053341.36,195.0,814.0,22752,2019
Aztreonam,Azactam,804,503691.88,258.0,812.6,4648,2019
Miglitol,Glyset,794,177883.07999999996,255.0,1035.6000000000001,30012,2019
Fosaprepitant Dimeglumine,Emend,794,405259.19,176.0,803.0000000000001,18560,2019
Penicillin G Potassium,Penicillin G Potassium,792,303314.95999999996,275.0,793.8,4428,2019
Griseofulvin Ultramicrosize,Griseofulvin Ultramicrosize,755,168801.68000000002,340.0,804.7,21192,2019
Propranolol/Hydrochlorothiazid,Propranolol-Hydrochlorothiazid,750,25988.88,300.0,854.1,25547,2019
Irinotecan Hcl,Irinotecan Hcl,745,396803.19999999984,190.0,748.5999999999999,19325,2019
Betaine,Cystadane,736,2371976.900000001,233.0,746.1,19522,2019
Deferiprone,Ferriprox,736,10843696.38,203.0,736.0,22038,2019
Enasidenib Mesylate,Idhifa,735,20098852.23,255.0,735.0,21955,2019
Alglucosidase Alfa,Lumizyme,735,32194282.150000002,165.0,735.0,12304,2019
Romiplostim,Nplate,733,5356623.48,177.0,733.2,10640,2019
Stavudine,Stavudine,730,88196.88,255.0,775.0,23067,2019
Eliglustat Tartrate,Cerdelga,728,19460498.720000003,204.0,755.5,21252,2019
Neratinib Maleate,Nerlynx,719,9009505.919999998,250.0,720.0,21574,2019
Metronidazole/Sodium Chloride,Metronidazole,715,13554.389999999998,208.0,715.0,2811,2019
Cortisone Acetate,Cortisone Acetate,704,67926.54,245.0,715.4000000000001,18447,2019
Milrinone Lactate/D5w,Milrinone In 5% Dextrose,698,84099.98999999999,90.0,698.0,2827,2019
Sacrosidase,Sucraid,688,6907654.519999998,229.0,696.8000000000001,18651,2019
Alendronate Sodium/Vitamin D3,Fosamax Plus D,681,118249.15999999999,275.0,684.0,18529,2019
Docetaxel,Docetaxel,675,481051.6400000001,175.0,694.8,15612,2019
Lumacaftor/Ivacaftor,Orkambi,674,14408269.67,200.0,674.0,18894,2019
Dextrose 5%-Lactated Ringers,Dextrose In Lactated Ringers,657,24897.16,348.0,657.0,4289,2019
Tedizolid Phosphate,Sivextro,656,2396975.33,298.0,664.8,6873,2019
Immune Globul G (Igg)/Glycine,Gamastan,652,183065.68,140.0,708.6,18595,2019
Ceftazidime/Avibactam,Avycaz,651,2065601.2700000003,165.0,651.0,1990,2019
Nitrofurantoin,Nitrofurantoin,650,876107.6099999999,235.0,654.2,14215,2019
Neomycin/Polymyxn B/Gramicidin,Neomycin-Polymyxin-Gramicidin,645,30511.350000000002,471.0,747.1000000000001,16727,2019
Atezolizumab,Tecentriq,645,6121944.83,170.0,645.4,13886,2019
"Griseofulvin, Microsize",Griseofulvin,639,119968.50999999997,322.0,717.3000000000001,18749,2019
"Potassium Phosphate,monobasic",K-Phos Original,634,23729.880000000005,200.0,666.0,14834,2019
Erythromycin Stearate,Erythrocin Stearate,632,316772.9200000001,190.0,665.0999999999999,15005,2019
Nimodipine,Nimodipine,626,428823.50000000006,201.0,707.0,18614,2019
Auranofin,Ridaura,625,675826.32,205.0,709.4,19113,2019
Tipranavir,Aptivus,624,1078802.09,245.0,637.0,19084,2019
Sargramostim,Leukine,624,2711045.04,141.0,624.8,13446,2019
Nelfinavir Mesylate,Viracept,621,751682.8400000001,240.0,635.0,18443,2019
Indacaterol Maleate,Arcapta Neohaler,619,183542.29999999996,230.0,705.0,21148,2019
Letermovir,Prevymis,616,3962222.910000001,223.0,630.4,17423,2019
Durvalumab,Imfinzi,615,4565626.050000001,165.0,615.0,15005,2019
Paclitaxel,Paclitaxel,613,70061.48999999999,160.0,613.2,14105,2019
"Abiraterone Acet,submicronized",Yonsa,610,5884188.2700000005,165.0,610.0,18300,2019
Neomycin/Bacit/P-Myx/Hydrocort,Neomycin-Bacitracin-Poly-Hc,609,26401.059999999994,393.0,611.0,6211,2019
Sonidegib Phosphate,Odomzo,608,6916939.26,190.0,609.0,17938,2019
Azacitidine,Azacitidine,606,2025965.0799999994,175.0,609.0,15247,2019
"Cefazolin Sodium/Dextrose,iso",Cefazolin Sodium-Dextrose,604,41711.48,185.0,604.0,1702,2019
Fat Emul/Soy/Mct/Oliv/Fish Oil,Smoflipid,602,126752.02,82.0,602.0,4041,2019
Paclitaxel Protein-Bound,Abraxane,595,4185343.0500000003,160.0,595.0,14892,2019
Sodium Chloride For Inhalation,Sodium Chloride,586,10202.84,153.0,586.0,6601,2019
Amphotericin B Lipid Complex,Abelcet,573,446453.74,151.0,576.8,15202,2019
Mechlorethamine Hcl,Valchlor,572,3663821.81,158.0,577.0,17252,2019
Tretinoin Microspheres,Retin-A Micro Pump,568,361968.42000000004,221.0,583.4,16788,2019
Romosozumab-Aqqg,Evenity (2 Syringes),564,1055805.7100000002,155.0,570.0,16662,2019
Immun Glob G/Gly/Gluc/Iga 0-50,Gammagard S-D,556,4790239.56,180.0,556.7,14160,2019
Vemurafenib,Zelboraf,554,3802664.940000001,210.0,554.9,14837,2019
Ocrelizumab,Ocrevus,552,17814109.18,273.0,1928.7999999999995,57032,2019
Citric Acid/Sodium Citrate,Sodium Citrate-Citric Acid,551,18398.99,185.0,565.1,11503,2019
Hydrocortisone Butyrate/Emoll,Hydrocortisone Butyrate,543,333069.37,211.0,560.5,15847,2019
Trimipramine Maleate,Surmontil,535,156134.82,180.0,573.4,15162,2019
Varicella Vaccine Live/Pf,Varivax Vaccine,529,81251.11,430.0,543.0,2107,2019
Rolapitant Hcl,Varubi,529,422623.98999999993,141.0,529.0,10971,2019
Cefepime Hcl In Dextrose 5 %,Cefepime-Dextrose,527,74439.34999999999,156.0,527.0,1771,2019
Hydrocortisone Sod Succinate,Solu-Cortef,519,34964.21,120.0,536.4,5640,2019
Mesalamine W/Cleansing Wipes,Mesalamine,513,249905.59000000005,195.0,515.0,11547,2019
Doravirine/Lamivu/Tenofov Diso,Delstrigo,510,1087018.1499999997,145.0,513.0,15341,2019
Ciprofloxacin In 5 % Dextrose,Ciprofloxacin-D5w,507,18024.860000000004,186.0,507.0,2174,2019
Enfuvirtide,Fuzeon,499,1852382.78,185.0,499.0,14970,2019
Fostamatinib Disodium,Tavalisse,490,4830856.92,195.0,492.0,14678,2019
Methylphenidate,Daytrana,488,216381.12000000002,195.0,488.0,14640,2019
Toremifene Citrate,Fareston,485,631772.5899999999,150.0,524.0,14716,2019
Maprotiline Hcl,Maprotiline Hcl,476,37581.670000000006,180.0,503.2,13874,2019
Pegloticase,Krystexxa,471,17644334.72,150.0,471.8,11041,2019
Tbo-Filgrastim,Granix,470,988999.46,176.0,472.7,9363,2019
"Meningococcal B Vaccine,4-Comp",Bexsero,470,89789.03,344.0,473.5,1264,2019
Amphetamine,Adzenys Xr-Odt,467,194169.69,170.0,468.0,14040,2019
"Dalteparin Sodium,porcine",Fragmin,466,1232813.1,165.0,475.3,12198,2019
"Sod Phosphate Mbas/Sod Phos,di",Osmoprep,465,98654.75,444.0,465.6,2056,2019
Methamphetamine Hcl,Methamphetamine Hcl,455,716424.8099999999,185.0,459.5,13106,2019
Glycerol Phenylbutyrate,Ravicti,444,36434500.150000006,135.0,453.4,13149,2019
Deferoxamine Mesylate,Deferoxamine Mesylate,438,92130.97,70.0,438.0,4019,2019
Calcium Gluconate,Calcium Gluconate,435,52539.19,95.0,435.0,2720,2019
Baloxavir Marboxil,Xofluza,433,65954.54,387.0,434.0,3683,2019
Vandetanib,Caprelsa,430,5693196.64,150.0,431.0,12926,2019
Penciclovir,Denavir,430,387079.25999999995,170.0,440.4,9920,2019
Abobotulinumtoxina,Dysport,426,599667.1,143.0,974.4,26364,2019
Midostaurin,Rydapt,423,7374476.14,165.0,423.9,11283,2019
Aminocaproic Acid,Amicar,423,1109520.04,145.0,424.0,7837,2019
Pyrazinamide,Pyrazinamide,420,73321.01,126.0,425.6,11267,2019
Deflazacort,Emflaza,411,2866961.96,105.0,411.0,12126,2019
Dobutamine Hcl,Dobutamine Hcl,406,40099.67,70.0,406.0,2793,2019
Delafloxacin Meglumine,Baxdela,398,900180.1900000001,210.0,409.4,6165,2019
Desloratadine/Pseudoephedrine,Clarinex-D 12 Hour,391,123231.92000000001,155.0,419.2,12421,2019
Ribavirin,Ribavirin,391,35524.49,186.0,391.7,8913,2019
Imiglucerase,Cerezyme,389,10049924.3,110.0,389.0,8392,2019
Pyrimethamine,Daraprim,380,13016376.81,145.0,384.0,10838,2019
Dapagliflozin/Saxagliptin Hcl,Qtern,374,182525.92000000004,120.0,425.1,12351,2019
Oxymetazoline Hcl,Rhofade,372,212918.65,135.0,384.0,10285,2019
Nilutamide,Nilutamide,369,1694325.8599999999,115.0,383.2,11431,2019
Esomeprazole Sodium,Esomeprazole Sodium,364,104821.96000000002,75.0,364.0,3013,2019
Dichlorphenamide,Keveyis,361,5190869.8999999985,150.0,361.0,10830,2019
Podofilox,Podofilox,356,30363.46,127.0,359.0,8050,2019
Noreth-Ethinyl Estradiol/Iron,Wymzya Fe,354,24510.699999999997,135.0,370.0,9968,2019
Elotuzumab,Empliciti,352,3234776.3,80.0,352.0,8540,2019
Cobicistat,Tybost,346,85645.11,130.0,346.0,10083,2019
Cimetidine Hcl,Cimetidine,340,15606.29,109.0,344.2,7477,2019
Lofexidine Hcl,Lucemyra,338,877685.9199999999,214.0,338.5,4308,2019
Paregoric,Paregoric,337,105881.5,105.0,338.90000000000003,6003,2019
Hpv Vaccine 9-Valent/Pf,Gardasil 9,336,81744.12,228.0,339.0,1458,2019
Caspofungin Acetate,Caspofungin Acetate,334,501674.93,133.0,334.0,2886,2019
Cysteamine Bitartrate,Procysbi,333,20110615.8,100.0,333.0,9990,2019
Inotersen Sodium,Tegsedi,332,11903750.510000002,75.0,332.0,9275,2019
Lorlatinib,Lorbrena,331,5152084.02,135.0,331.0,9732,2019
Linezolid In Dextrose 5%,Linezolid-D5w,330,128304.15999999999,120.0,330.0,1401,2019
Dalbavancin Hcl,Dalvance,325,1455985.97,142.0,325.2,790,2019
Rifapentine,Priftin,322,33507.56,111.0,396.0,9231,2019
Sulfadiazine,Sulfadiazine,321,191355.28999999995,135.0,321.2,8900,2019
Prochlorperazine Edisylate,Prochlorperazine Edisylate,320,127488.81999999999,71.0,320.5,3232,2019
Sulfacetamide/Prednisolone,Blephamide S.O.P.,317,55626.49,159.0,336.9,5462,2019
Potassium Citrate/Citric Acid,Potassium Citrate-Citric Acid,316,18212.36,115.0,321.1,7567,2019
Brigatinib,Alunbrig,315,4776843.43,105.0,315.2,9405,2019
Trientine Hcl,Trientine Hcl,305,4461803.74,95.0,305.0,6967,2019
"Fluconazole In Nacl,iso-Osm",Fluconazole-Nacl,303,10031.16,80.0,303.0,1386,2019
Granisetron Hcl/Pf,Granisetron Hcl,303,17660.2,82.0,305.2,5302,2019
"Prenatal Vit,calc76/Iron/Folic",Pnv 29-1,302,5483.869999999999,101.0,354.1,10226,2019
Elagolix Sodium,Orilissa,296,249409.78000000003,120.0,301.4,7981,2019
Amphotericin B Liposome,Ambisome,290,480807.1499999999,85.0,293.9,3899,2019
Mitotane,Lysodren,288,396963.60000000003,105.0,298.79999999999995,8653,2019
Fidaxomicin,Dificid,286,1316575.47,111.0,286.0,3737,2019
Cetuximab,Erbitux,281,2659372.87,90.0,281.0,6855,2019
Magnesium Sulfate In Water,Magnesium Sulfate,280,5886.760000000001,71.0,280.7,1557,2019
Gilteritinib Fumarate,Xospata,275,6204659.02,95.0,275.5,8265,2019
Ethotoin,Peganone,272,125179.29,85.0,281.9,7328,2019
Siponimod,Mayzent,271,2442324.34,86.0,335.20000000000005,9848,2019
Sodium Phenylbutyrate,Sodium Phenylbutyrate,270,4831963.0200000005,95.0,282.6,7619,2019
Tobramycin In 0.225% Sod Chlor,Tobramycin,269,501973.79,65.0,269.0,3796,2019
Fenofibric Acid,Fenofibric Acid,269,11786.220000000001,95.0,289.3,6439,2019
Penicillamine,Cuprimine,268,3873306.960000001,85.0,291.8,6004,2019
Treprostinil Sodium,Remodulin,268,3780619.159999999,80.0,268.0,5937,2019
Albendazole,Albendazole,265,1485342.09,133.0,266.7,3146,2019
Japanese Encephalitis Vacc/Pf,Ixiaro,265,74383.4,142.0,267.0,790,2019
Carfilzomib,Kyprolis,265,3115928.45,85.0,265.0,6902,2019
Chenodiol,Chenodal,262,12535961.940000001,100.0,262.0,7860,2019
Tafamidis,Vyndamax,261,6626159.25,114.0,350.0,10500,2019
Dobutamine Hcl In Dextrose 5 %,Dobutamine Hcl In Dextrose,261,28380.14,55.0,261.0,1598,2019
Migalastat Hcl,Galafold,257,6487025.3,75.0,257.0,7196,2019
Canakinumab/Pf,Ilaris,252,6462358.779999999,100.0,276.79999999999995,7889,2019
Pamidronate Disodium,Pamidronate Disodium,251,11458.259999999998,81.0,392.4,11476,2019
"Chorionic Gonadotropin, Human",Chorionic Gonadotropin,251,114504.84,105.0,258.2,6753,2019
Cysteamine Hcl,Cystaran,250,1701414.9499999997,80.0,250.0,6996,2019
Tolcapone,Tasmar,248,2006408.0,80.0,287.0,7347,2019
Ivosidenib,Tibsovo,245,6129154.100000001,95.0,245.0,7319,2019
Phenoxybenzamine Hcl,Phenoxybenzamine Hcl,242,1824091.0499999998,85.0,248.4,6670,2019
Methyldopa/Hydrochlorothiazide,Methyldopa-Hydrochlorothiazide,242,16980.26,95.0,244.9,7065,2019
Glucagon,Baqsimi,239,105218.28,162.0,257.7,3946,2019
Sodium Chloride,Sodium Chloride,234,17951.03,30.0,236.0,1950,2019
Propantheline Bromide,Propantheline Bromide,233,49226.67999999999,85.0,244.2,6750,2019
Minocycline Hcl Microspheres,Arestin,231,889706.2899999999,209.0,231.0,6930,2019
Vardenafil Hcl,Levitra,230,57767.56999999999,90.0,274.0,7440,2019
"Gentamicin In Nacl, Iso-Osm",Gentamicin Sulfate In Ns,228,7115.389999999999,86.0,230.4,1759,2019
Goserelin Acetate,Zoladex,226,219866.41000000003,81.0,338.20000000000005,9881,2019
Dimethyl Sulfoxide,Rimso-50,225,205990.31,80.0,240.7,5420,2019
Methenam/Sod Phos/Mblue/Hyoscy,Urogesic-Blue,217,53526.6,85.0,217.0,4731,2019
Netupitant/Palonosetron Hcl,Akynzeo,217,178944.61,67.0,217.0,3523,2019
"Interferon Gamma-1b,recomb.",Actimmune,215,12230436.949999997,65.0,215.0,6048,2019
Ecallantide,Kalbitor,213,12477473.780000001,30.0,213.0,825,2019
"C1 Esterase Inhibitor, Recomb",Ruconest,212,22328420.6,60.0,212.0,3341,2019
Sodium Acetate,Sodium Acetate,211,8474.8,40.0,211.0,1468,2019
Burosumab-Twza,Crysvita,204,3539817.4099999997,65.0,204.0,5744,2019
Amphotericin B,Amphotericin B,202,14069.210000000001,67.0,202.0,2424,2019
Didanosine,Didanosine,202,29008.29,65.0,202.0,4773,2019
Indinavir Sulfate,Crixivan,200,90784.07,75.0,208.0,6189,2019
Doxycycline Calcium,Vibramycin,200,17583.03,88.0,229.1,5452,2019
Panobinostat Lactate,Farydak,199,1811364.3200000005,65.0,199.0,4383,2019
Artemether/Lumefantrine,Coartem,198,36214.43,66.0,203.5,2759,2019
Metoprolol Su/Hydrochlorothiaz,Dutoprol,194,39044.36,60.0,197.0,4626,2019
Lomitapide Mesylate,Juxtapid,193,9307743.98,80.0,193.0,5768,2019
Nedocromil Sodium,Alocril,192,46780.159999999996,65.0,210.3,5290,2019
Clindamycin Phosphate/D5w,Clindamycin Phosphate-D5w,191,19660.41,55.0,191.0,824,2019
Pegvaliase-Pqpz,Palynziq,188,2965478.65,60.0,188.7,5376,2019
Omacetaxine Mepesuccinate,Synribo,188,1013285.89,55.0,188.0,1820,2019
Upadacitinib,Rinvoq,187,1005064.08,72.0,199.0,5970,2019
Ceritinib,Zykadia,187,1913981.02,80.0,187.0,5512,2019
Dextrose 10 % In Water,Dextrose In Water,186,5303.279999999999,35.0,186.0,1375,2019
Multivit 47/Iron/Folate 1/Dha,Virt-Pn Dha,186,7747.72,51.0,209.2,4741,2019
Bendamustine Hcl,Treanda,185,1436050.78,50.0,185.0,4797,2019
Halcinonide,Halog,183,190095.65,105.0,183.0,5240,2019
Cobimetinib Fumarate,Cotellic,183,947159.61,60.0,183.3,4932,2019
Methoxsalen,Methoxsalen,183,277060.56,60.0,206.9,4718,2019
Eteplirsen,Exondys-51,182,8881461.18,25.0,182.0,2375,2019
Fosnetupitant/Palonosetron,Akynzeo,179,144393.4,60.0,179.0,3918,2019
Ado-Trastuzumab Emtansine,Kadcyla,178,1089660.58,35.0,178.0,3819,2019
Potassium Chloride/D5-0.9%nacl,Dextrose 5%-Ns-Kcl,177,3529.33,30.0,177.0,1399,2019
Gentamicin Sulfate/Pf,Gentamicin Sulfate,177,8954.54,50.0,179.1,2412,2019
Dornase Alfa,Pulmozyme,175,864515.56,65.0,175.0,4290,2019
Amphetamine Sulfate,Evekeo,175,99225.58,70.0,175.3,5149,2019
Drospirenone/Estradiol,Angeliq,174,35388.590000000004,70.0,186.60000000000002,5282,2019
Velaglucerase Alfa,Vpriv,174,5085822.759999999,50.0,174.0,3911,2019
Pnv 119/Iron Fum/Folic Acid,Se-Natal-19,170,3663.4300000000003,55.0,180.2,5355,2019
Reslizumab,Cinqair,161,493830.51999999996,50.0,161.0,4525,2019
Neomycin Sulf/Bacitracin/Poly,Neo-Polycin,161,6709.7300000000005,90.0,161.3,1497,2019
Promethazine/Dextromethorphan,Promethazine-Dm,160,1006.21,120.0,166.6,3547,2019
Acetohydroxamic Acid,Lithostat,159,199496.32,50.0,183.0,5490,2019
Sofosbuvir/Velpatas/Voxilaprev,Vosevi,158,3958913.09,59.0,158.0,4424,2019
Luliconazole,Luliconazole,156,41741.93,96.0,156.0,4627,2019
Incobotulinumtoxina,Xeomin,155,148159.69,50.0,425.8,12721,2019
Levetiracetam In Nacl (Iso-Os),Levetiracetam-Nacl,155,93018.32,35.0,155.0,696,2019
Solriamfetol Hcl,Sunosi,152,106221.66999999998,61.0,158.2,4641,2019
Clocortolone Pivalate,Clocortolone Pivalate,151,70929.76000000001,79.0,159.5,4665,2019
Cisplatin,Cisplatin,150,8051.0999999999985,50.0,150.0,3445,2019
Gauze Bandage,Sterile Pads,149,1173.75,49.0,158.2,4579,2019
Doxorubicin Hcl,Doxorubicin Hcl,147,9537.42,50.0,147.0,3276,2019
Elosulfase Alfa,Vimizim,147,13618734.25,50.0,147.2,4077,2019
Subcutaneous Insulin Pump,Omnipod,144,59253.33,136.0,210.0,5604,2019
Sulconazole Nitrate,Exelderm,143,91941.54000000001,46.0,158.0,4725,2019
Aldesleukin,Proleukin,142,727413.5,40.0,142.0,1780,2019
Pegfilgrastim-Jmdb,Fulphila,142,698678.2,35.0,142.0,3031,2019
Ketorolac Tromethamine/Pf,Acuvail,141,79257.08,51.0,154.0,3806,2019
Pnv No.118/Iron Fumarate/Fa,Se-Natal 19,137,3415.29,55.0,139.7,4128,2019
Paromomycin Sulfate,Paromomycin Sulfate,137,20105.52,107.0,139.1,1716,2019
Difenoxin Hcl/Atropine Sulfate,Motofen,136,106941.85999999999,50.0,140.0,2879,2019
Cemiplimab-Rwlc,Libtayo,132,1268313.8,50.0,132.0,2772,2019
Sod/Pot/K Cit/Sod Cit/Cit Acid,Tricitrates,131,11537.390000000001,45.0,131.7,2342,2019
Adapalene/Benzoyl Peroxide,Epiduo Forte,130,44633.07000000001,55.0,130.0,3491,2019
Telavancin Hcl,Vibativ,129,325466.82,30.0,129.2,841,2019
Avatrombopag Maleate,Doptelet,129,1384902.5,61.0,129.0,1225,2019
Phenylephrine Hcl/Prometh Hcl,Promethazine Vc,128,4570.65,83.0,128.0,1159,2019
Primaquine Phosphate,Primaquine,128,3634.43,41.0,128.0,1240,2019
Aspirin/Omeprazole,Yosprala,127,14131.18,40.0,139.0,4170,2019
Infliximab-Dyyb,Inflectra,126,690889.05,45.0,162.8,4838,2019
Anidulafungin,Eraxis (Water Diluent),125,108836.93,45.0,125.0,554,2019
Pegfilgrastim-Cbqv,Udenyca,124,537828.26,40.0,124.0,2381,2019
Drospir/Eth Estra/Levomefol Ca,Drospirenone-Eth Estra-Levomef,123,16966.269999999997,45.0,123.0,3279,2019
Prenatal Vit 87/Iron/Folic/Dha,Prenate Mini,122,23436.65,40.0,124.2,2814,2019
"Heparin Sodium,porcine/Pf",Heparin Sodium,121,15391.85,51.0,121.2,1413,2019
Omadacycline Tosylate,Nuzyra,121,786483.09,44.0,125.1,1956,2019
Tolmetin Sodium,Tolmetin Sodium,120,30255.23,49.0,165.2,4712,2019
Prenatal 93/Iron/Folate 9/Dha,Tristart Dha,120,35885.100000000006,38.0,222.0,6660,2019
Bcg Live,Bcg (Tice Strain),119,59549.57000000001,63.0,132.79999999999998,2961,2019
Aa 5%/D15w/Electrolytes,Clinimix E,119,51750.09,30.0,119.0,672,2019
Miconazole Nitrate/Zinc Ox/Pet,Vusion,118,58701.95,42.0,118.0,2854,2019
Aa 5 %/Calcium/Lytes/Dext 20 %,Clinimix E,117,41339.79,25.0,117.0,540,2019
Bismuth/Metronid/Tetracycline,Pylera,117,145457.65999999997,109.0,117.0,1654,2019
Duvelisib,Copiktra,116,1438027.48,40.0,116.0,3248,2019
Thioguanine,Tabloid,116,88013.4,30.0,146.9,3614,2019
Mitomycin,Mitomycin,115,210207.01000000004,40.0,116.80000000000001,2713,2019
Ciprofloxacin/Hydrocortisone,Cipro Hc,114,37819.47,57.0,114.4,2221,2019
Ramucirumab,Cyramza,114,867415.2899999999,35.0,114.0,2373,2019
Miglustat,Miglustat,113,3914242.9399999995,40.0,113.0,3390,2019
Phenytoin Sodium,Phenytoin Sodium,112,5317.42,30.0,112.0,1603,2019
Hydrocodone Bit/Homatrop Me-Br,Hydrocodone-Homatropine Mbr,111,2259.75,35.0,111.0,1145,2019
"Meloxicam, Submicronized",Vivlodex,111,80357.88000000002,35.0,113.0,2705,2019
Malathion,Malathion,111,27723.02,37.0,111.0,1813,2019
Levoleucovorin Calcium,Levoleucovorin Calcium,109,136986.64,30.0,109.0,2688,2019
Magnesium Sulfate/D5w,Magnesium Sulfate-D5w,109,5398.96,25.0,109.0,940,2019
"Betamethasone Acetate,sod Phos",Betamethasone Sod Phos-Acetate,108,4749.56,80.0,108.2,1429,2019
Potassium Chloride-0.45% Nacl,Potassium Chloride-Nacl,107,4258.6900000000005,33.0,107.0,583,2019
"Prenatal Vit,calc78/Iron/Folic",Pretab,106,1464.9299999999998,30.0,106.0,2947,2019
Opium/Belladonna Alkaloids,Belladonna-Opium,105,50341.8,35.0,105.0,1484,2019
Ertugliflozin/Metformin,Segluromet,104,27570.52,35.0,104.1,3069,2019
Galsulfase,Naglazyme,103,5585549.32,25.0,103.0,1764,2019
Cabazitaxel,Jevtana,102,1264504.08,30.0,107.5,2352,2019
Halobetasol Propion/Tazarotene,Duobrii,101,84877.09,45.0,105.0,3135,2019
Mefenamic Acid,Mefenamic Acid,101,86084.84,63.0,119.6,3356,2019
Ergoloid Mesylates,Ergoloid Mesylates,100,99626.66,40.0,102.0,2776,2019
Imm Glob G (Igg)/Sorb/Iga 0-50,Flebogamma Dif,99,171448.91,25.0,99.0,2150,2019
Darolutamide,Nubeqa,98,1134106.12,30.0,98.0,2940,2019
"N.Meningitidis B,lipid Fhbp Rc",Trumenba,98,15853.019999999999,73.0,98.0,98,2019
"Prenatal Vit27,calcium/Iron/Fa",Trinatal Rx 1,96,880.88,40.0,96.2,2879,2019
Alpelisib,Piqray,96,1538566.71,35.0,96.0,2688,2019
Bedaquiline Fumarate,Sirturo,95,390260.45999999996,35.0,95.0,2665,2019
Estradiol/Norgestimate,Prefest,95,13315.22,40.0,95.0,2850,2019
Vorinostat,Zolinza,94,845276.9999999999,40.0,98.0,2876,2019
"Syrge-Ndl,ins 0.5 Ml Half Mark",Droplet Insulin Syringe,94,2673.45,47.0,152.0,4506,2019
Revefenacin,Yupelri,94,80904.0,40.0,94.0,2253,2019
Prenatal Vit103/Iron Fum/Folic,Tricare,93,3076.1499999999996,30.0,93.7,2805,2019
Pnv 67/Iron Ps/Folate No.1/Dha,Vitafol Ultra,89,12110.82,35.0,94.0,2820,2019
Methyclothiazide,Methyclothiazide,89,3462.72,35.0,99.2,2449,2019
Balanced Salt Irrig Soln No.2,Bss,88,1038.05,20.0,88.0,1157,2019
Clindamycin Palmitate Hcl,Clindamycin Pediatric,88,13151.510000000002,38.0,88.0,927,2019
Orlistat,Xenical,88,58041.79,35.0,88.0,2605,2019
Dextrose 5 %-0.2 % Sod Chlorid,Dextrose 5%-0.2% Nacl,87,1943.09,25.0,87.0,487,2019
Proparacaine Hcl,Proparacaine Hcl,87,15667.74,25.0,97.1,2395,2019
Testosterone Undecanoate,Aveed,87,101748.51999999999,35.0,139.0,4011,2019
Treprostinil/Neb Accessories,Tyvaso Refill Kit,86,1555760.6300000001,30.0,86.0,2422,2019
Elbasvir/Grazoprevir,Zepatier,83,607629.89,32.0,83.0,2324,2019
Acyclovir Sodium,Acyclovir Sodium,83,22888.91,15.0,83.0,459,2019
"Sod Phos,m-B/K Phos,monob",K-Phos No.2,82,4576.960000000001,25.0,82.0,1731,2019
Estradiol Valerate/Dienogest,Natazia,82,20214.010000000002,30.0,92.2,2618,2019
Butenafine Hcl,Mentax,82,21934.829999999998,30.0,82.0,1731,2019
Natamycin,Natacyn,81,27631.81,33.0,102.0,2681,2019
B Complex W-C No.20/Folic Acid,Virt-Caps,81,1749.39,30.0,113.0,3334,2019
Etoposide,Etoposide,81,2967.9600000000005,25.0,81.0,1185,2019
Alitretinoin,Panretin,81,702462.5400000002,25.0,81.0,2350,2019
Meth/Meblue/Sod Phos/Psal/Hyos,Urin D.S.,76,5899.2300000000005,48.0,76.0,738,2019
Flucytosine,Ancobon,75,1098649.2,25.0,79.0,2325,2019
Bupivacaine Hcl/Pf,Bupivacaine Hcl,74,1800.34,51.0,80.3,1001,2019
Multivit-Min69/Iron/Folic Acid,Ob Complete,74,2527.2200000000003,30.0,74.0,2116,2019
"Diph,pertuss(Acell),tet Ped/Pf",Daptacel Dtap,74,3311.8900000000003,68.0,74.0,103,2019
"Iron,fm,ps/Folic/B,c18/L.Casei",Fusion Plus,74,3238.59,20.0,117.0,3485,2019
Tolbutamide,Tolbutamide,74,3469.7200000000003,15.0,76.0,1065,2019
Epoprostenol Sodium (Arginine),Veletri,72,406908.45,25.0,72.0,2160,2019
"Iron Carb,gl/Fa/B12/C/Docusate",Ferralet 90,71,12045.11,25.0,113.0,3390,2019
Sertaconazole Nitrate,Ertaczo,70,74521.04000000001,34.0,70.0,2010,2019
Decitabine,Decitabine,69,291723.51,20.0,69.0,1932,2019
Sodium Chloride 3 %,Sodium Chloride,69,881.4300000000001,10.0,69.0,433,2019
Metreleptin,Myalept,68,8445757.700000001,30.0,68.1,2044,2019
Parenteral Amino Acid 15% No.6,Plenamine,68,12606.779999999999,20.0,68.0,458,2019
Metyrosine,Demser,67,1018232.1599999999,20.0,67.0,1720,2019
Methylergonovine Maleate,Methylergonovine Maleate,66,361577.23000000004,25.0,66.1,1675,2019
Oritavancin Diphosphate,Orbactiv,65,162169.1,10.0,65.0,332,2019
Bupivacaine Hcl,Sensorcaine,65,1782.44,20.0,74.6,1710,2019
Penicillin G Sodium,Penicillin G Sodium,65,14325.84,10.0,65.0,95,2019
Dextrose 10 % And 0.45 % Nacl,Dextrose 10%-0.45% Nacl,64,2320.5299999999997,10.0,64.0,420,2019
Prenat 115/Iron Fum/Folic/Dss,Prenatal 19,64,390.84,15.0,64.0,805,2019
Taliglucerase Alfa,Elelyso,64,2370550.17,20.0,64.0,1792,2019
Fedratinib Dihydrochloride,Inrebic,63,1045617.81,24.0,63.0,1890,2019
Oxymetholone,Anadrol-50,63,145308.5,25.0,67.0,2010,2019
Gr Pol-Orc/Sw Ver/Rye/Kent/Tim,Oralair,61,32285.73,25.0,73.0,2190,2019
Estramustine Phosphate Sodium,Emcyt,59,63972.53,15.0,61.7,1698,2019
Laronidase,Aldurazyme,59,2421755.25,20.0,59.0,1322,2019
"Potassium Phos,m-Basic-D-Basic",Potassium Phosphate,59,8734.5,5.0,59.0,406,2019
Talazoparib Tosylate,Talzenna,59,840266.01,25.0,59.0,1770,2019
"Prenatal,calc.40/Iron/Folate 1",Pnv-Select,56,3288.7799999999997,25.0,56.0,1615,2019
Meropenem/Vaborbactam,Vabomere,55,140308.45,10.0,55.0,379,2019
Lamivudine/Tenofovir Disop Fum,Cimduo,55,73840.17,10.0,71.0,2130,2019
Pnv 112/Iron/Folic/Om3/Dha/Epa,Vitafol Gummies,55,8010.17,10.0,61.0,1830,2019
L-Norgest/E.Estradiol-E.Estrad,Ashlyna,54,2834.79,10.0,86.6,1750,2019
Lodoxamide Tromethamine,Alomide,54,10570.19,20.0,68.3,1859,2019
Doxorubicin Hcl Peg-Liposomal,Doxorubicin Hcl Liposome,54,185844.90999999997,20.0,54.0,1309,2019
Mesna,Mesnex,54,31696.96,15.0,54.0,1232,2019
"Hydrocort/Min Oil/Petrolat,wht",Hydrocortisone,53,43457.35,37.0,53.0,742,2019
Prenatal No.52/Iron/Fa/Dha,Vp-Pnv-Dha,52,3195.43,20.0,62.0,1860,2019
"Patisiran Sodium,lipid Complex",Onpattro,52,1000849.3799999999,20.0,52.0,1092,2019
Potassium Acetate,Potassium Acetate,52,1693.8700000000001,15.0,52.0,305,2019
Parenteral Amino Acid 10% No.7,Premasol,51,418418.81,10.0,51.0,1458,2019
Albumin Human,Flexbumin,51,25085.23,5.0,51.0,362,2019
Methyltestosterone,Methitest,50,145629.86000000002,20.0,50.0,1436,2019
Acetazolamide Sodium,Acetazolamide Sodium,50,23604.66,10.0,50.0,329,2019
Idursulfase,Elaprase,49,4328993.79,20.0,49.0,1372,2019
Fosphenytoin Sodium,Fosphenytoin Sodium,49,6984.01,10.0,49.0,278,2019
Delavirdine Mesylate,Rescriptor,48,19238.239999999998,20.0,48.0,1414,2019
Mv-Mins 71/Iron/Folic No.1/Dha,Virt-Pn Plus,48,2241.19,20.0,48.0,1440,2019
Electrolyte-A Solution,Plasma-Lyte A Ph 7.4,47,7013.07,5.0,47.0,317,2019
Dextrose 50 % In Water,Dextrose In Water,47,1073.3,15.0,47.0,220,2019
Salicylic Acid,Salicylic Acid,47,15348.71,29.0,47.0,1410,2019
Vinorelbine Tartrate,Vinorelbine Tartrate,47,4331.34,15.0,47.0,1232,2019
"Pnv,calcium 72/Iron,carb/Folic",Prenatal Plus,47,244.39,20.0,47.1,1390,2019
Tildrakizumab-Asmn,Ilumya,47,637378.86,20.0,108.4,3228,2019
Amcinonide,Amcinonide,46,16220.03,15.0,46.0,1095,2019
Infliximab-Abda,Renflexis,46,174928.75,15.0,63.7,1736,2019
Oxacillin In Dextrose(Iso-Osm),Oxacillin,46,32668.11,15.0,46.0,211,2019
Sodium Chloride 5 %,Sodium Chloride,45,3194.54,10.0,45.0,308,2019
Prednicarbate,Prednicarbate,45,3780.4700000000003,23.0,47.0,825,2019
Mvn-Min75/Iron/Iron Ps/Om3/Dha,Virt-C Dha,45,2019.7600000000002,20.0,45.0,1350,2019
Potassium Chloride In Water,Potassium Chloride,45,489.25,16.0,45.0,62,2019
Vincristine Sulfate,Vincristine Sulfate,44,472.85,15.0,44.0,1031,2019
Urea,Urea,44,3521.12,15.0,44.0,841,2019
"Nafcillin In Dextrose,iso-Osm",Nafcillin,44,45736.66,15.0,44.0,291,2019
Plerixafor,Mozobil,43,519222.05,32.0,43.0,93,2019
Aminolevulinic Acid Hcl,Levulan,43,16833.37,39.0,57.4,1316,2019
Eravacycline Di-Hydrochloride,Xerava,43,33587.409999999996,16.0,43.0,251,2019
Eribulin Mesylate,Halaven,42,366551.86,15.0,42.0,959,2019
Panitumumab,Vectibix,42,327840.54000000004,15.0,42.0,1092,2019
"Pnv72/Iron,gluc/Folic/Dss/Dha",Citranatal 90 Dha,42,6269.67,15.0,50.0,1500,2019
Lixisenatide,Adlyxin,42,38304.19,5.0,59.2,1768,2019
Rimabotulinumtoxinb,Myobloc,41,55364.15000000001,15.0,121.19999999999999,3636,2019
Butoconazole Nitrate,Gynazole 1,41,8502.07,15.0,44.0,525,2019
Lansoprazole/Amoxiciln/Clarith,Lansoprazol-Amoxicil-Clarithro,41,20659.8,41.0,41.0,590,2019
Tolazamide,Tolazamide,40,2613.94,15.0,40.0,892,2019
Rabies Vaccine (Pcec)/Pf,Rabavert,40,18275.86,15.0,40.0,127,2019
Ibuprofen/Oxycodone Hcl,Oxycodone Hcl-Ibuprofen,39,4005.6099999999997,15.0,39.0,1104,2019
Ciprofloxacin,Cipro,39,5802.889999999999,15.0,39.0,457,2019
Rilonacept,Arcalyst,38,772338.4,15.0,38.0,1064,2019
Lorcaserin Hcl,Belviq Xr,38,11763.439999999999,10.0,38.0,1140,2019
Progesterone,Progesterone,38,2127.28,16.0,42.1,1013,2019
Fatty Acid6/Fish Oil/Gly/P-Lip,Omegaven,38,33817.34,5.0,38.0,224,2019
Pedi Multivit No.17 W-Fluoride,Multivitamin With Fluoride,38,345.68,15.0,38.0,1089,2019
Prenatal 114/Iron A-G/Folate 1,Prenate Elite,37,8631.58,15.0,37.0,1110,2019
Selinexor,Xpovio,37,869321.0,15.0,37.2,1049,2019
Zanamivir,Relenza,37,2540.6800000000003,21.0,37.0,407,2019
Temsirolimus,Torisel,36,129673.57,10.0,36.0,987,2019
Pasireotide Pamoate,Signifor Lar,35,432000.19,15.0,35.0,1004,2019
Ertugliflozin/Sitagliptin,Steglujan,35,23258.17,15.0,41.0,1230,2019
"Aripiprazole Lauroxil,submicr.",Aristada Initio,35,70373.49,35.0,35.0,499,2019
Tetracaine Hcl/Pf,Tetracaine Hcl,35,273.57,23.0,35.0,238,2019
Dacomitinib,Vizimpro,35,455888.08,5.0,35.0,1050,2019
Moexipril/Hydrochlorothiazide,Moexipril-Hydrochlorothiazide,35,515.75,5.0,40.3,504,2019
Nitisinone,Orfadin,35,108938.7,15.0,35.0,1049,2019
Peginterferon Alfa-2b,Sylatron,35,267464.73,15.0,35.0,980,2019
Parenteral Amino Acid 10% No.4,Freamine Iii,35,8684.289999999999,15.0,35.0,201,2019
Praziquantel,Praziquantel,34,14253.619999999999,10.0,34.0,47,2019
Pen G Benz/Pen G Procaine,Bicillin C-R,34,4535.84,31.0,34.0,34,2019
"Moxifloxacin/Sod.Ace,sul/Water",Moxifloxacin,34,11270.03,5.0,34.0,242,2019
Dexchlorpheniramine Maleate,Ryclora,34,53110.009999999995,10.0,34.1,909,2019
Moxifloxacin-Sod.Chloride(Iso),Moxifloxacin,33,5459.74,10.0,33.0,163,2019
Haemph B Polysac Conj-Menin/Pf,Pedvaxhib,33,1001.8,10.0,33.0,33,2019
Cladribine,Mavenclad,33,1972402.94,18.0,41.0,1160,2019
Ergotamine Tartrate,Ergomar,33,95935.09,10.0,33.0,834,2019
Esomeprazole Strontium,Esomeprazole Strontium,32,18144.21,10.0,58.0,1740,2019
Mannitol,Mannitol,30,164.4,10.0,30.4,714,2019
Haemoph B Poly Conj-Tet Tox/Pf,Acthib,30,829.61,30.0,30.0,88,2019
Amino Acids 5 %/Dextrose 15 %,Clinimix,30,7617.36,5.0,30.0,173,2019
Hep B Vaccine/Dp(A)t-Polio/Pf,Pediarix,30,2518.09,10.0,30.0,30,2019
Cycloserine,Cycloserine,29,87088.33,10.0,29.0,825,2019
Zoledronic Ac/Mannitol/0.9nacl,Zoledronic Acid,29,3954.15,10.0,42.6,1248,2019
Remifentanil Hcl,Remifentanil Hcl,29,1915.22,29.0,29.0,29,2019
Filgrastim-Aafi,Nivestym,28,33741.14,10.0,28.0,574,2019
Parenteral Amino Acid 15% No.2,Aminosyn Ii,27,1501.11,5.0,27.0,188,2019
Amifampridine,Ruzurgi,27,515463.2,10.0,27.0,810,2019
Cytomegalovirus Immune Globuln,Cytogam,27,143418.18,5.0,27.0,554,2019
Mafenide Acetate,Sulfamylon,27,3676.34,10.0,27.0,440,2019
"Famotidine In Nacl,iso-Osm/Pf",Famotidine,27,359.32,10.0,27.0,85,2019
Linezolid-0.9% Sodium Chloride,Linezolid-0.9% Nacl,26,6629.59,10.0,26.0,61,2019
Ceftazidime In Dextrose5%water,Ceftazidime,26,2416.19,10.0,26.0,57,2019
Prenatal Vit 85/Iron/Fa 1/Dha,Prenate Pixie,26,5062.92,10.0,26.0,603,2019
Nafarelin Acetate,Synarel,26,78441.82,10.0,26.0,780,2019
Prenatal81/Iron/Folic/Docusate,Citranatal Rx,26,3226.67,12.0,38.0,1140,2019
"Indomethacin, Submicronized",Tivorbex,25,15725.17,10.0,35.0,1000,2019
Carisoprodol/Aspirin/Codeine,Carisoprodol-Aspirin-Codeine,25,7805.87,10.0,25.0,685,2019
Insulin Admin. Supplies,Inpen (For Humalog),25,18432.96,25.0,25.0,750,2019
Pitavastatin Magnesium,Zypitamag,24,5603.99,10.0,34.0,995,2019
Secnidazole,Solosec,24,6468.26,10.0,24.0,24,2019
Aa 3.31 %/D9.8w/Fat/E-Lytes 10,Kabiven,24,7461.46,5.0,24.0,166,2019
"Pnv59/Iron,carb,fum/Fa/Dss/Dha",Citranatal Harmony,24,3030.75,10.0,24.0,720,2019
Epoprostenol Sodium (Glycine),Flolan,24,64822.83,10.0,24.0,660,2019
Nadolol/Bendroflumethiazide,Nadolol-Bendroflumethiazide,24,3432.54,10.0,33.9,994,2019
Hydroxyprogesterone Caproat/Pf,Hydroxyprogesterone Caproate,24,36766.58,10.0,24.0,417,2019
Diflorasone Diacetate/Emoll,Apexicon E,24,16858.04,10.0,24.0,333,2019
Siltuximab,Sylvant,24,82044.97,5.0,24.0,504,2019
Meclofenamate Sodium,Meclofenamate Sodium,23,10977.599999999999,10.0,24.5,734,2019
Povidone-Iodine,Betadine,23,332.37,11.0,23.0,398,2019
Ziconotide Acetate,Prialt,23,49506.31,10.0,23.0,197,2019
Tegaserod Hydrogen Maleate,Zelnorm,23,8854.75,13.0,23.0,675,2019
Betrixaban Maleate,Bevyxxa,23,5198.23,5.0,23.0,322,2019
Hydrocodone/Chlorphen P-Stirex,Hydrocodone-Chlorpheniramne Er,23,2305.8199999999997,10.0,23.0,690,2019
Omeprazole/Clarith/Amoxicillin,Omeclamox-Pak,22,14938.87,22.0,22.0,224,2019
Risankizumab-Rzaa,Skyrizi (2 Syringes) Kit,22,332797.8,10.0,40.0,1178,2019
Pseudoephedrine Hcl/Acrivas,Semprex-D,22,5096.280000000001,10.0,22.0,373,2019
Romidepsin,Istodax,22,537088.33,10.0,22.0,492,2019
Pnv 11/Iron Fum/Folic Acid/Om3,C-Nate Dha,22,1440.05,10.0,28.0,840,2019
Ciprofloxacin Hcl/Fluocinolone,Otovel,22,5598.34,5.0,22.0,154,2019
Erdafitinib,Balversa,22,339677.68,10.0,22.0,602,2019
Lesinurad,Zurampic,22,2071.02,5.0,22.0,154,2019
Ipilimumab,Yervoy,19,203746.99,5.0,19.0,399,2019
Blinatumomab,Blincyto,19,463778.58,5.0,19.0,133,2019
Etidronate Disodium,Etidronate Disodium,19,1520.98,15.0,26.8,562,2019
Mitoxantrone Hcl,Mitoxantrone Hcl,19,5153.77,5.0,19.0,399,2019
Parenteral Amino Acid 15% No.1,Plenamine,18,2164.18,5.0,18.0,121,2019
Dimenhydrinate,Dimenhydrinate,18,8011.97,5.0,18.0,98,2019
Cidofovir,Cidofovir,18,11376.19,5.0,18.0,252,2019
Clindamycin In 0.9 % Sod Chlor,Clindamycin-0.9% Nacl,17,1436.1,5.0,17.0,57,2019
Pnv 102/Iron/Folate 1/Dss/Dha,Vitafol Fe+,17,3611.91,5.0,31.0,930,2019
Amino Acids 5 %/Dextrose 20 %,Clinimix,16,4717.51,5.0,16.0,87,2019
Pentamidine Isethionate,Pentam 300,16,2681.4,12.0,16.0,466,2019
Obinutuzumab,Gazyva,16,120251.79,5.0,22.1,644,2019
Chlorothiazide Sodium,Chlorothiazide Sodium,15,7227.46,5.0,15.0,214,2019
Mecobal/Levomefolat Ca/B6 Phos,Foltanx,15,201.53,5.0,15.0,126,2019
"Rituximab/Hyaluronidase,human",Rituxan Hycela,14,95419.8,5.0,14.0,308,2019
Carmustine,Bicnu,14,26695.14,5.0,14.0,390,2019
Olaratumab,Lartruvo,14,152968.71,5.0,14.0,294,2019
Acyclovir/Hydrocortisone,Xerese,14,1380625.05,5.0,30.0,900,2019
Ixabepilone,Ixempra,14,58776.28,5.0,14.0,294,2019
Pen G Pot/Dextrose-Water,Penicillin Gk-Iso-Osm Dextrose,13,8138.42,5.0,13.0,92,2019
Dacarbazine,Dacarbazine,13,795.99,5.0,13.0,364,2019
Prenatal 26/Iron Ps/Folic/Dha,Vitafol-One,13,1694.03,5.0,13.0,390,2019
Ethacrynate Sodium,Ethacrynate Sodium,13,193023.55,5.0,13.0,364,2019
Erythromycin Lactobionate,Erythrocin Lactobionate,13,20266.25,5.0,13.0,86,2019
Nabilone,Cesamet,13,34802.3,5.0,13.0,380,2019
Iloprost Tromethamine,Ventavis,13,318665.23,5.0,13.0,390,2019
Quinupristin/Dalfopristin,Synercid,13,21432.08,5.0,13.0,18,2019
Ulipristal Acetate,Ella,13,451.49,5.0,13.0,17,2019
"Rabies Vacc, Human Diploid/Pf",Imovax Rabies Vaccine,12,3372.0,5.0,12.0,12,2019
Mvn-Min 74/Iron Fum/Iron/Fa,Folivane-Ob,12,294.12,5.0,12.0,360,2019
Glasdegib Maleate,Daurismo,12,205967.4,5.0,12.0,338,2019
Neomycin Sulfate/Fluocinolone,Neo-Synalar,12,8397.01,5.0,12.0,360,2019
Succimer,Chemet,12,11333.36,5.0,12.0,300,2019
Daclatasvir Dihydrochloride,Daklinza,12,262818.84,5.0,12.0,336,2019
Mecamylamine Hcl,Vecamyl,12,23209.68,5.0,12.0,360,2019
Sofosbuvir,Sovaldi,12,348529.08,5.0,12.0,336,2019
Prenatal 2/Iron/Folic Acid/Om3,Complete Natal Dha,12,216.96,5.0,12.0,336,2019
Pnv 66/Iron/Folic/Docusate/Dha,Pnv-Dha + Docusate,12,588.81,5.0,14.0,420,2019
Multivit-Mins 25/Folic Acid/D3,Dialyvite Supreme D,12,133.0,5.0,12.2,365,2019
Carglumic Acid,Carbaglu,12,2120875.56,5.0,12.0,360,2019
"Syr,ndl,insulin,1ml-Sharps Bin",Ulticare,12,242.28,5.0,12.0,360,2019
Potassium Chloride In D5w,Dextrose 5%-Potassium Chloride,12,216.55,5.0,12.0,19,2019
Pitolisant Hcl,Wakix,12,74369.36,5.0,12.0,224,2019
Fludarabine Phosphate,Fludarabine Phosphate,12,15010.03,5.0,12.4,336,2019
Prenatal 78/Iron/Folate 1/Dha,Prenate Dha,12,2939.22,5.0,12.2,344,2019
Mvn No.53/Iron/Folic/Dss/Dha,Taron-Prex Prenatal,11,327.84,5.0,11.0,330,2019
"Cefoxitin Sodium/Dextrose,iso",Cefoxitin Sodium,11,1062.24,5.0,11.0,36,2019
Vinblastine Sulfate,Vinblastine Sulfate,11,804.1,5.0,11.0,308,2019
Estropipate,Estropipate,11,263.86,5.0,11.5,195,2019
Enalaprilat Dihydrate,Enalaprilat,11,1800.52,5.0,11.0,78,2019
Prenatal 25/Iron/Folate 6/Dha,Vitamedmd One Rx,11,1332.54,5.0,11.0,330,2019
B Cmplx 4/Vit D3/C/Folic/Zinc,Vital-D Rx,11,187.17,5.0,15.0,450,2019
Clindamycin/Tretinoin,Clindamycin Phos-Tretinoin,11,3574.12,5.0,11.0,230,2019
Mebendazole,Emverm,11,37651.45,5.0,11.0,43,2019
"Prenatal Vit 65/Iron Fum,ps/Fa",Provida Ob,11,312.95,5.0,11.0,330,2019
Pnv 69/Iron/Folic/Docusate/Dha,Prenaissance Plus,11,593.67,5.0,11.0,330,2019
Molindone Hcl,Molindone Hcl,11,1488.55,5.0,11.0,315,2019
Ganciclovir Sodium,Ganciclovir Sodium,11,7753.01,5.0,11.0,63,2019
Isocarboxazid,Marplan,11,11449.42,5.0,16.8,498,2019
Pnv 85/Iron/Folic/Dha/Fish Oil,Ob Complete One,11,1962.62,5.0,11.0,330,2019
Prenatal 118/Iron/Folate 6/Dha,Primacare,11,2737.92,5.0,11.0,330,2019
Cytarabine/Pf,Cytarabine,11,209.22,5.0,11.0,54,2019
Sinecatechins,Veregen,11,14825.25,5.0,11.0,110,2019
Gentamicin Sulf/Prednisolone,Pred-G,11,1647.06,5.0,11.0,216,2019
Alprostadil,Prostin Vr Pediatric,11,844.8,5.0,11.0,154,2019
