Gnrc_Name,Brnd_Name,Tot_Clms,Tot_Drug_Cst,Tot_Benes,Tot_30day_Fills,Tot_Day_Suply,year
Atorvastatin Calcium,Atorvastatin Calcium,72478232,751750949.9499999,22184851.0,178559448.90000007,5291818545,2024
Amlodipine Besylate,Amlodipine Besylate,49246040,312717900.54999995,15037429.0,118940878.89999999,3524913355,2024
Levothyroxine Sodium,Levothyroxine Sodium,47159857,783436840.8300002,12391838.0,110075521.40000005,3241750057,2024
Gabapentin,Gabapentin,35529509,537771943.6400001,9918654.0,56045671.099999994,1625808618,2024
Losartan Potassium,Losartan Potassium,35424663,349060865.3099999,10898648.0,88490377.69999999,2632482508,2024
Lisinopril,Lisinopril,35419545,249000321.65999997,10689219.0,87840166.39999999,2607803802,2024
Metformin Hcl,Metformin Hcl,33008405,336260610.2300001,9893920.0,79935869.7,2372637326,2024
Metoprolol Succinate,Metoprolol Succinate,31359956,447143233.11,9672646.0,75220483.69999999,2230386989,2024
Rosuvastatin Calcium,Rosuvastatin Calcium,30117327,431132099.2400002,9586358.0,78223443.90000002,2334030633,2024
Omeprazole,Omeprazole,27948661,355899522.19999987,8566026.0,62492871.79999998,1848879132,2024
Pantoprazole Sodium,Pantoprazole Sodium,24450040,310250746.65000004,7704185.0,50741937.20000001,1488963881,2024
Apixaban,Eliquis,22996543,19876304796.020004,5459419.0,37151879.0,1037183089,2024
Furosemide,Furosemide,22501895,121338077.99000001,7059929.0,42941393.99999999,1225923647,2024
Tamsulosin Hcl,Tamsulosin Hcl,20562302,297817390.5,6233330.0,46285316.60000001,1363209834,2024
Albuterol Sulfate,Albuterol Sulfate Hfa,19330031,636826136.89,7644521.0,23136771.7,571977834,2024
Hydrocodone/Acetaminophen,Hydrocodone-Acetaminophen,19057273,377112532.63,6499789.0,19094178.400000002,399862228,2024
Hydrochlorothiazide,Hydrochlorothiazide,17758779,78309967.53,5509489.0,44939553.099999994,1339935245,2024
Trazodone Hcl,Trazodone Hcl,17632656,159468513.9,4556125.0,30650646.499999996,888723755,2024
Sertraline Hcl,Sertraline Hcl,15394360,143254258.56000003,3664786.0,28638815.40000001,828722678,2024
Metoprolol Tartrate,Metoprolol Tartrate,15048761,102157935.45000002,4397420.0,33112018.500000004,967783086,2024
Carvedilol,Carvedilol,14918248,128802867.17,4377365.0,33643987.0,992137250,2024
Simvastatin,Simvastatin,14482601,121796709.25,4076085.0,37081101.70000001,1103676535,2024
Prednisone,Prednisone,14221042,64908231.69999999,8796283.0,17167534.5,299405893,2024
Potassium Chloride,Klor-Con M20,14127105,285741265.37,3978228.0,26473007.0,753834148,2024
Famotidine,Famotidine,13009220,167582071.94000006,3972375.0,25312400.999999996,737405224,2024
Clopidogrel Bisulfate,Clopidogrel,12681186,145447151.01999995,3818002.0,28373642.799999997,835875305,2024
Duloxetine Hcl,Duloxetine Hcl,12298888,292821461.44,2981548.0,22935772.3,671985956,2024
Fluticasone Propionate,Fluticasone Propionate,12140541,215709259.51999995,5176325.0,20320463.999999996,607380866,2024
Tramadol Hcl,Tramadol Hcl,12003386,94401698.84999998,4251826.0,12188846.200000001,244516224,2024
Escitalopram Oxalate,Escitalopram Oxalate,11938670,135688950.33999997,2967627.0,23099685.1,674345222,2024
Montelukast Sodium,Montelukast Sodium,11835046,129991679.22999997,3413192.0,26219027.999999996,777851958,2024
Meloxicam,Meloxicam,11308331,48283441.75000002,4270243.0,18425493.500000004,538752520,2024
Alprazolam,Alprazolam,10996238,64885979.93,2516574.0,11913716.5,326754290,2024
Semaglutide,Rybelsus,10906364,13792509455.769999,2402242.0,15191108.699999996,441494924,2024
Empagliflozin,Jardiance,10654599,10678957371.719997,2731340.0,19763777.3,577841170,2024
Latanoprost,Latanoprost,10475362,125743781.02999996,2894002.0,19802861.600000005,570558426,2024
Allopurinol,Allopurinol,9025695,89801271.57,2457627.0,21587408.499999996,638697934,2024
Quetiapine Fumarate,Quetiapine Fumarate,8928376,174756903.97000003,1688608.0,12020696.099999994,336157084,2024
Pravastatin Sodium,Pravastatin Sodium,8787298,118771034.86999999,2455860.0,22279766.499999996,660966255,2024
Oxycodone Hcl,Oxycodone Hcl,8541099,405197676.11999995,3241914.0,8551004.699999997,162999896,2024
Clonazepam,Clonazepam,8263838,67724022.52,1547346.0,9044125.400000004,256741344,2024
Alendronate Sodium,Alendronate Sodium,8243198,71644651.06,2419962.0,18597106.399999995,551431343,2024
Oxycodone Hcl/Acetaminophen,Oxycodone-Acetaminophen,8141132,276767252.39000005,2430931.0,8149559.400000001,184060398,2024
Bupropion Hcl,Bupropion Hcl Sr,8139319,211195562.59999996,1964583.0,15337544.500000004,452235999,2024
Ezetimibe,Ezetimibe,8112620,194134730.72,2472385.0,20311651.900000002,605612099,2024
Spironolactone,Spironolactone,8103728,71631087.14,2440762.0,18029390.299999997,532411745,2024
Amoxicillin,Amoxicillin,7967837,23992065.380000003,6134125.0,8039172.599999997,55751890,2024
"Insulin Glargine,hum.Rec.Anlog",Basaglar Kwikpen U-100,7800330,1885245349.0599995,2123082.0,13854295.100000003,392386875,2024
Mirtazapine,Mirtazapine,7524736,141889347.33999997,1689533.0,10989884.800000003,307234649,2024
Donepezil Hcl,Donepezil Hcl,7511975,93253985.58999999,1745072.0,12660746.799999997,358905469,2024
Lorazepam,Lorazepam,7298513,58929977.809999995,1826086.0,7837346.899999998,199141207,2024
Zolpidem Tartrate,Zolpidem Tartrate,7171503,56659181.54999999,1632811.0,8964272.899999999,263829463,2024
Buspirone Hcl,Buspirone Hcl,7170148,101452295.80000001,1626236.0,10675233.7,304148108,2024
Azithromycin,Azithromycin,7141457,38032034.43999998,5689926.0,7471944.300000003,58829107,2024
Pregabalin,Pregabalin,6821045,196545995.98000002,1728451.0,8774001.200000001,255920521,2024
Fluoxetine Hcl,Fluoxetine Hcl,6775117,77003539.63,1516185.0,12953887.6,380132695,2024
Finasteride,Finasteride,6706842,87871173.81,1914238.0,15964701.6,472470294,2024
Glipizide,Glipizide,6701877,77749211.82,1900568.0,16070851.699999997,477364819,2024
Cyclobenzaprine Hcl,Cyclobenzaprine Hcl,6281618,55444543.81999999,2369773.0,7603781.199999999,191635732,2024
Tizanidine Hcl,Tizanidine Hcl,6270719,68808859.06000002,2101842.0,8170298.600000001,215300834,2024
Citalopram Hydrobromide,Citalopram Hbr,6061804,43926773.83,1426472.0,12394384.299999999,363232997,2024
Ibuprofen,Ibuprofen,5975717,43657782.43000001,3209413.0,6795638.7,136693793,2024
Diclofenac Sodium,Diclofenac Sodium,5925081,320639779.7600001,2315708.0,7484257.799999998,193823586,2024
Rivaroxaban,Xarelto,5888827,5436701738.5,1372484.0,10411469.500000002,297530304,2024
Atenolol,Atenolol,5822437,45232313.12000001,1588124.0,14869007.399999999,442651301,2024
Amoxicillin/Potassium Clav,Amoxicillin-Clavulanate Potass,5804661,54326058.129999995,5025414.0,5827371.700000001,50771115,2024
Cephalexin,Cephalexin,5743487,43365699.219999984,4628603.0,6111315.700000001,62497683,2024
Fluticasone/Umeclidin/Vilanter,Trelegy Ellipta,5725949,4832494642.930001,1355099.0,7693444.100000001,230286340,2024
Memantine Hcl,Memantine Hcl,5615258,197772848.42999998,1218432.0,8481547.499999998,236199061,2024
Triamcinolone Acetonide,Triamcinolone Acetonide,5540703,57912483.419999994,3347685.0,6185195.0,151495664,2024
Hydralazine Hcl,Hydralazine Hcl,5299074,72299394.52999997,1515579.0,10366384.000000002,300201703,2024
Doxycycline Hyclate,Doxycycline Hyclate,5222616,64715572.889999986,4016798.0,5662070.899999999,77458204,2024
Dapagliflozin Propanediol,Farxiga,5200687,4739872154.829999,1323829.0,8851419.8,259475016,2024
Venlafaxine Hcl,Venlafaxine Hcl,5079753,114332841.42999996,1074102.0,9564670.600000001,280274961,2024
Lisinopril/Hydrochlorothiazide,Lisinopril-Hydrochlorothiazide,5028099,42049280.34000001,1456591.0,13483934.300000003,403288611,2024
Celecoxib,Celecoxib,4993112,144433309.59,1741171.0,8092048.099999997,236017041,2024
Losartan/Hydrochlorothiazide,Losartan-Hydrochlorothiazide,4970942,70518071.46,1437372.0,13012882.6,389255295,2024
Methylprednisolone,Methylprednisolone,4763331,33739890.660000004,4053909.0,4823909.399999999,33238200,2024
Tirzepatide,Mounjaro,4694910,5825309627.679997,961674.0,5603829.700000001,159820615,2024
Baclofen,Baclofen,4472772,76449143.03,1304396.0,5964188.5,161686609,2024
Divalproex Sodium,Divalproex Sodium Er,4418428,194602809.30000004,767627.0,5165389.500000001,136119085,2024
Warfarin Sodium,Warfarin Sodium,4293014,39895419.519999996,969341.0,8637049.6,242140906,2024
Oxybutynin Chloride,Oxybutynin Chloride Er,4231417,85168964.75000001,1193571.0,7914918.399999999,228940298,2024
Isosorbide Mononitrate,Isosorbide Mononitrate Er,4108962,52420549.960000016,1165931.0,8868102.9,261105725,2024
Glimepiride,Glimepiride,4104456,37046460.70999999,1141163.0,10025196.899999995,298695906,2024
Diltiazem Hcl,Diltiazem 24hr Er (Cd),4093677,122475292.41000003,1186072.0,8854827.9,258807455,2024
Levetiracetam,Levetiracetam,4057368,185662993.57000008,857841.0,6230658.800000001,173845415,2024
Valsartan,Valsartan,4004212,111210876.64,1151576.0,9874187.499999998,293178116,2024
Estradiol,Estradiol,3876477,249490559.95999998,1564568.0,9502622.600000001,283394272,2024
Dulaglutide,Trulicity,3816376,4786817612.429999,827507.0,5055403.500000001,143343077,2024
Lamotrigine,Lamotrigine,3766590,141020639.51999998,738766.0,5798234.300000001,168048985,2024
Hydroxyzine Hcl,Hydroxyzine Hcl,3722990,60026408.77999999,1113737.0,4786910.399999999,125568765,2024
Varicella-Zoster Ge/As01b/Pf,Shingrix,3710214,727447409.8299999,2921238.0,3736900.3,7320735,2024
Prednisolone Acetate,Prednisolone Acetate,3641408,147407737.35999998,2245931.0,4734926.399999999,122579810,2024
Ketoconazole,Ketoconazole,3549882,68866090.81,1682359.0,3920297.3,107098679,2024
Aripiprazole,Aripiprazole,3538963,750159749.32,714527.0,4710835.900000001,134384957,2024
Ondansetron,Ondansetron Odt,3506824,52588894.36000001,2216461.0,3584572.1999999993,38764526,2024
Sitagliptin Phosphate,Januvia,3490163,3195725240.549999,778064.0,6219575.899999999,177751150,2024
Olanzapine,Olanzapine,3398378,96530478.43000002,613984.0,3994967.400000001,107513762,2024
Sacubitril/Valsartan,Entresto,3384891,3480046730.0299993,866140.0,5654387.700000001,163589874,2024
Ciprofloxacin Hcl,Ciprofloxacin Hcl,3362534,22888290.750000004,2654133.0,3409491.4,30048461,2024
Risperidone,Risperidone,3320670,116972453.47000001,552108.0,3909818.0999999996,106149603,2024
Carbidopa/Levodopa,Carbidopa-Levodopa,3308337,349925135.0,829274.0,5872274.8,167680141,2024
Fluticasone Propion/Salmeterol,Fluticasone-Salmeterol,3270503,625851243.23,977422.0,4753194.2,142528106,2024
Mirabegron,Myrbetriq,3097118,1953271819.8799996,785588.0,4686260.4,131558776,2024
Nifedipine,Nifedipine Er,3087693,78896482.61,884392.0,6626568.699999999,195468497,2024
Sulfamethoxazole/Trimethoprim,Sulfamethoxazole-Trimethoprim,3086605,15404906.35,2164705.0,3424961.4999999995,47433152,2024
Ondansetron Hcl,Ondansetron Hcl,3063170,54225868.74999999,1656110.0,3165544.2999999993,39930148,2024
Nitrofurantoin Monohyd/M-Cryst,Nitrofurantoin Mono-Macro,2999284,45609920.440000005,2309815.0,3139309.7999999993,29759479,2024
"Pen Needle, Diabetic",Ultra-Fine Mini Pen Needle,2962727,247647424.69000006,1073969.0,6333440.4,186852881,2024
Mupirocin,Mupirocin,2960221,23555741.569999997,2169279.0,3006975.3000000007,52115461,2024
Olmesartan Medoxomil,Olmesartan Medoxomil,2943871,60141114.68999998,843911.0,7354341.699999999,219655486,2024
Amitriptyline Hcl,Amitriptyline Hcl,2940108,42354190.370000005,733656.0,5377529.599999999,159078922,2024
Propranolol Hcl,Propranolol Hcl,2878911,65358086.00000001,741192.0,5325028.5,155384259,2024
Ropinirole Hcl,Ropinirole Hcl,2865276,49196254.17,655916.0,5291020.500000002,153461448,2024
Pioglitazone Hcl,Pioglitazone Hcl,2760442,36179698.76,784588.0,6782462.499999998,202216568,2024
Dorzolamide Hcl/Timolol Maleat,Dorzolamide-Timolol,2757691,51291871.59000002,848990.0,5850698.7,175091894,2024
Timolol Maleate,Timolol Maleate,2728589,46837538.510000005,859256.0,5668777.5,166978704,2024
Clonidine Hcl,Clonidine Hcl,2723121,17879976.67,749167.0,4877513.600000001,140225147,2024
Paroxetine Hcl,Paroxetine Hcl,2711440,37390918.27999999,614841.0,5179556.599999999,151741949,2024
Topiramate,Topiramate,2709469,71683812.63000001,651204.0,4561389.9,133282670,2024
Rsvpref3 Antigen/As01e/Pf,Arexvy,2698120,736054032.7100003,2689219.0,2700878.9999999995,4807276,2024
Azelastine Hcl,Azelastine Hcl,2670346,69390514.80000001,1143055.0,4041973.5000000014,117795133,2024
Amiodarone Hcl,Amiodarone Hcl,2498996,60534071.569999985,848623.0,4934155.500000002,142714790,2024
Brimonidine Tartrate,Alphagan P,2424834,155616492.36000004,748811.0,4461446.999999999,129186389,2024
Torsemide,Torsemide,2409596,44512049.620000005,724183.0,4529635.099999999,129935453,2024
Methocarbamol,Methocarbamol,2401553,28329436.49000001,1083975.0,2684040.6000000006,61371822,2024
Esomeprazole Magnesium,Esomeprazole Magnesium,2335279,108588815.28,618857.0,4828891.1,142959352,2024
Fluconazole,Fluconazole,2308172,24209798.059999995,1357263.0,2483322.0999999996,25351141,2024
Budesonide/Formoterol Fumarate,Symbicort,2301446,616711047.65,698760.0,3150922.4999999986,94283532,2024
Chlorthalidone,Chlorthalidone,2246636,36480905.730000004,653810.0,5450127.3,162406907,2024
Diazepam,Diazepam,2239291,27809194.42,655207.0,2368690.3000000003,56584610,2024
Hydroxychloroquine Sulfate,Hydroxychloroquine Sulfate,2224881,86686403.38,663800.0,4672659.8,138842676,2024
Triamterene/Hydrochlorothiazid,Triamterene-Hydrochlorothiazid,2214275,20279184.079999994,617718.0,5733103.7,171110972,2024
Morphine Sulfate,Morphine Sulfate Er,2208569,65429553.84,511402.0,2212406.1999999997,59384301,2024
Methotrexate Sodium,Methotrexate,2173193,52330380.91000001,620779.0,4274293.3999999985,125336714,2024
Fluticasone/Vilanterol,Breo Ellipta,2144335,1088316632.36,535910.0,2808744.6,84071121,2024
Valacyclovir Hcl,Valacyclovir,2141758,72942260.43,844958.0,3248157.2999999993,74218273,2024
Nystatin,Nystatin,2140382,42886824.480000004,980452.0,2256823.0,45783187,2024
Insulin Lispro,Humalog Kwikpen U-100,2117251,533396194.0499999,670381.0,3428878.8000000007,92853214,2024
Meclizine Hcl,Meclizine Hcl,2086865,18619536.69,836120.0,2447189.900000001,55198508,2024
Clobetasol Propionate,Clobetasol Propionate,2068536,97691421.02000004,1110688.0,2238202.8000000003,59546266,2024
Linaclotide,Linzess,2056032,1572673940.1,560557.0,2975702.1000000006,88784184,2024
Chlorhexidine Gluconate,Chlorhexidine Gluconate,2051145,10500260.989999998,1365648.0,2102346.6999999997,38386023,2024
Naproxen,Naproxen,2026792,24078337.869999994,936712.0,2546761.799999999,65305850,2024
Irbesartan,Irbesartan,2023354,43503429.97,558085.0,5127265.8999999985,153049498,2024
Lovastatin,Lovastatin,1997156,19691773.94,531963.0,5159081.399999999,153504539,2024
Dextroamphetamine/Amphetamine,Dextroamphetamine-Amphetamine,1939675,76948572.31,409165.0,2008575.1,59223803,2024
Hydrocortisone,Hydrocortisone,1932213,33592942.25,957901.0,2282160.9,56260545,2024
Levocetirizine Dihydrochloride,Levocetirizine Dihydrochloride,1906789,22179995.27,624208.0,3590279.3000000007,106017197,2024
Temazepam,Temazepam,1886841,21225568.330000006,396899.0,2090614.1000000003,61609192,2024
Evolocumab,Repatha Syringe,1883534,1616984122.2000005,422888.0,2905091.4999999995,84560416,2024
Cyclosporine,Restasis,1852153,1436284116.54,666685.0,2954615.4999999995,87371492,2024
Bumetanide,Bumetanide,1824544,59856252.07999998,512687.0,3150570.2,89136193,2024
Nitroglycerin,Nitroglycerin,1773405,27677264.719999988,984326.0,2099373.6000000006,46015511,2024
Ipratropium Bromide,Ipratropium Bromide,1733043,86725178.18000004,729234.0,2465821.1999999997,66067083,2024
Benztropine Mesylate,Benztropine Mesylate,1732441,21019049.500000004,294806.0,1978812.4000000004,54169404,2024
Acetaminophen With Codeine,Acetaminophen-Codeine,1717843,26696161.27,756728.0,1724113.400000001,28705583,2024
Buprenorphine Hcl/Naloxone Hcl,Buprenorphine-Naloxone,1668902,258799331.52000004,312838.0,1677935.3000000003,37253508,2024
Dicyclomine Hcl,Dicyclomine Hcl,1667748,30979693.81,612104.0,2336079.299999999,61276821,2024
Doxazosin Mesylate,Doxazosin Mesylate,1646696,26659398.549999997,441502.0,3702775.5000000005,109341216,2024
Cefdinir,Cefdinir,1646124,25171135.84,1433792.0,1653816.0999999999,13760647,2024
Sucralfate,Sucralfate,1641395,87863628.5,542581.0,2170865.3,57270331,2024
Insulin Degludec,Tresiba Flextouch U-100,1605866,1305313500.8999999,461390.0,3082269.3,89452456,2024
Icosapent Ethyl,Vascepa,1573121,648647770.8299998,388331.0,2372117.499999999,70061735,2024
Benazepril Hcl,Benazepril Hcl,1570778,16166576.990000004,422942.0,3994450.1,118974911,2024
Fenofibrate,Fenofibrate,1536152,42719839.82000001,414227.0,3625992.5,107680111,2024
"Rsv Vacc, Pref A And Pref B/Pf",Abrysvo,1501907,431001071.8000001,1497371.0,1512020.9000000001,2749297,2024
Anastrozole,Anastrozole,1495359,28925554.559999995,465962.0,3489245.100000001,103967373,2024
Levofloxacin,Levofloxacin,1454877,8545911.1,1129002.0,1466204.3000000003,12557051,2024
Insulin Aspart,Novolog Flexpen,1440948,310554734.52999985,466285.0,2381584.6999999997,65779253,2024
Enalapril Maleate,Enalapril Maleate,1439449,25150985.030000005,382547.0,3387730.8000000003,100596682,2024
Fenofibrate Nanocrystallized,Fenofibrate,1430397,37929712.46,366220.0,3104003.1000000006,91505938,2024
Ketorolac Tromethamine,Ketorolac Tromethamine,1428672,30764916.540000003,891678.0,1682946.8999999994,40488831,2024
Ergocalciferol (Vitamin D2),Vitamin D2,1336939,9599170.59,443303.0,2745270.5,81051151,2024
Sumatriptan Succinate,Sumatriptan Succinate,1311071,30308204.580000002,336764.0,1523190.5000000002,40012482,2024
Bimatoprost,Bimatoprost,1302903,588661288.2400002,356415.0,2304270.1,66299842,2024
Doxycycline Monohydrate,Doxycycline Monohydrate,1302585,23755238.619999994,1010221.0,1433898.7999999998,20506456,2024
"Diphth,pertuss(Acell),tet Vac",Boostrix Tdap,1297505,79852211.58000003,1291625.0,1298975.4,2127951,2024
Pramipexole Di-Hcl,Pramipexole Dihydrochloride,1289170,22894854.71,319643.0,2475471.6999999997,72321807,2024
Acyclovir,Acyclovir,1277281,21677046.680000007,398141.0,2058268.6999999995,55291650,2024
Tiotropium Bromide,Spiriva Handihaler,1274431,853466361.7,357639.0,1818283.0000000005,54376132,2024
"Peg3350/Sod Sulf,bicarb,cl/Kcl",Gavilyte-G,1255868,20994585.750000007,1207979.0,1263987.200000001,2124563,2024
Lactulose,Lactulose,1252121,50658944.449999996,387886.0,1386936.5000000002,27548070,2024
Valsartan/Hydrochlorothiazide,Valsartan-Hydrochlorothiazide,1224163,40093565.97,344314.0,3170167.8000000003,94800009,2024
Amlodipine Besylate/Benazepril,Amlodipine Besylate-Benazepril,1207426,21884438.790000003,330872.0,3081024.700000001,92027704,2024
Clotrimazole/Betamethasone Dip,Clotrimazole-Betamethasone,1206036,26757495.240000013,601483.0,1278283.8000000003,30342063,2024
Vibegron,Gemtesa,1195468,811538651.5899999,314293.0,1823388.2999999998,51111899,2024
Budesonide/Glycopyr/Formoterol,Breztri Aerosphere,1165471,912446611.2600002,316538.0,1490571.6,44672459,2024
Hydroxyzine Pamoate,Hydroxyzine Pamoate,1156883,13989119.740000002,314583.0,1363239.8,36060005,2024
Digoxin,Digoxin,1148061,26496596.01,306039.0,2306606.500000001,66908012,2024
Lidocaine,Lidocaine,1133803,150877151.79999995,356538.0,1280366.0,35657306,2024
Clozapine,Clozapine,1108545,96853765.73999996,120531.0,1113110.6,27416196,2024
Linagliptin,Tradjenta,1106446,776080947.7700001,237256.0,1708568.0999999999,46546506,2024
Primidone,Primidone,1087474,28903020.350000005,274508.0,1948385.2000000004,56439806,2024
Midodrine Hcl,Midodrine Hcl,1084780,68812291.84,301751.0,1458679.7999999996,38317379,2024
Ofloxacin,Ofloxacin,1081372,17836188.659999996,791916.0,1141511.9999999998,22559547,2024
Clindamycin Hcl,Clindamycin Hcl,1069311,7725046.329999997,793431.0,1074214.6999999997,7656800,2024
Ramipril,Ramipril,1065137,11876353.92,294373.0,2737857.900000001,81682411,2024
Flecainide Acetate,Flecainide Acetate,1045744,43373927.04,325588.0,2429766.3,72194607,2024
Umeclidinium Brm/Vilanterol Tr,Anoro Ellipta,1044751,600718387.2000003,255165.0,1334990.4000000001,39748721,2024
Ammonium Lactate,Ammonium Lactate,1043565,22121385.579999994,453334.0,1214854.9999999995,35476436,2024
Calcitriol,Calcitriol,1038712,19398112.83,301399.0,2190413.2999999993,64278289,2024
Solifenacin Succinate,Solifenacin Succinate,1030916,48299906.15999997,324635.0,1963944.4999999998,57851369,2024
Metronidazole,Metronidazole,1019159,33438736.520000003,674339.0,1084523.5,20504004,2024
Dexamethasone,Dexamethasone,1017398,13665964.490000002,615691.0,1099978.0,14973066,2024
Nebivolol Hcl,Nebivolol Hcl,1014174,59012785.910000004,280026.0,2272790.0000000005,67662909,2024
Alcohol Antiseptic Pads,Dropsafe Prep Pads,1003535,18279680.64,318224.0,1824341.6999999995,53872161,2024
Oxcarbazepine,Oxcarbazepine,995156,72793438.74999999,207121.0,1349674.5999999999,38165787,2024
Prazosin Hcl,Prazosin Hcl,968423,17478055.180000007,196303.0,1271248.3000000003,36199678,2024
Ranolazine,Ranolazine Er,964535,84283359.40999998,268066.0,1826824.2000000002,53772698,2024
Erythromycin Base,Erythromycin,956364,15018552.799999999,604967.0,987038.4,14705511,2024
Moxifloxacin Hcl,Moxifloxacin,930424,22416110.580000002,590621.0,942886.1,14813376,2024
Neomycin/Polymyxin B/Dexametha,Neomycin-Polymyxin-Dexameth,928759,10790378.659999998,698332.0,958459.4999999999,15198814,2024
Dorzolamide Hcl,Dorzolamide Hcl,902858,18254086.490000002,287075.0,1799908.8999999997,53695748,2024
Telmisartan,Telmisartan,883892,25508824.609999996,254294.0,2210163.1,66052567,2024
Ipratropium/Albuterol Sulfate,Combivent Respimat,879141,205598380.15000004,305052.0,949163.0000000003,16681198,2024
Doxepin Hcl,Doxepin Hcl,870008,42137822.17000001,215449.0,1204751.7000000002,35030060,2024
Nirmatrelvir/Ritonavir,Paxlovid,869861,43214529.79,857945.0,869915.5999999999,4423978,2024
Terazosin Hcl,Terazosin Hcl,868211,20561056.24999999,253901.0,2118237.9000000004,62681034,2024
"Sodium, Potassium,mag Sulfates",Sod Sulf-Potass Sulf-Mag Sulf,867092,56517157.38,846785.0,876764.8000000002,1551702,2024
Carbamazepine,Carbamazepine,855051,71428102.33000001,199579.0,1155670.2,32346711,2024
Lithium Carbonate,Lithium Carbonate,851926,9977867.399999997,169005.0,1043887.7000000004,29040801,2024
Sotalol Hcl,Sotalol,846182,16958244.28,254550.0,1950315.4000000004,57912210,2024
Testosterone Cypionate,Testosterone Cypionate,842642,30564398.100000005,230968.0,1318094.2000000004,37676855,2024
Promethazine Hcl,Promethazine Hcl,841358,8656733.299999999,299860.0,879183.5999999999,13353338,2024
Alfuzosin Hcl,Alfuzosin Hcl Er,839076,18380738.060000002,272049.0,1984010.7999999998,59186367,2024
Colchicine,Colchicine,825465,46310164.66000001,287835.0,1229057.5,32035854,2024
Nortriptyline Hcl,Nortriptyline Hcl,813506,11987823.539999997,228559.0,1387853.2999999998,40863630,2024
Brimonidine Tartrate/Timolol,Brimonidine Tartrate-Timolol,798560,198733310.34000003,224136.0,1313658.2000000002,37494744,2024
Bictegrav/Emtricit/Tenofov Ala,Biktarvy,781030,3202748091.0899997,115940.0,815534.2000000001,24408618,2024
Cefuroxime Axetil,Cefuroxime,780011,11602000.879999997,655951.0,788721.0999999999,6665604,2024
Haloperidol,Haloperidol,766454,22727570.839999996,135651.0,827820.7999999998,21637249,2024
Lacosamide,Lacosamide,752421,133263169.58000006,148298.0,938797.3,26220361,2024
Lansoprazole,Lansoprazole,750934,28356684.01,211128.0,1493166.1,43848989,2024
Letrozole,Letrozole,750236,16715365.459999997,228088.0,1687890.5000000007,50284848,2024
Bisoprolol Fumarate,Bisoprolol Fumarate,728027,19718388.63,223687.0,1774521.8000000003,52763969,2024
Verapamil Hcl,Verapamil Er,720930,24995837.020000007,210819.0,1557133.5999999994,45881677,2024
Methenamine Hippurate,Methenamine Hippurate,713792,47247254.879999995,189035.0,1086674.5999999999,30521525,2024
Folic Acid,Folic Acid,699956,4341230.14,208429.0,1455909.0999999999,43033814,2024
Sitagliptin Phos/Metformin Hcl,Janumet,695511,584211885.19,174475.0,1174453.8000000003,34541214,2024
Ticagrelor,Brilinta,688744,435191222.5899999,187309.0,1056487.9000000001,30178992,2024
Lipase/Protease/Amylase,Creon,686879,1384832488.05,178218.0,855829.2999999999,23689812,2024
Lurasidone Hcl,Lurasidone Hcl,680461,164977832.8,130706.0,774023.0,22118029,2024
Desvenlafaxine Succinate,Desvenlafaxine Succinate Er,672652,40725896.54,151891.0,1047536.7,30605688,2024
Methimazole,Methimazole,672584,7324896.190000001,191430.0,1402733.8999999997,41231918,2024
Dutasteride,Dutasteride,672355,22245101.060000006,198330.0,1553065.2999999996,46208993,2024
Fentanyl,Fentanyl,657037,75243166.41,143296.0,658347.6,17958252,2024
Mometasone Furoate,Mometasone Furoate,643594,24841282.400000006,343215.0,754490.4999999999,19952560,2024
Sevelamer Carbonate,Sevelamer Carbonate,638285,131093107.42000002,193539.0,995256.5999999997,28148063,2024
Metoclopramide Hcl,Metoclopramide Hcl,625234,7049557.659999999,213340.0,753162.9999999999,18657808,2024
Olmesartan/Hydrochlorothiazide,Olmesartan-Hydrochlorothiazide,621934,22532116.300000004,177196.0,1519605.9999999995,45455091,2024
Cariprazine Hcl,Vraylar,620682,901672327.92,124057.0,650439.7000000002,18458812,2024
Labetalol Hcl,Labetalol Hcl,618803,17828405.920000006,167773.0,1221327.3999999997,35518428,2024
Omega-3 Acid Ethyl Esters,Omega-3 Acid Ethyl Esters,612648,40695408.30999999,175174.0,1104069.9,32651890,2024
Ciclopirox,Ciclopirox,611839,18285697.97,286313.0,664725.8999999999,19061648,2024
Fluorouracil,Fluorouracil,586754,38868625.72000001,510933.0,611710.5999999999,16924401,2024
Paliperidone Palmitate,Invega Sustenna,583715,1955780456.8100004,102584.0,647706.5000000002,18073181,2024
Dexlansoprazole,Dexlansoprazole Dr,571900,145389771.87000006,144206.0,889582.7000000001,26382686,2024
Ibandronate Sodium,Ibandronate Sodium,570311,16375672.880000005,172307.0,1382275.1,41374197,2024
Umeclidinium Bromide,Incruse Ellipta,570145,237223272.6399999,146171.0,707519.8999999999,20831699,2024
Eszopiclone,Eszopiclone,553455,13054301.63,149084.0,662499.2000000001,19489603,2024
Dabigatran Etexilate Mesylate,Dabigatran Etexilate,548684,135630139.61,201697.0,1256320.3999999997,37460751,2024
Adalimumab,Humira(Cf) Pen,541153,4628444081.160001,106512.0,573850.8999999999,16125610,2024
Methylphenidate Hcl,Methylphenidate Hcl,540790,26650844.360000003,145113.0,566392.7999999997,16529199,2024
Hydromorphone Hcl,Hydromorphone Hcl,533907,13126111.86,156227.0,534596.1,11296572,2024
Cilostazol,Cilostazol,527294,10870371.460000003,149368.0,955887.4999999999,28060625,2024
Dupilumab,Dupixent Pen,522353,2067920188.6600003,106171.0,541161.3999999998,14959730,2024
Sildenafil Citrate,Sildenafil Citrate,513686,27471437.040000007,139495.0,661782.3,17954792,2024
Leflunomide,Leflunomide,511975,30443964.00000001,158548.0,1056294.3000000003,31455787,2024
Fluocinonide,Fluocinonide,506150,22299089.82,269888.0,543313.9999999999,15093737,2024
Buprenorphine Hcl,Belbuca,505217,156059609.45999998,115935.0,509359.5999999998,13658524,2024
Prochlorperazine Maleate,Prochlorperazine Maleate,504757,7400915.630000001,305068.0,510150.1000000002,6274754,2024
Clotrimazole,Clotrimazole,502509,11690358.229999997,218087.0,539086.6,13281173,2024
Butalb/Acetaminophen/Caffeine,Butalbital-Acetaminophen-Caffe,500071,15281323.68,126326.0,517091.30000000005,10065039,2024
Liothyronine Sodium,Liothyronine Sodium,499819,19361098.540000003,144154.0,1142655.9000000001,33938431,2024
Ziprasidone Hcl,Ziprasidone Hcl,499459,32946311.16,94068.0,614617.9000000003,17409338,2024
Tacrolimus,Tacrolimus,494640,77044279.83000001,197080.0,703064.3,20293161,2024
Tiotropium Br/Olodaterol Hcl,Stiolto Respimat,489884,304781208.12000006,128770.0,673287.7000000001,20175899,2024
Methadone Hcl,Methadone Hcl,465551,9359599.979999999,96678.0,467224.10000000003,12801147,2024
Brexpiprazole,Rexulti,460866,634758164.9799998,94499.0,491193.70000000007,12570985,2024
"Progesterone, Micronized",Progesterone,458580,17910331.59,132808.0,994159.9999999999,29607653,2024
Betamethasone Dipropionate,Betamethasone Dipropionate,441016,19252284.890000004,233106.0,470149.80000000005,11878456,2024
Clindamycin Phosphate,Clindamycin Phosphate,439279,16185075.999999998,214365.0,476066.6,13526085,2024
Raloxifene Hcl,Raloxifene Hcl,438566,18310828.480000004,118935.0,946381.2999999997,28083939,2024
Terbinafine Hcl,Terbinafine Hcl,436623,4992237.91,215882.0,661004.8999999997,18800790,2024
Vortioxetine Hydrobromide,Trintellix,436130,249265084.85999995,94210.0,541613.8999999999,15243934,2024
Hydroxyurea,Hydroxyurea,434230,10898249.13,112826.0,834249.2000000002,24632831,2024
Tolterodine Tartrate,Tolterodine Tartrate Er,432267,34103431.51,127350.0,704310.4000000001,20348386,2024
Gemfibrozil,Gemfibrozil,429519,7510571.59,115710.0,866987.9000000004,25519870,2024
Rizatriptan Benzoate,Rizatriptan,428412,8584411.950000001,123153.0,473227.00000000006,12056533,2024
Loperamide Hcl,Loperamide,427496,8275661.819999998,179819.0,459518.9000000001,7947996,2024
Phenytoin Sodium Extended,Phenytoin Sodium Extended,423462,21617233.61,103335.0,594296.7999999999,16417472,2024
Buprenorphine,Buprenorphine,422169,137105550.78,121129.0,423878.5999999998,11731202,2024
Mesalamine,Mesalamine,418997,183339810.18999994,112791.0,740388.6999999998,21692095,2024
Amantadine Hcl,Amantadine,418639,99091310.77,106502.0,620949.9000000001,17444061,2024
Sulfasalazine,Sulfasalazine Dr,410972,12378021.440000003,121299.0,773661.3000000003,22710320,2024
Ciclopirox Olamine,Ciclopirox,405961,10291584.2,201184.0,460494.6000000001,12622141,2024
Nabumetone,Nabumetone,404891,7176603.410000002,164251.0,513194.10000000003,13632058,2024
Naloxone Hcl,Naloxone Hcl,401305,24931902.28,339602.0,409026.1000000001,4637528,2024
Trospium Chloride,Trospium Chloride,401207,29922664.72000001,141316.0,707250.3999999998,20643551,2024
Minoxidil,Minoxidil,397676,4906247.780000001,122182.0,850151.7000000001,25323507,2024
Lenalidomide,Lenalidomide,393258,6132950800.629998,81109.0,393378.89999999997,10686111,2024
Nitrofurantoin Macrocrystal,Nitrofurantoin,390726,11609741.719999999,160313.0,556298.2999999998,13865354,2024
Fluticasone Furoate,Arnuity Ellipta,388728,112256095.73,108939.0,503964.99999999994,15082806,2024
Mycophenolate Mofetil,Mycophenolate Mofetil,384506,47352166.480000004,100306.0,665027.6000000001,19649719,2024
Tobramycin/Dexamethasone,Tobradex,379830,21568370.709999997,279742.0,398786.8,7449599,2024
Cefadroxil,Cefadroxil,379209,4717645.91,309202.0,400870.19999999995,4435839,2024
Lifitegrast,Xiidra,378326,395745556.97,130015.0,594656.5,17847334,2024
Metolazone,Metolazone,377889,7802386.549999997,116859.0,567283.7,15016918,2024
Travoprost,Travoprost,376339,61272607.51,101684.0,669471.2999999998,19319268,2024
Diphenoxylate Hcl/Atropine,Diphenoxylate-Atropine,372740,8085776.04,138072.0,397485.89999999997,7488083,2024
Etanercept,Enbrel Sureclick,362373,2826294709.379999,63272.0,387144.5,10900561,2024
Abiraterone Acetate,Abiraterone Acetate,361319,642196328.8700001,63895.0,377653.3,11288482,2024
Testosterone,Testosterone,351582,58164510.70999999,94378.0,468173.99999999994,13723184,2024
Colestipol Hcl,Colestipol Hcl,351397,26883172.949999996,113622.0,569198.4,16410644,2024
Insulin Glargine-Yfgn,Insulin Glargine-Yfgn,337705,43258122.14000001,114096.0,528350.7999999999,13953611,2024
Insulin Nph Human Isophane,Humulin N,333407,49379363.300000004,110666.0,688607.8999999998,20045618,2024
Potassium Citrate,Potassium Citrate Er,331660,30933951.789999995,98204.0,672619.0999999999,19913237,2024
Finerenone,Kerendia,329040,311390177.84,77154.0,498510.3,14811685,2024
Alirocumab,Praluent Pen,326519,241429342.34000003,78389.0,486561.5000000001,14134970,2024
Sodium Chloride/Nahco3/Kcl/Peg,Peg 3350-Electrolyte,325083,7103530.7,315160.0,327484.80000000005,527681,2024
Empagliflozin/Metformin Hcl,Synjardy Xr,324848,301379605.01,84170.0,553839.3000000003,16462762,2024
Irbesartan/Hydrochlorothiazide,Irbesartan-Hydrochlorothiazide,323621,8132731.119999999,89647.0,783996.6999999997,23458906,2024
Insulin Nph Hum/Reg Insulin Hm,Humulin 70-30,322964,50425606.23000002,89632.0,479659.0000000001,13278617,2024
Zonisamide,Zonisamide,317841,21055151.599999994,75751.0,510149.2,14767805,2024
Oxycodone Myristate,Xtampza Er,317492,199608107.70000005,71678.0,317646.5,8843416,2024
Bisoprolol/Hydrochlorothiazide,Bisoprolol-Hydrochlorothiazide,314711,8687471.49,88557.0,776470.1000000001,23159611,2024
Fluorometholone,Fml Forte,314500,24708296.7,156858.0,443740.5999999999,11604451,2024
Ursodiol,Ursodiol,312326,48811366.85999999,83791.0,535478.3000000002,15674298,2024
"Fenofibrate,micronized",Fenofibrate,311078,8015159.859999999,85462.0,623106.4000000001,18290058,2024
Rimegepant Sulfate,Nurtec Odt,310598,451901196.3399999,78257.0,319416.3999999999,8141426,2024
Budesonide,Budesonide Dr,310477,75624523.10000001,92670.0,401489.5000000002,10340303,2024
Paliperidone,Paliperidone Er,310453,61799264.38000002,60617.0,339138.19999999995,9215699,2024
Tamoxifen Citrate,Tamoxifen Citrate,309492,8272333.119999998,92674.0,709218.7999999999,21132376,2024
Netarsudil Mesylate,Rhopressa,297810,142083167.80000004,85081.0,455489.0,12815743,2024
Fluvoxamine Maleate,Fluvoxamine Maleate,296124,13299572.620000003,61239.0,343745.0,9198269,2024
Denosumab,Prolia,291226,517926086.15,171444.0,1650551.6000000003,49483608,2024
"Insulin Regular, Human",Afrezza,290456,216863624.53000006,80874.0,421361.80000000005,11375465,2024
Insulin Detemir,Levemir Flexpen,290117,57347135.50999998,92688.0,437625.5,11803425,2024
Penicillin V Potassium,Penicillin V Potassium,288358,1721578.1500000001,220539.0,296429.6999999999,2852926,2024
Rivastigmine,Rivastigmine,287181,52088047.02,73953.0,392735.9999999999,11453449,2024
Isosorbide Dinitrate,Isosorbide Dinitrate,283069,13707286.41,76333.0,438730.19999999984,12198161,2024
Calcium Acetate,Calcium Acetate,282992,20912351.219999995,85637.0,440536.9000000001,12397332,2024
Rifaximin,Xifaxan,280807,774417061.0600002,72003.0,287777.0,6888797,2024
Netarsudil Mesylat/Latanoprost,Rocklatan,280674,142301087.80999997,74033.0,412708.6000000001,11434879,2024
Galcanezumab-Gnlm,Emgality Pen,274363,228377999.37,56906.0,316038.10000000003,9310051,2024
"Pen Needle,dual Safety,diabetc",Autoshield Duo Pen Needle,273178,25677786.950000003,69430.0,293725.2999999999,7187942,2024
Erenumab-Aooe,Aimovig Autoinjector,272021,236593818.20999995,55633.0,323646.3,9560957,2024
Megestrol Acetate,Megestrol Acetate,269765,15308596.450000003,88064.0,326132.5,8758814,2024
Roflumilast,Roflumilast,269657,32617055.970000003,66508.0,383266.1999999999,11120821,2024
Candesartan Cilexetil,Candesartan Cilexetil,267847,21556012.970000003,74727.0,593453.6000000002,17678719,2024
Insulin Aspart (Niacinamide),Fiasp Flextouch,267343,203445450.32000005,84556.0,410794.89999999985,10919219,2024
Haloperidol Decanoate,Haloperidol Decanoate,266546,12992049.76,47318.0,270611.8,7128501,2024
Lubiprostone,Lubiprostone,265945,31139805.27,75618.0,347363.3,9478358,2024
Phenobarbital,Phenobarbital,264790,7099154.639999998,60822.0,323111.79999999993,9111693,2024
Azathioprine,Azathioprine,264785,12591251.190000001,71725.0,521054.60000000027,15464143,2024
Varenicline Tartrate,Varenicline Tartrate,263214,91277018.25000001,86243.0,316338.30000000005,9077046,2024
"Estrogens, Conjugated",Premarin,261101,98612632.75,94228.0,528295.1,15638575,2024
Hepatitis A And B Vaccine/Pf,Twinrix,259716,33112431.93,180040.0,259852.49999999994,304238,2024
Rivastigmine Tartrate,Rivastigmine,259556,14243505.46,62541.0,359184.39999999997,9766161,2024
Clonidine,Clonidine,258039,29921514.390000004,69229.0,368269.00000000006,10505615,2024
Dofetilide,Dofetilide,254175,50266854.99,75789.0,532537.1999999998,15816526,2024
Fludrocortisone Acetate,Fludrocortisone Acetate,252735,5552143.509999999,69562.0,385459.39999999985,10802569,2024
0.9 % Sodium Chloride,Sodium Chloride,252375,6018859.75,89997.0,255271.59999999995,1902632,2024
Silver Sulfadiazine,Silver Sulfadiazine,252000,4669969.940000001,127627.0,269953.1000000001,6103296,2024
Repaglinide,Repaglinide,251513,8114902.389999999,70849.0,508312.4000000001,14999615,2024
Lidocaine/Prilocaine,Lidocaine-Prilocaine,247633,4556153.840000001,134863.0,260430.1,6582582,2024
Diclofenac Potassium,Diclofenac Potassium,246150,68150499.80999999,109717.0,268824.9,6325876,2024
Latanoprostene Bunod,Vyzulta,242669,105086089.61999996,65820.0,376721.39999999997,10739965,2024
Ceftriaxone Sodium,Ceftriaxone,240082,14823680.450000001,107286.0,240137.50000000006,1153763,2024
Ubrogepant,Ubrelvy,238556,310859453.4800001,61158.0,246090.4,6182620,2024
Tadalafil,Tadalafil,238511,81624229.11000001,60282.0,368777.39999999985,10922580,2024
Cholestyramine (With Sugar),Cholestyramine,235448,18157083.049999993,83278.0,330212.90000000014,9321039,2024
Carisoprodol,Carisoprodol,235319,3376172.2500000005,59072.0,246849.10000000003,6943432,2024
Naltrexone Hcl,Naltrexone Hcl,234555,11553952.200000001,65664.0,286025.89999999997,7984236,2024
Brinzolamide/Brimonidine Tart,Simbrinza,234298,61291490.550000004,62920.0,359207.70000000007,10458037,2024
Gentamicin Sulfate,Gentamicin Sulfate,234172,7825543.750000001,139940.0,241876.69999999998,4730537,2024
Dolutegravir Sodium,Tivicay,228372,559756909.46,36397.0,237329.4,6971583,2024
Enzalutamide,Xtandi,227932,3030169345.6499996,40861.0,230632.40000000002,6891356,2024
Cefpodoxime Proxetil,Cefpodoxime Proxetil,227615,10241742.849999998,200164.0,229426.20000000007,1691011,2024
Dronedarone Hcl,Multaq,226664,281769276.9600001,60244.0,384079.4,11228793,2024
Pentoxifylline,Pentoxifylline,226107,7282874.64,59372.0,349847.6000000001,10164141,2024
Betamethasone/Propylene Glyc,Betamethasone Diprop Augmented,226005,8438376.869999997,122118.0,241716.3000000001,6172712,2024
Vilazodone Hcl,Vilazodone Hcl,223412,22628348.459999997,54864.0,290063.49999999994,8395226,2024
Amlodipine Besylate/Valsartan,Amlodipine-Valsartan,221612,11139255.48,65132.0,521587.70000000007,15579950,2024
Sodium Zirconium Cyclosilicate,Lokelma,221554,162618490.13000003,68258.0,288814.49999999994,7547514,2024
Naloxegol Oxalate,Movantik,221180,90969941.37000003,61412.0,247534.6,6686724,2024
Modafinil,Modafinil,219335,18573970.67,59468.0,271343.70000000007,7980164,2024
Bromfenac Sodium,Bromfenac Sodium,214117,55942186.57,119160.0,269590.80000000005,7305182,2024
Silodosin,Silodosin,210898,17497078.729999997,65920.0,421344.0,12408845,2024
Enoxaparin Sodium,Enoxaparin Sodium,210307,27976178.240000002,92273.0,213655.40000000002,2701037,2024
Emtricitabine/Tenofov Alafenam,Descovy,206851,466486128.4700001,37403.0,216360.1,6474838,2024
"Thyroid,pork",Armour Thyroid,206638,13696453.799999997,58939.0,393572.29999999993,11652971,2024
Loteprednol Etabonate,Lotemax Sm,205828,45423576.88000002,104618.0,269678.70000000007,6968847,2024
Lisdexamfetamine Dimesylate,Lisdexamfetamine Dimesylate,201316,65531965.24,55779.0,208336.40000000005,6105463,2024
Cinacalcet Hcl,Cinacalcet Hcl,200573,56013826.52,51509.0,331337.79999999993,9600451,2024
Minocycline Hcl,Minocycline Hcl,200183,4961146.529999999,97006.0,242207.20000000004,5854770,2024
"Diph,pertuss(Acell),tet Vac/Pf",Adacel Tdap,196471,11640237.519999998,195948.0,196497.0,553679,2024
Indapamide,Indapamide,196204,2649578.360000001,57695.0,456882.3,13578437,2024
Valbenazine Tosylate,Ingrezza,195113,1470001391.8300006,44176.0,197445.80000000008,5314724,2024
"Syringe-Needle,insulin,0.5 Ml",Trueplus Insulin Syringe,191709,5755802.83,61992.0,362124.1,10751633,2024
Suvorexant,Belsomra,189941,85924794.96000001,51545.0,205121.40000000008,5873877,2024
Insulin Glargine/Lixisenatide,Soliqua 100-33,189307,202666012.4,48158.0,313098.9,9047719,2024
Galantamine Hbr,Galantamine Hbr,189232,14973506.74,47800.0,275531.7,7744367,2024
Ciclesonide,Alvesco,187862,27504089.140000004,81989.0,332124.5,9858753,2024
Medroxyprogesterone Acetate,Medroxyprogesterone Acetate,186076,3832730.9000000004,49438.0,340427.99999999994,9446218,2024
Prasugrel Hcl,Prasugrel Hcl,185824,14273424.200000001,57060.0,387880.0999999999,11602158,2024
Atomoxetine Hcl,Atomoxetine Hcl,184241,17394065.259999998,47290.0,220552.99999999997,6354833,2024
Tramadol Hcl/Acetaminophen,Tramadol Hcl-Acetaminophen,183315,2294318.7499999995,84372.0,184608.3,3212603,2024
Pyridostigmine Bromide,Pyridostigmine Bromide,182158,18515674.320000008,50494.0,315658.3000000001,9151403,2024
Valproic Acid (As Sodium Salt),Valproic Acid,179591,7859071.289999999,39803.0,184510.69999999998,4310742,2024
Deutetrabenazine,Austedo,178660,1208369454.3400004,38754.0,180761.60000000003,4799690,2024
"Insulin Pump Cart,auto,bt,g6/7",Omnipod 5 Dexg7g6 Pods (Gen 5),178561,208675228.12,40914.0,303566.80000000005,8981361,2024
Pilocarpine Hcl,Pilocarpine Hcl,178238,11599108.449999996,58734.0,325629.4,9537071,2024
Amlodipine Bes/Olmesartan Med,Amlodipine-Olmesartan,176867,8503810.51,51972.0,406382.79999999993,12117841,2024
Chlorpromazine Hcl,Chlorpromazine Hcl,174886,39773330.14000001,33709.0,184148.6,4719582,2024
Lidocaine Hcl,Lidocaine Hcl Viscous,174217,3155373.3800000004,104014.0,175671.59999999998,1388394,2024
Eplerenone,Eplerenone,172453,13421062.790000001,50932.0,377790.39999999985,11220895,2024
Mometasone/Formoterol,Dulera,172439,72003667.91000001,50381.0,218114.49999999997,6489228,2024
Fluphenazine Hcl,Fluphenazine Hcl,165705,20598230.540000003,33786.0,175797.39999999997,4614882,2024
Relugolix,Orgovyx,165331,442117696.72,30110.0,167726.09999999995,5011863,2024
Exemestane,Exemestane,165249,24582394.050000004,47901.0,337797.89999999997,10058662,2024
Oseltamivir Phosphate,Oseltamivir Phosphate,164589,6743584.879999999,149099.0,164606.1,1175289,2024
Diclofenac Epolamine,Diclofenac Epolamine,163776,111175607.30000001,41257.0,186294.1,5474182,2024
Febuxostat,Febuxostat,163160,16260290.179999994,45373.0,280601.9,8268814,2024
Apremilast,Otezla,163042,789471953.3199997,38251.0,169505.90000000002,4995202,2024
Upadacitinib,Rinvoq,161517,1124402418.9400003,31041.0,174231.90000000002,5217999,2024
Dolutegravir Sodium/Lamivudine,Dovato,159927,485647727.91999984,24536.0,165169.4,4934923,2024
Atogepant,Qulipta,158395,191454805.76000002,36990.0,178981.69999999998,5304424,2024
"Syringe And Needle,insulin,1ml",Insulin Syringe,156995,4954455.219999999,51512.0,280548.2,8279428,2024
Etodolac,Etodolac,153359,5193791.480000001,68186.0,185267.3,4720923,2024
Cyanocobalamin (Vitamin B-12),Cyanocobalamin Injection,153278,1967592.6800000004,49100.0,272717.50000000006,7979749,2024
Acetazolamide,Acetazolamide,152567,6934383.27,57446.0,200779.1,5115535,2024
Clobazam,Clobazam,150448,39416024.82,30495.0,178945.90000000002,5152236,2024
Propafenone Hcl,Propafenone Hcl,147270,11371785.469999999,43302.0,296325.80000000005,8721186,2024
Insulin Aspart Prot/Insuln Asp,Insulin Aspart Prot Mix 70-30,147064,37478352.78000001,41884.0,219723.29999999996,6100009,2024
Brinzolamide,Brinzolamide,146622,32206454.980000004,45265.0,276199.20000000007,8229844,2024
Dapaglifloz Propaned/Metformin,Xigduo Xr,146555,126526405.38999999,36892.0,241121.59999999995,7178714,2024
Trihexyphenidyl Hcl,Trihexyphenidyl Hcl,145271,1825282.4199999997,34598.0,176776.10000000006,4854777,2024
Vancomycin Hcl,Vancomycin Hcl,144310,19507038.02,44152.0,148139.3,1411922,2024
Risedronate Sodium,Risedronate Sodium,142881,11996132.790000001,43934.0,308623.9,9173503,2024
Nintedanib Esylate,Ofev,142734,1833961636.7899995,26644.0,145439.0,4351642,2024
Felodipine,Felodipine Er,142297,3865709.3299999987,41391.0,325023.00000000006,9621329,2024
Collagenase Clostridium Hist.,Santyl,140988,133610799.36,65140.0,151253.7,3148927,2024
Bicalutamide,Bicalutamide,140559,4501531.56,51083.0,240721.29999999996,7024416,2024
Guanfacine Hcl,Guanfacine Hcl,140181,4836724.8999999985,36979.0,168585.09999999998,4788059,2024
Perphenazine,Perphenazine,140105,7701149.8100000005,30242.0,157013.20000000004,4292587,2024
Epinephrine,Epinephrine,139114,28449489.56,101035.0,150062.49999999997,3015726,2024
Tretinoin,Tretinoin,138761,9856489.100000001,60642.0,159212.09999999998,4554725,2024
Polymyxin B Sulf/Trimethoprim,Polymyxin B Sul-Trimethoprim,137573,1185019.2000000002,110036.0,173760.59999999998,4297468,2024
Atenolol/Chlorthalidone,Atenolol-Chlorthalidone,137561,3400381.11,41092.0,328135.20000000007,9793962,2024
Sod Picosulf/Mag Ox/Citric Ac,Clenpiq,134304,22885975.81000001,130810.0,135413.89999999997,314843,2024
Glycopyrrolate,Glycopyrrolate,133879,5814828.899999996,36081.0,152763.40000000002,3945043,2024
Ruxolitinib Phosphate,Jakafi,133293,1784809680.1100001,29820.0,134950.4,4023195,2024
Cyproheptadine Hcl,Cyproheptadine Hcl,130958,2448426.87,38506.0,160563.5,4363784,2024
Imiquimod,Imiquimod,130683,3989573.4499999997,85364.0,154672.59999999998,4173491,2024
Bethanechol Chloride,Bethanechol Chloride,130142,7200692.87,35845.0,178278.2,4863767,2024
Sucroferric Oxyhydroxide,Velphoro,129929,363776569.78000003,33120.0,153469.19999999995,4490068,2024
Ibrutinib,Imbruvica,127477,1965538196.6600008,24581.0,129176.50000000001,3673505,2024
Dextromethorphan Hbr/Quinidine,Nuedexta,126336,128153985.96,23944.0,128765.59999999999,2505790,2024
Fluoride (Sodium),Sodium Fluoride,126118,1646833.5,53080.0,167471.90000000002,4808384,2024
Scopolamine,Scopolamine,125888,10941823.930000002,39680.0,128142.90000000001,2418446,2024
Colesevelam Hcl,Colesevelam Hcl,125726,18868378.049999997,38332.0,200392.70000000004,5740695,2024
Neomycin/Polymyxin B/Hydrocort,Neomycin-Polymyxin-Hc,123913,6681577.100000001,97822.0,128616.20000000001,1946364,2024
Betamethasone Valerate,Betamethasone Valerate,123855,3911369.6499999985,63586.0,131907.5,3120823,2024
Atropine Sulfate,Atropine Sulfate,122812,4843166.7,70034.0,162064.29999999996,3892037,2024
Abacavir/Dolutegravir/Lamivudi,Triumeq,122674,480628631.42,21478.0,130271.1,3894476,2024
Insulin Lispro Protamin/Lispro,Humalog Mix 75-25 Kwikpen,122523,35937022.949999996,35866.0,183609.80000000002,5107719,2024
Trimethoprim,Trimethoprim,122043,6228939.970000003,39628.0,200814.09999999998,5618628,2024
Pitavastatin Calcium,Livalo,121407,41939623.08999999,34870.0,220296.4,6559865,2024
Glipizide/Metformin Hcl,Glipizide-Metformin,120960,6126322.089999999,34541.0,271535.60000000003,8094840,2024
Rabeprazole Sodium,Rabeprazole Sodium,120239,6076635.73,39101.0,230770.10000000006,6854275,2024
Secukinumab,Cosentyx Sensoready (2 Pens),119311,971715939.8800006,31919.0,123831.00000000003,3484643,2024
Pimavanserin Tartrate,Nuplazid,116719,520417377.05999994,22903.0,125806.60000000003,3108931,2024
Canagliflozin,Invokana,116409,98621209.56000002,33863.0,182976.99999999997,5252986,2024
Desmopressin Acetate,Desmopressin Acetate,116246,8099429.73,33224.0,163185.59999999995,4588229,2024
Sod Sulf/Pot Chloride/Mag Sulf,Sutab,115858,18736826.839999996,113286.0,115902.1,242852,2024
Fluocinolone Acetonide Oil,Fluocinolone Acetonide Oil,114309,4977659.11,78260.0,152247.99999999997,3852823,2024
Tofacitinib Citrate,Xeljanz Xr,114152,676343481.81,23932.0,122775.60000000002,3673416,2024
Rasagiline Mesylate,Rasagiline Mesylate,114040,21678198.85,31033.0,228464.79999999996,6657786,2024
Lumateperone Tosylate,Caplyta,113807,187972064.62,25767.0,117143.59999999999,3327187,2024
Halobetasol Propionate,Halobetasol Propionate,113396,7698145.1,51358.0,119997.00000000003,3347441,2024
Elviteg/Cob/Emtri/Tenof Alafen,Genvoya,112011,466011898.79000014,20245.0,117972.1,3533797,2024
Brivaracetam,Briviact,111759,179183679.96999994,20458.0,121367.99999999999,3401978,2024
Palbociclib,Ibrance,111354,1720573794.9899998,22262.0,111793.39999999998,3085707,2024
Zanubrutinib,Brukinsa,110650,1460269189.5699995,21800.0,111042.90000000001,3324504,2024
Ramelteon,Ramelteon,110574,11209501.379999999,30908.0,125400.1,3441968,2024
Daptomycin,Daptomycin,108740,84040842.14000002,26583.0,108756.50000000001,668596,2024
Tenofovir Alafenamide,Vemlidy,108432,164228279.94,19526.0,115705.20000000001,3468950,2024
Patiromer Calcium Sorbitex,Veltassa,107301,114961001.32999997,31722.0,142871.00000000003,4047553,2024
Ciprofloxacin Hcl/Dexameth,Ciprofloxacin-Dexamethasone,106245,12022292.84,72163.0,107835.29999999997,1486919,2024
Spironolact/Hydrochlorothiazid,Spironolactone-Hctz,105237,3692244.8899999997,31771.0,239154.39999999997,7104704,2024
Cenobamate,Xcopri,103708,146754343.4,16736.0,112239.20000000001,3247266,2024
Abatacept,Orencia Clickject,103691,616325435.7900001,21297.0,109413.20000000001,3070607,2024
Ertapenem Sodium,Ertapenem,103253,42591572.82999998,35881.0,103281.59999999999,573301,2024
Acalabrutinib Maleate,Calquence,103061,1431537798.0699997,21009.0,103681.2,3104812,2024
Teriparatide,Forteo,102964,319546094.40999997,24391.0,109068.49999999999,3118315,2024
Levalbuterol Tartrate,Levalbuterol Tartrate Hfa,102099,6521765.03,35979.0,119012.8,3010406,2024
Acarbose,Acarbose,102012,3556527.5199999986,27834.0,190650.79999999993,5637010,2024
Perfluorohexyloctane/Pf,Miebo,100852,85678537.77000001,31787.0,118049.49999999999,3232267,2024
Telmisartan/Hydrochlorothiazid,Telmisartan-Hydrochlorothiazid,99431,6731949.9399999995,29871.0,234083.90000000008,6999363,2024
Imatinib Mesylate,Imatinib Mesylate,99254,149039286.99,23244.0,105229.1,3132713,2024
Tafamidis,Vyndamax,98896,2504980200.9299994,16340.0,112301.30000000002,3368326,2024
Dorzolamide/Timolol/Pf,Dorzolamide-Timolol,98872,16096781.629999997,27904.0,159057.00000000003,4721082,2024
Sulindac,Sulindac,98156,1674899.6300000004,38656.0,121706.50000000003,3213412,2024
Tobramycin,Tobramycin,97605,2403375.02,71805.0,100786.69999999998,1819228,2024
Dolutegravir/Rilpivirine,Juluca,97084,353946122.4999999,16870.0,102076.5,3051163,2024
Dalfampridine,Dalfampridine Er,96448,61625591.67999997,20050.0,128390.5,3782351,2024
Parenteral Amino Acid 20% No.1,Prosol,95781,16039784.71,9053.0,95781.0,660045,2024
Difluprednate,Difluprednate,94835,10211259.0,44275.0,113432.6,2792590,2024
Macitentan,Opsumit,93092,1177584021.8899996,13438.0,93745.3,2803657,2024
Theophylline Anhydrous,Theophylline Er,92933,7581442.760000001,25889.0,139367.3,4010697,2024
Entacapone,Entacapone,92140,14048891.269999998,24648.0,148474.60000000003,4179370,2024
Memantine Hcl/Donepezil Hcl,Namzaric,90765,50136386.77999998,19807.0,104987.99999999996,2562269,2024
Imipramine Hcl,Imipramine Hcl,88717,1594042.5099999998,26883.0,126044.29999999996,3636094,2024
Zaleplon,Zaleplon,88063,1780905.2799999998,28286.0,98266.00000000001,2807437,2024
Nateglinide,Nateglinide,87375,4542964.8999999985,24731.0,168251.80000000008,4963445,2024
Epoetin Alfa,Epogen,87015,122974223.69000003,21942.0,90977.99999999997,2010601,2024
Liraglutide,Victoza 3-Pak,86554,72020144.79000002,28959.0,108606.6,3179601,2024
Valganciclovir Hcl,Valganciclovir Hcl,86294,20456460.909999996,35453.0,108627.29999999999,3203495,2024
Plecanatide,Trulance,86086,62587428.80000001,25361.0,115565.1,3442552,2024
Fesoterodine Fumarate,Fesoterodine Fumarate Er,86039,8469812.01,25535.0,123880.0,3581535,2024
Desonide,Desonide,85914,4651533.0,55556.0,89819.1,2179791,2024
Empaglifloz/Linaglip/Metformin,Trijardy Xr,85911,69976423.61999999,19251.0,122626.3,3662603,2024
Risperidone Microspheres,Risperdal Consta,85616,110290835.36,19331.0,85749.69999999998,1623467,2024
Exenatide Microspheres,Bydureon Bcise,85420,89277848.66,25636.0,111997.99999999999,3173448,2024
Empagliflozin/Linagliptin,Glyxambi,85355,77173754.48999996,21230.0,133164.99999999994,3945092,2024
Darunavir/Cobicistat,Prezcobix,85239,216510876.85000005,15284.0,90088.1,2665898,2024
Ustekinumab,Stelara,85101,2252981771.46,18464.0,130349.50000000003,3838444,2024
Ezetimibe/Simvastatin,Ezetimibe-Simvastatin,84801,7110494.120000001,27136.0,194795.69999999998,5789712,2024
Glucagon,Gvoke Hypopen 1-Pack,84427,42487118.45,49368.0,89704.1,1231189,2024
Linagliptin/Metformin Hcl,Jentadueto,83185,53718584.08,19899.0,111351.09999999999,3290700,2024
Benzonatate,Benzonatate,82852,1121129.3699999996,62571.0,83080.50000000001,835885,2024
Emtricitab/Rilpiviri/Tenof Ala,Odefsey,82689,315804894.59000003,15289.0,88510.9,2649602,2024
Nadolol,Nadolol,82080,3853800.4100000006,25883.0,154611.0,4521026,2024
Entecavir,Entecavir,81911,16408860.950000001,20945.0,138821.89999999997,4138021,2024
Venetoclax,Venclexta,81793,715904297.3299998,20377.0,82359.40000000001,2268309,2024
Leucovorin Calcium,Leucovorin Calcium,80934,3224396.81,23633.0,170762.3,4976669,2024
Apalutamide,Erleada,80841,1166878397.0200002,15433.0,83189.6,2492330,2024
Esketamine Hcl,Spravato,80669,120604476.78,7655.0,80699.5,566265,2024
Omalizumab,Xolair,80363,262078874.82999995,15611.0,82411.8,2288398,2024
Econazole Nitrate,Econazole Nitrate,80295,2702742.0000000005,41845.0,88073.99999999999,2349459,2024
Pomalidomide,Pomalyst,79949,1738046814.1399996,18415.0,79967.7,2214561,2024
Fremanezumab-Vfrm,Ajovy Autoinjector,79571,66251478.280000016,19380.0,97099.50000000003,2863274,2024
Osimertinib Mesylate,Tagrisso,79546,1338277910.83,16408.0,80358.1,2404292,2024
Calcipotriene,Calcipotriene,79221,12867220.8,41564.0,86018.90000000001,2410672,2024
Clomipramine Hcl,Clomipramine Hcl,78450,8626136.730000002,19900.0,88625.70000000001,2450490,2024
Omeprazole/Sodium Bicarbonate,Konvomep,77726,101128660.32999997,15856.0,93456.30000000002,2706921,2024
Benazepril/Hydrochlorothiazide,Benazepril-Hydrochlorothiazide,77653,2360820.85,23789.0,178762.4,5306698,2024
Darunavir/Cob/Emtri/Tenof Alaf,Symtuza,76838,373028942.6199998,13934.0,80610.9,2413829,2024
Glatiramer Acetate,Glatiramer Acetate,76592,297193453.18999994,18870.0,80982.00000000001,2242031,2024
Beclomethasone Dipropionate,Qvar Redihaler,74209,23997020.800000004,24719.0,105129.39999999998,3140364,2024
Immune Globul G/Gly/Iga Avg 46,Gamunex-C,74120,686402688.8599999,12545.0,75145.00000000001,1908951,2024
Onabotulinumtoxina,Botox,71233,98448339.86999999,26596.0,200029.3,5991146,2024
Abaloparatide,Tymlos,70786,202816426.51999998,15403.0,76908.1,2304756,2024
Nystatin/Triamcinolone Acet,Nystatin-Triamcinolone,70393,2047669.7899999998,33982.0,72966.39999999998,1434553,2024
Armodafinil,Armodafinil,70176,5610750.35,19499.0,84663.19999999998,2496641,2024
Tocilizumab,Actemra,69536,271216463.4699999,16029.0,74619.2,2085314,2024
Desloratadine,Desloratadine,68861,2467933.660000001,24549.0,113508.20000000003,3314471,2024
Olmesartan/Amlodipin/Hcthiazid,Olmesartan-Amlodipine-Hctz,68359,7571747.900000002,19923.0,142970.9,4262382,2024
Eslicarbazepine Acetate,Aptiom,68101,110556377.94000006,13331.0,73757.29999999999,1887832,2024
Clorazepate Dipotassium,Clorazepate Dipotassium,66221,5619128.949999999,19660.0,69730.70000000001,1973795,2024
Phenytoin,Phenytoin,65894,2522938.44,17563.0,70762.20000000001,1706482,2024
Darolutamide,Nubeqa,64907,828748991.2700001,13032.0,65444.4,1958450,2024
Aripiprazole Lauroxil,Aristada,63377,188089683.46999994,14614.0,72801.50000000001,2088219,2024
"Calcitonin,salmon,synthetic",Calcitonin-Salmon,63142,5597020.319999998,21156.0,79856.10000000002,2377848,2024
Tapentadol Hcl,Nucynta,62408,71961869.25,16531.0,62523.19999999999,1743915,2024
Tafluprost/Pf,Tafluprost,59937,13211334.409999995,16287.0,92514.90000000001,2739772,2024
Glycopyrrolate/Formoterol Fum,Bevespi Aerosphere,59678,28994624.83,17430.0,70981.79999999999,2126849,2024
Fenofibric Acid (Choline),Fenofibric Acid,58542,2769864.5999999996,17547.0,115603.80000000002,3423101,2024
Ambrisentan,Ambrisentan,57847,221256909.30999997,9893.0,59846.399999999994,1791761,2024
Mepolizumab,Nucala,57845,248787539.73999998,13613.0,59564.1,1677961,2024
Glyburide,Glyburide,57693,738002.8,17940.0,109532.09999999999,3217365,2024
Azelastine/Fluticasone,Azelastine-Fluticasone,57678,7148522.069999999,21296.0,75088.4,2229449,2024
Immun Glob G(Igg)/Pro/Iga 0-50,Hizentra,57355,586576466.4200001,10904.0,57913.0,1499215,2024
Fosinopril Sodium,Fosinopril Sodium,57128,974997.8500000003,17553.0,121984.10000000002,3603952,2024
Olanzapine/Samidorphan Malate,Lybalvi,57102,91004428.01999998,12776.0,58194.89999999998,1675375,2024
Bempedoic Acid/Ezetimibe,Nexlizet,57035,37996452.599999994,15614.0,97087.1,2906974,2024
Teriflunomide,Aubagio,56860,161123817.66999996,12198.0,63278.19999999999,1878057,2024
Balsalazide Disodium,Balsalazide Disodium,56768,9286548.750000004,15758.0,97367.9,2849806,2024
Rifampin,Rifampin,56546,3281069.0,16444.0,72670.5,2066338,2024
Fluocinolone Acetonide,Fluocinolone Acetonide,56448,2775969.44,31128.0,60521.000000000015,1663740,2024
Prucalopride Succinate,Motegrity,56364,40654799.68,15368.0,77622.1,2292521,2024
Dimethyl Fumarate,Dimethyl Fumarate,56069,156122701.41000012,13435.0,63240.399999999994,1876671,2024
Estazolam,Estazolam,55862,3224731.540000001,10454.0,56209.700000000004,1671958,2024
Indomethacin,Indomethacin,55848,725710.1799999999,21487.0,64483.2,1493486,2024
Ixekizumab,Taltz Autoinjector,55560,409639368.51,15317.0,57815.00000000001,1626192,2024
Cefepime Hcl,Cefepime Hcl,55332,10149307.170000002,16032.0,55343.200000000004,331748,2024
Niacin,Niacin Er,55314,3650785.230000001,17157.0,96857.99999999999,2825595,2024
Cevimeline Hcl,Cevimeline Hcl,55174,8763009.320000002,16200.0,92975.4,2717745,2024
Chlordiazepoxide Hcl,Chlordiazepoxide Hcl,54796,518882.70999999996,14682.0,55714.29999999999,1598264,2024
Meropenem,Meropenem,54477,10127155.24,15472.0,54485.2,282466,2024
Fluphenazine Decanoate,Fluphenazine Decanoate,54161,5484502.369999999,12416.0,58371.099999999984,1494210,2024
Immun Glob G(Igg)/Gly/Iga Ov50,Gammagard Liquid,54027,538004813.9499999,10035.0,54658.200000000004,1394195,2024
Abemaciclib,Verzenio,53775,787406593.2900003,12311.0,53988.2,1505439,2024
Risankizumab-Rzaa,Skyrizi Pen,53448,1099627417.53,16163.0,129112.0,3859941,2024
Ferric Citrate,Auryxia,53294,95505404.01,13650.0,69710.4,2017565,2024
"Pen Needle, Diabetic, Safety",Comfort Ez Pro Safety Pen Ndl,52672,4793098.850000001,16313.0,59875.200000000004,1500593,2024
Ofatumumab,Kesimpta Pen,52350,500831112.46999985,9331.0,54696.09999999999,1591515,2024
Efinaconazole,Jublia,52039,60865267.269999996,14954.0,56838.7,1675884,2024
Clarithromycin,Clarithromycin,52036,1458023.0399999998,40964.0,53230.69999999999,706434,2024
Neomycin Sulfate,Neomycin Sulfate,51982,433660.80000000005,47504.0,52140.9,149367,2024
Tenofovir Disoproxil Fumarate,Tenofovir Disoproxil Fumarate,51818,8515465.2,13092.0,86580.99999999999,2587794,2024
Permethrin,Permethrin,51756,3128511.900000001,29755.0,52386.7,516653,2024
Dexamethasone Sodium Phosphate,Dexamethasone Sodium Phosphate,51265,1635686.3899999997,28531.0,58667.20000000002,1164510,2024
Raltegravir Potassium,Isentress,50809,104356437.59,12294.0,53159.9,1573022,2024
Candesartan/Hydrochlorothiazid,Candesartan-Hydrochlorothiazid,50768,6335241.99,13619.0,106587.7,3186203,2024
Peg3350/Sod Sul/Nacl/Kcl/Asb/C,Peg3350-Sod Sul-Nacl-Kcl-Asb-C,50568,6480188.340000001,49536.0,50609.3,97664,2024
Ethambutol Hcl,Ethambutol Hcl,50246,2465214.069999999,12260.0,68356.19999999998,1988752,2024
Rotigotine,Neupro,50058,54958909.190000005,13061.0,67148.40000000001,1961432,2024
Bepotastine Besilate,Bepotastine Besilate,49349,8005945.000000003,13630.0,62728.20000000002,1754113,2024
Valproic Acid,Valproic Acid,49337,2106372.0299999993,14324.0,53164.3,1322468,2024
Molnupiravir,Lagevrio (Eua),48845,30117423.95999999,48071.0,48849.600000000006,246437,2024
Bempedoic Acid,Nexletol,48827,30657243.739999995,14074.0,78403.90000000001,2348737,2024
Insulin Lispro-Aabc,Lyumjev Kwikpen U-100,48369,40006309.92999999,14820.0,82720.1,2286114,2024
Cholestyramine,Cholestyramine Light,48194,4020862.4699999997,17615.0,61806.7,1700222,2024
Riociguat,Adempas,47812,652245459.96,7207.0,48083.0,1417362,2024
Cromolyn Sodium,Cromolyn Sodium,47800,4543712.889999999,19324.0,64679.700000000004,1793506,2024
Cabergoline,Cabergoline,47785,3563748.28,13265.0,89075.70000000004,2593787,2024
Cefazolin Sodium,Cefazolin Sodium,47652,2464581.29,11981.0,47654.4,310267,2024
Pirfenidone,Pirfenidone,47092,119045833.99999999,10920.0,48216.599999999984,1430576,2024
Perampanel,Fycompa,47067,58814268.86999999,9897.0,51062.899999999994,1419246,2024
Naratriptan Hcl,Naratriptan Hcl,46143,1439753.96,13490.0,50924.0,1297660,2024
Darunavir,Prezista,45742,46422353.56,10568.0,48258.2,1419966,2024
Loxapine Succinate,Loxapine,45579,2467945.26,10680.0,49827.29999999998,1338560,2024
Mexiletine Hcl,Mexiletine Hcl,45232,4260552.62,13458.0,79181.70000000001,2303813,2024
Hepatitis A Virus Vaccine/Pf,Havrix,44945,4190602.579999999,41467.0,44969.0,79593,2024
Dextromethorphan Hbr/Bupropion,Auvelity,44742,46376003.989999995,11097.0,48237.4,1395597,2024
Azilsartan Medoxomil,Edarbi,44717,17014991.51,10842.0,69494.90000000001,2079897,2024
Tenapanor Hcl,Xphozah,44491,123689303.24,11602.0,52660.1,1576754,2024
Atovaquone,Atovaquone,44082,21645670.84,12300.0,49084.00000000002,1328730,2024
Alogliptin Benzoate,Alogliptin,43028,6782349.1499999985,10632.0,51244.99999999999,1268619,2024
Asenapine Maleate,Asenapine Maleate,42727,12711408.76,11774.0,47895.80000000001,1384474,2024
Dextroamphetamine Sulfate,Dextroamphetamine Sulfate Er,42649,4194792.100000001,14194.0,44060.10000000001,1287388,2024
Triazolam,Triazolam,42644,1664382.6699999992,19534.0,44160.90000000001,931898,2024
Cimetidine,Cimetidine,42352,2055078.22,12183.0,54360.499999999985,1451314,2024
Fosfomycin Tromethamine,Fosfomycin Tromethamine,42163,8121242.690000001,17055.0,46961.9,775971,2024
Sodium Polystyrene Sulfon/Sorb,Sps,41491,5867673.389999997,18274.0,43353.4,423534,2024
Amiloride Hcl,Amiloride Hcl,41322,604202.0100000001,12362.0,71446.2,2056428,2024
Terconazole,Terconazole,40692,1129398.0499999996,24687.0,41280.899999999994,330069,2024
Methotrexate Sodium/Pf,Methotrexate Sodium,40335,597519.8999999998,12175.0,61179.600000000006,1723730,2024
Riluzole,Riluzole,40253,7742803.769999998,9449.0,56610.60000000002,1631984,2024
Ritonavir,Ritonavir,38960,4768322.470000002,8645.0,46398.2,1374256,2024
"Pnv,calcium 72/Iron/Folic Acid",M-Natal Plus,38781,372499.0200000001,10191.0,43092.40000000001,1103633,2024
"Syring-Needl,disp,insul,0.3 Ml",Trueplus Insulin Syringe,38673,1179019.8499999999,12317.0,57028.899999999994,1681492,2024
Tranexamic Acid,Tranexamic Acid,38168,1277885.2400000002,32163.0,38701.600000000006,259187,2024
Atovaquone/Proguanil Hcl,Atovaquone-Proguanil Hcl,37996,2498671.77,36046.0,41241.69999999999,920796,2024
Cannabidiol (Cbd),Epidiolex,37883,179075448.98,6885.0,40207.900000000016,1144575,2024
Piperacillin Sodium/Tazobactam,Piperacillin-Tazobactam,37728,7247098.889999999,12042.0,37730.0,196238,2024
Lotilaner,Xdemvy,37433,69961031.80999997,35108.0,55637.3,1668805,2024
Mycophenolate Sodium,Mycophenolic Acid,37260,9099303.870000001,10122.0,58498.49999999999,1731841,2024
Dapsone,Dapsone,37122,2409421.5700000003,11347.0,51668.899999999994,1501526,2024
Acetic Acid,Acetic Acid,36704,664180.1399999998,14362.0,38979.1,571650,2024
Ribociclib Succinate,Kisqali,36515,538035933.75,9016.0,36693.00000000001,1008744,2024
Selexipag,Uptravi,36269,829774603.9199998,5576.0,36705.0,1076811,2024
Methylnaltrexone Bromide,Relistor,36231,86410825.36999999,11294.0,37288.9,1072716,2024
Belimumab,Benlysta,35996,170650112.99000007,7905.0,36998.60000000001,1036363,2024
Diphenhydramine Hcl,Diphenhydramine Hcl,35464,937687.1100000003,10128.0,36652.29999999999,538767,2024
Doravirine,Pifeltro,34892,63786127.37999999,6678.0,36701.4,1097240,2024
Misoprostol,Misoprostol,34466,1304583.82,16021.0,40407.69999999999,831099,2024
Chlorzoxazone,Chlorzoxazone,34442,11672605.3,11502.0,38165.799999999996,1047507,2024
Fluocinolone/Shower Cap,Fluocinolone Acetonide,33814,1839570.3700000008,15696.0,36569.20000000001,1035182,2024
Azelaic Acid,Azelaic Acid,32988,3683046.2300000004,14962.0,37868.3,1106596,2024
Azilsartan Med/Chlorthalidone,Edarbyclor,32711,11523018.81,7692.0,48795.29999999999,1460639,2024
Carbidopa/Levodopa/Entacapone,Carbidopa-Levodopa-Entacapone,32446,7145010.079999998,8188.0,50213.60000000001,1361024,2024
Cabozantinib S-Malate,Cabometyx,32442,769037445.6599998,7971.0,32604.3,967723,2024
Naproxen Sodium,Naproxen Sodium,32265,2424566.56,17264.0,33788.40000000001,716935,2024
Milnacipran Hcl,Savella,32173,17530410.449999996,10121.0,38491.200000000004,1100907,2024
Vericiguat,Verquvo,31967,30172454.96,8195.0,46721.79999999998,1356660,2024
Mavacamten,Camzyos,31927,258993170.37,5974.0,32191.800000000007,951323,2024
Selegiline Hcl,Selegiline Hcl,31553,3515857.14,8886.0,56830.8,1655116,2024
Emtricitabine/Tenofovir (Tdf),Emtricitabine-Tenofovir Disop,31512,8517557.309999999,9682.0,40732.600000000006,1217881,2024
Iloperidone,Fanapt,31502,61897227.77000001,7400.0,32193.399999999994,840656,2024
Haloperidol Lactate,Haloperidol Lactate,31461,790064.9899999998,13783.0,31943.200000000004,375334,2024
Famciclovir,Famciclovir,31263,1640116.08,12142.0,39712.09999999999,912112,2024
Tezepelumab-Ekko,Tezspire,31159,136233474.7,7464.0,31794.000000000004,893949,2024
Aflibercept,Eylea,31095,78055251.64999998,8063.0,33670.99999999999,957172,2024
Levobunolol Hcl,Levobunolol Hcl,30187,820924.75,8592.0,61533.0,1795549,2024
Dexmethylphenidate Hcl,Dexmethylphenidate Hcl Er,30037,2502505.590000001,10036.0,30833.300000000003,897876,2024
"Heparin Sodium,porcine",Heparin Sodium,29955,1590599.08,7023.0,30094.899999999998,331369,2024
Epoetin Alfa-Epbx,Retacrit,29854,17208619.650000002,8491.0,31263.89999999999,616455,2024
"Rsv Vaccine, Pref, Mrna/Pf",Mresvia,29819,9115788.350000005,29727.0,29923.1,71367,2024
"Insulin Pump Cart,cont Inf,bt",Omnipod Dash Pods (Gen 4),29240,33530380.490000006,7626.0,46533.7,1367042,2024
Orphenadrine Citrate,Orphenadrine Citrate Er,29223,939380.74,16958.0,30467.300000000003,604791,2024
Aspirin/Dipyridamole,Aspirin-Dipyridamole Er,28958,3741452.9299999997,9751.0,36179.3,1029637,2024
Lanthanum Carbonate,Lanthanum Carbonate,28657,25228935.090000004,8208.0,36495.00000000001,1065541,2024
Methazolamide,Methazolamide,28603,6083098.869999999,8673.0,42759.10000000002,1204467,2024
"Estrogen,con/M-Progest Acet",Prempro,28572,9019254.649999995,9915.0,38157.4,1098040,2024
Insulin Degludec/Liraglutide,Xultophy 100-3.6,28517,42934936.99,7857.0,45801.8,1346311,2024
Leuprolide Acetate,Lupron Depot,28350,124498518.32000001,10102.0,73592.29999999997,2194944,2024
Nepafenac,Ilevro,28316,11226371.469999997,16566.0,37061.5,1033607,2024
Eltrombopag Olamine,Promacta,28251,398308379.46000004,7910.0,28901.799999999996,860571,2024
Sarilumab,Kevzara,28106,126201461.26,6815.0,29592.3,833647,2024
Benralizumab,Fasenra Pen,28049,159751503.69000003,7444.0,47656.00000000001,1419522,2024
Eletriptan Hydrobromide,Eletriptan Hbr,27610,2983677.9600000004,8468.0,29670.499999999993,736054,2024
Acebutolol Hcl,Acebutolol Hcl,27498,1398040.59,8116.0,55524.2,1631959,2024
Treprostinil,Tyvaso Dpi,27463,660689692.2,4606.0,27507.4,770341,2024
Methotrexate/Pf,Otrexup,26945,18324315.61,6767.0,33940.40000000002,968319,2024
Certolizumab Pegol,Cimzia (2 Pack),26688,173433669.6,7074.0,28418.899999999998,800467,2024
Midazolam Hcl/Pf,Midazolam Hcl,26467,75901.28000000003,23782.0,26467.0,29018,2024
Sirolimus,Sirolimus,26419,11572436.68,6672.0,44632.1,1322690,2024
Elexacaftor/Tezacaftor/Ivacaft,Trikafta,26306,697556362.73,3651.0,27228.899999999998,766050,2024
Amlodipine/Atorvastatin,Amlodipine-Atorvastatin,26302,3883993.840000001,8134.0,48310.49999999998,1420110,2024
Lemborexant,Dayvigo,26294,8970493.390000002,7656.0,27930.700000000004,807123,2024
Tavaborole,Tavaborole,25889,16966328.919999998,7942.0,30055.600000000002,889714,2024
Calcifediol,Rayaldee,25817,34992752.85,5279.0,27820.299999999996,813842,2024
Zafirlukast,Zafirlukast,25755,2107774.11,7950.0,36232.69999999999,1063707,2024
Romosozumab-Aqqg,Evenity (2 Syringes),25665,63723745.41,5987.0,26570.299999999996,784699,2024
Alpha-1-Proteinase Inhibitor,Prolastin C,25655,282494849.78,7531.0,25673.699999999997,683078,2024
Levocarnitine,Levocarnitine,25522,2462422.9,6986.0,29261.899999999998,785628,2024
Immun Globg(Igg)/Malt/Iga Ov50,Octagam,25422,328556600.64000005,4748.0,25781.600000000002,662310,2024
Dantrolene Sodium,Dantrolene Sodium,25313,1813340.1700000004,6786.0,27839.4,677411,2024
Besifloxacin Hcl,Besivance,25245,5605438.430000001,16633.0,27293.400000000005,673117,2024
Edaravone,Radicava Ors,25184,352735101.6400001,4005.0,25219.399999999998,703397,2024
Pimecrolimus,Pimecrolimus,25123,6193571.71,11725.0,27438.800000000003,751698,2024
Olaparib,Lynparza,24854,345651908.7900001,6676.0,25305.3,753668,2024
Testosterone Enanthate,Xyosted,24459,16829281.099999998,6220.0,29664.3,848658,2024
Acitretin,Acitretin,24355,6557561.149999997,6848.0,29681.199999999997,862651,2024
Gatifloxacin,Gatifloxacin,24318,1103395.68,15769.0,24591.300000000003,382982,2024
Piroxicam,Piroxicam,24306,3292855.23,8603.0,29085.999999999996,845522,2024
Ampicillin Trihydrate,Ampicillin Trihydrate,24094,324635.3900000001,16001.0,25637.600000000006,301600,2024
Cabotegravir/Rilpivirine,Cabenuva,23995,150114550.45999998,5717.0,40814.89999999998,1220112,2024
"Cyclosporine, Modified",Gengraf,23981,3607305.38,6506.0,37250.69999999999,1095364,2024
Ivermectin,Ivermectin,23946,3599589.99,12763.0,25756.7,480600,2024
Alclometasone Dipropionate,Alclometasone Dipropionate,23811,919010.8199999997,16588.0,25046.599999999995,621333,2024
Posaconazole,Posaconazole,23692,27585458.6,6687.0,24163.2,692265,2024
Linezolid,Linezolid,23645,3136025.9899999984,15059.0,24012.199999999997,305967,2024
Everolimus,Everolimus,23484,83398612.22999999,6547.0,25367.799999999992,736605,2024
Hydrocodone Bitartrate,Hysingla Er,23472,13577561.35,6695.0,23493.8,670896,2024
Dasatinib,Sprycel,23139,294956121.42,6507.0,23436.0,694704,2024
Diflorasone Diacetate,Diflorasone Diacetate,23090,14935802.12,6662.0,25877.399999999998,771831,2024
Trifluoperazine Hcl,Trifluoperazine Hcl,22834,1047581.8999999999,6007.0,25857.399999999998,735651,2024
Fat Emulsion/Olive/Soy/Phospho,Clinolipid,22705,6351698.660000002,2965.0,22705.0,157483,2024
Carvedilol Phosphate,Carvedilol Er,22627,6607805.990000001,7352.0,38756.200000000004,1118574,2024
Midazolam Hcl,Midazolam Hcl,22517,69976.21,20203.0,22517.2,25113,2024
Midazolam,Nayzilam,22495,21979861.770000003,9424.0,22951.1,343329,2024
Adalimumab-Atto,Amjevita(Cf) Autoinjector,22415,33917499.12999999,5041.0,27968.899999999998,796272,2024
Interferon Beta-1a,Avonex (4 Pack),22359,193012741.47000006,6484.0,23328.700000000004,656783,2024
Fingolimod Hcl,Fingolimod,22150,65343199.71999999,5631.0,24026.0,707876,2024
Ivabradine Hcl,Corlanor,22117,14178690.519999998,7076.0,29306.00000000001,796628,2024
Norgestimate-Ethinyl Estradiol,Sprintec,22082,327211.61,8265.0,22998.800000000007,635066,2024
Typhoid Vi Polysacch Vaccine,Typhim Vi,22071,2619004.919999999,22034.0,22091.0,48190,2024
Levomilnacipran Hcl,Fetzima,21714,11796211.28,6213.0,24563.999999999996,691715,2024
Droxidopa,Droxidopa,21706,36206060.3,5567.0,25209.1,728047,2024
Oxymorphone Hcl,Oxymorphone Hcl Er,21653,14684068.920000006,5926.0,21685.3,612292,2024
Naltrexone Microspheres,Vivitrol,21536,35297876.88999999,6668.0,21749.8,609878,2024
Desipramine Hcl,Desipramine Hcl,21508,961137.6799999997,7030.0,27649.4,792958,2024
Norethindrone Acetate,Norethindrone Acetate,21273,757832.3900000002,6864.0,30780.599999999995,874201,2024
Golimumab,Simponi,21232,145301928.04999995,5767.0,24449.399999999998,714207,2024
Lamivudine,Lamivudine,21193,2509567.7100000004,6043.0,25973.9,748962,2024
Selenium Sulfide,Selenium Sulfide,20867,260579.06000000006,9462.0,22505.899999999994,622418,2024
Sodium Chloride Irrig Solution,Sodium Chloride,20739,384294.75999999995,6336.0,21566.0,357287,2024
"Peg 3350/Sod Sulf,chlr/Pot/Mag",Suflave,20178,2469394.860000001,19757.0,20184.7,44640,2024
Rufinamide,Rufinamide,20078,31089170.019999996,5169.0,21630.4,588320,2024
Daridorexant Hcl,Quviviq,19726,9836103.050000003,6031.0,20384.2,594774,2024
Somatropin,Serostim,19514,124681364.16000001,4926.0,20910.100000000006,562442,2024
Estradiol/Norethindrone Acet,Estradiol-Norethindrone Acetat,19262,1943646.3199999996,6264.0,33887.2,994286,2024
Guselkumab,Tremfya,19172,257287952.48999998,5716.0,34507.99999999999,1032195,2024
Pentosan Polysulfate Sodium,Elmiron,19029,19391554.379999995,5771.0,23154.899999999994,634447,2024
Tetanus-Diphtheria Toxoids/Pf,Tenivac,18988,916006.9099999996,18929.0,19011.0,42259,2024
Treprostinil Diolamine,Orenitram Er,18908,216462965.58000004,2383.0,19088.8,543859,2024
Lidocaine Hcl/Pf,Lidocaine Hcl,18810,189950.95,12274.0,18826.2,67527,2024
Butalbit/Acetamin/Caff/Codeine,Butalb-Acetaminoph-Caff-Codein,18656,2104276.119999999,6070.0,18712.4,389050,2024
Lenvatinib Mesylate,Lenvima,18625,435671186.90000004,5155.0,18807.300000000003,561207,2024
Darbepoetin Alfa In Polysorbat,Aranesp,18619,47271138.89999999,4541.0,19281.899999999998,429785,2024
Norethindrone,Norethindrone,18604,273245.01999999996,6511.0,23750.59999999999,679439,2024
Ondansetron Hcl/Pf,Ondansetron Hcl,18253,210902.7799999999,5753.0,18312.7,227489,2024
Olopatadine Hcl,Olopatadine Hcl,18079,1620913.25,7182.0,26461.499999999996,780863,2024
Captopril,Captopril,17957,940191.1100000002,5229.0,24766.200000000008,683791,2024
"Measles,mumps,rubella Vacc/Pf",M-M-R Ii Vaccine,17519,1777562.5499999996,15687.0,17524.3,24139,2024
Paricalcitol,Paricalcitol,17509,1820002.7800000007,4805.0,32491.600000000002,945287,2024
Sodium Polystyrene Sulfonate,Sodium Polystyrene Sulfonate,17441,1204974.7199999995,7419.0,22844.5,537334,2024
Metaxalone,Metaxalone,17269,2016370.3999999994,6276.0,18524.299999999996,487041,2024
Nilotinib Hcl,Tasigna,17234,275628558.46999997,5355.0,17421.399999999998,486218,2024
Felbamate,Felbamate,17161,7915010.24,4398.0,20931.400000000005,586716,2024
Mercaptopurine,Mercaptopurine,17142,1607855.3800000001,5144.0,31198.500000000004,922469,2024
Immun Glob G(Igg)/Gly/Iga 0-50,Gammaplex,17079,250871152.60999998,3364.0,17347.799999999996,447284,2024
Bromocriptine Mesylate,Bromocriptine Mesylate,16766,3542477.0799999996,4907.0,20031.600000000002,520182,2024
Etravirine,Etravirine,16393,17363910.870000005,4380.0,17423.0,521230,2024
Salmeterol Xinafoate,Serevent Diskus,16315,7757625.269999998,5838.0,18654.0,559417,2024
Butorphanol Tartrate,Butorphanol Tartrate,16311,1438838.7,4370.0,16365.8,330218,2024
Vonoprazan Fumarate,Voquezna,16241,12557757.199999997,5487.0,20002.399999999998,594018,2024
Dutasteride/Tamsulosin Hcl,Dutasteride-Tamsulosin,16222,2504806.17,5103.0,30963.0,915917,2024
Diroximel Fumarate,Vumerity,16143,143286818.51999998,3923.0,16784.600000000006,500771,2024
Cefprozil,Cefprozil,15862,428428.07,12988.0,15914.599999999999,154413,2024
Tetrabenazine,Tetrabenazine,15834,25745027.970000006,4702.0,16549.000000000004,430144,2024
Sevelamer Hcl,Sevelamer Hcl,15823,10634209.599999996,4410.0,20126.799999999996,459436,2024
"Ringer's Solution,lactated",Lactated Ringers,15716,480328.45,3460.0,15718.9,114335,2024
Zolmitriptan,Zolmitriptan Odt,15693,2324653.64,5239.0,16534.5,390308,2024
Efavirenz/Emtricit/Tenofovr Df,Efavirenz-Emtric-Tenofov Disop,15543,10115651.009999998,4477.0,17413.2,521131,2024
Fentanyl Citrate/Pf,Fentanyl Citrate,15119,51240.490000000005,13377.0,15119.0,15560,2024
Thioridazine Hcl,Thioridazine Hcl,15033,764751.7600000002,4212.0,15513.400000000003,410942,2024
Istradefylline,Nourianz,14881,38243946.01,3511.0,20250.4,606307,2024
Flurbiprofen Sodium,Flurbiprofen Sodium,14833,571999.1900000001,8316.0,16080.200000000003,330137,2024
Gabapentin Enacarbil,Horizant,14647,13360547.98,4069.0,17769.199999999997,525179,2024
Darifenacin Hydrobromide,Darifenacin Er,14624,1802211.0500000003,4651.0,22387.2,636621,2024
Oxazepam,Oxazepam,14469,836878.44,5146.0,14930.1,410076,2024
Eluxadoline,Viberzi,14438,22114969.569999997,4762.0,15617.399999999998,449039,2024
Fezolinetant,Veozah,14393,8748780.749999998,5074.0,16487.7,489421,2024
Ertugliflozin Pidolate,Steglatro,14315,4674272.67,4273.0,16835.2,392001,2024
Bacitracin/Polymyxin B Sulfate,Bacitracin-Polymyxin,14253,185995.58000000005,9522.0,14587.600000000006,188595,2024
Ixazomib Citrate,Ninlaro,14002,177257644.02000004,3678.0,14058.199999999999,390211,2024
Axitinib,Inlyta,13853,240932040.93000004,3836.0,13916.7,410308,2024
Sofosbuvir/Velpatasvir,Epclusa,13829,285801252.7599999,4814.0,13891.3,388633,2024
"Meloxicam, Submicronized",Meloxicam,13678,10536202.59,3415.0,16388.4,483802,2024
Butalbital/Aspirin/Caffeine,Butalbital-Aspirin-Caffeine,13512,733446.0000000001,4687.0,13596.999999999998,255541,2024
Pioglitazone Hcl/Metformin Hcl,Pioglitazone-Metformin,13464,931092.5899999999,4038.0,27987.1,835234,2024
Dihydroergotamine Mesylate,Dihydroergotamine Mesylate,13361,18808125.399999995,2598.0,13904.000000000002,410908,2024
Anagrelide Hcl,Anagrelide Hcl,13274,1869984.6300000001,3836.0,19753.1,577336,2024
Flunisolide,Flunisolide,13261,684289.1000000002,5354.0,17885.0,511568,2024
Isoniazid,Isoniazid,13155,115391.50000000001,4014.0,16783.200000000004,484820,2024
Clobetasol Propionate/Emoll,Clobetasol Emollient,12993,1575507.1000000003,5312.0,14166.499999999998,373480,2024
Mupirocin Calcium,Mupirocin,12952,2230299.9399999995,5595.0,13773.399999999998,331057,2024
Propylthiouracil,Propylthiouracil,12922,533533.1200000001,3934.0,18285.3,504722,2024
Norethindrone-E.Estradiol-Iron,Lo Loestrin Fe,12728,318915.73,4760.0,13488.400000000003,368309,2024
Timolol Maleate/Pf,Timolol Maleate,12727,4290484.19,3886.0,20593.800000000003,614239,2024
Voriconazole,Voriconazole,12727,4914569.07,3950.0,14341.3,396020,2024
Betaxolol Hcl,Betaxolol Hcl,12621,1550609.0600000005,3957.0,24495.0,719150,2024
Acamprosate Calcium,Acamprosate Calcium,12512,1388363.22,4380.0,13382.999999999998,336143,2024
Parenteral Amino Acid 15% No.5,Clinisol,12401,2039994.5400000005,1840.0,12401.0,84227,2024
Prednisolone Sodium Phosphate,Prednisolone Sodium Phosphate,12395,295309.99000000005,9018.0,12636.000000000005,123949,2024
Carbidopa,Carbidopa,12367,3878441.42,3490.0,21566.199999999993,620851,2024
Sodium Chloride 0.45 %,Sodium Chloride,12281,332273.37999999995,4507.0,12281.4,57301,2024
Probenecid,Probenecid,12280,654206.1599999999,4111.0,17260.800000000003,483929,2024
Vancomycin/Water For Inj (Peg),Vancomycin Hcl,11999,872420.3800000001,3308.0,11999.0,36266,2024
Fluorometholone Acetate,Flarex,11982,1599174.6199999996,6246.0,13762.6,325557,2024
Ampicillin Sodium,Ampicillin Sodium,11955,2226243.1300000004,3230.0,11955.0,36094,2024
Maraviroc,Maraviroc,11841,15404653.240000004,3115.0,12354.7,366680,2024
Thiothixene,Thiothixene,11744,1007666.85,3502.0,12697.5,347578,2024
Opicapone,Ongentys,11707,10444348.329999996,2940.0,16529.8,477332,2024
Cetirizine Hcl,Cetirizine Hcl,11699,3273977.0300000007,4264.0,13150.100000000002,336799,2024
Levalbuterol Hcl,Levalbuterol Hcl,11688,957578.1699999999,2845.0,11690.4,108705,2024
Filgrastim-Sndz,Zarxio,11674,21814885.490000002,3915.0,11707.199999999999,197843,2024
Acetylcysteine,Acetylcysteine,11549,974565.2699999999,2854.0,11555.200000000003,106788,2024
Sumatriptan,Sumatriptan,11539,2079713.5400000003,3822.0,12111.600000000002,309035,2024
Naproxen/Esomeprazole Mag,Naproxen-Esomeprazole Mag,11501,12184185.429999998,2690.0,13742.6,411325,2024
Saxagliptin Hcl,Saxagliptin Hcl,11437,2419301.9100000006,3427.0,14863.900000000003,407193,2024
Abatacept/Maltose,Orencia,11390,52447417.809999995,2325.0,11668.599999999997,322404,2024
Oxiconazole Nitrate,Oxiconazole Nitrate,11253,5264784.28,3625.0,12520.7,369120,2024
Abacavir Sulfate/Lamivudine,Abacavir-Lamivudine,11201,3335926.7100000004,3080.0,14248.7,421069,2024
Ampicillin Sod/Sulbactam Sod,Ampicillin-Sulbactam,10984,1297695.9100000004,2601.0,10984.5,31973,2024
Trandolapril,Trandolapril,10967,210248.35000000003,3553.0,21073.699999999997,617965,2024
"Syrge-Ndl,ins 0.3 Ml Half Mark",Veo Insulin Syringe,10962,283300.98,4237.0,26202.100000000002,780914,2024
Itraconazole,Itraconazole,10922,2648729.67,3633.0,13857.699999999995,372753,2024
Solriamfetol Hcl,Sunosi,10812,10725718.030000003,3101.0,12235.599999999999,363231,2024
Glyburide/Metformin Hcl,Glyburide-Metformin Hcl,10775,171703.69,3516.0,19675.699999999993,582872,2024
Rilpivirine Hcl,Edurant,10743,16374178.64,2979.0,11414.2,337869,2024
Sodium Fluoride/Potassium Nit,Prevident 5000 Sensitive,10724,145202.2199999999,4229.0,12426.8,357871,2024
Carteolol Hcl,Carteolol Hcl,10660,239696.82,3281.0,21659.399999999998,636307,2024
Dextrose 5 %-0.45 % Sod Chlord,Dextrose 5%-0.45% Nacl,10539,251139.32000000007,5321.0,10544.7,35602,2024
Obeticholic Acid,Ocaliva,10535,105094203.40999998,3150.0,11442.5,342720,2024
Norethindrone Ac/Eth Estradiol,Norethindron-Ethinyl Estradiol,10403,324300.87,3627.0,12294.2,305662,2024
Desoximetasone,Desoximetasone,10395,930394.4299999997,4630.0,11326.800000000001,303706,2024
Cenegermin-Bkbj,Oxervate,10391,407389196.59,2750.0,10391.0,144710,2024
Pindolol,Pindolol,10344,733506.49,2751.0,15458.9,441774,2024
Epinastine Hcl,Epinastine Hcl,10292,741074.6900000001,4018.0,13852.1,372290,2024
Arformoterol Tartrate,Arformoterol Tartrate,10176,2493171.7600000002,2858.0,10204.7,196722,2024
Levonorgestrel/Ethin.Estradiol,Vienva,10156,174882.66999999998,3765.0,10870.200000000003,293171,2024
Pembrolizumab,Keytruda,10105,117779709.69000001,1766.0,10209.599999999999,219500,2024
Interferon Beta-1a/Albumin,Rebif,10071,107691889.14999999,3222.0,10409.1,284043,2024
Abacavir Sulfate,Abacavir,9903,1729580.1199999999,2923.0,11620.900000000001,333929,2024
Albuterol Sulfate/Budesonide,Airsupra,9883,5372728.749999999,3694.0,10596.1,245339,2024
Levocarnitine (With Sugar),Levocarnitine,9670,984557.3599999999,2717.0,10055.200000000003,229593,2024
Hydrocortisone Butyrate,Hydrocortisone Butyrate,9608,4506183.350000001,2634.0,10477.9,305049,2024
"Sodium,calcium,mag,pot Oxybate",Xywav,9591,165287229.92999998,2707.0,9591.0,277875,2024
Pegfilgrastim,Neulasta,9577,65774444.639999986,2462.0,9586.1,204628,2024
Enalapril/Hydrochlorothiazide,Enalapril-Hydrochlorothiazide,9504,188868.12,3152.0,18180.7,538983,2024
Tiagabine Hcl,Tiagabine Hcl,9474,3248598.2900000014,2789.0,10211.499999999996,273348,2024
Deferasirox,Deferasirox,9471,17430053.140000004,2718.0,9867.0,292387,2024
Diclofenac Sodium/Misoprostol,Diclofenac Sodium-Misoprostol,9399,1159602.6400000001,3571.0,11435.6,326806,2024
Fostemsavir Tromethamine,Rukobia,9327,82681953.26,2306.0,9437.0,280444,2024
Probenecid/Colchicine,Probenecid-Colchicine,9307,520969.48999999993,2978.0,13860.699999999997,391137,2024
Letermovir,Prevymis,9224,67714071.26000002,2356.0,9489.800000000001,265583,2024
Infliximab,Remicade,9171,62631734.080000006,2403.0,12044.800000000003,348719,2024
Sotatercept-Csrk,Winrevair,9156,153317013.33999997,1777.0,9156.0,192321,2024
Filgrastim-Aafi,Nivestym,9150,9445322.150000002,2898.0,9152.5,81141,2024
Isosorbide Dinit/Hydralazine,Isosorbide Dinit-Hydralazine,9139,1500798.4199999995,2780.0,12843.199999999997,347569,2024
Tafamidis Meglumine,Vyndaqel,9001,207777475.7799999,2106.0,9570.3,287110,2024
Bosutinib,Bosulif,8967,132465478.91999999,2730.0,9050.9,270438,2024
Alectinib Hcl,Alecensa,8686,146304346.58999997,2605.0,8885.499999999998,266138,2024
Immun Glob G(Igg)-Ifas/Glycine,Panzyga,8631,126450744.3,1834.0,8753.399999999998,222805,2024
Isavuconazonium Sulfate,Cresemba,8617,54739463.10000001,2502.0,9180.400000000003,253544,2024
Norethindrone-Ethin. Estradiol,Nortrel,8589,157534.18000000002,3030.0,8894.7,234548,2024
Trifluridine/Tipiracil Hcl,Lonsurf,8412,94064116.91,2402.0,8460.599999999999,228762,2024
Dextrose 5 % In Water,Dextrose In Water,8392,194081.18,2999.0,8392.4,55147,2024
Codeine/Butalbital/Asa/Caffein,Ascomp With Codeine,8283,861611.4099999999,2990.0,8301.5,184733,2024
Belumosudil Mesylate,Rezurock,8245,197067949.48000002,1703.0,8381.4,251012,2024
Naldemedine Tosylate,Symproic,8237,3774973.0999999996,2455.0,8777.3,248653,2024
Zileuton,Zileuton Er,8231,19457235.18999999,1778.0,9381.8,280213,2024
Flurbiprofen,Flurbiprofen,8152,236893.3,4137.0,9535.5,208330,2024
Methylprednisolone Sod Succ,Methylprednisolone Sodium Succ,8056,199622.86,2559.0,9170.300000000001,178559,2024
Tolvaptan,Tolvaptan,7963,94389955.80999999,2515.0,8337.400000000001,232573,2024
Famotidine/Pf,Famotidine,7928,59712.91000000001,1634.0,7985.9,119518,2024
Vedolizumab,Entyvio,7683,63622004.040000014,2258.0,10432.600000000002,299873,2024
Faricimab-Svoa,Vabysmo,7656,21399978.75,1883.0,8321.2,236601,2024
Mifepristone,Korlym,7566,261356806.07000008,1791.0,7566.0,226400,2024
Amikacin Liposomal/Neb.Accessr,Arikayce,7513,113390033.96999995,2093.0,7699.5,216437,2024
Ethosuximide,Ethosuximide,7420,566330.3400000001,2525.0,8136.799999999999,221821,2024
Resmetirom,Rezdiffra,7350,31398510.740000002,2061.0,7928.6,237818,2024
Aliskiren Hemifumarate,Aliskiren,7307,1561874.1800000002,2440.0,11194.300000000001,326996,2024
Magnesium Sulfate,Magnesium Sulfate,7232,134249.68999999997,1357.0,7250.3,54837,2024
Hydrocodone/Ibuprofen,Hydrocodone-Ibuprofen,7227,765372.22,2782.0,7238.7,181504,2024
Latanoprost/Pf,Iyuzeh,7190,2788499.539999999,2098.0,9743.399999999998,290584,2024
Aprepitant,Aprepitant,7158,4549328.830000001,2541.0,7281.299999999999,106834,2024
Amikacin Sulfate,Amikacin Sulfate,7121,498687.31999999995,1803.0,7211.6,58507,2024
Fluvastatin Sodium,Fluvastatin Sodium,7108,1025920.7999999997,2404.0,13262.5,391377,2024
Nevirapine,Nevirapine Er,7066,968961.6999999997,1918.0,9391.8,281563,2024
Naftifine Hcl,Naftifine Hcl,7060,1843485.3699999996,2474.0,7573.300000000002,218306,2024
"Water For Irrigation,sterile",Water,7024,217915.83,2162.0,7169.8,137329,2024
"Poliomyelitis Vaccine, Killed",Ipol,6998,399266.69,6530.0,7000.0,16036,2024
Trametinib Dimethyl Sulfoxide,Mekinist,6832,96314914.12999997,2180.0,6911.7,207044,2024
Tralokinumab-Ldrm,Adbry,6777,25549109.509999998,2084.0,6866.3,187282,2024
Pitolisant Hcl,Wakix,6748,85924648.92,1918.0,6893.0,201343,2024
Atazanavir Sulfate,Atazanavir Sulfate,6733,2610735.7800000003,2030.0,8091.3,237902,2024
Dabrafenib Mesylate,Tafinlar,6719,84963998.05000003,2068.0,6851.7,204270,2024
Erythromycin Base In Ethanol,Erythromycin,6714,204273.37000000005,2964.0,7117.599999999999,199620,2024
Dronabinol,Dronabinol,6688,1265524.15,2326.0,6788.300000000001,166744,2024
Hydrocortisone Valerate,Hydrocortisone Valerate,6628,413265.6900000002,3575.0,7066.400000000001,181692,2024
Canagliflozin/Metformin Hcl,Invokamet Xr,6626,4583918.27,2342.0,8704.4,257264,2024
Alosetron Hcl,Alosetron Hcl,6524,4933084.83,1945.0,7198.900000000001,210050,2024
Micafungin Sodium,Micafungin,6495,2419134.57,1749.0,6495.0,35065,2024
Efavirenz,Efavirenz,6336,1961540.5999999992,1906.0,7426.099999999999,219152,2024
"Sub-Q Insulin Device, 40 Unit",V-Go 40,6309,4175283.489999999,1707.0,8173.5,244841,2024
Momelotinib Dihydrochloride,Ojjaara,6288,175672523.27,1693.0,6317.0,189369,2024
Octreotide Acetate,Octreotide Acetate,6276,8365911.880000002,1741.0,6425.200000000001,127579,2024
Daratumumab-Hyaluronidase-Fihj,Darzalex Faspro,6205,81858465.11999999,1128.0,6225.499999999999,151974,2024
Hpv Vaccine 9-Valent/Pf,Gardasil 9,6188,1673759.03,4471.0,6192.0,6488,2024
"Sub-Q Insulin Device, 20 Unit",V-Go 20,6181,4068156.55,1638.0,7994.700000000001,239525,2024
Tapinarof,Vtama,6107,8843119.069999998,1934.0,6287.2,185945,2024
"Bolus Insulin Pump, 200 Unit",Cequr Simplicity,6094,3412991.7,1892.0,7662.3,226866,2024
Yellow Fever Vaccine Live/Pf,Yf-Vax,6065,1277428.55,6060.0,6071.0,15236,2024
Formoterol Fumarate,Formoterol Fumarate,6045,2646184.2800000003,1777.0,6050.400000000001,112841,2024
Niraparib Tosylate,Zejula,5991,113935121.46,1777.0,6019.1,179907,2024
Amiloride/Hydrochlorothiazide,Amiloride-Hydrochlorothiazide,5991,162359.17000000007,1928.0,11876.599999999999,349411,2024
Sulfacetamide Sodium,Sulfacetamide Sodium,5904,424587.87,3188.0,7296.000000000001,199537,2024
Ceftazidime,Ceftazidime,5892,673814.4100000003,1549.0,5934.5999999999985,40462,2024
Interferon Beta-1b,Betaseron,5874,56716978.999999985,1940.0,5981.700000000002,164987,2024
Sodium Oxybate,Sodium Oxybate,5837,97987586.68,1910.0,5850.9,168783,2024
Flumazenil,Flumazenil,5824,49699.07000000001,5092.0,5824.0,7048,2024
Lasmiditan Succinate,Reyvow,5809,4884769.930000001,1630.0,6013.3,138277,2024
Fondaparinux Sodium,Fondaparinux Sodium,5691,6499849.98,1903.0,5896.1,148034,2024
Decitabine/Cedazuridine,Inqovi,5666,44439369.120000005,1643.0,5746.800000000001,158752,2024
Bosentan,Bosentan,5650,26226472.320000004,1737.0,5652.0,168664,2024
"Mening Vac A,c,y,w135,c-Tet/Pf",Menquadfi,5638,930264.82,5303.0,5641.7,9003,2024
Cyclopentolate Hcl,Cyclopentolate Hcl,5571,58697.85,4568.0,6436.600000000002,129712,2024
Telmisartan/Amlodipine,Telmisartan-Amlodipine,5567,871075.1000000001,1783.0,11651.8,346515,2024
Phenazopyridine Hcl,Phenazopyridine Hcl,5542,50519.17,3822.0,5575.200000000001,35192,2024
Methylprednisolone Acetate,Methylprednisolone Acetate,5507,96964.96999999999,3520.0,5708.6,37263,2024
Amlodipine/Valsartan/Hcthiazid,Amlodipine-Valsartan-Hctz,5477,1860649.5300000005,1767.0,10446.899999999998,308549,2024
Desmopressin (Nonrefrigerated),Desmopressin Acetate,5444,778734.7699999998,1909.0,6503.099999999999,163985,2024
Tobramycin Sulfate,Tobramycin Sulfate,5403,3267603.6500000004,1946.0,5462.2,93607,2024
Peginterferon Alfa-2a,Pegasys,5390,20221042.259999998,1310.0,5524.700000000001,150413,2024
Imipenem/Cilastatin Sodium,Imipenem-Cilastatin Sodium,5365,2015130.6900000004,1180.0,5366.2,26731,2024
Promethazine/Dextromethorphan,Promethazine-Dm,5320,57046.83000000001,3707.0,5330.0,58778,2024
Avatrombopag Maleate,Doptelet,5314,73525157.74,1640.0,5456.600000000002,158678,2024
Ozanimod Hydrochloride,Zeposia,5290,49800813.68,1508.0,5749.2,170152,2024
Citric Ac/Gluconolact/Mag Carb,Renacidin,5281,1058833.84,1486.0,5528.4000000000015,110253,2024
Fulvestrant,Fulvestrant,5159,3663224.8000000007,1154.0,5212.099999999999,144835,2024
Prednisolone,Prednisolone,5150,283138.31000000006,3786.0,5219.2,48242,2024
Triptorelin Pamoate,Trelstar,5128,12295249.030000007,1953.0,14278.500000000002,426429,2024
Pirtobrutinib,Jaypirca,5114,102600419.06000002,1489.0,5124.0,152944,2024
Tranylcypromine Sulfate,Tranylcypromine Sulfate,5080,1122403.8899999997,1729.0,5786.999999999999,158907,2024
"Sub-Q Insulin Device, 30 Unit",V-Go 30,5079,3244662.3400000003,1438.0,6388.1,191598,2024
Levodopa,Inbrija,5054,16071941.779999994,1416.0,5201.699999999999,109444,2024
Metoprolol/Hydrochlorothiazide,Metoprolol-Hydrochlorothiazide,5048,236316.05000000005,1743.0,8376.300000000001,246630,2024
Chlordiazepoxide/Clidinium Br,Chlordiazepoxide-Clidinium,5037,2440529.8800000004,1630.0,5642.700000000001,156483,2024
Rifabutin,Rifabutin,5001,2081623.9400000004,1969.0,5795.200000000001,154931,2024
"Octreotide Acetate,mi-Spheres",Sandostatin Lar Depot,4975,28173686.770000007,1617.0,5023.5,140791,2024
Risdiplam,Evrysdi,4965,136162768.14999998,940.0,5031.800000000001,123107,2024
Dicloxacillin Sodium,Dicloxacillin Sodium,4900,197096.30999999997,2975.0,5315.5999999999985,87407,2024
Baricitinib,Olumiant,4892,16150207.860000001,1462.0,5240.6,156187,2024
Teduglutide,Gattex,4885,242418617.50000006,1353.0,5021.0,150590,2024
Siponimod,Mayzent,4874,50824338.99,1279.0,5404.2,159415,2024
Norgestrel-Ethinyl Estradiol,Turqoz,4845,93739.72000000002,1700.0,4958.000000000001,131846,2024
Methylprednisolone Sod Succ/Pf,Solu-Medrol,4829,101389.94999999997,2590.0,4904.8,37103,2024
Demeclocycline Hcl,Demeclocycline Hcl,4798,2075995.89,1491.0,5205.599999999999,131512,2024
Estradiol Valerate,Estradiol Valerate,4795,612680.77,1569.0,7910.199999999998,230603,2024
Butalbital/Acetaminophen,Butalbital-Acetaminophen,4794,1387638.7299999997,1526.0,5152.5,113926,2024
Bexarotene,Bexarotene,4677,30494567.940000005,1019.0,4808.799999999999,142935,2024
Fluocinonide/Emollient Base,Fluocinonide-E,4653,415141.81999999983,2036.0,5172.5,146699,2024
Lanreotide Acetate,Somatuline Depot,4651,41043616.04000001,1271.0,4689.700000000001,130898,2024
Tetracycline Hcl,Tetracycline Hcl,4632,482806.7300000002,3410.0,4829.4,78371,2024
Ethinyl Estradiol/Drospirenone,Drospirenone-Ethinyl Estradiol,4632,137393.76,1765.0,4916.300000000001,134895,2024
Oxaprozin,Oxaprozin,4593,247312.87000000008,1703.0,5762.0,165703,2024
Zoledronic Acid/Mannitol-Water,Zoledronic Acid,4592,705456.4599999998,4513.0,40277.89999999999,1208507,2024
Meperidine Hcl/Pf,Meperidine Hcl,4588,42222.66,3943.0,4588.0,9522,2024
Ibuprofen/Famotidine,Ibuprofen-Famotidine,4586,1249053.1199999999,1263.0,5306.5,158630,2024
Sodium Bicarbonate,Sodium Bicarbonate,4570,291410.77999999997,1144.0,4576.6,62815,2024
Ospemifene,Osphena,4548,1598656.3699999996,1584.0,6824.400000000001,202176,2024
Doravirine/Lamivu/Tenofov Diso,Delstrigo,4488,12023075.29,1229.0,4545.0,135968,2024
Sotagliflozin,Inpefa,4470,3365099.4699999993,1128.0,5797.4,172370,2024
Codeine Sulfate,Codeine Sulfate,4467,357454.5199999999,1526.0,4468.6,115551,2024
Ganciclovir,Zirgan,4373,2272717.5300000003,1563.0,4874.299999999998,101354,2024
Pimozide,Pimozide,4291,443330.8500000001,1440.0,4566.5999999999985,123250,2024
Encorafenib,Braftovi,4290,62212180.95000001,1221.0,4340.8,129259,2024
Clindamycin Phos/Benzoyl Perox,Clindamycin-Benzoyl Peroxide,4209,318484.99000000005,1780.0,4380.000000000001,120406,2024
Fosnetupitant/Palonosetron,Akynzeo,4152,4531624.17,1011.0,4162.8,98604,2024
Atazanavir Sulfate/Cobicistat,Evotaz,4146,6650131.679999999,1233.0,4222.0,124911,2024
Perindopril Erbumine,Perindopril Erbumine,4107,210070.93999999997,1273.0,8857.0,260628,2024
Ponatinib Hcl,Iclusig,4095,84883356.04,1240.0,4095.5,122004,2024
Viloxazine Hcl,Qelbree,4091,2261602.8999999994,1287.0,4314.1,120321,2024
Ivosidenib,Tibsovo,4081,124924913.03999999,1380.0,4086.0,122523,2024
Ergotamine Tartrate/Caffeine,Ergotamine-Caffeine,4081,2943690.7100000004,1359.0,4132.5,107521,2024
Meropenem-0.9% Sodium Chloride,Meropenem-0.9% Nacl,4070,1189390.2899999998,1298.0,4070.0,14630,2024
Sacrosidase,Sucraid,4053,53075597.75999999,1175.0,4148.8,122412,2024
Asciminib Hydrochloride,Scemblix,3987,96774378.48000003,1237.0,4058.3,120924,2024
Binimetinib,Mektovi,3981,51658851.21,1097.0,3993.0,119493,2024
Corticotropin,Acthar,3871,251942896.92999998,1100.0,4119.700000000001,105968,2024
Omadacycline Tosylate,Nuzyra,3804,44094096.44000001,1431.0,3950.1,86578,2024
Disopyramide Phosphate,Disopyramide Phosphate,3724,886154.1399999999,1194.0,5844.099999999999,168044,2024
Lanadelumab-Flyo,Takhzyro,3718,169875911.61,1008.0,3754.3,105120,2024
"Pen Needle, Diabetic,disp Unit",Ultiguard Safepack-Pen Needle,3709,233046.86000000004,1279.0,5973.099999999999,171113,2024
Granisetron Hcl,Granisetron Hcl,3700,483686.0000000001,1497.0,3772.9,78541,2024
Hydrocortisone Sodium Succ/Pf,Solu-Cortef,3679,371054.9199999999,1457.0,3886.2999999999997,54658,2024
Clemastine Fumarate,Clemastine Fumarate,3660,12026403.979999995,992.0,4046.2999999999997,100919,2024
Pegloticase,Krystexxa,3656,156245093.41999996,879.0,3668.6,76706,2024
Vismodegib,Erivedge,3634,45163082.819999985,1187.0,3666.2,104790,2024
Sotorasib,Lumakras,3632,63136779.14999999,1205.0,3643.0,108963,2024
Voxelotor,Oxbryta,3616,43604886.730000004,918.0,3696.6,110545,2024
Elacestrant Hcl,Orserdu,3591,81533720.48999998,1230.0,3596.0,107675,2024
Adalimumab-Adbm,Cyltezo(Cf) Pen,3590,27600882.280000005,1149.0,3635.2,101595,2024
Belzutifan,Welireg,3590,90272008.62999998,1021.0,3593.0,107379,2024
Erythromycin Ethylsuccinate,Erythromycin Ethylsuccinate,3587,1817490.5199999998,906.0,3713.299999999999,62157,2024
Phenelzine Sulfate,Phenelzine Sulfate,3582,238869.55999999997,1245.0,4054.7999999999997,106305,2024
Eculizumab,Soliris,3580,148715855.64000002,1045.0,3580.0,79922,2024
Ropeginterferon Alfa-2b-Njft,Besremi,3517,53116312.82000001,934.0,3542.9000000000005,96751,2024
Emtricita/Rilpivirine/Tenof Df,Complera,3509,12868902.0,1220.0,3576.0,107157,2024
Deucravacitinib,Sotyktu,3494,23551835.82,1189.0,3619.0,108570,2024
Desogestrel-Ethinyl Estradiol,Apri,3437,54189.83,1295.0,3676.3000000000006,100225,2024
"Mening Vac A,c,y,w-135 Dip/Pf",Menveo A-C-Y-W-135-Dip,3391,551493.1499999999,3009.0,3460.6,10606,2024
Prasterone (Dhea),Intrarosa,3384,1136666.8900000006,1167.0,4319.7,123953,2024
Natalizumab,Tysabri,3383,28121785.000000004,886.0,3473.4,97829,2024
Olopatadine Hcl/Mometasone,Ryaltris,3376,942894.8399999999,1317.0,4099.5,121443,2024
Insulin Glargine-Aglr,Rezvoglar Kwikpen,3373,291937.14,989.0,4634.099999999999,118614,2024
Diflunisal,Diflunisal,3326,251710.2500000001,1344.0,4679.599999999999,125602,2024
Testosterone Undecanoate,Jatenzo,3304,3149556.340000001,1061.0,3919.9,116202,2024
Bortezomib,Bortezomib,3259,2710425.7199999997,699.0,3272.0000000000005,68067,2024
"Insulin Pmp Cart,aut,g6/7,cntr",Omnipod 5 Dexg7g6 Intro(Gen 5),3240,1891227.75,3044.0,4198.6,119497,2024
Lamivudine/Zidovudine,Lamivudine-Zidovudine,3233,656869.6900000002,1055.0,3749.1,110997,2024
Hydrocortisone/Acetic Acid,Hydrocortisone-Acetic Acid,3232,336675.7699999999,2079.0,3527.0,64054,2024
Sertaconazole Nitrate,Ertaczo,3222,3989051.81,1309.0,3787.0,112594,2024
Palonosetron Hcl,Palonosetron Hcl,3199,203515.73,883.0,3209.5,70299,2024
Dipyridamole,Dipyridamole,3131,232274.50000000003,1099.0,3810.7999999999997,103757,2024
Adalimumab-Bwwd,Hadlima Pushtouch,3127,3084445.5899999994,688.0,3176.9,79077,2024
Disulfiram,Disulfiram,3123,254780.72,1027.0,3343.6,88580,2024
Dexamethasone Sodium Phosp/Pf,Dexamethasone Sodium Phosphate,3091,40878.68,1326.0,3136.6000000000004,49273,2024
Tesamorelin Acetate,Egrifta Sv,3041,23060670.87999999,792.0,3206.0,96153,2024
Safinamide Mesylate,Xadago,3036,4975389.79,744.0,4445.8,128965,2024
Levorphanol Tartrate,Levorphanol Tartrate,3032,9631753.260000002,799.0,3043.0,85242,2024
Lorlatinib,Lorbrena,3003,58992544.71999999,1025.0,3016.0,90245,2024
Hyoscyamine Sulfate,Hyoscyamine Sulfate,3001,79218.99999999999,1101.0,3309.8999999999996,65686,2024
Nivolumab,Opdivo,2997,35778054.219999984,678.0,3013.5,72485,2024
Tobramycin/Lotepred Etab,Zylet,2992,1236484.9,1779.0,3309.199999999999,78177,2024
Caspofungin Acetate,Caspofungin Acetate,2962,884137.23,1018.0,2962.0,78419,2024
Azacitidine,Onureg,2943,45501359.91,800.0,2960.5999999999995,73992,2024
Tbo-Filgrastim,Granix,2926,1904432.0299999996,1012.0,2928.2,23056,2024
Amifampridine Phosphate,Firdapse,2916,135057255.92,845.0,2932.0,87233,2024
Sunitinib Malate,Sunitinib Malate,2911,15286808.7,980.0,2941.6000000000004,76320,2024
Erlotinib Hcl,Erlotinib Hcl,2884,2819793.2,945.0,2914.2,87150,2024
Nicotine,Nicotrol Ns,2882,2159480.7699999996,1000.0,3136.2999999999997,66713,2024
Elviteg/Cob/Emtri/Tenofo Disop,Stribild,2818,11775250.250000002,935.0,2862.0,85645,2024
Capsaicin/Skin Cleanser,Qutenza,2813,9793754.750000002,1426.0,8014.8,240233,2024
Ethacrynic Acid,Ethacrynic Acid,2807,1024672.8100000003,990.0,3281.1,84021,2024
"Tetanus, Diphtheria Tox,adult",Tdvax,2803,134951.75999999998,2796.0,2805.0,17929,2024
Anakinra,Kineret,2801,17386731.73999999,940.0,2826.3000000000006,77474,2024
Cefixime,Cefixime,2770,248554.05,1970.0,2783.5,20230,2024
Asfotase Alfa,Strensiq,2749,265657263.90000004,612.0,2773.2000000000003,75270,2024
Sod Phenylbutyrat/Taurursodiol,Relyvrio,2746,35082606.72,1015.0,2782.9,77963,2024
Opium Tincture,Opium Tincture,2744,957294.6699999997,945.0,2857.0000000000005,80289,2024
Hepatitis B Vaccine/Cpg1018/Pf,Heplisav-B,2727,425701.6400000001,1856.0,2727.0,3539,2024
Timolol,Betimol,2716,649975.64,945.0,4274.700000000001,121101,2024
Ceftriaxone In Is-Osm Dextrose,Ceftriaxone,2648,276351.05999999994,1258.0,2648.0,10433,2024
Zoledronic Acid,Zoledronic Acid,2640,280655.69,774.0,4237.399999999999,122611,2024
Olanzapine/Fluoxetine Hcl,Olanzapine-Fluoxetine Hcl,2620,614308.06,831.0,2902.1,80510,2024
Capmatinib Hydrochloride,Tabrecta,2609,49422607.389999986,915.0,2624.7000000000003,72726,2024
Zavegepant Hcl,Zavzpret,2604,2970149.8200000003,813.0,2716.9000000000005,73564,2024
Pazopanib Hcl,Pazopanib Hcl,2584,21266931.53000001,851.0,2590.5,76761,2024
Tiopronin,Thiola Ec,2570,21393544.819999993,950.0,2584.0,76948,2024
Olodaterol Hcl,Striverdi Respimat,2563,770911.7199999999,986.0,2986.1,89211,2024
Sumatriptan Succ/Naproxen Sod,Sumatriptan Succ-Naproxen Sod,2557,1088469.74,528.0,2576.9,71191,2024
Infliximab-Dyyb,Inflectra,2531,14214319.190000003,760.0,3259.100000000001,94051,2024
Crisaborole,Eucrisa,2525,2151382.0700000003,770.0,2605.8,76062,2024
Carbinoxamine Maleate,Carbinoxamine Maleate,2513,601792.3700000002,988.0,3553.4999999999995,93841,2024
Afatinib Dimaleate,Gilotrif,2499,28511217.320000004,865.0,2504.5,74840,2024
"Igg/Hyaluronidase,recombinant",Hyqvia,2497,16832695.349999998,585.0,2511.8,65534,2024
Enasidenib Mesylate,Idhifa,2492,83547460.13,810.0,2509.0,75241,2024
Alogliptin Benz/Metformin Hcl,Alogliptin-Metformin,2479,448790.5799999999,702.0,3068.7,87962,2024
Emtricitabine,Emtricitabine,2475,803136.0499999999,841.0,2711.9,79644,2024
Efgartigimod Alfa-Fcab,Vyvgart,2461,109701339.47,615.0,2759.4999999999995,61885,2024
Frovatriptan Succinate,Frovatriptan Succinate,2445,624648.4900000001,815.0,2538.5,59124,2024
Carboplatin,Carboplatin,2431,129601.28000000001,626.0,2443.8,51945,2024
Omaveloxolone,Skyclarys,2390,74768134.81999996,646.0,2403.0,71971,2024
Oxaliplatin,Oxaliplatin,2360,756208.7099999997,617.0,2361.3999999999996,55527,2024
Pentazocine Hcl/Naloxone Hcl,Pentazocine-Naloxone Hcl,2315,366169.48,839.0,2330.8,59961,2024
Selegiline,Emsam,2312,4980378.03,870.0,2331.0,68543,2024
Bevacizumab-Awwb,Mvasi,2311,11880281.409999996,499.0,2313.2,48794,2024
Selpercatinib,Retevmo,2305,39744804.5,750.0,2315.0,68889,2024
Calcipotriene/Betamethasone,Calcipotriene-Betamethasone,2299,2516643.19,694.0,2475.5,70745,2024
Peginterferon Beta-1a,Plegridy Pen,2291,19480607.950000003,730.0,2415.4,67772,2024
Avapritinib,Ayvakit,2291,91089581.85000002,655.0,2293.0,68653,2024
Edoxaban Tosylate,Savaysa,2286,964276.6599999997,840.0,2497.8,68461,2024
Potassium Bicarbonate/Cit Ac,Effer-K,2274,61917.25,740.0,2465.6,54319,2024
C1 Esterase Inhibitor,Haegarda,2271,111235762.98,655.0,2271.3,58649,2024
Asenapine,Secuado,2260,2969665.1700000004,707.0,2266.4,61396,2024
Tucatinib,Tukysa,2256,44679550.82999999,790.0,2282.3,67198,2024
Pegfilgrastim-Cbqv,Udenyca,2254,9988340.249999998,592.0,2257.7,46908,2024
Lopinavir/Ritonavir,Lopinavir-Ritonavir,2246,1532231.9200000004,782.0,2481.7,73242,2024
Bupropion Hbr,Aplenzin,2242,9639514.700000005,700.0,2354.3999999999996,69349,2024
Nisoldipine,Nisoldipine,2213,555201.8399999999,744.0,3589.2000000000003,104823,2024
Trastuzumab-Qyyp,Trazimera,2206,8378709.509999998,520.0,2206.0,45352,2024
Luspatercept-Aamt,Reblozyl,2165,28799880.409999996,485.0,2171.1,45956,2024
Capivasertib,Truqap,2165,46107035.16999999,731.0,2189.7,60795,2024
Tasimelteon,Hetlioz,2161,45740252.69000001,840.0,2197.4,65829,2024
Orphenadrine/Aspirin/Caffeine,Norgesic Forte,2156,6005624.04,767.0,2272.1,65581,2024
Cefaclor,Cefaclor,2151,127908.64000000001,989.0,2688.3,58590,2024
Avacopan,Tavneos,2146,33870043.36,735.0,2160.0,64630,2024
Tazarotene,Tazarotene,2134,853171.7399999998,842.0,2317.2000000000003,65651,2024
Methscopolamine Bromide,Methscopolamine Bromide,2131,240446.19000000006,783.0,2748.5,77457,2024
Protriptyline Hcl,Protriptyline Hcl,2066,528440.1000000001,617.0,2368.6,67163,2024
"Immune Globulin,gamma(Igg)klhw",Xembify,2036,14851563.85,510.0,2052.2,55700,2024
Serdexmethylphen/Dexmethylphen,Azstarys,2035,834065.1100000001,686.0,2058.8,60291,2024
Ravulizumab-Cwvz,Ultomiris,2030,109178198.54,512.0,3012.7000000000007,87274,2024
Fosaprepitant Dimeglumine,Fosaprepitant Dimeglumine,2030,424342.31000000006,511.0,2036.8,42078,2024
Revefenacin,Yupelri,1988,2361126.54,592.0,1988.0,47221,2024
Milrinone Lactate/D5w,Milrinone In 5% Dextrose,1967,173816.11999999997,235.0,1967.0,6507,2024
Sapropterin Dihydrochloride,Sapropterin Dihydrochloride,1955,15722537.420000002,390.0,1955.0,57257,2024
Pacritinib Citrate,Vonjo,1946,44146321.87,660.0,1952.0,58538,2024
Agalsidase Beta,Fabrazyme,1926,39054726.47,340.0,1936.8,49229,2024
Ceftolozane/Tazobactam,Zerbaxa,1917,7368297.920000001,475.0,1917.2,10353,2024
Gemcitabine Hcl,Gemcitabine Hcl,1916,288304.70000000007,612.0,1981.6000000000004,43527,2024
Dextrose 5 % And 0.9 % Nacl,Dextrose 5%-0.9% Nacl,1904,65986.84,759.0,1904.2,8488,2024
Exenatide,Byetta,1865,1651417.47,746.0,2023.8,60469,2024
Belatacept,Nulojix,1851,4067971.14,500.0,1869.0,51618,2024
Gilteritinib Fumarate,Xospata,1846,39817119.87000001,558.0,1864.0,55483,2024
Danazol,Danazol,1824,392873.80999999994,615.0,2251.6,63508,2024
Fenfluramine Hcl,Fintepla,1805,30117896.56,501.0,1805.0,54132,2024
Bacitracin,Bacitracin,1790,156777.89,1138.0,1843.2000000000003,25659,2024
Burosumab-Twza,Crysvita,1753,45165663.050000004,450.0,1804.6000000000001,50494,2024
Adapalene,Adapalene,1738,1433819.6700000002,736.0,1899.8,53425,2024
Osilodrostat Phosphate,Isturisa,1719,48850910.300000004,466.0,1779.8999999999999,49612,2024
Varicella Vaccine Live/Pf,Varivax Vaccine,1717,287083.4399999999,1452.0,1721.0,2330,2024
Methenamine Mandelate,Methenamine Mandelate,1703,114122.06999999999,485.0,1863.9999999999998,37378,2024
"Meningococcal B Vaccine,4-Comp",Bexsero,1696,376879.26000000007,1300.0,1791.3,6984,2024
Sitagliptin,Sitagliptin,1688,542315.1100000001,701.0,3450.4999999999995,103521,2024
Desvenlafaxine,Desvenlafaxine Er,1675,230666.65000000005,595.0,1833.2,47078,2024
Crofelemer,Mytesi,1674,4749287.64,451.0,1923.0,57316,2024
Dalbavancin Hcl,Dalvance,1630,7664560.6499999985,515.0,1631.2,14103,2024
Saxagliptin Hcl/Metformin Hcl,Saxagliptin-Metformin Er,1619,583673.2000000001,513.0,1895.2,54322,2024
Ceftaroline Fosamil Acetate,Teflaro,1613,3308563.38,385.0,1613.0,6536,2024
Prochlorperazine,Compro,1612,152088.05999999997,998.0,1617.4,13376,2024
Isotretinoin,Isotretinoin,1608,231269.59000000003,638.0,1608.0,47669,2024
Anifrolumab-Fnia,Saphnelo,1605,8120271.459999999,460.0,1610.4,45133,2024
Bimekizumab-Bkzx,Bimzelx Autoinjector,1589,23577246.32,475.0,1920.2000000000003,55239,2024
Imipramine Pamoate,Imipramine Pamoate,1576,373724.6799999998,620.0,1713.7,49587,2024
Colistin (Colistimethate Na),Colistimethate,1561,1005389.1200000001,454.0,1699.3,38519,2024
Satralizumab-Mwge,Enspryng,1549,29176118.37,440.0,1694.2000000000003,48070,2024
Estradiol/Levonorgestrel,Climara Pro,1541,442079.36000000004,579.0,1725.1,48895,2024
Pegcetacoplan/Pf,Syfovre,1538,4548139.14,355.0,1854.0,53104,2024
Inclisiran Sodium,Leqvio,1534,4947795.81,861.0,6469.499999999999,194039,2024
Pitavastatin Magnesium,Zypitamag,1532,412953.3099999999,555.0,2018.2999999999997,58690,2024
Nefazodone Hcl,Nefazodone Hcl,1529,221059.75999999998,560.0,1877.6999999999998,54134,2024
Tivozanib Hcl,Fotivda,1527,43958403.550000004,490.0,1527.0,42480,2024
Flavoxate Hcl,Flavoxate Hcl,1527,90383.13000000002,481.0,1625.0,34691,2024
Pegvisomant,Somavert,1523,21845680.819999993,491.0,1549.5,45773,2024
Cyclophosphamide,Cyclophosphamide,1519,677527.5200000001,453.0,1546.2,36824,2024
Pegfilgrastim-Jmdb,Fulphila,1515,3308335.6899999985,426.0,1515.0,30949,2024
Sonidegib Phosphate,Odomzo,1514,18921035.81,465.0,1514.0,45142,2024
Amphetamine,Adzenys Xr-Odt,1504,777060.1900000001,525.0,1545.0,46118,2024
Degarelix Acetate,Firmagon,1499,810164.5700000002,344.0,1508.6,42172,2024
Docetaxel,Docetaxel,1498,741935.1799999997,404.0,1521.3000000000002,32807,2024
Tigecycline,Tigecycline,1495,896995.69,360.0,1495.0,7621,2024
Icatibant Acetate,Icatibant,1485,44822184.64000001,428.0,1485.0,19486,2024
Durvalumab,Imfinzi,1482,16450240.239999998,414.0,1483.0,35762,2024
Norelgestromin/Ethin.Estradiol,Xulane,1474,144796.88999999998,570.0,1529.5999999999997,38561,2024
Crizotinib,Xalkori,1463,28283481.53,575.0,1463.0,43735,2024
Isradipine,Isradipine,1461,199303.20999999996,451.0,2453.2999999999997,71927,2024
Paclitaxel,Paclitaxel,1446,130173.62000000001,414.0,1464.1999999999998,31665,2024
Japanese Encephalitis Vacc/Pf,Ixiaro,1438,454169.18,998.0,1438.0,2655,2024
Daratumumab,Darzalex,1435,14190908.81,232.0,1435.0,33840,2024
"Syringe,needle,insuln,safe,1ml",Safetyglide Insulin Syringe,1431,42992.45999999999,350.0,1545.6,42180,2024
Alpelisib,Piqray,1417,31391809.62,535.0,1445.6000000000001,40490,2024
Almotriptan Malate,Almotriptan Malate,1405,299599.0099999999,510.0,1459.8,33147,2024
Aclidinium Bromide,Tudorza Pressair,1401,663767.8400000003,545.0,1629.8,47308,2024
Drospirenone,Slynd,1388,298888.94,530.0,1527.2,42732,2024
Fosinopril/Hydrochlorothiazide,Fosinopril-Hydrochlorothiazide,1388,50520.13999999999,496.0,2141.3,61562,2024
Ceftazidime/Avibactam,Avycaz,1379,5320693.12,345.0,1379.0,4973,2024
Fostamatinib Disodium,Tavalisse,1371,18481053.000000004,535.0,1373.9,41147,2024
Moexipril Hcl,Moexipril Hcl,1355,48227.64,495.0,1832.9,50875,2024
Aztreonam Lysine,Cayston,1354,16086667.830000006,399.0,2019.6999999999996,59602,2024
Incobotulinumtoxina,Xeomin,1334,1623025.9699999995,505.0,3738.6999999999994,111746,2024
"Glyburide,micronized",Glyburide Micronized,1330,25462.139999999992,438.0,2287.8,68214,2024
Deferiprone,Deferiprone (3 Times A Day),1296,24678709.019999996,374.0,1312.5,38498,2024
Granisetron,Sustol,1295,2429936.6300000004,476.0,1370.8000000000002,31837,2024
Insulin Glulisine,Apidra Solostar,1293,257217.9,450.0,1527.0999999999997,36659,2024
Thalidomide,Thalomid,1293,9541887.309999995,458.0,1293.9,36227,2024
Apraclonidine Hcl,Apraclonidine Hcl,1288,111815.8,462.0,2105.3999999999996,59169,2024
Triamterene,Triamterene,1283,375415.50000000006,490.0,1476.1,39443,2024
Regorafenib,Stivarga,1283,21809929.469999995,460.0,1295.2,35487,2024
Hydrocortisone/Pramoxine,Proctofoam-Hc,1281,308004.90000000014,481.0,1290.1000000000001,21531,2024
Atezolizumab,Tecentriq,1277,13553505.040000003,320.0,1277.0,27093,2024
Nafcillin Sodium,Nafcillin Sodium,1262,753150.11,355.0,1262.0,7369,2024
"Estrogens,conj/Bazedoxifene",Duavee,1256,368068.77999999997,351.0,1920.7,57620,2024
Sorafenib Tosylate,Sorafenib,1254,7454814.469999997,435.0,1254.0,37317,2024
Vancomycin/0.9 % Sod Chloride,Vancomycin Hcl-0.9% Nacl,1253,150375.03,357.0,1253.0,4523,2024
Rilonacept,Arcalyst,1240,28486994.35,387.0,1255.3,34895,2024
Glecaprevir/Pibrentasvir,Mavyret,1239,16103254.670000004,523.0,1239.9,34722,2024
Tinidazole,Tinidazole,1234,81712.05,653.0,1420.7,25546,2024
Pegfilgrastim-Apgf,Nyvepria,1230,4899272.760000001,335.0,1231.1,26455,2024
Telotristat Etiprate,Xermelo,1225,11562477.770000005,395.0,1227.9,34118,2024
Amcinonide,Amcinonide,1218,2447104.49,486.0,1291.0,38405,2024
Glucagon Hcl,Glucagon Emergency Kit,1217,371477.3199999999,418.0,1217.0,24817,2024
Lomustine,Gleostine,1213,1267855.3899999997,363.0,1469.9000000000003,35843,2024
Ocrelizumab,Ocrevus,1211,46007426.25,604.0,6310.3,188525,2024
Berotralstat Hydrochloride,Orladeyo,1204,51196093.03000001,405.0,1204.0,33712,2024
Talazoparib Tosylate,Talzenna,1191,18328318.82,375.0,1191.1,35263,2024
Granisetron Hcl/Pf,Granisetron Hcl,1186,36741.02,276.0,1187.4,25049,2024
Rituximab-Pvvr,Ruxience,1184,7806572.390000002,382.0,1484.5000000000005,37849,2024
Adalimumab-Aaty,Yuflyma(Cf) Autoinject (2 Pck),1179,10130363.54,455.0,1182.0,32573,2024
Sparsentan,Filspari,1175,13613749.709999997,389.0,1175.0,35088,2024
Ethynodiol D-Ethinyl Estradiol,Kelnor 1-35,1175,24232.080000000005,450.0,1241.3,33554,2024
Bevacizumab,Avastin,1169,5653428.199999998,274.0,1169.0,25476,2024
Nicardipine Hcl,Nicardipine Hcl,1167,505100.42,308.0,1581.4,41108,2024
Salsalate,Salsalate,1166,100900.68000000002,398.0,1504.8,41577,2024
Zidovudine,Zidovudine,1164,60659.850000000006,390.0,1199.0,33891,2024
Teprotumumab-Trbw,Tepezza,1162,64636144.999999985,325.0,1162.0,24063,2024
Crotamiton,Crotan,1162,2185435.24,675.0,1360.0,40125,2024
Nizatidine,Nizatidine,1154,109218.4,426.0,1715.7,48828,2024
Carfilzomib,Kyprolis,1154,10057107.150000002,245.0,1154.9,24762,2024
Migalastat Hcl,Galafold,1151,36771115.400000006,305.0,1189.5,33432,2024
Abrocitinib,Cibinqo,1143,6712368.940000003,390.0,1215.0,36252,2024
Adefovir Dipivoxil,Adefovir Dipivoxil,1142,733323.19,385.0,1223.3,36696,2024
Fedratinib Dihydrochloride,Inrebic,1141,22630851.57,367.0,1142.0,33617,2024
Treprostinil Sodium,Remodulin,1139,12221804.66,275.0,1139.3,19367,2024
Eliglustat Tartrate,Cerdelga,1139,33836669.470000006,272.0,1157.9,32500,2024
Terbutaline Sulfate,Terbutaline Sulfate,1125,194718.14,457.0,1240.3999999999999,29958,2024
Pemetrexed Disodium,Pemetrexed Disodium,1119,1719485.71,293.0,1119.0,23510,2024
Vigabatrin,Vigabatrin,1118,18672282.56,385.0,1118.0,33468,2024
Abobotulinumtoxina,Dysport,1106,1850962.6300000001,400.0,3008.4,88449,2024
Avacincaptad Pegol Sodium/Pf,Izervay,1094,3204256.3999999994,237.0,1171.8999999999999,33376,2024
Fruquintinib,Fruzaqla,1094,25446559.48999999,375.0,1094.0,30333,2024
Omeprazole Magnesium,Prilosec,1093,1027565.25,370.0,1093.3,22873,2024
Tolmetin Sodium,Tolectin 600,1092,2290837.3099999996,437.0,1236.0,36732,2024
Amitriptyline/Chlordiazepoxide,Chlordiazepoxide-Amitriptyline,1087,69068.06000000001,435.0,1109.0,32488,2024
Bevacizumab-Bvzr,Zirabev,1079,5457756.7,308.0,1082.6,23637,2024
Meprobamate,Meprobamate,1063,363956.33999999997,420.0,1076.8000000000002,30811,2024
Erythromycin/Benzoyl Peroxide,Erythromycin-Benzoyl Peroxide,1062,107489.75000000001,435.0,1074.4,29086,2024
Apomorphine Hcl,Apokyn,1051,28938212.869999997,357.0,1140.0999999999997,31414,2024
Baloxavir Marboxil,Xofluza,1046,178529.87,1018.0,1050.3,9187,2024
Irinotecan Hcl,Irinotecan Hcl,1041,352506.99000000005,289.0,1041.7,24684,2024
Romiplostim,Nplate,1039,9497560.209999997,271.0,1040.7,20421,2024
Brigatinib,Alunbrig,1033,19530305.139999997,380.0,1033.0,30899,2024
Macitentan/Tadalafil,Opsynvi,1033,13312185.290000003,274.0,1049.0,31440,2024
Griseofulvin Ultramicrosize,Griseofulvin Ultramicrosize,1023,215230.13000000003,403.0,1138.3,31289,2024
Flucytosine,Flucytosine,1016,2816812.5400000005,499.0,1016.0,29403,2024
Levofloxacin In Dextrose 5 %,Levofloxacin-D5w,1011,31415.55000000001,445.0,1011.0,4447,2024
"Abiraterone Acet,submicronized",Yonsa,1003,10030622.06,278.0,1024.4,30491,2024
Ibalizumab-Uiyk,Trogarzo,1002,9943159.45,260.0,1002.0,22904,2024
Clomiphene Citrate,Clomid,1001,172653.32999999996,349.0,1403.3999999999999,41136,2024
Trifluridine,Trifluridine,990,159565.26999999996,449.0,1210.8000000000002,29715,2024
Smallpox And Mpox Live Vacc/Pf,Jynneos,984,214522.44000000003,670.0,984.0,1207,2024
Brodalumab,Siliq,975,5110240.229999999,330.0,981.6999999999999,27489,2024
Oxacillin Sodium,Oxacillin Sodium,973,591971.15,286.0,973.0,5791,2024
"Griseofulvin, Microsize",Griseofulvin,962,209509.44999999998,413.0,1006.9000000000001,23362,2024
Voclosporin,Lupkynis,954,11367631.329999998,380.0,955.0,28485,2024
Estradiol Acetate,Femring,951,718599.7600000004,320.0,2715.399999999999,81394,2024
Ziprasidone Mesylate,Ziprasidone Mesylate,944,195074.89,357.0,944.0,3698,2024
Rituximab,Rituxan,943,10958427.969999997,339.0,1925.6999999999998,54568,2024
Desog-E.Estradiol/E.Estradiol,Kariva,935,18968.299999999996,360.0,953.2,26112,2024
Rucaparib Camsylate,Rubraca,924,12094509.899999995,330.0,924.0,27470,2024
Dextrose 5%-Lactated Ringers,Dextrose In Lactated Ringers,921,42429.92,364.0,921.0,6161,2024
Pertuzumab,Perjeta,918,6258852.379999998,275.0,918.0,19126,2024
Dapagliflozin/Saxagliptin Hcl,Qtern,905,453091.79999999993,242.0,1097.5,32488,2024
Nalbuphine Hcl,Nalbuphine Hcl,899,245309.97999999995,185.0,901.5,14373,2024
Ranibizumab,Lucentis,893,1891138.7000000004,227.0,953.5999999999999,27191,2024
Adagrasib,Krazati,892,14983346.959999997,300.0,894.4,26588,2024
Perphenazine/Amitriptyline Hcl,Perphenazine-Amitriptyline,885,68424.53,351.0,1045.2,30086,2024
Chloroquine Phosphate,Chloroquine Phosphate,877,94775.25999999997,278.0,1444.2999999999997,43023,2024
Selinexor,Xpovio,875,24539979.5,280.0,879.1,24452,2024
Eptinezumab-Jjmr,Vyepti,869,3716731.8800000004,294.0,2387.9,71515,2024
Penicillin G Benzathine,Bicillin L-A,857,571946.8700000001,340.0,900.3000000000001,20589,2024
Albendazole,Albendazole,857,1623429.43,338.0,866.1,12770,2024
Deflazacort,Emflaza,855,11429471.939999998,191.0,870.1,25617,2024
Beremagene Geperpavec-Svdt,Vyjuvek,855,20885663.289999995,120.0,855.0,5973,2024
Efgartigimod-Hyaluronidas-Qvfc,Vyvgart Hytrulo,847,38564066.04000001,237.0,933.4000000000001,20384,2024
Mechlorethamine Hcl,Valchlor,837,6424001.249999999,236.0,843.0,25290,2024
Filgrastim,Neupogen,834,1787441.42,264.0,842.5,15728,2024
Ivacaftor,Kalydeco,830,21447628.61,235.0,848.3000000000001,23818,2024
Canakinumab/Pf,Ilaris,829,24906439.919999998,290.0,880.8000000000001,24718,2024
Phenylephrine Hcl,Phenylephrine Hcl,828,30417.100000000002,770.0,831.5,8406,2024
Olanzapine Pamoate,Zyprexa Relprevv,827,861147.6699999999,205.0,831.6,16899,2024
Pioglitazone Hcl/Glimepiride,Pioglitazone-Glimepiride,825,244534.45999999996,300.0,1805.7,53717,2024
Halcinonide,Halcinonide,825,917963.1099999999,284.0,826.0,24555,2024
Rituximab-Abbs,Truxima,824,6332680.51,223.0,1083.4,27093,2024
"Estrogens,esterified",Menest,818,73915.68,330.0,890.2,25881,2024
Ketoprofen,Ketoprofen,817,694981.4099999999,268.0,866.4,25482,2024
Vardenafil Hcl,Vardenafil Hcl,816,59315.02,345.0,828.0,20870,2024
Adalimumab-Adaz,Adalimumab-Adaz(Cf) Pen,810,1941589.5299999996,247.0,873.7,24605,2024
"Syrge-Ndl,ins 0.5 Ml Half Mark",Droplet Insulin Syringe,805,40746.01000000002,285.0,1976.6,58721,2024
Aztreonam,Aztreonam,803,492532.32999999996,220.0,826.7,5939,2024
"Piperacillin-Tazo-Dextrose,iso",Zosyn,802,199684.98999999996,232.0,802.0,2440,2024
"Syringe,needle,insuln,sf 0.5ml",Safetyglide Insulin Syringe,797,40862.69,235.0,856.2,22831,2024
"Mite,d.Farinae-D.Pteronyssinus",Odactra,796,313507.76000000007,285.0,927.0,27530,2024
Eltrombopag Choline,Alvaiz,790,4737928.11,194.0,805.1999999999999,23759,2024
Diazoxide,Diazoxide,781,562845.66,253.0,866.8000000000002,17889,2024
Cefepime Hcl In Dextrose 5 %,Cefepime-Dextrose,781,185057.5,256.0,781.0,2844,2024
Amoxapine,Amoxapine,776,54886.77000000002,251.0,838.6,24020,2024
Cemiplimab-Rwlc,Libtayo,773,7876761.019999999,240.0,773.0,16254,2024
Cefiderocol Sulfate Tosylate,Fetroja,764,1607724.0199999996,185.0,764.0,1225,2024
Tocilizumab-Aazg,Tyenne Autoinjector,752,1638929.4399999997,210.0,755.0,20203,2024
Methsuximide,Methsuximide,748,244770.2,255.0,778.8000000000002,21327,2024
Penicillin G Potassium,Pfizerpen,739,187371.88999999998,235.0,739.0,4342,2024
Eplontersen Sodium,Wainua,738,31322745.110000003,185.0,750.9999999999999,21684,2024
Betaine,Betaine Anhydrous,733,1325281.7700000005,225.0,739.7,18964,2024
"Potassium Phosphate,monobasic",K-Phos Original,723,21792.02,220.0,787.0,15380,2024
Glycerol Phenylbutyrate,Ravicti,719,61060146.059999995,185.0,731.2,21226,2024
Linezolid In Dextrose 5%,Linezolid-D5w,717,169262.00000000003,241.0,717.0,2799,2024
Selumetinib Sulfate,Koselugo,706,11902534.079999998,200.0,706.0,20958,2024
Pegvaliase-Pqpz,Palynziq,704,19815187.21,210.0,704.9,20633,2024
Fosamprenavir Calcium,Fosamprenavir Calcium,703,706573.9900000001,265.0,735.0,21994,2024
Cefoxitin Sodium,Cefoxitin,703,155201.93000000002,180.0,703.0,4201,2024
Cefepime In Iso-Osm Dextrose,Cefepime,698,195069.41999999995,235.0,698.0,2347,2024
Milrinone Lactate,Milrinone Lactate,697,116749.82,145.0,697.0,4388,2024
Neomycin/Bacitracin/Polymyxinb,Neomycin-Bacitracin-Polymyxin,682,21571.56,406.0,687.2,9447,2024
Trastuzumab,Herceptin,673,3264666.5100000002,155.0,674.1,14096,2024
Olsalazine Sodium,Dipentum,660,1055735.87,250.0,667.5,18189,2024
Acetohydroxamic Acid,Lithostat,659,243464.76,195.0,724.9,15987,2024
Prochlorperazine Edisylate,Prochlorperazine Edisylate,656,66188.76,130.0,658.0,5910,2024
Immun Glob G/Gly/Gluc/Iga 0-50,Gammagard S-D,651,7879181.66,210.0,651.0,17428,2024
Cladribine,Mavenclad,650,48612212.35999999,293.0,1155.0,29861,2024
Penicillamine,Penicillamine,641,2847971.96,220.0,655.4,17043,2024
Levoketoconazole,Recorlev,639,18421440.18,197.0,639.0,19166,2024
Lapatinib Ditosylate,Tykerb,624,3435975.0100000002,255.0,624.0,17840,2024
Trastuzumab-Dttb,Ontruzant,615,2675627.3500000006,155.0,615.0,12588,2024
Potassium Chloride In 0.9%nacl,Potassium Chloride-0.9% Nacl,614,47947.420000000006,115.0,614.0,5237,2024
Glutamine,Endari,613,2052285.9100000001,179.0,617.0,18167,2024
Meperidine Hcl,Meperidine Hcl,612,458016.39999999997,230.0,612.6,14907,2024
Ripretinib,Qinlock,612,28064395.21999999,235.0,612.1,18333,2024
Hydromorphone Hcl/Pf,Hydromorphone Hcl,606,102502.66,132.0,606.0,4562,2024
Tepotinib Hcl,Tepmetko,606,12690327.850000003,215.0,611.0,18054,2024
Cobimetinib Fumarate,Cotellic,604,2875136.96,207.0,611.2,16553,2024
Nimodipine,Nimodipine,602,176455.18999999997,173.0,775.9,22575,2024
Potassium Chloride/D5-0.45nacl,Kcl-D5w-0.45% Nacl,601,26303.590000000004,90.0,601.0,4354,2024
Paclitaxel Protein-Bound,Paclitaxel Protein-Bound,594,3623712.4499999997,162.0,594.0,11586,2024
Cabotegravir,Apretude,588,2236549.69,193.0,982.0000000000001,29334,2024
Amphotericin B Liposome,Amphotericin B Liposome,584,1009173.5,150.0,590.4000000000001,8392,2024
Gentamicin Sulfate/Pf,Gentamicin Sulfate,582,24192.74,55.0,583.5,3788,2024
Elagolix Sodium,Orilissa,580,659568.46,235.0,586.3,16156,2024
Fam-Trastuzumab Deruxtecn-Nxki,Enhertu,579,5950757.4799999995,175.0,579.1,12286,2024
Glycopyrronium Tosylate,Qbrexza,578,370530.69,196.0,579.0,16965,2024
Pemigatinib,Pemazyre,573,10805184.649999999,200.0,573.0,12126,2024
Haemoph B Poly Conj-Tet Tox/Pf,Hiberix,573,13950.300000000003,459.0,573.0,771,2024
Venlafaxine Besylate,Venlafaxine Besylate Er,573,80342.01000000001,165.0,573.7,9786,2024
Quinine Sulfate,Quinine Sulfate,572,41494.99,191.0,639.0,17709,2024
Immun Glob G(Igg)-Hipp/Maltose,Cutaquig,570,3580553.91,155.0,570.0,15015,2024
Vemurafenib,Zelboraf,560,3994266.389999999,220.0,566.5,15643,2024
Monomethyl Fumarate,Bafiertam,559,4202727.77,165.0,644.4,19332,2024
Nitrofurantoin,Nitrofurantoin,559,1392028.2799999998,193.0,566.8000000000001,11881,2024
Maribavir,Livtencity,551,13252253.34,170.0,551.0,15374,2024
Mefloquine Hcl,Mefloquine Hcl,550,26442.889999999996,427.0,1121.6000000000001,32792,2024
Doxercalciferol,Doxercalciferol,534,240477.46999999997,168.0,859.6999999999999,24148,2024
Tropicamide,Tropicamide,533,4510.17,508.0,760.3000000000001,20059,2024
Flurandrenolide,Cordran,532,556928.0499999998,205.0,543.1,15024,2024
"Cefazolin Sodium/Dextrose,iso",Cefazolin Sodium-Dextrose,530,47466.45999999999,140.0,530.0,1407,2024
Etonogestrel/Ethinyl Estradiol,Eluryng,530,55556.47000000001,210.0,582.1,15975,2024
Neratinib Maleate,Nerlynx,527,9694086.799999999,195.0,527.0,15544,2024
Rituximab-Arrx,Riabni,524,3279568.26,176.0,651.5,16965,2024
Calcium Gluconate,Calcium Gluconate,521,41966.43000000001,95.0,521.0,2999,2024
Amlodipine Benzoate,Katerzia,519,436489.97,195.0,530.8,14711,2024
Tazemetostat Hydrobromide,Tazverik,514,9143642.790000001,190.0,514.0,15315,2024
Rozanolixizumab-Noli,Rystiggo,512,18735661.439999998,145.0,538.1999999999999,9784,2024
Vit B Comp No.3/Folic/C/Biotin,Rena-Vite Rx,508,9426.43,136.0,853.3,25523,2024
Hepatitis B Virus Vaccine/Pf,Engerix-B Adult,504,41003.530000000006,310.0,504.0,997,2024
Ertugliflozin/Metformin,Segluromet,504,220085.04000000004,170.0,678.4000000000001,20010,2024
Tirbanibulin,Klisyri,494,626128.5099999999,324.0,498.0,8335,2024
Isatuximab-Irfc,Sarclisa,490,4257859.77,75.0,490.0,13166,2024
Miglitol,Miglitol,489,122006.93999999997,155.0,733.1999999999999,21592,2024
Avalglucosidase Alfa-Ngpt,Nexviazyme,488,25738337.959999997,140.0,488.0,10442,2024
Infliximab-Axxq,Avsola,475,1419989.35,151.0,636.1000000000001,18391,2024
Adalimumab-Aacf,Idacio(Cf) Pen (2 Pack),472,709349.7,121.0,473.8,13067,2024
"Prenatal Vit27,calcium/Iron/Fa",Trinatal Rx 1,471,5291.8,182.0,641.4,19017,2024
Midostaurin,Rydapt,464,9775745.569999998,170.0,467.5,12933,2024
Fidaxomicin,Dificid,463,2590077.61,198.0,469.4,6590,2024
Tretinoin Microspheres,Tretinoin Microsphere,463,210261.15999999997,172.0,562.3,16598,2024
Quinidine Sulfate,Quinidine Sulfate,462,295566.94999999995,166.0,642.6,17865,2024
Infliximab-Abda,Renflexis,462,1802149.41,154.0,601.8,17249,2024
"Syringe,insul U-500,ndl,0.5ml",Insulin Syringe U-500,461,20263.829999999994,171.0,617.5,18061,2024
Mitotane,Lysodren,457,996606.6799999999,140.0,468.0,13933,2024
Pegcetacoplan,Empaveli,455,18592256.56,165.0,455.0,12804,2024
Magnesium Sulfate In Water,Magnesium Sulfate,447,18899.26,100.0,447.0,3141,2024
Zilucoplan Sodium,Zilbrysq,445,16830440.79,115.0,445.0,12460,2024
Dichlorphenamide,Keveyis,444,13153149.770000003,185.0,444.0,13320,2024
Alendronate Sodium/Vitamin D3,Fosamax Plus D,438,89704.82999999999,145.0,438.3,12192,2024
Sodium Chloride,Sodium Chloride,434,34103.45,80.0,434.0,2935,2024
Vutrisiran Sodium,Amvuttra,433,51018737.10000001,133.0,1284.3999999999999,38531,2024
Larotrectinib Sulfate,Vitrakvi,433,16138317.020000001,165.0,437.0,13087,2024
Molindone Hcl,Molindone Hcl,432,349806.97000000003,74.0,434.2,11436,2024
Pralsetinib,Gavreto,431,6204174.940000001,150.0,435.0,12890,2024
Ribociclib Succinate/Letrozole,Kisqali Femara Co-Pack,430,6284867.399999999,115.0,430.0,12054,2024
Promethazine Hcl/Codeine,Promethazine-Codeine,422,2753.96,301.0,422.0,3526,2024
"Dipht,pert(A),tet-Polio/Hib/Pf",Pentacel,422,46498.78,247.0,422.0,423,2024
Acetaminophen,Acetaminophen,418,70718.20999999999,152.0,418.0,1190,2024
"Gentamicin In Nacl, Iso-Osm",Gentamicin Sulfate In Ns,417,8257.17,110.0,440.4,7285,2024
Tedizolid Phosphate,Sivextro,416,4310941.05,125.0,418.2,10375,2024
Sodium Acetate,Sodium Acetate,413,36914.44,80.0,413.0,2745,2024
Trandolapril/Verapamil Hcl,Trandolapril-Verapamil Er,412,62560.25999999999,155.0,531.1,15826,2024
Methylphenidate,Methylphenidate,411,149734.68000000002,160.0,412.1,12354,2024
Eteplirsen,Exondys-51,410,25643033.869999997,75.0,410.0,9851,2024
Efavirenz/Lamivu/Tenofov Disop,Efavirenz-Lamivu-Tenofov Disop,403,594067.66,150.0,465.0,13950,2024
Trientine Hcl,Trientine Hcl,399,3122618.6,155.0,400.6,10826,2024
Tramadol Hcl/Celecoxib,Seglentis,398,128169.12000000001,129.0,400.5,8209,2024
Gefitinib,Gefitinib,397,1739186.3999999997,155.0,397.0,11910,2024
Amphetamine Sulfate,Amphetamine Sulfate,389,69737.60999999999,145.0,407.0,12064,2024
"Syringe With Needle, Insulin",Monoject Insulin Safety Syrng,388,10495.16,105.0,389.29999999999995,9512,2024
Omeprazole/Amoxicill/Rifabutin,Talicia,387,299660.88,383.0,390.7,5578,2024
Echothiophate Iodide,Phospholine Iodide,384,986384.4100000001,89.0,384.0,10389,2024
Phentermine Hcl,Phentermine Hcl,378,2190.7000000000003,125.0,405.3,12075,2024
Pramlintide Acetate,Symlinpen 60,378,593319.92,145.0,392.8,10182,2024
Tezacaftor/Ivacaftor,Symdeko,377,9508301.320000002,135.0,385.0,10814,2024
Trofinetide,Daybue,368,21320128.330000006,105.0,368.0,10236,2024
Bcg Live,Bcg (Tice Strain),368,214758.06000000003,196.0,415.69999999999993,10131,2024
Cetuximab,Erbitux,367,3150127.2099999995,95.0,367.0,7054,2024
Relugolix/Estradiol/Norethindr,Myfembree,362,432280.02999999997,145.0,369.40000000000003,10371,2024
"Fluconazole In Nacl,iso-Osm",Fluconazole-Nacl,361,16191.269999999999,105.0,361.0,2408,2024
Toremifene Citrate,Toremifene Citrate,358,304316.27,135.0,386.0,10903,2024
Cysteamine Hcl,Cystaran,350,3128656.2800000003,120.0,350.0,9725,2024
Auranofin,Ridaura,349,462574.12,110.0,387.29999999999995,11202,2024
Ritlecitinib Tosylate,Litfulo,348,1351485.4900000002,125.0,348.0,9744,2024
Oxybutynin,Oxytrol,346,236959.58,125.0,354.1,9605,2024
Citric Acid/Sodium Citrate,Sodium Citrate-Citric Acid,344,10347.970000000001,110.0,370.59999999999997,7306,2024
Dextrose 70 % In Water,Dextrose In Water,344,16569.329999999998,70.0,344.0,2632,2024
Rifapentine,Priftin,342,36956.130000000005,127.0,381.3,9413,2024
Entrectinib,Rozlytrek,341,5610203.23,135.0,341.0,10205,2024
Vancomycin Hcl In 5 % Dextrose,Vancomycin Hcl,339,28676.21,105.0,339.0,837,2024
Aminocaproic Acid,Aminocaproic Acid,338,328260.7400000001,103.0,343.0,5658,2024
Cysteamine Bitartrate,Procysbi,337,19656909.31,100.0,337.0,10075,2024
Fat Emulsions,Intralipid,335,174096.18000000005,65.0,335.0,2437,2024
Pyrazinamide,Pyrazinamide,331,75311.45000000001,137.0,345.9,9465,2024
Paroxetine Mesylate,Paroxetine Mesylate,330,40265.03,130.0,341.2,9317,2024
Pasireotide Pamoate,Signifor Lar,329,6251747.69,125.0,332.6,9428,2024
Imiglucerase,Cerezyme,327,9056924.83,90.0,327.0,7778,2024
Daptomycin In 0.9 % Sod Chlor,Daptomycin-0.9% Nacl,323,51164.79999999999,120.0,323.0,1062,2024
Lecanemab-Irmb,Leqembi,323,418710.51000000007,81.0,323.0,5848,2024
Quinidine Gluconate,Quinidine Gluconate,323,126670.03,120.0,365.1,10554,2024
Miglustat,Zavesca,320,4787905.76,115.0,326.1,9217,2024
Tipranavir,Aptivus,318,640393.99,125.0,318.0,9252,2024
Parenteral Amino Acid 15% No.6,Plenamine,317,35114.0,65.0,317.0,2193,2024
Obinutuzumab,Gazyva,317,3247144.6000000006,86.0,320.4,8100,2024
Cisplatin,Cisplatin,315,14115.649999999998,100.0,317.4,6685,2024
Cobicistat,Tybost,313,116815.16,125.0,342.5,10263,2024
Alogliptin Benz/Pioglitazone,Alogliptin-Pioglitazone,311,56801.38,105.0,369.0,10890,2024
Proparacaine Hcl,Proparacaine Hcl,309,7746.45,288.0,497.49999999999994,13330,2024
Deferoxamine Mesylate,Deferoxamine Mesylate,309,73597.71999999999,60.0,309.0,4168,2024
Ertugliflozin/Sitagliptin Phos,Steglujan,306,188208.05000000002,115.0,357.0,10658,2024
Eravacycline Di-Hydrochloride,Xerava,298,203956.41999999998,70.0,298.0,1424,2024
Sodium Phenylbutyrate,Buphenyl,297,3775666.7600000002,95.0,300.5,7887,2024
Rimabotulinumtoxinb,Myobloc,295,198420.13000000003,100.0,844.5,25336,2024
"C1 Esterase Inhibitor, Recomb",Ruconest,292,31789537.32,85.0,293.8,5215,2024
Rabies Vaccine (Pcec)/Pf,Rabavert,291,130929.31,148.0,291.0,392,2024
Bedaquiline Fumarate,Sirturo,291,1176369.19,95.0,291.0,8154,2024
Chenodiol,Chenodal,288,14326754.229999999,105.0,290.0,8700,2024
Chlorambucil,Leukeran,287,4239744.600000001,85.0,295.79999999999995,6616,2024
Duvelisib,Copiktra,287,10012525.55,90.0,287.0,8036,2024
Crizanlizumab-Tmca,Adakveo,283,2959887.7499999995,85.0,283.0,7872,2024
"Interferon Gamma-1b,recomb.",Actimmune,280,17822197.6,85.0,280.0,7568,2024
Streptomycin Sulfate,Streptomycin Sulfate,279,597116.66,139.0,279.0,7348,2024
Metronidazole/Sodium Chloride,Metronidazole,279,6449.849999999999,86.0,279.0,1428,2024
Noreth-Ethinyl Estradiol/Iron,Kaitlib Fe,278,19077.749999999996,100.0,280.2,7330,2024
Immune Globul G (Igg)/Glycine,Gamastan,276,126732.33,94.0,322.6,7481,2024
Lofexidine Hcl,Lucemyra,276,1051448.81,230.0,276.0,3365,2024
"Diph,pertuss(Acell),tet Ped/Pf",Daptacel Dtap,275,10029.64,160.0,275.0,354,2024
Estradiol/Progesterone,Bijuva,274,75172.68,95.0,310.0,9300,2024
Sargramostim,Leukine,273,1964434.02,80.0,273.0,6744,2024
Penciclovir,Penciclovir,273,203513.32,100.0,273.5,5446,2024
"Chorionic Gonadotropin, Human",Pregnyl,270,164050.6,100.0,286.1,7777,2024
Doxorubicin Hcl,Doxorubicin Hcl,265,14374.99,75.0,265.0,5783,2024
Podofilox,Podofilox,264,20961.6,119.0,265.0,6403,2024
Xanomeline Tart/Trospium Chlor,Cobenfy,256,353406.17,112.0,258.3,5636,2024
Iptacopan Hcl,Fabhalta,255,11480568.719999999,80.0,255.0,7650,2024
Ponesimod,Ponvory,254,2349789.7899999996,95.0,254.0,7588,2024
Eflapegrastim-Xnst,Rolvedon,250,1139501.71,62.0,250.0,5432,2024
Adalimumab-Aqvh,Yusimry(Cf) Pen,248,293469.24,95.0,248.0,6772,2024
Bevacizumab-Maly,Alymsys,248,1588884.6400000001,50.0,248.0,5155,2024
Clascoterone,Winlevi,244,139030.17,65.0,255.0,5994,2024
Fentanyl Citrate,Fentanyl Citrate,240,856283.1,85.0,240.0,6514,2024
Ciprofloxacin In 5 % Dextrose,Ciprofloxacin-D5w,235,7709.009999999998,89.0,235.0,880,2024
"Sod Phosphate,monobasic-Dibas",Sodium Phosphate,233,30517.31,45.0,233.0,1795,2024
Neomycin/Bacit/P-Myx/Hydrocort,Neomycin-Bacitracin-Poly-Hc,233,9208.69,149.0,235.0,2972,2024
Ribavirin,Ribavirin,231,29892.29,85.0,237.0,6185,2024
Nirogacestat Hydrobromide,Ogsiveo,229,6089869.99,80.0,229.0,6732,2024
Trimipramine Maleate,Trimipramine Maleate,225,58676.659999999996,90.0,249.0,7104,2024
Sulfacetamide/Prednisolone Sp,Sulfacetamide-Prednisolone,224,4769.969999999999,154.0,295.79999999999995,6729,2024
Treprostinil/Neb Accessories,Tyvaso Refill Kit,224,4588529.45,85.0,224.0,6272,2024
Pyrimethamine,Pyrimethamine,224,3512262.51,85.0,224.0,6105,2024
Nelfinavir Mesylate,Viracept,224,280321.23,85.0,228.0,6840,2024
Rimantadine Hcl,Rimantadine Hcl,224,47810.42,89.0,336.5,8999,2024
Minocycline Hcl Microspheres,Arestin,223,1736514.6400000001,154.0,223.0,6688,2024
Naltrexone Hcl/Bupropion Hcl,Contrave,220,142088.19999999998,85.0,262.2,7753,2024
"Syringe,needle,insuln,sf,0.3ml",Safetyglide Insulin Syringe,219,10579.46,80.0,231.6,5952,2024
"Rabies Vacc, Human Diploid/Pf",Imovax Rabies Vaccine,216,79446.52,118.0,216.0,246,2024
Mesalamine W/Cleansing Wipes,Mesalamine,215,81627.0,80.0,220.4,5481,2024
Haemph B Polysac Conj-Menin/Pf,Pedvaxhib,215,8969.27,112.0,215.0,650,2024
Velaglucerase Alfa,Vpriv,214,7117097.390000001,65.0,214.0,5583,2024
Ceritinib,Zykadia,212,2368238.0599999996,80.0,212.0,6170,2024
Ado-Trastuzumab Emtansine,Kadcyla,211,2104273.25,70.0,211.0,4242,2024
Estradiol Cypionate,Depo-Estradiol,210,43565.45,108.0,483.20000000000005,14163,2024
"Patisiran Sodium,lipid Complex",Onpattro,205,5784140.63,60.0,205.0,4305,2024
"Grass Pollen-Timothy, Standard",Grastek,204,81357.04,65.0,240.0,7200,2024
Nilutamide,Nilutamide,201,633983.45,60.0,205.0,5894,2024
Trastuzumab-Anns,Kanjinti,201,894306.4500000001,60.0,201.0,4242,2024
Netupitant/Palonosetron Hcl,Akynzeo,200,168155.88999999998,46.0,200.0,3961,2024
Futibatinib,Lytgobi,199,4660051.930000001,80.0,199.0,5461,2024
Lithium Citrate,Lithium Citrate,198,24659.199999999997,71.0,198.0,5396,2024
Cabazitaxel,Jevtana,197,2906917.9799999995,65.0,198.2,4284,2024
Ipilimumab,Yervoy,197,3110533.84,55.0,207.8,5035,2024
Givosiran Sodium,Givlaari,196,11526729.42,80.0,196.0,5358,2024
Spinosad,Spinosad,194,100508.15000000001,114.0,194.0,2387,2024
Zoledronic Ac/Mannitol/0.9nacl,Zoledronic Acid,193,29674.959999999995,50.0,308.2,8904,2024
Trastuzumab-Dkst,Ogivri,191,619027.4800000001,35.0,191.0,3495,2024
Tildrakizumab-Asmn,Ilumya,191,3160224.9400000004,55.0,503.59999999999997,15076,2024
Ecallantide,Kalbitor,189,15389380.639999997,30.0,189.0,1068,2024
Potassium Citrate/Citric Acid,Potassium Citrate-Citric Acid,188,16675.69,75.0,196.2,4967,2024
Thiamine Hcl,Vitamin B-1,186,2101.92,58.0,483.6,14400,2024
Pertuzumab-Trastuzumab-Hy-Zzxf,Phesgo,185,1591848.61,50.0,185.0,3865,2024
Casimersen,Amondys-45,184,14055010.91,40.0,184.0,3409,2024
Tobramycin In 0.225% Sod Chlor,Tobramycin,181,100467.01999999999,55.0,195.7,3442,2024
Enfortumab Vedotin-Ejfv,Padcev,181,4310820.28,45.0,181.0,3054,2024
Rolapitant Hcl,Varubi,180,168900.3,60.0,180.0,3798,2024
Stiripentol,Diacomit,180,1031667.1900000001,65.0,180.0,5394,2024
Goserelin Acetate,Zoladex,179,189356.47000000003,65.0,202.2,5786,2024
Drospirenone/Estradiol,Angeliq,177,33229.54,75.0,178.8,5012,2024
Seladelpar Lysine,Livdelzi,177,2284783.59,67.0,181.0,5430,2024
Difenoxin Hcl/Atropine Sulfate,Motofen,177,126740.51999999999,65.0,178.0,3977,2024
Lenacapavir Sodium,Sunlenca,176,2704526.17,65.0,781.9000000000001,22294,2024
Hydrocortisone Sod Succinate,Solu-Cortef,174,40632.9,61.0,183.60000000000002,3035,2024
Elotuzumab,Empliciti,170,1439002.02,20.0,170.0,3787,2024
Malathion,Malathion,170,52221.83,101.0,174.9,3387,2024
Alglucosidase Alfa,Lumizyme,169,9757740.77,45.0,169.0,3276,2024
Reslizumab,Cinqair,167,644235.8,65.0,167.0,4325,2024
Phenoxybenzamine Hcl,Phenoxybenzamine Hcl,167,949135.46,65.0,175.0,4662,2024
Evinacumab-Dgnb,Evkeeza,166,7229139.569999999,55.0,166.0,4662,2024
Neomycin Sulf/Polymyxin B Sulf,Neomycin-Polymyxin B,166,2000.6699999999998,30.0,166.0,858,2024
Fat Emul/Soy/Mct/Oliv/Fish Oil,Smoflipid,165,11844.89,35.0,165.0,862,2024
Potassium Chloride/D5-0.9%nacl,Kcl-D5w-0.9% Nacl,160,8266.480000000001,30.0,160.0,1061,2024
Pnv No.118/Iron Fumarate/Fa,Se-Natal 19,160,4454.570000000001,65.0,160.4,4573,2024
Neomycin/Polymyxn B/Gramicidin,Neomycin-Polymyxin-Gramicidin,160,6440.3099999999995,114.0,167.4,3011,2024
Bendamustine Hcl,Treanda,158,1103626.52,43.0,158.0,4331,2024
Vorinostat,Zolinza,157,1221314.28,55.0,165.0,4590,2024
Somapacitan-Beco,Sogroya,156,426393.13,50.0,221.0,5889,2024
Dornase Alfa,Pulmozyme,156,711446.68,55.0,162.0,4413,2024
Ramucirumab,Cyramza,154,1395583.43,50.0,154.0,3542,2024
Nitazoxanide,Nitazoxanide,154,255919.72,78.0,156.2,2429,2024
Ledipasvir/Sofosbuvir,Harvoni,153,4619064.18,56.0,153.0,4284,2024
Isocarboxazid,Marplan,152,87347.09,55.0,153.4,3880,2024
"Betamethasone Acetate,sod Phos",Betamethasone Sod Phos-Acetate,152,6526.280000000001,104.0,152.8,2495,2024
"Chikungunya Vaccine, Live/Pf",Ixchiq,150,59795.939999999995,150.0,150.0,150,2024
Decitabine,Decitabine,148,140617.96000000002,50.0,148.0,3662,2024
Brompheniramine/Pseudoephed/Dm,Brompheniramine-Pseudoephed-Dm,148,3171.7899999999995,93.0,148.0,1358,2024
Adapalene/Benzoyl Peroxide,Adapalene-Benzoyl Peroxide,148,7631.6,72.0,149.5,4199,2024
Bupivacaine Hcl/Pf,Bupivacaine Hcl,146,2518.4900000000002,76.0,154.7,1428,2024
Artemether/Lumefantrine,Coartem,145,40724.06,45.0,156.5,2521,2024
Neomycin Sulfate/Fluocinolone,Neo-Synalar,143,137063.65,116.0,143.3,4300,2024
Epoprostenol Sodium,Veletri,143,322285.49,25.0,143.0,1767,2024
Anidulafungin,Eraxis,142,94770.9,35.0,142.0,498,2024
Multivit41/Iron/Folate8/Ps-Dha,Enbrace Hr,140,21879.86,46.0,147.10000000000002,4364,2024
"Dalteparin Sodium,porcine",Fragmin,140,434280.84,50.0,144.0,3794,2024
Desloratadine/Pseudoephedrine,Clarinex-D 12 Hour,138,56204.4,55.0,169.0,4989,2024
Nemolizumab-Ilto,Nemluvio,138,928470.85,50.0,138.9,3892,2024
"Insulin Pump Cart,cont Inf,rf",Omnipod Classic Pods (Gen 3),135,93015.65,30.0,141.3,4240,2024
Laronidase,Aldurazyme,134,5785194.14,35.0,134.0,2405,2024
Mitapivat Sulfate,Pyrukynd,133,3472020.75,45.0,137.3,3864,2024
Vandetanib,Caprelsa,132,2099880.6700000004,55.0,132.0,3936,2024
Mesna,Mesnex,131,73722.01000000001,45.0,131.0,2287,2024
Erdafitinib,Balversa,131,2122086.32,55.0,131.9,3793,2024
Methoxsalen,Methoxsalen,130,150880.27000000002,43.0,161.3,4025,2024
Dostarlimab-Gxly,Jemperli,125,1566283.15,30.0,131.4,2961,2024
Elosulfase Alfa,Vimizim,124,12228686.760000002,45.0,124.0,3458,2024
Dextrose 10 % In Water,Dextrose In Water,118,6545.72,10.0,118.0,817,2024
Becaplermin,Regranex,118,198106.32,63.0,156.6,4627,2024
Clindamycin Phosphate/D5w,Clindamycin Phosphate-D5w,117,14084.670000000002,40.0,117.0,550,2024
Panitumumab,Vectibix,115,1415310.84,35.0,115.0,2528,2024
Amino Ac 8 %/D14w/Electrolytes,Clinimix E,112,38983.950000000004,15.0,112.0,555,2024
Albumin Human,Albuked-25,111,74053.91,30.0,111.0,828,2024
"Diabetic Supplies,miscell",Cequr Simplicity Inserter,110,1567.1,92.0,223.0,6523,2024
Idelalisib,Zydelig,110,1392784.8399999999,40.0,111.0,3330,2024
Sarecycline Hcl,Seysara,108,114645.99000000002,40.0,112.0,3353,2024
Pamidronate Disodium,Pamidronate Disodium,107,3982.93,25.0,137.1,3841,2024
Sodium Chloride 3 %,Sodium Chloride,106,8854.89,25.0,106.0,945,2024
"N.Meningitidis B,lipid Fhbp Rc",Trumenba,106,20874.08,81.0,106.0,106,2024
Esomeprazole Sodium,Esomeprazole Sodium,103,16446.21,20.0,103.0,978,2024
Pegfilgrastim-Bmez,Ziextenzo,101,480974.8,40.0,101.0,2165,2024
Prenatal 147/Iron/Folic Acid,Azesco,100,314659.34,49.0,168.0,5014,2024
"Heparin Sodium,porcine/Pf",Heparin Sodium,99,5306.0199999999995,15.0,99.0,497,2024
Idursulfase,Elaprase,98,6001745.18,25.0,98.0,1778,2024
Elafibranor,Iqirvo,97,1187809.39,30.0,103.0,3090,2024
Plerixafor,Plerixafor,97,334188.16000000003,90.0,97.0,344,2024
Electrolyte-A Solution,Plasma-Lyte A Ph 7.4,96,10459.25,15.0,96.0,714,2024
Pnv 119/Iron Fum/Folic Acid,Se-Natal 19,96,2004.7399999999998,40.0,98.3,2895,2024
Dobutamine Hcl In Dextrose 5 %,Dobutamine Hcl-D5w,96,11915.58,25.0,96.0,402,2024
Pegunigalsidase Alfa-Iwxj,Elfabrio,95,3330623.36,25.0,95.0,2436,2024
Levetiracetam In Nacl (Iso-Os),Levetiracetam-Nacl,94,45731.56,15.0,94.0,636,2024
Fosphenytoin Sodium,Cerebyx,94,46343.82,10.0,94.0,605,2024
Quizartinib Dihydrochloride,Vanflyta,94,1903674.19,35.0,94.0,2516,2024
Fingolimod Lauryl Sulfate,Tascenso Odt,93,1068262.24,35.0,105.0,3150,2024
Methylergonovine Maleate,Methylergonovine Maleate,92,149064.06,34.0,92.0,2069,2024
Primaquine Phosphate,Primaquine,92,5103.34,25.0,110.7,3176,2024
Ranibizumab-Eqrn,Cimerli,91,129622.07,20.0,99.6,2864,2024
Azathioprine Sodium,Azathioprine Sodium,91,56034.6,5.0,91.0,309,2024
Dobutamine Hcl,Dobutamine Hcl,89,8128.2300000000005,15.0,89.0,368,2024
Pedi Multivit No.17 W-Fluoride,Multivitamin With Fluoride,88,711.7399999999999,25.0,96.5,2765,2024
Codeine Phosphate/Guaifenesin,Codeine-Guaifenesin,88,444.37,59.0,88.0,598,2024
Vincristine Sulfate,Vincristine Sulfate,85,1254.69,25.0,85.0,1813,2024
Sacituzumab Govitecan-Hziy,Trodelvy,84,1676198.89,30.0,84.0,1422,2024
Adalimumab-Fkjp,Adalimumab-Fkjp(Cf),84,147950.52999999997,35.0,84.0,2325,2024
Bismuth/Metronid/Tetracycline,Bismuth-Metronidazole-Tetracyc,84,54453.03,76.0,84.0,966,2024
Clindamycin Palmitate Hcl,Clindamycin (Pediatric),82,10653.999999999998,27.0,82.0,962,2024
Brolucizumab-Dbll,Beovu,82,169149.95,15.0,114.4,3346,2024
"Potassium Phos,m-Basic-D-Basic",Potassium Phosphate,82,10998.34,20.0,82.0,529,2024
Gauze Bandage,Gauze Pad,82,477.32000000000005,50.0,82.0,2143,2024
Meropenem/Vaborbactam,Vabomere,80,159820.56,20.0,80.0,175,2024
Dexmedetomidine Hcl,Igalmi,78,254967.48,41.0,79.0,2085,2024
Urea,Urea,78,6970.0,25.0,81.4,1748,2024
Benzoyl Peroxide,Epsolay,77,39430.83,15.0,79.0,2355,2024
Olutasidenib,Rezlidhia,76,2219382.5700000003,30.0,76.0,2265,2024
Mirikizumab-Mrkz,Omvoh Pen,76,768987.48,25.0,76.0,2128,2024
Metyrosine,Metyrosine,75,2080491.3900000001,30.0,75.0,2240,2024
Vorasidenib Citrate,Voranigo,74,2890508.7800000003,25.0,74.0,2220,2024
Dextrose 10 % And 0.45 % Nacl,Dextrose 10%-0.45% Nacl,73,5123.539999999999,25.0,73.0,752,2024
Estradiol Valerate/Dienogest,Natazia,71,17681.02,30.0,71.0,2004,2024
Sofosbuvir/Velpatas/Voxilaprev,Vosevi,71,1715826.65,25.0,71.0,1988,2024
Avelumab,Bavencio,71,728443.5599999999,20.0,71.0,1337,2024
Triheptanoin,Dojolvi,71,1265804.9800000002,30.0,71.0,2130,2024
Mitomycin,Mitomycin,70,85558.1,21.0,70.0,1351,2024
Elagolix/Estradiol/Norethindrn,Oriahnn,70,79714.77,30.0,71.7,2028,2024
Miconazole Nitrate/Zinc Ox/Pet,Miconazole-Zinc Oxide-Petroltm,69,29003.98,25.0,69.0,1398,2024
Polymyxin B Sulfate,Polymyxin B Sulfate,68,4919.339999999999,25.0,68.0,546,2024
Methyltestosterone,Methyltestosterone,67,358372.06,15.0,67.0,2010,2024
Adalimumab-Ryvk,Simlandi(Cf) Autoinjector,67,80223.73,20.0,70.6,1988,2024
Nivolumab-Relatlimab-Rmbw,Opdualag,66,1918558.92,25.0,66.0,1848,2024
Elapegademase-Lvlr,Revcovi,65,26460854.97,25.0,65.0,1799,2024
Dacomitinib,Vizimpro,65,954666.18,25.0,65.0,1950,2024
Ganaxolone,Ztalmy,64,1224428.4100000001,25.0,64.0,1784,2024
Clocortolone Pivalate,Clocortolone Pivalate,64,17565.92,40.0,68.0,1954,2024
Lurbinectedin,Zepzelca,64,1016614.3599999999,25.0,64.0,1344,2024
Natamycin,Natacyn,64,52756.1,25.0,66.7,1365,2024
Cipaglucosidase Alfa-Atga,Pombiliti,63,3213339.6500000004,25.0,63.0,1764,2024
Cholic Acid,Cholbam,63,5178968.01,25.0,63.0,1890,2024
Halobetasol Propion/Tazarotene,Duobrii,62,62544.02,30.0,68.0,2015,2024
Dextrose 50 % In Water,Dextrose In Water,61,875.7,16.0,61.0,358,2024
Enfuvirtide,Fuzeon,61,209088.56,25.0,61.0,1830,2024
Lomitapide Mesylate,Juxtapid,60,3497681.81,25.0,60.0,1800,2024
Dextroamphetamine,Xelstrym,60,29236.440000000002,25.0,60.0,1800,2024
Sulfadiazine,Sulfadiazine,60,101142.75,20.0,60.1,1479,2024
Pasireotide Diaspartate,Signifor,60,1176338.06,25.0,60.0,1670,2024
Etoposide,Etoposide,60,2486.3199999999997,20.0,60.0,1332,2024
Lamivudine/Tenofovir Disop Fum,Cimduo,59,76278.95999999999,25.0,61.0,1830,2024
Mafenide Acetate,Sulfamylon,59,6271.03,20.0,59.0,911,2024
Leniolisib Phosphate,Joenja,59,2848995.48,25.0,59.0,1770,2024
Hydrocortisone Acetate,Cortifoam,59,32340.0,20.0,59.0,660,2024
Luliconazole,Luliconazole,59,10550.18,20.0,60.0,1769,2024
Imipenem/Cilastatin/Relebactam,Recarbrio,58,443795.72,20.0,58.0,464,2024
Aminolevulinic Acid Hcl,Levulan,57,27688.329999999998,40.0,72.5,2178,2024
Aa 4.25 % No.1/Dextrose 5 %,Clinimix,57,9679.28,15.0,57.0,183,2024
Praziquantel,Praziquantel,56,275568.71,20.0,57.0,918,2024
Pegfilgrastim-Pbbk,Fylnetra,56,163407.58,17.0,56.0,1372,2024
"Sod Phos,m-B/K Phos,monob",K-Phos No.2,56,4400.32,20.0,56.0,1168,2024
Tolcapone,Tolcapone,55,110551.0,20.0,55.0,1338,2024
Adapalene/Benzoyl/Clindamycin,Cabtreo,55,48826.97,13.0,55.0,1650,2024
Tick-Borne Encephalitis Vaccin,Ticovac,54,15482.789999999999,22.0,54.0,54,2024
Taliglucerase Alfa,Elelyso,53,2244457.66,20.0,53.0,1465,2024
Atropine Sulfate/Pf,Atropine Sulfate,53,2355.83,15.0,53.4,594,2024
Ciprofloxacin,Cipro,53,11173.789999999999,20.0,53.0,774,2024
Niraparib/Abiraterone,Akeega,52,928258.95,15.0,52.0,1560,2024
Vinorelbine Tartrate,Vinorelbine Tartrate,52,3417.04,10.0,52.0,1106,2024
Dimethyl Sulfoxide,Rimso-50,51,34876.91,20.0,59.0,1297,2024
Parenteral Amino Acid 10% No.6,Travasol,51,12496.91,10.0,51.0,210,2024
Mefenamic Acid,Mefenamic Acid,50,14438.75,35.0,50.0,1478,2024
Ergotamine Tartrate,Ergomar,49,87323.81,15.0,65.0,1810,2024
Mebendazole,Emverm,49,152372.59000000003,24.0,49.0,287,2024
Trientine Tetrahydrochloride,Cuvrior,49,839495.6500000001,15.0,49.0,1444,2024
Trifarotene,Aklief,47,32021.42,26.0,47.5,1402,2024
Tafasitamab-Cxix,Monjuvi,47,308376.33,15.0,47.0,700,2024
Amivantamab-Vmjw,Rybrevant,46,956824.43,20.0,46.0,1239,2024
Trimethobenzamide Hcl,Trimethobenzamide Hcl,44,35896.1,10.0,44.0,688,2024
Chlorothiazide,Diuril,44,3794.0,15.0,78.5,2323,2024
Metreleptin,Myalept,44,7423683.46,15.0,44.0,1320,2024
Meclofenamate Sodium,Meclofenamate Sodium,43,29273.54,15.0,54.9,1603,2024
Vorapaxar Sulfate,Zontivity,43,26570.66,20.0,61.0,1830,2024
Carglumic Acid,Carbaglu,42,9276566.419999998,15.0,42.0,1260,2024
Olipudase Alfa-Rpcp,Xenpozyme,42,4703938.45,15.0,42.0,1148,2024
Drospir/Eth Estra/Levomefol Ca,Safyral,41,5308.16,15.0,41.0,1029,2024
"Immune Globulin,gamma(Igg)slra",Asceniv,41,2116991.95,15.0,41.0,1022,2024
Ganciclovir Sodium,Ganciclovir Sodium,41,20325.75,15.0,41.0,554,2024
Hep B Vaccine/Dp(A)t-Polio/Pf,Pediarix,41,4348.55,21.0,41.0,45,2024
Salicylic Acid,Bensal Hp,41,114094.79000000001,28.0,41.0,1056,2024
Oxymetazoline Hcl,Rhofade,41,25930.59,21.0,42.0,1245,2024
Methenam/Sod Phos/Mblue/Hyoscy,Me-Naphos-Mb-Hyo 1,40,5447.16,15.0,40.0,624,2024
Magnesium Sulfate/D5w,Magnesium Sulfate-D5w,40,1253.99,10.0,40.0,553,2024
Pexidartinib Hydrochloride,Turalio,40,430221.68000000005,15.0,40.0,1200,2024
Nitisinone,Orfadin,39,478317.84,10.0,39.0,1170,2024
Sutimlimab-Jome,Enjaymo,39,888033.44,10.0,39.0,1057,2024
Brentuximab Vedotin,Adcetris,39,1213368.35,15.0,39.0,819,2024
Telavancin Hcl,Vibativ,37,167285.63,10.0,37.0,221,2024
Alitretinoin,Panretin,35,205530.1,15.0,36.0,995,2024
Tofersen,Qalsody,35,551231.24,15.0,35.0,966,2024
"Aripiprazole Lauroxil,submicr.",Aristada Initio,35,82452.56,21.0,35.0,892,2024
Levoleucovorin Calcium,Levoleucovorin Calcium,34,9406.5,5.0,34.0,476,2024
Filgrastim-Ayow,Releuko,34,15328.0,5.0,34.0,228,2024
Trastuzumab-Pkrb,Herzuma,33,133867.83000000002,10.0,33.0,693,2024
Sod/Pot/K Cit/Sod Cit/Cit Acid,Tricitrates,33,5037.67,10.0,33.0,638,2024
Bevacizumab-Adcd,Vegzelma,32,202314.59,10.0,32.0,728,2024
Blood-Glucose Sensor,Freestyle Libre 3 Sensor,32,5432.42,10.0,37.7,1080,2024
Parenteral Amino Acid 10% No.7,Premasol,32,358049.39,10.0,32.0,929,2024
Flurazepam Hcl,Flurazepam Hcl,32,11143.0,10.0,32.0,960,2024
Mvn-Min75/Iron/Iron Ps/Om3/Dha,Taron-C Dha,31,1405.73,10.0,56.3,1590,2024
Procarbazine Hcl,Matulane,31,39361.21,10.0,31.0,318,2024
Ciprofloxacin/Hydrocortisone,Cipro Hc,30,10593.42,10.0,30.1,381,2024
Immun Glob G/Sorb/Gly/Iga 0-50,Gammaplex,30,113531.44999999998,10.0,30.0,840,2024
Methotrexate,Xatmep,30,14070.04,10.0,30.4,553,2024
Ketorolac Tromethamine/Pf,Acuvail,30,13574.85,10.0,43.5,953,2024
Tetracaine Hcl/Pf,Tetracaine Hcl,30,300.0,10.0,30.0,57,2024
Enalaprilat Dihydrate,Enalaprilat,29,7483.07,5.0,29.0,196,2024
Repotrectinib,Augtyro,29,577723.8,10.0,29.0,866,2024
Teclistamab-Cqyv,Tecvayli,28,398902.33999999997,10.0,28.0,521,2024
Acyclovir Sodium,Acyclovir Sodium,27,2253.41,10.0,27.0,27,2024
Dextrose 5 %-0.2 % Sod Chlorid,Dextrose 5%-0.2% Nacl,27,603.38,11.0,27.0,43,2024
Miconazole Nitrate,Miconazole 3,27,911.11,10.0,27.0,81,2024
Clindamycin In 0.9 % Sod Chlor,Clindamycin-0.9% Nacl,27,8735.19,5.0,27.0,223,2024
Bupivacaine Hcl,Bupivacaine Hcl,26,1663.71,10.0,36.0,1073,2024
Golodirsen,Vyondys-53,26,2955187.2,10.0,26.0,728,2024
"Adamts13, Recombinant-Krhn",Adzynma,26,928451.69,5.0,26.0,720,2024
Irinotecan Liposomal,Onivyde,26,475888.18000000005,10.0,26.0,686,2024
Amino Acid 8 % In D14w,Clinimix,26,9221.17,5.0,26.0,104,2024
Thioguanine,Tabloid,26,157113.49,5.0,26.0,333,2024
Oritavancin Diphosphate,Kimyrsa,26,134685.03,10.0,26.0,146,2024
Captopril/Hydrochlorothiazide,Captopril-Hydrochlorothiazide,25,323.0,5.0,25.0,125,2024
Trastuzumab-Hyaluronidase-Oysk,Herceptin Hylecta,25,112279.15,10.0,25.0,525,2024
Caplacizumab-Yhdp,Cablivi,25,6138424.68,10.0,25.0,750,2024
"Rituximab/Hyaluronidase,human",Rituxan Hycela,25,162432.16,10.0,36.3,1065,2024
Povidone-Iodine,Betadine,25,406.78999999999996,16.0,25.0,407,2024
Acalabrutinib,Calquence,25,345315.45,10.0,25.0,750,2024
Dexchlorpheniramine Maleate,Ryclora,25,14940.42,10.0,34.9,777,2024
Tisotumab Vedotin-Tftv,Tivdak,25,678375.5800000001,10.0,25.0,525,2024
Odevixibat,Bylvay,25,2388169.62,10.0,25.0,750,2024
Levonorgest/Eth.Estradiol/Iron,Joyeaux,25,4744.63,10.0,25.0,665,2024
Drospirenone/Estetrol,Nextstellis,24,5162.8,10.0,24.0,672,2024
Fenoprofen Calcium,Fenoprofen Calcium,24,6176.129999999999,10.0,24.0,720,2024
Clindamycin/Tretinoin,Clindamycin Phos-Tretinoin,24,10255.25,10.0,24.0,720,2024
"Famotidine In Nacl,iso-Osm/Pf",Famotidine,24,189.6,10.0,24.0,48,2024
Cytarabine/Pf,Cytarabine,24,325.31,10.0,24.0,365,2024
Maralixibat Chloride,Livmarli,24,3603414.3600000003,10.0,24.0,720,2024
Multivit 47/Iron/Folate 1/Dha,Wescap-Pn Dha,23,1205.1,10.0,23.0,668,2024
Lodoxamide Tromethamine,Alomide,23,4661.07,10.0,23.0,635,2024
Mv-Mins 71/Iron/Folic No.1/Dha,Pnv-Omega,23,756.77,5.0,23.0,328,2024
Progesterone,Progesterone,23,441.42,10.0,46.5,1384,2024
"Tetanus,diphtheria Toxd Ped/Pf",Diphtheria-Tetanus Toxoids-Ped,23,1150.0,23.0,23.0,23,2024
Weed Pollen-Short Ragweed,Ragwitek,23,8036.27,10.0,23.0,690,2024
Etrasimod Arginine,Velsipity,23,133106.25,10.0,23.0,690,2024
Delafloxacin Meglumine,Baxdela,22,64476.09,10.0,22.0,416,2024
Potassium Chloride In Water,Potassium Chloride,22,821.79,5.0,22.0,158,2024
Droperidol,Droperidol,22,161.44,5.0,22.0,79,2024
Zanamivir,Relenza,22,1628.37,5.0,24.0,519,2024
Prenatal Vit 87/Iron/Folic/Dha,Prenate Mini,22,4043.6,5.0,22.0,308,2024
Erythromycin Lactobionate,Erythrocin Lactobionate,21,33389.41,5.0,21.0,128,2024
Potassium Acetate,Potassium Acetate,21,683.99,5.0,21.0,127,2024
Ublituximab-Xiiy,Briumvi,20,489779.87,5.0,49.1,1349,2024
Nafarelin Acetate,Synarel,19,64573.33,5.0,19.0,480,2024
Amphotericin B,Amphotericin B,17,1249.5,5.0,17.0,119,2024
Viltolarsen,Viltepso,17,1636264.43,5.0,17.0,476,2024
Phenylephrine Hcl/Prometh Hcl,Promethazine Vc,16,375.37,16.0,16.0,74,2024
Aa 5 % No.6/D20w/Lytes No.23,Clinimix E,16,2725.75,5.0,16.0,34,2024
Metyrapone,Metopirone,15,30870.36,5.0,15.0,450,2024
Dasiglucagon Hcl,Zegalogue Autoinjector,15,9066.16,5.0,15.0,105,2024
Remdesivir,Veklury,15,14300.35,5.0,15.0,15,2024
Romidepsin,Romidepsin,15,142589.25,5.0,15.0,105,2024
Trabectedin,Yondelis,15,121602.24,5.0,15.0,315,2024
Estramustine Phosphate Sodium,Emcyt,14,5371.84,5.0,14.0,414,2024
"Prenatal Vit,calc76/Iron/Folic",Thrivite Rx,14,243.43,5.0,14.0,407,2024
L-Norgest/E.Estradiol-E.Estrad,Simpesse,14,1549.49,5.0,42.5,1274,2024
Polatuzumab Vedotin-Piiq,Polivy,14,143757.74,5.0,14.0,294,2024
Non-Adherent Bandage,Excilon,14,80.83,5.0,14.0,400,2024
Moxifloxacin-Sod.Chloride(Iso),Moxifloxacin,14,2250.01,5.0,14.0,95,2024
Danicopan,Voydeya,14,57798.6,5.0,14.0,420,2024
Remifentanil Hcl,Remifentanil Hcl,13,812.09,13.0,13.0,13,2024
Glasdegib Maleate,Daurismo,13,230869.37,5.0,13.0,346,2024
Tremelimumab-Actl,Imjudo,13,516885.27,13.0,13.0,316,2024
Rezafungin Acetate,Rezzayo,13,27633.49,5.0,13.0,37,2024
Hydrocodone Bit/Homatrop Me-Br,Hydrocodone-Homatropine Mbr,13,185.81,12.0,13.0,51,2024
Daprodustat,Jesduvroq,13,9379.24,5.0,13.0,390,2024
Tretinoin/Benzoyl Peroxide,Twyneo,13,6083.74,5.0,13.0,390,2024
Pediatric Multivitamin No.17,Children's Multivitamin,13,195.04,5.0,17.7,508,2024
Phenytoin Sodium,Phenytoin Sodium,13,336.02,5.0,13.0,91,2024
Hepatitis B Immune Globulin,Nabi-Hb,13,9171.63,5.0,13.0,364,2024
Succimer,Chemet,12,13295.76,5.0,12.0,360,2024
Ephedrine Sulfate,Ephedrine Sulfate,12,250.88,12.0,12.0,12,2024
Dexrazoxane Hcl,Dexrazoxane,12,7941.3,5.0,12.0,252,2024
Vestronidase Alfa-Vjbk,Mepsevii,12,901094.52,5.0,12.0,336,2024
Ethacrynate Sodium,Ethacrynate Sodium,12,182217.6,5.0,12.0,336,2024
Pentamidine Isethionate,Pentamidine Isethionate,12,1803.24,5.0,12.0,252,2024
Multivit-Min69/Iron/Folic Acid,Elite-Ob,12,266.16,5.0,12.0,360,2024
Gr Pol-Orc/Sw Ver/Rye/Kent/Tim,Oralair,12,7711.77,5.0,18.0,540,2024
B Complex W-C No.20/Folic Acid,Renal Caps,12,325.08,5.0,12.2,364,2024
Acyclovir/Hydrocortisone,Xerese,12,31193.52,5.0,12.0,360,2024
"Cefoxitin Sodium/Dextrose,iso",Cefoxitin Sodium,12,1838.32,5.0,12.0,37,2024
Pnv Cmb 52/Iron/Fa/Omega-3/Dha,Complete Natal Dha,12,212.16,5.0,12.0,360,2024
Lumacaftor/Ivacaftor,Orkambi,12,260054.76,5.0,12.0,336,2024
Sofosbuvir,Sovaldi,12,323619.39,5.0,12.0,336,2024
Capecitabine,Capecitabine,12,420.38,5.0,12.0,200,2024
Prenatal 93/Iron/Folate 9/Dha,Westgel Dha,12,1241.72,5.0,12.0,360,2024
Cyclopentolate/Phenylephrine,Cyclomydril,12,2605.95,5.0,12.0,12,2024
Multivit-Mins60/Iron Fum/Folic,Niva-Plus,12,269.04,5.0,12.0,360,2024
Flutamide,Eulexin,12,67790.76,5.0,12.0,360,2024
Lactic Acid/Citric/Potassium,Phexxi,11,4085.47,5.0,11.0,132,2024
Phenobarbital Sodium,Phenobarbital Sodium,11,37947.47,5.0,11.0,330,2024
Meth/Meblue/Sod Phos/Psal/Hyos,Uro-Mp,11,2722.72,5.0,11.0,330,2024
Vamorolone,Agamree,11,213180.0,5.0,11.0,308,2024
Quinapril Hcl,Quinapril Hcl,11,33.77,5.0,11.0,330,2024
Prenatal Vit 85/Iron/Fa 1/Dha,Prenate Pixie,11,2021.8,5.0,11.0,154,2024
Temozolomide,Temozolomide,11,3408.55,5.0,11.0,57,2024
Doxorubicin Hcl Peg-Liposomal,Doxorubicin Hcl Liposome,11,15884.54,5.0,11.0,308,2024
Levonorgestrel,Mirena,11,12461.26,5.0,11.0,308,2024
Penicillin G Sodium,Penicillin G Sodium,11,10617.51,5.0,11.0,40,2024
Pnv 112/Iron/Folic/Om3/Dha/Epa,Vitafol Gummies,11,539.66,5.0,11.0,308,2024
