Gnrc_Name,Brnd_Name,Tot_Clms,Tot_Drug_Cst,Tot_Benes,Tot_30day_Fills,Tot_Day_Suply,year
Atorvastatin Calcium,Atorvastatin Calcium,57434322,853122856.9999999,16878587.0,135816283.1,4034051841,2020
Levothyroxine Sodium,Levothyroxine Sodium,44646008,1125300530.11,11201629.0,97596246.50000001,2871923013,2020
Amlodipine Besylate,Amlodipine Besylate,42515071,306883236.3799999,12077024.0,96123925.4,2852406279,2020
Lisinopril,Lisinopril,36075603,268134933.7200001,10436136.0,84256311.4,2503089341,2020
Gabapentin,Gabapentin,31278646,628837463.55,8099725.0,47842534.39999999,1392532110,2020
Metformin Hcl,Metformin Hcl,30660489,411380489.0800001,8678797.0,70503806.20000002,2096290740,2020
Losartan Potassium,Losartan Potassium,28265705,357108643.5900001,8134172.0,66880998.70000001,1992088213,2020
Omeprazole,Omeprazole,28129943,389928206.1599999,8020197.0,58139003.900000006,1720749301,2020
Metoprolol Succinate,Metoprolol Succinate,24475213,653686079.4499999,6881603.0,55449447.99999999,1646333997,2020
Furosemide,Furosemide,23942889,142861019.03,6755987.0,43523932.5,1231079339,2020
Hydrocodone/Acetaminophen,Hydrocodone-Acetaminophen,20659672,428638402.5900001,6466402.0,20725404.400000002,450292548,2020
Simvastatin,Simvastatin,19940482,182038637.34000003,5470977.0,48944531.49999999,1458719425,2020
Hydrochlorothiazide,Hydrochlorothiazide,19118173,108868759.91,5673864.0,45565003.1,1359175828,2020
Pantoprazole Sodium,Pantoprazole Sodium,19006922,311836930.8699999,5552149.0,36937885.2,1087105770,2020
Metoprolol Tartrate,Metoprolol Tartrate,17718761,135355800.83999997,4846932.0,37367812.0,1099502863,2020
Tamsulosin Hcl,Tamsulosin Hcl,16635200,302486092.64,4667283.0,35164693.300000004,1038725749,2020
Potassium Chloride,Potassium Chloride,15032322,500371662.22999996,3981362.0,26910619.100000005,771157530,2020
Rosuvastatin Calcium,Rosuvastatin Calcium,14930006,535401659.55000013,4434983.0,36090366.9,1077812140,2020
Carvedilol,Carvedilol,14157921,144622925.20000002,3883778.0,30022825.000000004,886720874,2020
Trazodone Hcl,Trazodone Hcl,14120936,178347649.5,3448693.0,22871227.4,666554326,2020
Apixaban,Eliquis,13983290,9357622159.169996,3061023.0,21266420.0,596694597,2020
Albuterol Sulfate,Albuterol Sulfate Hfa,13637416,851452250.9200001,5312290.0,16203099.500000004,399030874,2020
Sertraline Hcl,Sertraline Hcl,13466812,148755566.17999998,3060760.0,23586319.900000013,687259541,2020
Clopidogrel Bisulfate,Clopidogrel,12628794,176143902.8700001,3462589.0,26896941.40000001,794887460,2020
Tramadol Hcl,Tramadol Hcl,12496756,100839601.36999996,3967401.0,12755609.5,265273495,2020
Alprazolam,Alprazolam,11922522,107795933.26999997,2550505.0,12884657.299999999,355449094,2020
Fluticasone Propionate,Fluticasone Propionate,11806075,487067352.8299999,4509059.0,19063640.000000004,569804370,2020
Prednisone,Prednisone,11361926,92430596.37,5950815.0,14111711.300000003,280125366,2020
Montelukast Sodium,Montelukast Sodium,11002118,159248410.89999998,2967024.0,22275026.60000001,661618325,2020
Pravastatin Sodium,Pravastatin Sodium,10697612,208024229.71000004,2896085.0,25897477.7,769860752,2020
Duloxetine Hcl,Duloxetine Hcl,10082402,384855107.37999994,2239892.0,17040392.200000003,500033127,2020
Escitalopram Oxalate,Escitalopram Oxalate,9623599,136326800.5,2223529.0,16923030.400000002,494701727,2020
Meloxicam,Meloxicam,9258827,55524361.70000002,3217925.0,15584771.099999996,458074730,2020
Clonazepam,Clonazepam,9025754,79752011.84,1641429.0,9873467.900000002,280708110,2020
Latanoprost,Latanoprost,8978429,192009349.48000005,2291650.0,15292485.299999999,431873779,2020
Allopurinol,Allopurinol,8535147,129797288.63000001,2183006.0,19147942.799999997,564239208,2020
Quetiapine Fumarate,Quetiapine Fumarate,8228754,224721639.2,1496509.0,10514609.4,296425891,2020
Lorazepam,Lorazepam,8179360,73328038.65,1894135.0,8824415.8,228683343,2020
Diclofenac Sodium,Diclofenac Sodium,8160639,439633904.5299999,3185047.0,9844911.5,237646633,2020
Oxycodone Hcl/Acetaminophen,Oxycodone-Acetaminophen,8020675,316958170.21,2205503.0,8035124.100000001,186136452,2020
Warfarin Sodium,Warfarin Sodium,7853582,107838420.85999997,1672075.0,14743623.499999998,407253101,2020
Famotidine,Famotidine,7808271,130044082.72999999,2393617.0,13356286.399999999,386074681,2020
Atenolol,Atenolol,7523290,72334387.77000001,1955951.0,17818297.000000007,530907756,2020
"Insulin Glargine,hum.Rec.Anlog",Basaglar Kwikpen U-100,7410560,4104709127.5200005,1783181.0,11934204.9,333302350,2020
Citalopram Hydrobromide,Citalopram Hbr,7339377,57662578.66000001,1663766.0,13835853.600000001,406317729,2020
Oxycodone Hcl,Oxycodone Hcl,7323310,658629773.69,2048116.0,7337768.100000001,166457268,2020
Zolpidem Tartrate,Zolpidem Tartrate,7169110,66108583.279999994,1551259.0,8684286.4,255801163,2020
Donepezil Hcl,Donepezil Hcl,7093514,108064905.12999998,1527650.0,11181784.1,318873920,2020
Glipizide,Glipizide,6937216,88044174.32000001,1864428.0,15655458.800000004,465249673,2020
Alendronate Sodium,Alendronate Sodium,6847560,71024737.00999999,1836010.0,14302897.700000001,422893626,2020
Bupropion Hcl,Bupropion Hcl,6604111,278816553.46,1500396.0,11190214.1,330442691,2020
Mirtazapine,Mirtazapine,6554167,141522598.08,1425320.0,9014359.400000002,254113173,2020
Fluoxetine Hcl,Fluoxetine Hcl,6317530,101925564.44000001,1363607.0,11327742.700000003,333610657,2020
Finasteride,Finasteride,5893769,109051901.17999998,1586784.0,13415552.700000003,398158892,2020
Lisinopril/Hydrochlorothiazide,Lisinopril-Hydrochlorothiazide,5810468,54493064.13999999,1640518.0,14724978.800000003,440414484,2020
Rivaroxaban,Xarelto,5798568,4142017545.85,1233115.0,9332421.399999999,263834032,2020
Spironolactone,Spironolactone,5687115,72181362.53999998,1537990.0,11739014.800000003,346748564,2020
Amoxicillin,Amoxicillin,5553710,22052385.5,4231117.0,5600863.499999999,41029387,2020
Tizanidine Hcl,Tizanidine Hcl,5352544,95851861.00999998,1660131.0,6780551.6000000015,181495213,2020
Glimepiride,Glimepiride,5215588,66075489.629999995,1370326.0,12040833.700000005,358928563,2020
Ibuprofen,Ibuprofen,5117788,45694929.769999996,2344865.0,5971503.2,134512510,2020
Buspirone Hcl,Buspirone Hcl,5049120,99823632.39999999,1122273.0,6984816.299999999,200120850,2020
Venlafaxine Hcl,Venlafaxine Hcl,4976792,166615316.35000002,1014496.0,8529282.2,250175947,2020
Azithromycin,Azithromycin,4957912,47540380.03999999,3731400.0,5169139.800000001,42170201,2020
Memantine Hcl,Memantine Hcl,4817600,327409305.43999994,977316.0,6738295.799999997,187932776,2020
Diltiazem Hcl,Dilt-Xr,4742065,227897397.46000004,1312617.0,9515462.999999996,279108895,2020
Varicella-Zoster Ge/As01b/Pf,Shingrix,4738384,821701596.0899999,3654181.0,4787888.9,11453825,2020
Pregabalin,Pregabalin,4716918,365031728.31999993,1100179.0,5727198.699999999,166033755,2020
Hydralazine Hcl,Hydralazine Hcl,4692062,90770987.42999998,1256726.0,8561716.4,248876877,2020
Cyclobenzaprine Hcl,Cyclobenzaprine Hcl,4666972,65611080.37,1504448.0,5523379.0,142830676,2020
Oxybutynin Chloride,Oxybutynin Chloride,4568051,178659636.14000002,1217006.0,7911502.9,230257702,2020
Isosorbide Mononitrate,Isosorbide Mononitrate Er,4527170,84220910.74000001,1183348.0,9095922.100000001,268029727,2020
Cephalexin,Cephalexin,4522614,31719719.460000005,3466816.0,4788411.800000001,51339431,2020
Triamcinolone Acetonide,Triamcinolone Acetonide,4521143,55909377.08,2581569.0,4931197.3,113510116,2020
Divalproex Sodium,Divalproex Sodium,4480490,246282942.53999993,780852.0,5202867.9,140805423,2020
Baclofen,Baclofen,4197835,118689951.96999995,1168686.0,5442753.299999999,148934955,2020
Sitagliptin Phosphate,Januvia,4184270,3394924835.6700006,910254.0,7450050.899999999,214975321,2020
Ezetimibe,Ezetimibe,3934703,247601193.27000007,1064567.0,8938655.099999998,266757574,2020
Levetiracetam,Levetiracetam,3787906,200610297.01999992,763834.0,5474504.100000001,154351447,2020
Risperidone,Risperidone,3698539,67805599.29999998,617361.0,4314684.600000001,119329098,2020
Budesonide/Formoterol Fumarate,Symbicort,3594475,1740447177.3899999,975610.0,5023816.6,150331968,2020
Losartan/Hydrochlorothiazide,Losartan-Hydrochlorothiazide,3497037,172309318.76,1006548.0,8673701.000000004,259363398,2020
Lamotrigine,Lamotrigine,3475842,180746111.61000004,664188.0,5083671.8,147806811,2020
Ciprofloxacin Hcl,Ciprofloxacin Hcl,3463613,23511081.839999996,2663850.0,3505721.4000000004,30708828,2020
Olanzapine,Olanzapine,3208550,105822012.88999996,546053.0,3707944.3,102075856,2020
Clonidine Hcl,Clonidine Hcl,3170699,31686434.539999995,826155.0,5599552.3,162021595,2020
Paroxetine Hcl,Paroxetine Hcl,3169789,48009739.20000001,691898.0,5671855.1000000015,166956936,2020
Fluticasone Propion/Salmeterol,Wixela Inhub,3129690,1303264827.8300004,853793.0,4316983.199999999,129124684,2020
Sulfamethoxazole/Trimethoprim,Sulfamethoxazole-Trimethoprim,3108104,17475124.5,2100640.0,3410550.700000001,47391272,2020
Celecoxib,Celecoxib,3101960,165897066.75000006,963039.0,5081221.0,148896608,2020
Aripiprazole,Aripiprazole,3097238,720621445.9,611592.0,3871741.5,111181917,2020
Lovastatin,Lovastatin,3095005,38290267.11999999,807030.0,7750927.2,231109706,2020
"Pen Needle, Diabetic",Ultra-Fine Mini Pen Needle,3078952,213202405.77999994,1034038.0,5901523.2,173462000,2020
Amitriptyline Hcl,Amitriptyline Hcl,3065990,71262061.69000001,727904.0,5185276.8,153605764,2020
Doxycycline Hyclate,Doxycycline Hyclate,3047288,88880537.93,2107776.0,3338702.0000000005,51592981,2020
Carbidopa/Levodopa,Carbidopa-Levodopa,2981622,286448774.20000005,700239.0,4912803.5,140931262,2020
Amoxicillin/Potassium Clav,Amoxicillin-Clavulanate Potass,2927387,36872620.459999986,2359749.0,2941132.2,27327842,2020
Triamterene/Hydrochlorothiazid,Triamterene-Hydrochlorothiazid,2920134,39696069.940000005,780218.0,7117949.800000001,212550636,2020
Methylprednisolone,Methylprednisolone,2916858,31842714.959999997,2366244.0,2969790.7000000007,21999187,2020
Morphine Sulfate,Morphine Sulfate Er,2796794,106739148.68999998,608900.0,2803763.3000000003,76296633,2020
Fluticasone/Vilanterol,Breo Ellipta,2788754,1278560191.8300002,646095.0,3540510.9,104825221,2020
Mirabegron,Myrbetriq,2706596,1486911542.66,610913.0,3854015.2999999993,108141038,2020
Ropinirole Hcl,Ropinirole Hcl,2698462,59279472.03000001,597939.0,4670878.899999999,136143144,2020
Topiramate,Topiramate,2660044,113399363.25,605590.0,4128285.4000000004,120943245,2020
Nifedipine,Nifedipine Er,2625440,122555791.82,687269.0,5285478.199999999,156604851,2020
Diazepam,Diazepam,2535619,23946944.309999995,630406.0,2697667.1,69134815,2020
Prednisolone Acetate,Prednisolone Acetate,2488836,119058297.71999997,1522585.0,3103295.5999999996,78239553,2020
Dulaglutide,Trulicity,2486752,2849897422.8700004,518167.0,3493569.000000001,100372991,2020
Estradiol,Estradiol,2484013,230062330.05,816290.0,5352347.000000001,159260555,2020
Esomeprazole Magnesium,Esomeprazole Magnesium,2467353,258307596.2400001,631811.0,4538548.6000000015,134436120,2020
Insulin Aspart,Novolog Flexpen,2446438,1881578111.7399998,659861.0,3661844.8,98467525,2020
Pioglitazone Hcl,Pioglitazone Hcl,2409881,49068334.82,638249.0,5526213.000000001,164814759,2020
Timolol Maleate,Timolol Maleate,2404795,68886549.01,756012.0,4624690.7,135234732,2020
Temazepam,Temazepam,2402152,28180616.400000002,504334.0,2639003.1999999997,77560429,2020
Propranolol Hcl,Propranolol Hcl,2385256,96467169.62999997,595965.0,4090207.199999999,119726855,2020
Naproxen,Naproxen,2369277,29579492.42,948948.0,3098325.1999999997,83524961,2020
Hydroxyzine Hcl,Hydroxyzine Hcl,2324923,45834517.19,677571.0,2828822.6999999997,73166135,2020
Insulin Detemir,Levemir Flextouch,2303915,1483520682.2699997,521180.0,3474101.5000000005,94238901,2020
Ondansetron Hcl,Ondansetron Hcl,2285915,45407580.160000004,1107645.0,2358273.6999999997,31132584,2020
Empagliflozin,Jardiance,2271339,1971090760.25,536733.0,3833123.6000000015,113423621,2020
Acetaminophen With Codeine,Acetaminophen-Codeine,2260188,31806083.91,962079.0,2271580.4,37185923,2020
Ketoconazole,Ketoconazole,2232965,71858744.36999999,1032666.0,2410610.5999999996,61836269,2020
Tiotropium Bromide,Spiriva,2224623,1386404445.59,571095.0,3167165.4000000004,94392603,2020
Methotrexate Sodium,Methotrexate,2215921,100570341.86999997,556622.0,3867945.399999999,112766870,2020
Brimonidine Tartrate,Alphagan P,2133836,259352089.78000003,597612.0,3599907.8999999994,102146792,2020
Enalapril Maleate,Enalapril Maleate,2090645,55931664.28000001,522936.0,4568137.8,135588317,2020
Hydroxychloroquine Sulfate,Hydroxychloroquine Sulfate,2089535,168594399.72999993,566278.0,3685220.8999999994,107577492,2020
Amiodarone Hcl,Amiodarone Hcl,2081863,63560770.70000002,637498.0,3907996.2,113670166,2020
Benazepril Hcl,Benazepril Hcl,2052461,21988890.06,524589.0,4961240.4,147757019,2020
Nystatin,Nystatin,2039155,54398273.22999999,861945.0,2119224.1,36157946,2020
Benztropine Mesylate,Benztropine Mesylate,2007167,25240357.180000003,346670.0,2271952.3,63407493,2020
Mupirocin,Mupirocin,1956444,19031902.86,1339415.0,1984940.5000000002,29592792,2020
Irbesartan,Irbesartan,1925758,68327344.89,507245.0,4491947.1,134028895,2020
Nitrofurantoin Monohyd/M-Cryst,Nitrofurantoin Mono-Macro,1925257,47216140.01,1392987.0,2002365.2000000002,20212802,2020
Chlorthalidone,Chlorthalidone,1905868,67747268.55,530511.0,4243447.1000000015,126467473,2020
Valsartan,Valsartan,1878302,96438342.53000002,523779.0,4129152.4,122448220,2020
Doxazosin Mesylate,Doxazosin Mesylate,1872431,54563991.92000002,476967.0,4012182.2999999993,118972785,2020
Olmesartan Medoxomil,Olmesartan Medoxomil,1852259,77765009.80999997,488632.0,4122369.1,123026944,2020
Dorzolamide Hcl/Timolol Maleat,Dorzolamide-Timolol,1843688,85417787.61,560704.0,3770270.1,112623339,2020
Meclizine Hcl,Meclizine Hcl,1838894,22620764.100000005,686163.0,2157518.5,49494758,2020
Fluconazole,Fluconazole,1813506,27789056.350000005,976498.0,1920255.5000000005,18801606,2020
Insulin Lispro,Humalog Kwikpen U-100,1783633,1203233187.3500004,518628.0,2731689.200000001,72587496,2020
Nitroglycerin,Nitroglycerin,1775093,45463349.480000004,962741.0,2104417.3000000003,46945038,2020
Fluticasone/Umeclidin/Vilanter,Trelegy Ellipta,1726452,1281163685.09,409370.0,2214338.0,66228942,2020
Digoxin,Digoxin,1718198,59697213.1,433246.0,3286560.2,95794678,2020
Torsemide,Torsemide,1692484,35458983.379999995,483632.0,3012600.4999999986,87161035,2020
Dextroamphetamine/Amphetamine,Dextroamphetamine-Amphetamine,1662422,92200762.89,338585.0,1724684.9000000001,50891672,2020
Fenofibrate,Fenofibrate,1632186,82501964.20999998,420683.0,3629643.400000001,108051047,2020
Azelastine Hcl,Azelastine Hcl,1614945,69057951.32,657221.0,2279333.5,65923211,2020
Dicyclomine Hcl,Dicyclomine Hcl,1597785,37894712.85,541673.0,2119558.2,55991528,2020
Bimatoprost,Lumigan,1579777,582125364.98,402326.0,2551505.2,72061933,2020
Umeclidinium Brm/Vilanterol Tr,Anoro Ellipta,1520738,819057162.6299999,357341.0,1930123.4,57557403,2020
Bumetanide,Bumetanide,1505542,87464572.78,394169.0,2461212.0,69215950,2020
Valacyclovir Hcl,Valacyclovir,1500828,68554829.07,550878.0,2068698.1999999997,46760611,2020
Sucralfate,Sucralfate,1495639,101818963.73,483993.0,1985788.8000000003,53413904,2020
Linagliptin,Tradjenta,1492084,976917319.9899999,307445.0,2287798.4999999995,63029177,2020
Icosapent Ethyl,Vascepa,1489602,640857035.1299999,323600.0,2157418.2000000007,63759005,2020
Buprenorphine Hcl/Naloxone Hcl,Buprenorphine-Naloxone,1486159,340972288.67,238853.0,1492112.5999999999,29456187,2020
Linaclotide,Linzess,1480372,896838200.9899999,372455.0,1993435.6000000003,58831244,2020
Chlorhexidine Gluconate,Chlorhexidine Gluconate,1448337,8597428.069999998,861754.0,1489749.1999999997,28843066,2020
Cyclosporine,Restasis,1432233,1294930324.2799997,503103.0,2278791.500000001,66795252,2020
Ramipril,Ramipril,1418878,20867682.259999998,372394.0,3442691.5999999996,102775249,2020
Levofloxacin,Levofloxacin,1411318,13119915.879999999,1056492.0,1418189.5000000002,11895621,2020
Hydrocortisone,Hydrocortisone,1403728,28774239.89,640365.0,1623494.4999999998,37906345,2020
Levocetirizine Dihydrochloride,Levocetirizine Dihydrochloride,1403234,23940854.62,429716.0,2404822.0,71201467,2020
Ondansetron,Ondansetron Odt,1392524,30094386.329999994,820510.0,1420009.5999999996,15600838,2020
Anastrozole,Anastrozole,1353900,34532011.169999994,383853.0,2962871.8,88330466,2020
Pramipexole Di-Hcl,Pramipexole Dihydrochloride,1342721,36798501.23,323799.0,2405666.6999999997,70506795,2020
Fenofibrate Nanocrystallized,Fenofibrate,1317885,65721056.61999999,322072.0,2611221.0999999996,77146609,2020
Insulin Degludec,Tresiba Flextouch U-100,1299969,1099507676.8000004,331848.0,2181813.6000000006,62298357,2020
Amlodipine Besylate/Benazepril,Amlodipine Besylate-Benazepril,1298466,32126060.569999997,331660.0,3052204.2000000007,91202786,2020
Nebivolol Hcl,Bystolic,1282052,358562180.78,291056.0,2293247.0,67570728,2020
Sacubitril/Valsartan,Entresto,1271089,1010420596.8999999,293306.0,1929464.2,56371972,2020
Lactulose,Lactulose,1257530,45707842.000000015,338596.0,1362472.3999999997,27084329,2020
Sumatriptan Succinate,Sumatriptan Succinate,1235345,51709905.220000006,308521.0,1412682.7999999998,35768327,2020
Terazosin Hcl,Terazosin Hcl,1191025,28935745.110000003,332728.0,2815555.0,83637860,2020
Clozapine,Clozapine,1190088,114412352.89999998,116847.0,1195524.3,28047747,2020
Fentanyl,Fentanyl,1179712,119181988.39999998,236631.0,1183479.8,32360566,2020
Acyclovir,Acyclovir,1169322,31869507.980000008,362365.0,1764651.9999999998,46201823,2020
Valsartan/Hydrochlorothiazide,Valsartan-Hydrochlorothiazide,1096580,58356946.77000001,292377.0,2590578.0,77404547,2020
Clotrimazole/Betamethasone Dip,Clotrimazole-Betamethasone,1095440,31226342.819999997,528025.0,1147555.1000000003,23748718,2020
Brimonidine Tartrate/Timolol,Combigan,1094970,339804022.81999993,279733.0,1665590.2999999996,46525969,2020
Ipratropium Bromide,Ipratropium Bromide,1090057,96053979.6,411445.0,1473848.9999999995,39247998,2020
Ipratropium/Albuterol Sulfate,Combivent Respimat,1087044,329261266.99,323801.0,1235431.8000000003,26061299,2020
Dexlansoprazole,Dexilant,1074353,463329213.6700001,239473.0,1568552.2999999996,46086297,2020
Carbamazepine,Carbamazepine Er,1074282,115450346.65999998,243745.0,1386439.6,39020399,2020
Verapamil Hcl,Verapamil Er,1063735,43164074.43,293307.0,2171565.2,64200093,2020
Clindamycin Hcl,Clindamycin Hcl,1063095,9100370.88,778847.0,1067785.1,8140362,2020
Umeclidinium Bromide,Incruse Ellipta,1054775,449180506.5900001,249297.0,1301005.9999999998,38413315,2020
Clobetasol Propionate,Clobetasol Propionate,1041136,80408397.34,533254.0,1117850.3,27783567,2020
Alcohol Antiseptic Pads,Single Use Swab,1037410,27982436.150000006,329336.0,1732465.0999999996,51044250,2020
Semaglutide,Ozempic,1018900,1215904533.82,249195.0,1498126.9999999998,43777407,2020
Olopatadine Hcl,Olopatadine Hcl,1015204,111560738.10999997,301239.0,1184037.8,30909045,2020
Sitagliptin Phos/Metformin Hcl,Janumet,1001846,730138343.1799997,239411.0,1661474.4,49055673,2020
Oxcarbazepine,Oxcarbazepine,987321,71514195.09,205627.0,1279350.5000000002,36527704,2020
Lithium Carbonate,Lithium Carbonate,977371,12420740.860000003,189807.0,1207552.5000000005,34059490,2020
Promethazine Hcl,Promethazine Hcl,958329,11817762.859999996,308750.0,997932.5,15186138,2020
Liraglutide,Victoza 2-Pak,951951,1241424236.7599998,246970.0,1430324.6999999997,42229508,2020
Primidone,Primidone,939094,28304823.820000004,228186.0,1569722.2999999998,45565594,2020
Hydroxyzine Pamoate,Hydroxyzine Pamoate,937080,10345202.489999998,256050.0,1077130.7,28790543,2020
Sotalol Hcl,Sotalol,926447,27876839.970000014,257120.0,1972681.4,58598402,2020
Calcitriol,Calcitriol,917578,27117264.370000005,254110.0,1806902.3000000005,53107602,2020
Ketorolac Tromethamine,Ketorolac Tromethamine,912592,26437667.470000003,552038.0,1031799.2,24355779,2020
Cefdinir,Cefdinir,897613,21470331.919999998,750539.0,901317.3,7933423,2020
Ofloxacin,Ofloxacin,888195,16924407.330000002,640763.0,927476.2999999999,18584589,2020
Ranolazine,Ranolazine Er,870591,154658546.66000003,220749.0,1470500.5,43334245,2020
Nortriptyline Hcl,Nortriptyline Hcl,858153,14149416.690000003,234179.0,1407975.0,41543924,2020
Metronidazole,Metronidazole,832650,43651242.96,537217.0,875244.3999999999,15153632,2020
Travoprost,Travoprost,818285,215941235.68999997,238831.0,1258946.9,35387447,2020
Dorzolamide Hcl,Dorzolamide Hcl,817320,28869697.12999999,247254.0,1587904.3,47306412,2020
Flecainide Acetate,Flecainide Acetate,815691,69081560.07000001,229212.0,1743997.5000000002,51856860,2020
"Sodium, Potassium,mag Sulfates",Suprep,794018,83470628.81,779443.0,808261.4,1671962,2020
Doxepin Hcl,Doxepin Hcl,793189,46685242.540000014,195894.0,1025960.7000000003,29824998,2020
Ammonium Lactate,Ammonium Lactate,788043,20733362.770000003,307607.0,871756.6,24937303,2020
Dexamethasone,Dexamethasone,785953,15643387.050000003,434319.0,854275.7000000001,13376115,2020
Methocarbamol,Methocarbamol,769518,12007188.97,273291.0,856246.5999999999,21439725,2020
Haloperidol,Haloperidol,760186,29000569.009999998,137618.0,825938.6000000002,22244719,2020
Lurasidone Hcl,Latuda,750027,1111050628.9899995,130816.0,806057.7999999999,22301333,2020
Prazosin Hcl,Prazosin Hcl,748459,25700512.220000006,155350.0,953024.9,27295810,2020
Erythromycin Base,Erythromycin,743121,16352164.609999998,448005.0,768832.6999999998,10284929,2020
Labetalol Hcl,Labetalol Hcl,736499,36439114.98000001,191170.0,1335361.6000000003,38916642,2020
Sevelamer Carbonate,Renvela,732963,407773663.15000004,199154.0,1065358.1999999997,29969174,2020
Ticagrelor,Brilinta,732260,407898202.9200001,188726.0,1079379.2000000002,31332711,2020
Lidocaine,Lidocaine,730637,112498815.21999998,213637.0,806124.2999999998,21894542,2020
Doxycycline Monohydrate,Doxycycline Monohydrate,730339,20242807.85,511183.0,809408.2999999999,13052546,2020
Telmisartan,Telmisartan,729599,42556399.70999999,191069.0,1617424.7999999998,48364851,2020
Lansoprazole,Lansoprazole,724623,37510486.49,197275.0,1312522.2999999996,38633124,2020
Gemfibrozil,Gemfibrozil,712094,15875206.92,183170.0,1398733.9999999998,41431531,2020
Metoclopramide Hcl,Metoclopramide Hcl,711179,6617387.28,224237.0,851009.8,21802371,2020
Phenytoin Sodium Extended,Phenytoin Sodium Extended,693773,40325467.53,160805.0,950242.7000000003,26762339,2020
Methadone Hcl,Methadone Hcl,683386,13275875.789999997,133112.0,686149.5999999999,18789857,2020
Dabigatran Etexilate Mesylate,Pradaxa,681213,412848590.65,189099.0,1229506.8,35952196,2020
Ziprasidone Hcl,Ziprasidone Hcl,673141,57130016.239999995,119002.0,802174.4000000003,22753332,2020
Hydromorphone Hcl,Hydromorphone Hcl,663031,21921613.320000008,175270.0,664131.2999999999,15106525,2020
Letrozole,Letrozole,649871,18697021.38,176569.0,1358615.7,40490375,2020
Lacosamide,Vimpat,645073,595486261.0300002,107844.0,726185.7000000002,18684611,2020
Midodrine Hcl,Midodrine Hcl,638363,53676395.34000001,167758.0,834132.2999999999,22618405,2020
Dapagliflozin Propanediol,Farxiga,619193,494386985.2900001,152704.0,975693.5,28733863,2020
Cefuroxime Axetil,Cefuroxime,612286,15738362.05,487484.0,618829.9,5472003,2020
Colchicine,Colchicine,611810,132496020.41999999,189368.0,794627.9999999999,20348283,2020
Lipase/Protease/Amylase,Creon,609272,790047983.7299998,146026.0,715471.2,19984403,2020
Raloxifene Hcl,Raloxifene Hcl,606864,61226750.14000001,153136.0,1209115.9000000001,35965387,2020
Dutasteride,Dutasteride,589592,32615381.889999997,158802.0,1192654.5,35489550,2020
Cilostazol,Cilostazol,573818,13841497.340000002,154834.0,970343.8999999998,28574756,2020
Mometasone Furoate,Mometasone Furoate,573267,37546936.18,285984.0,674762.1999999998,17375835,2020
Alfuzosin Hcl,Alfuzosin Hcl Er,570291,17432911.58,171341.0,1237224.3,36927484,2020
Bisoprolol Fumarate,Bisoprolol Fumarate,569962,23559682.610000003,161177.0,1264995.9000000006,37611233,2020
Omega-3 Acid Ethyl Esters,Omega-3 Acid Ethyl Esters,565553,59142927.89000001,156554.0,960450.3999999999,28445783,2020
Methylphenidate Hcl,Methylphenidate Hcl,564576,38789915.43,145621.0,590871.0000000001,17286833,2020
Insulin Nph Hum/Reg Insulin Hm,Novolin 70-30,559573,214784803.42,143152.0,779093.5,21388297,2020
Testosterone Cypionate,Testosterone Cypionate,555260,28326522.31,149282.0,889334.2999999997,25501154,2020
Paliperidone Palmitate,Invega Sustenna,543530,1483737651.2,93816.0,609979.6,17132061,2020
Metolazone,Metolazone,543197,22669474.500000004,158892.0,777466.8000000002,20360998,2020
Solifenacin Succinate,Solifenacin Succinate,542864,57354038.50999998,156246.0,864704.1000000004,25340723,2020
Butalb/Acetaminophen/Caffeine,Butalbital-Acetaminophen-Caffe,533951,25430410.0,132867.0,551778.7,10623842,2020
Methimazole,Methimazole,523102,7347452.0200000005,143132.0,1001881.0,29435202,2020
Olmesartan/Hydrochlorothiazide,Olmesartan-Hydrochlorothiazide,521229,30244888.899999995,141666.0,1121560.5999999999,33527862,2020
Insulin Nph Human Isophane,Humulin N,519609,135629906.34999996,157806.0,989248.5000000001,28510364,2020
Fluocinonide,Fluocinonide,503649,44192604.87,262581.0,533210.8999999999,13808345,2020
Evolocumab,Repatha Sureclick,499198,295469974.25,105723.0,622550.7000000001,17886189,2020
Nabumetone,Nabumetone,496894,10257690.510000002,186492.0,644840.2000000002,17544625,2020
Quinapril Hcl,Quinapril Hcl,495453,8918683.53,136680.0,1194607.9999999995,35630266,2020
"Peg3350/Sod Sulf,bicarb,cl/Kcl",Gavilyte-G,490345,6859926.620000002,474891.0,493443.79999999993,938394,2020
Tolterodine Tartrate,Tolterodine Tartrate Er,489545,68068749.64,139085.0,721486.1,20693959,2020
Desvenlafaxine Succinate,Desvenlafaxine Succinate Er,478045,45148684.25,108326.0,659507.3999999999,19357054,2020
Bictegrav/Emtricit/Tenofov Ala,Biktarvy,471997,1670266850.9299998,68743.0,503249.6,15023722,2020
Vortioxetine Hydrobromide,Trintellix,470817,223719937.6,97755.0,562417.5,16006952,2020
Moxifloxacin Hcl,Moxifloxacin,468603,21454430.12999999,305115.0,474106.7999999999,7401515,2020
Lubiprostone,Amitiza,462518,177026706.97000003,112544.0,557737.3000000002,14930800,2020
Adalimumab,Humira(Cf) Pen,453308,3171285632.1000004,97147.0,490164.6999999999,13790166,2020
Betamethasone Dipropionate,Betamethasone Dipropionate,450557,30577189.060000006,227485.0,472881.1000000001,11098248,2020
"Estrogens, Conjugated",Premarin,444733,152799137.19000006,159464.0,813367.3,24079724,2020
Leflunomide,Leflunomide,437505,58710535.190000005,119245.0,804359.4999999997,23886370,2020
Neomycin/Polymyxin B/Dexametha,Neomycin-Polymyxin-Dexameth,436770,7024324.729999999,324262.0,447719.39999999985,6807209,2020
Ibandronate Sodium,Ibandronate Sodium,432015,21795359.410000008,121226.0,898394.4000000001,26808753,2020
"Insulin Regular, Human",Novolin R,429891,279547781.53999996,114731.0,598626.5000000001,15830458,2020
Bisoprolol/Hydrochlorothiazide,Bisoprolol-Hydrochlorothiazide,429370,15032075.740000002,114680.0,983329.9,29352299,2020
Sulfasalazine,Sulfasalazine Dr,422953,15851685.680000003,121226.0,720530.0000000001,21051680,2020
Mesalamine,Mesalamine Er,421864,291414839.43000007,112855.0,632498.3999999999,18362913,2020
Liothyronine Sodium,Liothyronine Sodium,410402,23643034.91,110734.0,848655.7,25210524,2020
Irbesartan/Hydrochlorothiazide,Irbesartan-Hydrochlorothiazide,410340,13844047.170000002,105233.0,894564.0,26770104,2020
Canagliflozin,Invokana,409555,342539607.6399999,103820.0,675159.3999999999,19884565,2020
"Syringe-Needle,insulin,0.5 Ml",Insulin Syringe,404556,11899063.18,126900.0,692429.2,20442200,2020
Nitrofurantoin Macrocrystal,Nitrofurantoin,401732,16811757.71,154437.0,536381.0000000001,13316102,2020
Prochlorperazine Maleate,Prochlorperazine Maleate,400357,7428216.730000002,235365.0,406628.8999999999,5230736,2020
Clotrimazole,Clotrimazole,395445,12640161.770000003,161442.0,417417.5999999999,9620573,2020
"Syringe And Needle,insulin,1ml",Insulin Syringe,391975,11965584.240000002,124379.0,657611.1,19322797,2020
Amantadine Hcl,Amantadine,389017,71146459.97,96598.0,535685.2,15177209,2020
Methenamine Hippurate,Methenamine Hippurate,386683,37744005.050000004,99124.0,552468.0000000002,15682458,2020
Buprenorphine Hcl,Belbuca,386657,113985177.87999997,84219.0,389249.3,10161985,2020
Budesonide,Budesonide Ec,385617,123928981.96999998,107434.0,471051.9000000001,12249849,2020
Diphenoxylate Hcl/Atropine,Diphenoxylate-Atropine,385220,14387139.95,133302.0,407464.9,7840922,2020
Ranitidine Hcl,Ranitidine Hcl,384760,5951471.760000001,188025.0,607584.8000000002,17342665,2020
Sildenafil Citrate,Sildenafil Citrate,382558,30993147.1,91507.0,453479.10000000003,12059652,2020
Calcium Acetate,Calcium Acetate,378482,35182984.62,112060.0,554662.4,15662509,2020
Fluorouracil,Fluorouracil,371512,42914023.599999994,322786.0,384881.4,9292730,2020
Rivastigmine,Rivastigmine,368653,115132488.88,91127.0,460388.70000000007,13318005,2020
Hydroxyurea,Hydroxyurea,366886,13940722.339999998,85501.0,634139.2,18696536,2020
Phenobarbital,Phenobarbital,359666,14870725.659999996,80858.0,421062.1000000001,11851941,2020
Sodium Chloride/Nahco3/Kcl/Peg,Gavilyte-N,347760,5346282.63,338696.0,350396.70000000007,659352,2020
"Fenofibrate,micronized",Fenofibrate,347497,17960284.469999995,91580.0,650274.2000000003,19219216,2020
"Diphth,pertuss(Acell),tet Vac",Boostrix Tdap,343260,21085827.010000005,342113.0,346268.7,702354,2020
Tacrolimus,Tacrolimus,339796,83899397.34000003,99348.0,478040.7000000001,13870134,2020
Penicillin V Potassium,Penicillin V Potassium,339076,2397092.28,256964.0,346359.30000000005,3244821,2020
Tiotropium Br/Olodaterol Hcl,Stiolto Respimat,337498,182394048.54,84545.0,439000.5999999999,13145231,2020
Ciclopirox,Ciclopirox,328617,13849224.32,148846.0,354876.3,9921949,2020
Tobramycin/Dexamethasone,Tobramycin-Dexamethasone,327080,32718827.87,231354.0,338186.5,5963132,2020
Tamoxifen Citrate,Tamoxifen Citrate,325709,15857762.879999999,89403.0,695553.6999999998,20729973,2020
Mycophenolate Mofetil,Mycophenolate Mofetil,316914,45760114.13,79665.0,510584.7,15087983,2020
Eszopiclone,Eszopiclone,313908,12597817.56,89105.0,364586.3000000001,10749146,2020
Lenalidomide,Revlimid,312133,5069713525.549999,54389.0,312806.39999999997,8384165,2020
Candesartan Cilexetil,Candesartan Cilexetil,310779,33095169.270000003,82136.0,612446.3,18237325,2020
Isosorbide Dinitrate,Isosorbide Dinitrate,309635,20597271.599999994,82082.0,448849.30000000005,12562197,2020
Cariprazine Hcl,Vraylar,306289,390659392.83000004,60527.0,324434.80000000005,9197754,2020
Carisoprodol,Carisoprodol,303976,4506157.460000001,73114.0,317426.89999999997,8965525,2020
Zonisamide,Zonisamide,302446,24497063.409999993,69152.0,446438.1,12972263,2020
Loperamide Hcl,Loperamide,302403,7994855.419999999,115495.0,322014.89999999997,5832500,2020
Memantine Hcl/Donepezil Hcl,Namzaric,298156,145112504.00000003,56389.0,355980.29999999993,8701779,2020
Ergocalciferol (Vitamin D2),Vitamin D2,295010,1058819.12,77610.0,411923.0,12070866,2020
Rizatriptan Benzoate,Rizatriptan,294109,10543422.01,84272.0,318559.6,7650148,2020
Potassium Citrate,Potassium Citrate Er,292394,48163063.14,80023.0,516011.9000000001,15237303,2020
Azathioprine,Azathioprine,292000,20263445.919999994,74221.0,521098.6999999999,15460454,2020
Oseltamivir Phosphate,Oseltamivir Phosphate,287392,21877767.749999993,251592.0,287428.5,2413239,2020
Dolutegravir Sodium,Tivicay,286590,600949645.1399999,43438.0,304836.80000000005,8971912,2020
Etanercept,Enbrel Sureclick,285146,1801002202.8300004,52327.0,319658.5,9025079,2020
Exenatide Microspheres,Bydureon Bcise,283432,276229009.25000006,78065.0,370674.5000000001,10678530,2020
Paliperidone,Invega,283381,196413531.49,59159.0,302873.50000000006,8157137,2020
Clonidine,Clonidine,279834,39902285.10000001,74197.0,374549.2,10612639,2020
Clindamycin Phosphate,Clindamycin Phosphate,277393,18164542.47,129912.0,294094.1000000001,7762392,2020
Insulin Aspart Prot/Insuln Asp,Novolog Mix 70-30,276521,282425806.87,73619.0,388710.79999999993,10638803,2020
Betamethasone/Propylene Glyc,Betamethasone Diprop Augmented,276268,15926235.889999997,144097.0,292468.49999999994,6964585,2020
Roflumilast,Daliresp,275508,129264073.31,62942.0,361745.7,10188478,2020
Ciclopirox Olamine,Ciclopirox,269168,9808559.750000004,130738.0,292536.1,7693198,2020
Enoxaparin Sodium,Enoxaparin Sodium,266523,51862204.83,113223.0,269520.1,3424508,2020
Haloperidol Decanoate,Haloperidol Decanoate,266393,17177615.5,48316.0,272471.89999999997,7149320,2020
Fluvoxamine Maleate,Fluvoxamine Maleate,266333,12977939.47,56452.0,301662.1999999999,8265490,2020
Difluprednate,Durezol,265086,57445090.12000001,150832.0,303593.1000000001,7549375,2020
Megestrol Acetate,Megestrol Acetate,264689,15043844.819999997,85346.0,301258.0,7927191,2020
Ursodiol,Ursodiol,264365,71308041.19000001,68678.0,422434.6000000001,12385302,2020
Alirocumab,Praluent Pen,262849,194844447.0199999,55128.0,325336.3,9335460,2020
Silver Sulfadiazine,Silver Sulfadiazine,258678,5709516.2,118418.0,269531.8999999999,5357988,2020
Testosterone,Testosterone,256906,91543689.14000003,69450.0,331750.70000000007,9738091,2020
Pentoxifylline,Pentoxifylline,256774,6372137.959999998,66357.0,375327.1,10953122,2020
Terbinafine Hcl,Terbinafine Hcl,255509,3014055.2499999995,120208.0,352496.6,9863728,2020
Oxycodone Myristate,Xtampza Er,254883,138435529.23000002,58392.0,255012.49999999994,7133712,2020
Emtricitabine/Tenofov Alafenam,Descovy,253806,505818256.24000007,39662.0,271623.3,8101121,2020
Tramadol Hcl/Acetaminophen,Tramadol Hcl-Acetaminophen,252906,4677824.27,100042.0,256312.79999999996,4736427,2020
Brinzolamide,Azopt,250614,111220390.82999997,69764.0,451715.4000000001,13427604,2020
Colestipol Hcl,Colestipol Hcl,250583,23905318.97,76801.0,377435.7,10809156,2020
Naloxone Hcl,Narcan,247051,31401928.229999993,225135.0,251537.3,2644654,2020
Rifaximin,Xifaxan,246257,566277646.01,61563.0,260289.30000000002,6357867,2020
Brinzolamide/Brimonidine Tart,Simbrinza,242649,54172439.6,59117.0,353807.3,10241773,2020
Dronedarone Hcl,Multaq,240378,236444789.45000002,59089.0,379444.20000000007,11030821,2020
Netarsudil Mesylate,Rhopressa,239725,94073993.63999999,63444.0,341978.29999999993,9413357,2020
Erenumab-Aooe,Aimovig Autoinjector,239296,169529284.51000002,47082.0,265460.80000000005,7815308,2020
Minocycline Hcl,Minocycline Hcl,235673,8292439.509999999,102742.0,287297.2,7313129,2020
Indapamide,Indapamide,231968,5166353.12,65043.0,500715.60000000003,14912055,2020
Atenolol/Chlorthalidone,Atenolol-Chlorthalidone,230940,8801413.89,65163.0,512056.99999999994,15301460,2020
Repaglinide,Repaglinide,230768,17279825.91,60189.0,420135.39999999997,12402225,2020
Fludrocortisone Acetate,Fludrocortisone Acetate,230550,6028371.62,65047.0,342115.9,9719014,2020
Fluorometholone,Fluorometholone,229734,18706252.009999998,105468.0,322652.50000000006,8492389,2020
Brexpiprazole,Rexulti,227280,281792725.32,45783.0,242451.90000000002,6951253,2020
Febuxostat,Febuxostat,226947,61097485.499999985,61349.0,352998.00000000006,10384507,2020
Rivastigmine Tartrate,Rivastigmine,223591,19472345.650000002,53182.0,283533.60000000003,7790867,2020
"Progesterone, Micronized",Progesterone,223275,16603508.410000004,62183.0,454963.80000000005,13531392,2020
Vilazodone Hcl,Viibryd,221885,74980925.8,52456.0,263792.5,7557934,2020
Fesoterodine Fumarate,Toviaz,221670,102009910.33000001,58534.0,303585.6999999998,8579019,2020
Bromfenac Sodium,Prolensa,218451,64000362.190000005,130035.0,267862.1,7232834,2020
Insulin Lispro Protamin/Lispro,Humalog Mix 50-50,216582,206048745.41,58325.0,301168.39999999997,8276117,2020
Dofetilide,Dofetilide,216000,75739514.35999998,55244.0,407279.1000000001,12101568,2020
Trospium Chloride,Trospium Chloride,215089,22413525.790000003,72030.0,375876.6000000001,11056818,2020
Cholestyramine (With Sugar),Cholestyramine,214171,23722727.35000001,74354.0,285325.1,8034365,2020
Ceftriaxone Sodium,Ceftriaxone,213784,15200637.099999994,101306.0,213818.09999999998,1011734,2020
Ibrutinib,Imbruvica,213673,2713501098.9700003,34859.0,216212.79999999996,6155286,2020
Medroxyprogesterone Acetate,Medroxyprogesterone Acetate,212356,4964107.619999999,58717.0,392943.7,11081799,2020
Varenicline Tartrate,Chantix,211199,104601961.7,69163.0,232254.2,6576710,2020
Buprenorphine,Buprenorphine,211067,85300749.16999999,60313.0,212397.79999999996,5872417,2020
Dextromethorphan Hbr/Quinidine,Nuedexta,209295,161674458.58,34516.0,215890.10000000006,3912474,2020
Tadalafil,Tadalafil,207603,137813516.71000004,50716.0,280635.9,8332690,2020
Propafenone Hcl,Propafenone Hcl,207345,29192856.24,57077.0,381053.79999999993,11243427,2020
Gentamicin Sulfate,Gentamicin Sulfate,207189,18440535.019999992,116620.0,212087.90000000008,3531905,2020
Felodipine,Felodipine Er,205752,7719596.1899999995,57134.0,431709.3999999999,12819978,2020
Collagenase Clostridium Hist.,Santyl,204951,104316021.67999998,84119.0,211517.3,3227010,2020
Perphenazine,Perphenazine,202860,13625281.490000006,41591.0,225607.00000000003,6289452,2020
Abacavir/Dolutegravir/Lamivudi,Triumeq,200902,666118658.8300002,31152.0,216347.80000000002,6457247,2020
Bicalutamide,Bicalutamide,199869,7451503.4799999995,61999.0,327319.89999999997,9632637,2020
Vancomycin Hcl,Vancomycin Hcl,197882,41789915.540000014,57288.0,200864.8,1861270,2020
Folic Acid,Folic Acid,196507,623184.9800000001,48076.0,341620.2,10198809,2020
Prasugrel Hcl,Prasugrel Hcl,196105,19415806.020000003,55161.0,365170.9999999999,10917286,2020
Ciclesonide,Alvesco,196093,25425433.089999992,81989.0,352356.89999999997,10496410,2020
Chlorpromazine Hcl,Chlorpromazine Hcl,195492,78891278.71,38428.0,206404.1,5491041,2020
Fluticasone Furoate,Arnuity Ellipta,194306,50298517.870000005,49726.0,243255.2,7279452,2020
0.9 % Sodium Chloride,Sodium Chloride,194143,4089833.7199999993,68298.0,195609.00000000003,1246659,2020
Pitavastatin Calcium,Livalo,193272,100894520.09,50687.0,340019.5000000001,10119697,2020
Elviteg/Cob/Emtri/Tenof Alafen,Genvoya,190737,675045043.7800001,29739.0,204696.6,6121483,2020
Modafinil,Modafinil,187938,33379145.339999996,50089.0,225843.19999999998,6608276,2020
Fluphenazine Hcl,Fluphenazine Hcl,186694,69881573.97999999,38091.0,199897.00000000003,5440058,2020
Lisdexamfetamine Dimesylate,Vyvanse,185921,65373749.650000006,45367.0,193316.8,5686828,2020
Lidocaine/Prilocaine,Lidocaine-Prilocaine,185371,7865478.47,93279.0,193568.0,4669279,2020
Loteprednol Etabonate,Lotemax,184468,45814297.650000006,86847.0,223329.9,5559567,2020
Etodolac,Etodolac,183257,10454038.830000004,70384.0,228015.40000000002,6137505,2020
Valproic Acid (As Sodium Salt),Valproic Acid,182520,7408716.0600000005,40556.0,186770.60000000003,4322945,2020
Denosumab,Prolia,175698,237303310.53999996,103896.0,953270.9999999999,28556926,2020
Cinacalcet Hcl,Cinacalcet Hcl,174214,138224764.03000003,40689.0,201026.69999999995,5747296,2020
Lidocaine Hcl,Lidocaine Hcl Viscous,173622,4295569.209999999,90336.0,175006.99999999994,1630633,2020
"Thyroid,pork",Armour Thyroid,170415,9455590.72,47972.0,297839.4,8804397,2020
Trimethoprim,Trimethoprim,168433,2632585.27,53057.0,265900.0,7576257,2020
Trihexyphenidyl Hcl,Trihexyphenidyl Hcl,166417,2040803.51,38434.0,199242.6,5555173,2020
Pilocarpine Hcl,Pilocarpine Hcl,165204,17855579.659999996,51681.0,280478.2999999999,8221949,2020
Glipizide/Metformin Hcl,Glipizide-Metformin,164521,9760132.97,44111.0,345423.2,10297061,2020
Pyridostigmine Bromide,Pyridostigmine Bromide,164271,22763197.73,42839.0,256222.00000000006,7415665,2020
Exemestane,Exemestane,161070,45104583.90999999,41718.0,296939.19999999995,8841055,2020
Parenteral Amino Acid 20% No.1,Prosol,159703,27071866.299999997,12118.0,159703.1,1107887,2020
Cefadroxil,Cefadroxil,157416,2050155.87,119884.0,165349.3999999999,1895800,2020
Lifitegrast,Xiidra,157234,121425173.60000002,48513.0,219969.69999999998,6588217,2020
Abiraterone Acetate,Abiraterone Acetate,153554,663103302.8999999,31650.0,156301.49999999997,4660917,2020
"Pen Needle,dual Safety,diabetc",Autoshield Duo Pen Needle,153410,11306925.930000003,38545.0,164652.09999999998,3900164,2020
Suvorexant,Belsomra,151908,59321915.87999999,41687.0,162883.1,4658377,2020
Theophylline Anhydrous,Theophylline Anhydrous,151571,17858599.950000003,42834.0,211404.80000000005,6076950,2020
Naltrexone Hcl,Naltrexone Hcl,150801,7735247.679999999,39699.0,172217.19999999995,4859497,2020
Polymyxin B Sulf/Trimethoprim,Polymyxin B Sul-Trimethoprim,150576,1361518.5799999994,119559.0,190640.1,4877196,2020
Glatiramer Acetate,Copaxone,150469,822537863.93,31412.0,161890.7,4499197,2020
Risperidone Microspheres,Risperdal Consta,149686,179887049.01,27256.0,150129.80000000002,2994821,2020
Colesevelam Hcl,Colesevelam Hcl,148826,62680127.32999999,44861.0,216130.10000000006,6158718,2020
Bethanechol Chloride,Bethanechol Chloride,148422,11027619.900000002,39875.0,187666.2,5194462,2020
Galantamine Hbr,Galantamine Hbr,147444,14603312.769999996,37903.0,200729.5,5659750,2020
Halobetasol Propionate,Halobetasol Propionate,147367,16210844.229999995,61765.0,155600.80000000002,4236432,2020
Tofacitinib Citrate,Xeljanz Xr,146256,738980392.9499999,28567.0,160879.7,4806687,2020
Rasagiline Mesylate,Rasagiline Mesylate,145975,74400134.85,36277.0,260468.10000000003,7614028,2020
Palbociclib,Ibrance,145100,1851571274.5800006,26738.0,145694.99999999997,4032944,2020
"Pen Needle, Diabetic, Safety",Novofine Autocover,143210,10690717.529999997,34076.0,151243.09999999998,3431949,2020
Enzalutamide,Xtandi,143005,1669779426.2500002,28731.0,144855.9,4328435,2020
Mometasone/Formoterol,Dulera,142019,57916799.48,40806.0,184243.20000000007,5502506,2020
Acetazolamide,Acetazolamide,140430,14148665.050000004,50205.0,175542.90000000002,4510875,2020
Naloxegol Oxalate,Movantik,139645,51152316.21,37689.0,152497.00000000006,4149231,2020
Telmisartan/Hydrochlorothiazid,Telmisartan-Hydrochlorothiazid,137411,19449211.750000004,38363.0,290693.6,8692445,2020
Sulindac,Sulindac,136432,2510882.789999999,50149.0,174909.00000000003,4776834,2020
Silodosin,Silodosin,135538,20311853.580000002,38909.0,246830.4,7299628,2020
Diclofenac Epolamine,Diclofenac Epolamine,132963,102357348.48,38011.0,164701.6,4873793,2020
Glycopyrrolate,Glycopyrrolate,130650,6128447.919999999,35365.0,144082.9,3743078,2020
Spironolact/Hydrochlorothiazid,Spironolactone-Hctz,129259,6519358.869999999,37495.0,268605.1,7980337,2020
Neomycin/Polymyxin B/Hydrocort,Neomycin-Polymyxin-Hc,129064,8503704.899999997,97909.0,133253.3,2004943,2020
Galcanezumab-Gnlm,Emgality Pen,128980,94397345.07,28559.0,141498.60000000003,4161936,2020
Imipramine Hcl,Imipramine Hcl,127702,2445745.52,37859.0,172816.6,5044932,2020
Desmopressin Acetate,Desmopressin Acetate,124524,11050824.149999997,34867.0,166099.99999999994,4674004,2020
Benazepril/Hydrochlorothiazide,Benazepril-Hydrochlorothiazide,121149,6819660.919999998,35780.0,265834.70000000007,7896124,2020
Risedronate Sodium,Risedronate Sodium,119312,18529828.869999997,35765.0,218007.59999999995,6441220,2020
Niacin,Niacin Er,119019,14697390.07,35671.0,193112.1,5670769,2020
Amlodipine Besylate/Valsartan,Amlodipine-Valsartan,119012,7480795.660000001,34574.0,241794.59999999998,7207088,2020
Diclofenac Potassium,Diclofenac Potassium,117539,8156187.720000001,50608.0,127170.1,3052012,2020
Acarbose,Acarbose,115942,6180334.249999998,29950.0,198171.30000000005,5832974,2020
Nateglinide,Nateglinide,115885,10026090.139999999,31204.0,206424.5000000001,6088155,2020
Atomoxetine Hcl,Atomoxetine Hcl,114590,19538904.8,30179.0,130804.79999999999,3766737,2020
Ferric Citrate,Auryxia,114304,164545584.68000004,26662.0,142933.30000000002,4144530,2020
Clorazepate Dipotassium,Clorazepate Dipotassium,114178,11792058.030000001,31891.0,120642.59999999999,3428718,2020
Betamethasone Valerate,Betamethasone Valerate,114095,4734844.78,57092.0,121036.99999999997,2717419,2020
Empagliflozin/Metformin Hcl,Synjardy Xr,113749,86194206.12,29980.0,172695.10000000003,5128341,2020
Cyproheptadine Hcl,Cyproheptadine Hcl,111315,3801963.0700000008,32039.0,128780.29999999997,3463720,2020
Tapentadol Hcl,Nucynta Er,110552,88265000.35999998,28084.0,110860.70000000001,3092429,2020
Eplerenone,Eplerenone,110532,14105029.139999997,30980.0,205256.8,6103147,2020
Nadolol,Nadolol,110266,11037423.690000001,34121.0,194022.3,5719183,2020
Dupilumab,Dupixent Syringe,109853,366042272.86,24837.0,114711.7,3165047,2020
"Diph,pertuss(Acell),tet Vac/Pf",Adacel Tdap,109393,6324785.369999998,109196.0,109448.0,240988,2020
Phenytoin,Phenytoin,109270,4315809.399999999,27333.0,116280.89999999997,2814035,2020
Nepafenac,Ilevro,109159,35086888.48999999,64410.0,125192.2,3281583,2020
Darunavir/Cobicistat,Prezcobix,107819,235995032.09000003,18248.0,115772.1,3430681,2020
Clobazam,Clobazam,107646,44579041.37000002,20988.0,120726.40000000001,3463137,2020
Minoxidil,Minoxidil,107142,2635071.1500000004,30804.0,178972.79999999996,5209879,2020
Darunavir Ethanolate,Prezista,105719,197376302.97000006,18660.0,112503.09999999999,3287989,2020
Pimavanserin Tartrate,Nuplazid,104559,333766266.8200001,20914.0,110503.6,2712474,2020
Fosinopril Sodium,Fosinopril Sodium,102351,1812204.2899999998,30370.0,211573.69999999995,6273368,2020
Sucroferric Oxyhydroxide,Velphoro,102175,284306630.8,25023.0,130754.09999999999,3870467,2020
Dalfampridine,Dalfampridine Er,101628,123959759.22999999,19607.0,121103.90000000002,3614839,2020
Raltegravir Potassium,Isentress,100432,180609507.37,19157.0,108720.4,3203788,2020
Netarsudil Mesylat/Latanoprost,Rocklatan,98787,39727510.12,25927.0,133438.90000000005,3594014,2020
Emtricitab/Rilpiviri/Tenof Ala,Odefsey,97937,314978193.0299999,16475.0,105468.8,3150035,2020
Amlodipine Bes/Olmesartan Med,Amlodipine-Olmesartan,97696,9673822.720000004,27905.0,192021.30000000002,5732182,2020
Glyburide,Glyburide,97491,2047410.3699999996,29743.0,175854.80000000002,5178863,2020
Dimethyl Fumarate,Tecfidera,94926,901273578.2399999,18015.0,107767.2,3202928,2020
Glycopyrrolate/Formoterol Fum,Bevespi Aerosphere,94910,42315052.480000004,25464.0,112819.79999999999,3343495,2020
Econazole Nitrate,Econazole Nitrate,93184,8422183.029999997,43565.0,100230.69999999997,2611645,2020
Entacapone,Entacapone,93029,20589699.479999997,23732.0,137014.70000000004,3777063,2020
Ezetimibe/Simvastatin,Ezetimibe-Simvastatin,92460,18436095.27,29220.0,192922.80000000008,5750412,2020
Ritonavir,Ritonavir,92075,13008411.819999997,17803.0,105469.8,3130694,2020
Nintedanib Esylate,Ofev,91919,1005417098.1999998,17635.0,93782.5,2804031,2020
Imatinib Mesylate,Imatinib Mesylate,91667,313978587.46000004,22433.0,96103.29999999997,2850701,2020
Aspirin/Dipyridamole,Aspirin-Dipyridamole Er,90240,24664710.410000004,27397.0,114318.19999999998,3186627,2020
Linagliptin/Metformin Hcl,Jentadueto,90191,54574232.58000001,22140.0,123957.79999999999,3658558,2020
"Calcitonin,salmon,synthetic",Calcitonin-Salmon,90022,7105010.7,27557.0,113374.79999999999,3363797,2020
Fenofibric Acid (Choline),Fenofibric Acid,89795,9923559.39,26171.0,163861.40000000002,4854964,2020
Apremilast,Otezla,89587,341174477.46000016,22039.0,97367.70000000001,2876500,2020
Zaleplon,Zaleplon,88633,2194264.0000000005,27078.0,97678.0,2824038,2020
Beclomethasone Dipropionate,Qvar Redihaler,87782,25602042.259999994,26773.0,117731.0,3503134,2020
Rabeprazole Sodium,Rabeprazole Sodium,85589,7407571.010000002,27594.0,147159.8,4375364,2020
Insulin Glargine/Lixisenatide,Soliqua 100-33,85558,73425961.20000002,22359.0,126934.99999999996,3643722,2020
Besifloxacin Hcl,Besivance,84851,15813393.209999999,60431.0,90095.70000000001,2164459,2020
Clomipramine Hcl,Clomipramine Hcl,84533,28588651.630000006,21510.0,92833.89999999998,2585409,2020
Imiquimod,Imiquimod,84142,4830721.930000001,55342.0,98427.09999999996,2519791,2020
Candesartan/Hydrochlorothiazid,Candesartan-Hydrochlorothiazid,84090,13111798.479999997,21031.0,151687.2,4532494,2020
Valbenazine Tosylate,Ingrezza,84007,580799136.39,19141.0,86562.89999999998,2525697,2020
Tobramycin,Tobramycin,82337,2160388.11,58857.0,84530.60000000005,1549632,2020
Guanfacine Hcl,Guanfacine Hcl,82286,4199306.120000001,22641.0,98450.40000000001,2822765,2020
Teriparatide,Forteo,81854,318759648.43,19325.0,88061.90000000001,2516440,2020
"Syring-Needl,disp,insul,0.3 Ml",Insulin Syringe,81625,2463187.8400000012,25933.0,120307.3,3527914,2020
Patiromer Calcium Sorbitex,Veltassa,81392,77919663.81,20541.0,97740.7,2792879,2020
Tenofovir Alafenamide,Vemlidy,80822,107772784.14000002,14270.0,90266.20000000001,2702771,2020
Cimetidine,Cimetidine,79356,4125485.5500000007,24502.0,112878.49999999996,3229056,2020
Atropine Sulfate,Atropine Sulfate,78708,4197676.0,46046.0,102333.00000000003,2388027,2020
Saxagliptin Hcl,Onglyza,78622,45433109.48000002,23920.0,108521.40000000002,3088826,2020
Ruxolitinib Phosphate,Jakafi,77929,1058770855.09,16913.0,79185.00000000001,2365016,2020
Leucovorin Calcium,Leucovorin Calcium,77241,3365136.4399999995,20141.0,148142.49999999994,4288438,2020
Valganciclovir Hcl,Valganciclovir Hcl,76936,37752301.230000004,27003.0,82434.49999999997,2417542,2020
Asenapine Maleate,Saphris,76858,72565883.36000001,18391.0,82614.4,2315064,2020
Scopolamine,Scopolamine,76715,7538221.039999999,21681.0,77358.00000000001,1344315,2020
Balsalazide Disodium,Balsalazide Disodium,76459,15878154.489999998,19956.0,121691.89999999994,3582749,2020
Latanoprostene Bunod,Vyzulta,76275,27726378.919999994,20802.0,110689.7,3101178,2020
Cefpodoxime Proxetil,Cefpodoxime Proxetil,76202,5192750.3599999985,62506.0,76959.1,600309,2020
Estazolam,Estazolam,76172,3312600.539999999,14150.0,77150.9,2292849,2020
Epoetin Alfa,Procrit,76086,107897314.71999998,19236.0,79924.49999999999,1697741,2020
Eslicarbazepine Acetate,Aptiom,75356,95939707.49000002,13494.0,81450.30000000002,2018709,2020
Calcipotriene,Calcipotriene,74111,20649653.44,31789.0,82430.8,2236593,2020
Deutetrabenazine,Austedo,73765,420618993.0799998,15277.0,75323.40000000001,2032875,2020
Entecavir,Entecavir,73026,23010887.109999996,17852.0,106291.70000000004,3165932,2020
Levalbuterol Tartrate,Levalbuterol Tartrate Hfa,72097,5511494.859999999,24339.0,82739.20000000001,2095206,2020
Rotigotine,Neupro,71916,65717369.66999999,17241.0,92983.90000000001,2723213,2020
Darunavir/Cob/Emtri/Tenof Alaf,Symtuza,71492,294193821.34,11837.0,74227.69999999998,2218322,2020
Dolutegravir/Rilpivirine,Juluca,70878,217442255.42000008,12169.0,75211.90000000001,2242554,2020
Oxymorphone Hcl,Oxymorphone Hcl,70022,26038379.849999998,17027.0,70172.69999999998,1980621,2020
Secukinumab,Cosentyx Pen (2 Pens),69624,449079617.1299999,18476.0,73460.50000000001,2070765,2020
Teriflunomide,Aubagio,69098,667353805.34,12713.0,84371.90000000002,2517609,2020
Desonide,Desonide,69013,19218870.290000007,36601.0,71263.9,1765697,2020
Omeprazole/Sodium Bicarbonate,Omeprazole-Sodium Bicarbonate,68633,99781984.79999998,16316.0,90472.59999999999,2692656,2020
Macitentan,Opsumit,68290,727523499.8599999,10321.0,69057.70000000001,2067160,2020
Dorzolamide/Timolol/Pf,Cosopt Pf,67317,12990478.099999998,18620.0,99401.7,2950454,2020
Epinephrine,Epinephrine,63921,18282185.150000002,50937.0,67976.8,1117343,2020
Tafluprost/Pf,Zioptan,63053,19904453.290000003,16301.0,91963.20000000001,2711126,2020
Pomalidomide,Pomalyst,62544,1145962941.6100001,15022.0,62664.700000000004,1718692,2020
Tenofovir Disoproxil Fumarate,Tenofovir Disoproxil Fumarate,62478,12931634.909999995,15552.0,83495.99999999999,2485299,2020
Hydrocodone Bitartrate,Hydrocodone Bitartrate Er,62105,33205812.47,15993.0,62193.09999999999,1761953,2020
Armodafinil,Armodafinil,62075,8645853.459999999,17439.0,71746.09999999999,2100114,2020
Chlordiazepoxide Hcl,Chlordiazepoxide Hcl,60470,632457.54,17615.0,62430.6,1769029,2020
Ambrisentan,Ambrisentan,60467,377218162.0299999,11013.0,62119.8,1859451,2020
Methotrexate Sodium/Pf,Methotrexate Sodium,59840,998770.5200000001,17238.0,89833.80000000002,2553117,2020
Clarithromycin,Clarithromycin,59668,2536045.8899999997,43039.0,61782.799999999996,895734,2020
Nystatin/Triamcin,Nystatin-Triamcinolone,59410,3535897.759999999,25520.0,61366.799999999996,1140316,2020
Fluphenazine Decanoate,Fluphenazine Decanoate,59272,6536561.990000001,12894.0,66605.5,1757699,2020
Haloperidol Lactate,Haloperidol Lactate,58794,1495253.9100000001,18396.0,59978.700000000004,966414,2020
Dronabinol,Dronabinol,58751,11928734.159999996,17501.0,59640.69999999999,1515573,2020
Ertapenem Sodium,Ertapenem,58401,35489549.97,19131.0,58417.9,319837,2020
Azilsartan Medoxomil,Edarbi,57984,17678810.649999995,13999.0,84558.6,2529928,2020
Olmesartan/Amlodipin/Hcthiazid,Olmesartan-Amlodipine-Hctz,57783,9550140.530000001,16150.0,105735.4,3155286,2020
Brivaracetam,Briviact,56733,78774568.76,10785.0,61859.19999999999,1749397,2020
Indomethacin,Indomethacin,56302,1168932.6300000001,21381.0,66341.8,1530198,2020
Desloratadine,Desloratadine,56165,2624055.26,18526.0,84386.99999999999,2461561,2020
Aripiprazole Lauroxil,Aristada,55806,148111217.87000003,12370.0,64287.50000000001,1852325,2020
Pirfenidone,Esbriet,55787,555204980.8899997,12173.0,57605.5,1722159,2020
Carbidopa/Levodopa/Entacapone,Carbidopa-Levodopa-Entacapone,55559,16607212.639999997,12944.0,80284.90000000002,2154621,2020
Dapagliflozin/Metformin Hcl,Xigduo Xr,55134,39170309.459999986,14759.0,81318.29999999997,2418456,2020
Fluoride (Sodium),Dentagel,53874,628936.43,21138.0,65221.10000000001,1778215,2020
Ciprofloxacin Hcl/Dexameth,Ciprodex,53550,13695588.82,33224.0,54264.600000000006,768835,2020
Valproic Acid,Valproic Acid,53519,2339720.3499999996,16198.0,57920.49999999999,1505984,2020
Cromolyn Sodium,Cromolyn Sodium,53327,4977834.8100000005,20270.0,68764.40000000001,1866129,2020
Ramelteon,Ramelteon,53250,8384277.289999999,16161.0,58436.9,1638653,2020
Fluocinolone Acetonide,Fluocinolone Acetonide,52989,5766205.149999999,24957.0,55803.70000000001,1459731,2020
Abatacept,Orencia,52213,267246065.56,12363.0,56742.7,1594532,2020
Tretinoin,Tretinoin,51810,5889969.880000001,21162.0,57287.89999999999,1556669,2020
Loxapine Succinate,Loxapine,51446,2737804.5900000003,11985.0,55778.4,1496952,2020
Rifampin,Rifampin,51256,3105371.980000001,14607.0,62342.6,1738655,2020
Immune Globul G/Gly/Iga Avg 46,Gamunex-C,50681,418812606.7699999,8942.0,51419.70000000002,1268077,2020
Dextroamphetamine Sulfate,Dextroamphetamine Sulfate,50521,8412552.18,16782.0,52180.100000000006,1523736,2020
Enalapril/Hydrochlorothiazide,Enalapril-Hydrochlorothiazide,49666,1009296.2499999998,14725.0,96758.1,2884898,2020
"Heparin Sodium,porcine",Heparin Sodium,49455,2823261.43,10896.0,49603.299999999996,507327,2020
Interferon Beta-1a,Avonex Pen,48914,391438893.32,12945.0,53604.89999999999,1516343,2020
Gatifloxacin,Gatifloxacin,48436,3591783.9500000007,32737.0,49035.29999999998,752328,2020
Azilsartan Med/Chlorthalidone,Edarbyclor,47806,13809713.410000004,11246.0,67744.70000000001,2029007,2020
Dapsone,Dapsone,47650,3811693.459999999,14070.0,61361.600000000006,1792097,2020
Emtricitabine/Tenofovir (Tdf),Truvada,46482,91943996.13000001,12288.0,50099.200000000004,1482707,2020
Dexamethasone Sodium Phosphate,Dexamethasone Sodium Phosphate,46393,1962836.1099999992,24043.0,53326.70000000001,1073246,2020
Daptomycin,Daptomycin,46300,106783897.83,11705.0,46306.0,301132,2020
Cholestyramine/Aspartame,Cholestyramine Light,45214,4572768.91,15968.0,54207.700000000004,1475606,2020
Sodium Polystyrene Sulfon/Sorb,Sps,45022,3471892.53,17903.0,46433.999999999985,434797,2020
Abaloparatide,Tymlos,44821,97510795.48999998,10324.0,48820.90000000001,1455582,2020
Triazolam,Triazolam,44709,3251268.2600000002,15597.0,47098.7,1270435,2020
Levobunolol Hcl,Levobunolol Hcl,44657,891557.92,15486.0,90478.8,2645308,2020
Milnacipran Hcl,Savella,44330,20901493.93,13758.0,53377.1,1534428,2020
"Glucagon,human Recombinant",Glucagon Emergency Kit,44013,16522008.54,19943.0,45146.799999999996,283457,2020
Misoprostol,Misoprostol,44002,2477889.2199999993,15358.0,53209.600000000006,1352966,2020
Alogliptin Benzoate,Alogliptin,43575,9082093.18,9180.0,51000.9,1473429,2020
Venetoclax,Venclexta,43116,392672432.13000005,10823.0,43398.8,1243054,2020
Immun Glob G(Igg)/Pro/Iga 0-50,Hizentra,43089,377188473.9,8479.0,43531.00000000002,1111788,2020
Empagliflozin/Linagliptin,Glyxambi,43006,33858094.36,11888.0,62713.799999999996,1859485,2020
Cefepime Hcl,Cefepime Hcl,42947,8219011.839999999,12431.0,42960.200000000004,247667,2020
Plecanatide,Trulance,42849,23256298.130000003,12540.0,52724.899999999994,1574212,2020
Cevimeline Hcl,Cevimeline Hcl,42564,9253120.98,12312.0,66912.9,1961227,2020
Pentosan Polysulfate Sodium,Elmiron,42453,39841280.319999985,12004.0,52140.3,1449862,2020
"Estrogen,con/M-Progest Acet",Prempro,42254,11608330.740000002,14205.0,56219.299999999996,1615832,2020
Permethrin,Permethrin,41378,3063083.25,23362.0,41611.399999999994,316120,2020
Cabergoline,Cabergoline,40175,5686460.700000001,10935.0,66992.7,1936963,2020
Selegiline Hcl,Selegiline Hcl,39798,5602685.630000003,11039.0,70502.3,2064967,2020
Iloperidone,Fanapt,39795,59154100.71000003,8621.0,41104.5,1079967,2020
Hepatitis A Virus Vaccine/Pf,Havrix,39675,3572165.0700000003,37138.0,39915.1,87114,2020
Lamivudine,Lamivudine,39633,6101268.120000002,10235.0,47474.799999999996,1390330,2020
Meropenem,Meropenem,39556,11680293.94,10529.0,39560.9,196162,2020
Naproxen Sodium,Naproxen Sodium,39510,10052329.77,17308.0,44376.59999999999,1094253,2020
Calcifediol,Rayaldee,39085,54040499.22999997,6912.0,45797.00000000001,1355842,2020
Sodium Zirconium Cyclosilicate,Lokelma,39046,27790978.789999995,11586.0,47980.8,1350817,2020
Ethambutol Hcl,Ethambutol Hcl,39013,1969205.7900000005,9735.0,49182.59999999999,1408424,2020
Omalizumab,Xolair,38984,117822531.70999996,8575.0,40115.1,1104377,2020
Chlorzoxazone,Chlorzoxazone,38892,18194967.65,12308.0,41753.8,1158514,2020
Riociguat,Adempas,38750,430837329.68000007,6237.0,38920.5,1142344,2020
Fingolimod Hcl,Gilenya,38643,365672897.4400001,8254.0,42202.299999999996,1245157,2020
Captopril,Captopril,38618,3293477.9899999993,11500.0,55741.30000000001,1600269,2020
Ivermectin,Ivermectin,38535,2621257.2299999995,27434.0,39799.2,348396,2020
Hydrocodone/Ibuprofen,Hydrocodone-Ibuprofen,38340,2071460.4400000004,14131.0,38414.70000000001,946239,2020
Mycophenolate Sodium,Myfortic,38298,20013795.159999996,9807.0,52806.6,1562184,2020
Osimertinib Mesylate,Tagrisso,38291,609433637.9200002,8803.0,38642.00000000001,1153273,2020
Famciclovir,Famciclovir,38279,2512076.6799999992,14667.0,45752.79999999999,969148,2020
Amiloride Hcl,Amiloride Hcl,38106,673507.4099999999,11760.0,62994.20000000001,1815371,2020
Perampanel,Fycompa,37627,40463416.3,7823.0,40697.30000000001,1138832,2020
Naratriptan Hcl,Naratriptan Hcl,37262,2159261.13,11080.0,40094.200000000004,982236,2020
Neomycin Sulfate,Neomycin Sulfate,37176,455383.56000000006,33145.0,37441.7,136797,2020
Acebutolol Hcl,Acebutolol Hcl,37163,1818881.6499999997,10658.0,68975.0,2031415,2020
Immun Glob G(Igg)/Gly/Iga Ov50,Gammagard Liquid,36909,343970509.5899999,7377.0,37367.5,934197,2020
Terconazole,Terconazole,36669,1248348.1500000004,21023.0,37096.40000000001,282503,2020
Bepotastine Besilate,Bepreve,35215,11140613.320000004,10731.0,43044.899999999994,1164541,2020
Levomilnacipran Hcl,Fetzima,35057,15917905.750000004,9626.0,38707.6,1099781,2020
Salmeterol Xinafoate,Serevent Diskus,35000,16677384.739999996,11776.0,41798.9,1234263,2020
Fluocinolone Acetonide Oil,Fluocinolone Acetonide Oil,34958,2818394.06,23342.0,42890.399999999994,1022794,2020
Etravirine,Intelence,34834,53242734.78,7621.0,37888.0,1129469,2020
Mexiletine Hcl,Mexiletine Hcl,34676,5236449.690000001,10110.0,53906.800000000025,1561590,2020
Cefazolin Sodium,Cefazolin Sodium,33530,2161332.62,8534.0,33534.3,215969,2020
Alclometasone Dipropionate,Alclometasone Dipropionate,32597,1771340.7700000005,21675.0,33822.4,777425,2020
Mercaptopurine,Mercaptopurine,32533,4163091.26,8922.0,54003.29999999998,1598252,2020
Fremanezumab-Vfrm,Ajovy Syringe,32432,23092392.099999998,8276.0,36917.69999999999,1093396,2020
Zafirlukast,Zafirlukast,32365,3313963.849999999,10548.0,43150.20000000001,1256108,2020
Sodium Chloride Irrig Solution,Sodium Chloride,32247,593235.6299999998,9799.0,33380.200000000004,542692,2020
Canagliflozin/Metformin Hcl,Invokamet Xr,32171,22226253.080000002,9666.0,46026.89999999998,1365767,2020
Tocilizumab,Actemra,32062,117135525.61999997,8259.0,34411.299999999996,957109,2020
Norgestimate-Ethinyl Estradiol,Norgestimate-Ethinyl Estradiol,32060,574218.16,11985.0,33942.299999999996,942523,2020
Piperacillin Sodium/Tazobactam,Piperacillin-Tazobactam,31072,6052350.31,9662.0,31073.4,149007,2020
Efavirenz/Emtricit/Tenofovr Df,Atripla,30793,99710545.26999998,7519.0,32771.4,978667,2020
Insulin Degludec/Liraglutide,Xultophy 100-3.6,30778,35187304.29,8288.0,45035.899999999994,1306679,2020
Onabotulinumtoxina,Botox,30719,40732453.17,11358.0,83335.0,2490285,2020
Interferon Beta-1a/Albumin,Rebif Rebidose,30709,270432777.64000005,8521.0,32741.399999999998,892586,2020
Atovaquone,Atovaquone,30388,25867205.579999994,8133.0,31922.600000000002,855758,2020
Desipramine Hcl,Desipramine Hcl,30047,2509830.66,9503.0,37427.1,1084364,2020
Abacavir Sulfate/Lamivudine,Abacavir-Lamivudine,29831,11763760.300000004,7046.0,34653.4,1025208,2020
Dolutegravir Sodium/Lamivudine,Dovato,29678,77039405.71,5447.0,31033.5,928483,2020
"Cyclosporine, Modified",Gengraf,29573,5787396.0699999975,7921.0,42732.4,1261574,2020
"Pnv,calcium 72/Iron/Folic Acid",Preplus,29448,262141.16999999998,8272.0,33114.299999999996,900673,2020
Carvedilol Phosphate,Carvedilol Er,28834,9629709.1,9420.0,44905.1,1307481,2020
Ampicillin Trihydrate,Ampicillin Trihydrate,28591,438296.9,17796.0,30193.500000000004,377930,2020
Oxazepam,Oxazepam,28508,1898595.7800000003,9632.0,29466.699999999993,824477,2020
Paricalcitol,Paricalcitol,28490,4300258.68,7294.0,47661.600000000006,1385255,2020
Alpha-1-Proteinase Inhibitor,Prolastin C,28446,291473661.35999995,8065.0,28486.100000000002,770513,2020
Levocarnitine,Levocarnitine,28224,2839856.09,7019.0,30995.300000000003,774478,2020
Dantrolene Sodium,Dantrolene Sodium,27991,2506746.0300000003,7973.0,29886.000000000015,765215,2020
Diphenhydramine Hcl,Diphenhydramine Hcl,27786,952180.97,7701.0,28354.39999999999,390296,2020
Apalutamide,Erleada,27583,348262435.24,6335.0,27990.899999999998,838848,2020
Methazolamide,Methazolamide,27511,11125487.120000001,7665.0,38610.399999999994,1089799,2020
Upadacitinib,Rinvoq,26963,144284699.25000003,5949.0,28620.3,858120,2020
Abacavir Sulfate,Abacavir,26848,6300299.539999998,6507.0,30388.499999999996,890315,2020
Insulin Pump Cartridge,Omnipod Dash 5 Pack Pod,26276,36687306.1,8058.0,52316.700000000004,1554887,2020
Selexipag,Uptravi,26246,495123149.35999995,4248.0,26408.8,768703,2020
Benzonatate,Benzonatate,26138,257306.09000000003,17489.0,26216.9,271860,2020
Cannabidiol (Cbd),Epidiolex,25468,93794304.44999999,4757.0,25935.899999999998,756068,2020
Rufinamide,Banzel,25299,93917056.46,5719.0,25925.8,699813,2020
Peg3350/Sod Sul/Nacl/Kcl/Asb/C,Plenvu,24985,2886785.6,24520.0,25026.7,58999,2020
Ubrogepant,Ubrelvy,24909,24202955.42000001,7339.0,25489.4,510474,2020
Riluzole,Riluzole,24853,7120653.640000002,6646.0,36507.39999999999,1067190,2020
Prednisolone,Prednisolone,24814,589141.26,16430.0,24872.7,216474,2020
Dexmethylphenidate Hcl,Dexmethylphenidate Hcl Er,24759,3095247.310000001,8278.0,25293.299999999996,740124,2020
Ixazomib Citrate,Ninlaro,24758,265529875.04000002,6031.0,24869.700000000004,686402,2020
Piroxicam,Piroxicam,24737,3973396.090000001,8530.0,30635.399999999998,888607,2020
Epoetin Alfa-Epbx,Retacrit,24727,13816576.96,6562.0,25740.2,504817,2020
Acitretin,Acitretin,24340,12152020.550000003,6738.0,27870.099999999995,807701,2020
Dutasteride/Tamsulosin Hcl,Dutasteride-Tamsulosin,24310,4429090.93,7515.0,43039.7,1280890,2020
Butorphanol Tartrate,Butorphanol Tartrate,23908,2409550.85,6026.0,24072.100000000002,466602,2020
Butalbit/Acetamin/Caff/Codeine,Butalb-Acetaminoph-Caff-Codein,23675,3014887.739999999,7652.0,23759.600000000002,506649,2020
Hepatitis A And B Vaccine/Pf,Twinrix,23626,3065524.2999999993,16879.0,23746.7,44235,2020
Amlodipine/Atorvastatin,Amlodipine-Atorvastatin,23534,5118701.720000002,7871.0,42054.600000000006,1242267,2020
Bromocriptine Mesylate,Bromocriptine Mesylate,23302,6030587.349999999,6819.0,27969.9,737184,2020
Dasatinib,Sprycel,23252,261462568.11999995,6781.0,23637.4,700444,2020
Glyburide/Metformin Hcl,Glyburide-Metformin Hcl,23219,450254.7299999999,7298.0,39416.700000000004,1174119,2020
Eletriptan Hydrobromide,Eletriptan Hbr,23124,4315719.299999999,7217.0,24200.900000000005,558461,2020
Metaxalone,Metaxalone,23100,3828401.1599999997,8056.0,24789.400000000005,662224,2020
Sodium Polystyrene Sulfonate,Sodium Polystyrene Sulfonate,22783,1542385.9600000002,8799.0,27431.0,566067,2020
Azelastine/Fluticasone,Azelastine-Fluticasone,22774,4932444.710000002,8467.0,29069.19999999999,862081,2020
Ustekinumab,Stelara,22728,503147955.21000004,5687.0,37446.39999999998,1103418,2020
Dextrose 5 %-0.45 % Sod Chlord,Dextrose 5%-0.45% Nacl,22726,463866.3900000002,10608.0,22739.800000000003,64601,2020
Prucalopride Succinate,Motegrity,22612,12289368.630000003,6309.0,27667.9,817901,2020
Desoximetasone,Desoximetasone,22467,3123032.220000001,9610.0,23817.2,606251,2020
Methotrexate/Pf,Otrexup,22173,13974170.620000003,5408.0,25834.4,729285,2020
Parenteral Amino Acid 15% No.5,Clinisol,22150,3461580.879999999,2535.0,22150.9,149978,2020
Atazanavir Sulfate,Atazanavir Sulfate,22018,11688618.44,5653.0,24203.5,713674,2020
Lanthanum Carbonate,Lanthanum Carbonate,21835,24596904.840000004,6298.0,28070.100000000002,810965,2020
Butalbital/Aspirin/Caffeine,Butalbital-Aspirin-Caffeine,21621,1587053.3499999996,7434.0,21834.199999999997,422418,2020
Methylnaltrexone Bromide,Relistor,21563,40533747.68,6599.0,22849.4,618537,2020
Sirolimus,Sirolimus,21533,15398086.239999998,5374.0,32696.799999999992,966464,2020
Certolizumab Pegol,Cimzia,21521,121074256.80999999,5849.0,23146.600000000002,651682,2020
Ivabradine Hcl,Corlanor,21491,12070473.97,5885.0,28321.699999999993,809025,2020
Isosorbide Dinit/Hydralazine,Bidil,20987,8394067.36,5994.0,28184.500000000007,768159,2020
Trandolapril,Trandolapril,20563,498688.58,6592.0,39677.200000000004,1175784,2020
Diflorasone Diacetate,Diflorasone Diacetate,20559,37810971.599999994,9926.0,21442.0,582056,2020
Fat Emulsions,Intralipid,20498,5214530.499999999,3046.0,20498.0,142050,2020
Saxagliptin Hcl/Metformin Hcl,Kombiglyze Xr,20301,10971943.899999999,6569.0,26292.899999999998,768377,2020
Thioridazine Hcl,Thioridazine Hcl,20274,1165042.62,5752.0,21140.100000000002,567972,2020
Pioglitazone Hcl/Metformin Hcl,Pioglitazone-Metformin,20085,2980692.14,6277.0,38717.90000000001,1155831,2020
Ixekizumab,Taltz Autoinjector,20057,125841361.42,5921.0,20745.8,583299,2020
Acetic Acid,Acetic Acid,19983,357201.5699999999,7749.0,20808.000000000004,297294,2020
Felbamate,Felbatol,19876,15020889.970000003,5122.0,23266.400000000005,649833,2020
Selenium Sulfide,Selenium Sulfide,19669,264542.04,8672.0,21110.500000000007,548584,2020
Gabapentin Enacarbil,Horizant,19570,14897308.500000004,5337.0,23016.100000000002,676860,2020
Eltrombopag Olamine,Promacta,19556,203865663.19999996,5665.0,20057.2,593992,2020
Quinapril/Hydrochlorothiazide,Quinapril-Hydrochlorothiazide,19391,816729.6299999999,6284.0,40176.09999999999,1197734,2020
Sodium Chloride 0.45 %,Sodium Chloride,19295,412099.33,7722.0,19303.6,69019,2020
Somatropin,Genotropin,19180,115190162.37,4941.0,20901.399999999994,566224,2020
Zolmitriptan,Zolmitriptan Odt,19079,5224789.41,6561.0,19857.4,442308,2020
Belimumab,Benlysta,19055,73003590.26,4100.0,19682.7,551045,2020
Maraviroc,Selzentry,18853,34034899.06999999,4423.0,19978.2,590453,2020
Darifenacin Hydrobromide,Darifenacin Er,18534,3747031.1399999997,6152.0,25784.700000000004,746858,2020
Propylthiouracil,Propylthiouracil,18457,980376.36,5596.0,24646.90000000001,678355,2020
Bacitracin,Bacitracin,18295,1763532.0300000003,10789.0,18804.6,257709,2020
Flunisolide,Flunisolide,18289,1202109.2600000002,6695.0,22650.000000000004,651432,2020
Elexacaftor/Tezacaftor/Ivacaft,Trikafta,18244,465647087.27,2470.0,18769.3,527125,2020
Norethindrone Acetate,Norethindrone Acetate,18044,1083847.0499999996,5802.0,25378.600000000006,726167,2020
Probenecid,Probenecid,18004,1052866.6000000003,5864.0,26865.600000000002,771728,2020
"Sub-Q Insulin Device, 40 Unit",V-Go 40,17985,9102826.649999999,4461.0,22514.4,672152,2020
Sofosbuvir/Velpatasvir,Sofosbuvir-Velpatasvir,17916,388459490.9700001,6124.0,17966.400000000005,502422,2020
Eluxadoline,Viberzi,17900,22909187.11,5981.0,19348.500000000004,548435,2020
Sod Picosulf/Mag Ox/Citric Ac,Clenpiq,17753,2612359.0700000008,17466.0,17793.8,48701,2020
Rilpivirine Hcl,Edurant,17526,22238804.61,4287.0,18896.199999999997,557122,2020
Betaxolol Hcl,Betaxolol Hcl,17400,2468568.73,5560.0,30615.9,892555,2020
Trifluoperazine Hcl,Trifluoperazine Hcl,17306,1043231.0900000001,5104.0,19270.6,551969,2020
Treprostinil Diolamine,Orenitram Er,17250,145840255.07999998,2157.0,17308.199999999997,481272,2020
Oxiconazole Nitrate,Oxiconazole Nitrate,17222,13270098.579999998,6782.0,17830.9,504261,2020
Nilotinib Hcl,Tasigna,17206,215466283.72999996,5310.0,17546.2,489599,2020
Amlodipine/Valsartan/Hcthiazid,Amlodipine-Valsartan-Hctz,17124,2413502.6599999997,5473.0,32191.9,959498,2020
Sodium Oxybate,Xyrem,17108,246354050.18000004,4418.0,17126.0,496301,2020
Estradiol/Norethindrone Acet,Estradiol-Norethindrone Acetat,16896,2141670.830000001,5597.0,24181.8,699695,2020
Tetrabenazine,Tetrabenazine,16680,61371046.209999986,4524.0,17182.500000000004,458506,2020
Mepolizumab,Nucala,16527,56963689.290000014,4510.0,16867.600000000002,474684,2020
Doravirine,Pifeltro,16444,25500275.080000006,3443.0,17249.8,509234,2020
Efavirenz,Efavirenz,16435,11345928.99,4645.0,17983.7,532927,2020
Acalabrutinib,Calquence,16377,223672751.83,4193.0,16457.1,490606,2020
Cefprozil,Cefprozil,16345,589735.9,12752.0,16382.300000000003,158908,2020
Probenecid/Colchicine,Probenecid-Colchicine,16222,896302.8099999999,5082.0,25165.499999999996,725751,2020
Voriconazole,Voriconazole,16216,12025344.660000002,5251.0,16816.699999999997,480169,2020
Insulin Aspart (Niacinamide),Fiasp Flextouch,16141,14519528.7,4917.0,24506.200000000008,685110,2020
Tiagabine Hcl,Tiagabine Hcl,15984,7299949.79,4634.0,17006.600000000002,444272,2020
Esketamine Hcl,Spravato,15737,19281410.35,1879.0,15739.400000000001,99680,2020
Norethindrone Ac-Eth Estradiol,Microgestin,15565,571229.66,5505.0,17436.5,426080,2020
Olaparib,Lynparza,15384,196024490.35,4084.0,15491.7,459472,2020
Orphenadrine Citrate,Orphenadrine Citrate Er,15248,794711.27,5518.0,16610.399999999998,424147,2020
Norethindrone-E.Estradiol-Iron,Blisovi Fe,15158,483702.5199999999,5640.0,16370.300000000001,451722,2020
Everolimus,Afinitor,15129,176002726.98000002,4639.0,15886.9,449909,2020
Hydrocortisone Valerate,Hydrocortisone Valerate,15127,1503579.6800000002,7025.0,15751.900000000003,380827,2020
Aliskiren Hemifumarate,Aliskiren,15046,3865503.17,5214.0,20150.2,587147,2020
Norethindrone,Norethindrone,15040,321801.80999999994,5521.0,18108.599999999995,515296,2020
Droxidopa,Northera,15039,163038862.45999998,3963.0,16221.900000000001,478618,2020
Fosfomycin Tromethamine,Monurol,15007,4443731.289999999,5368.0,16108.599999999997,251372,2020
Pimecrolimus,Pimecrolimus,15001,6460212.910000001,6628.0,16183.0,427691,2020
Golimumab,Simponi,14978,89778936.41999999,4191.0,16988.000000000007,492626,2020
Fluocinolone/Shower Cap,Fluocinolone Acetonide,14936,1379235.7100000002,6799.0,16133.699999999992,427297,2020
Interferon Beta-1b,Betaseron,13989,113599944.35999998,4105.0,14575.700000000008,404228,2020
Abemaciclib,Verzenio,13935,173571727.99000004,3856.0,13963.699999999999,388779,2020
Efinaconazole,Jublia,13859,13176901.85,4505.0,15503.600000000002,453307,2020
Carteolol Hcl,Carteolol Hcl,13762,324294.6900000001,4602.0,26457.9,773104,2020
Levonorgestrel/Ethin.Estradiol,Portia,13752,269580.3100000001,5166.0,14554.999999999996,396440,2020
Darbepoetin Alfa In Polysorbat,Aranesp,13685,31545120.009999998,3569.0,14203.000000000005,296745,2020
Aclidinium Bromide,Tudorza Pressair,13537,8685280.31,4388.0,16705.0,487529,2020
"Syrge-Ndl,ins 0.3 Ml Half Mark",Veo Insulin Syringe,13471,270245.00999999995,4812.0,28492.699999999997,847972,2020
Norethindrone-Ethin. Estradiol,Alyacen,13399,295734.41,4860.0,13897.7,372949,2020
Nevirapine,Nevirapine Er,13270,2663550.45,3665.0,16218.3,480336,2020
Dicloxacillin Sodium,Dicloxacillin Sodium,13258,586433.11,8200.0,14357.9,215602,2020
Lidocaine Hcl/Pf,Lidocaine Hcl,13031,146185.38,8001.0,13055.2,47519,2020
Acamprosate Calcium,Acamprosate Calcium,13021,1863424.4499999997,4692.0,13891.500000000002,375737,2020
Midazolam Hcl/Pf,Midazolam Hcl,12968,40486.88000000002,11524.0,12968.0,14085,2020
Isoniazid,Isoniazid,12877,108015.42999999998,3953.0,16058.3,463652,2020
Ondansetron Hcl/Pf,Ondansetron Hcl,12787,174752.7000000001,3745.0,12820.8,151337,2020
Leuprolide Acetate,Lupron Depot,12783,43986069.820000015,4476.0,27589.100000000002,816803,2020
Epinastine Hcl,Epinastine Hcl,12698,834428.0899999997,4371.0,15495.1,405522,2020
Thiothixene,Thiothixene,12523,1311936.5399999998,3905.0,13622.1,371433,2020
Pindolol,Pindolol,12508,1011490.5499999999,3889.0,17937.1,508111,2020
Bacitracin/Polymyxin B Sulfate,Bacitracin-Polymyxin,12314,211247.16000000003,7639.0,12535.300000000001,157313,2020
Acetylcysteine,Acetylcysteine,12291,916351.7899999998,2825.0,12296.5,112368,2020
Filgrastim-Sndz,Zarxio,12264,24836929.159999996,3967.0,12324.0,140722,2020
Nicotine,Nicotrol,12198,6950203.800000003,4309.0,12595.9,285534,2020
Hydrocortisone Butyrate,Hydrocortisone Butyrate,11910,5694865.970000002,5172.0,12617.099999999995,330283,2020
Itraconazole,Itraconazole,11866,4444297.740000002,3525.0,14522.800000000003,407069,2020
Amiloride/Hydrochlorothiazide,Amiloride-Hydrochlorothiazide,11738,284062.58999999997,3741.0,22832.3,680664,2020
Fat Emulsion/Olive/Soy/Phospho,Clinolipid,11606,3198739.7099999986,2306.0,11606.0,80272,2020
Dextrose 5 % In Water,Dextrose In Water,11465,216463.30000000008,3948.0,11465.8,87693,2020
Levalbuterol Hcl,Levalbuterol Hcl,11455,906518.6900000001,2696.0,11461.800000000001,104832,2020
Diclofenac Sodium/Misoprostol,Diclofenac Sodium-Misoprostol,11332,1793554.6600000001,4194.0,13951.3,400425,2020
Exenatide,Byetta,11261,9799398.399999999,4183.0,13187.999999999998,393767,2020
Naltrexone Microspheres,Vivitrol,11203,15643216.28,3630.0,11215.6,315631,2020
Anagrelide Hcl,Anagrelide Hcl,11132,4801533.65,3312.0,15794.300000000001,450436,2020
Cetirizine Hcl,Cetirizine Hcl,11108,1343194.7299999997,4374.0,11973.200000000003,308229,2020
Azelaic Acid,Azelaic Acid,11068,2208398.1700000004,4727.0,12307.899999999998,340789,2020
Immun Glob G(Igg)/Gly/Iga 0-50,Gammaplex,11059,134048378.39999998,2404.0,11109.900000000001,273131,2020
Glycopyrrolate/Neb.Accessories,Lonhala Magnair Refill,11009,13270682.190000005,2808.0,11333.0,339146,2020
Flurbiprofen,Flurbiprofen,10934,326352.6099999999,5270.0,13371.300000000001,311636,2020
"Measles,mumps,rubella Vacc/Pf",M-M-R Ii Vaccine,10890,1071802.87,10226.0,10983.6,25672,2020
Naftifine Hcl,Naftifine Hcl,10696,3607807.9200000023,4192.0,11843.9,341999,2020
Mupirocin Calcium,Mupirocin,10330,5074571.320000001,4401.0,10559.099999999999,212115,2020
Dihydroergotamine Mesylate,Dihydroergotamine Mesylate,10293,28760713.120000005,3281.0,10685.399999999998,301262,2020
Linezolid,Linezolid,10136,2651495.3699999996,5918.0,10238.699999999995,137489,2020
Bosentan,Bosentan,10013,68357467.57000001,2868.0,10024.0,298889,2020
Ibuprofen/Famotidine,Duexis,9943,25543183.340000004,2851.0,10967.9,326427,2020
Cabozantinib S-Malate,Cabometyx,9889,197709936.0599999,2743.0,9938.9,293260,2020
Metoprolol/Hydrochlorothiazide,Metoprolol-Hydrochlorothiazide,9819,538962.91,3388.0,15163.800000000001,446814,2020
"Sub-Q Insulin Device, 20 Unit",V-Go 20,9707,4797771.26,2692.0,11831.3,353530,2020
Sarilumab,Kevzara,9607,36292586.95000001,2432.0,10008.799999999997,281649,2020
Carbidopa,Carbidopa,9562,6648841.750000002,2746.0,13218.000000000002,374188,2020
Ampicillin Sodium,Ampicillin Sodium,9555,1746571.7199999997,2680.0,9555.6,27336,2020
"Ringer's Solution,lactated",Lactated Ringers,9462,264674.0900000001,2156.0,9462.900000000001,68743,2020
Naldemedine Tosylate,Symproic,9270,3673315.52,2902.0,9858.900000000001,284093,2020
"Sub-Q Insulin Device, 30 Unit",V-Go 30,9253,4590676.680000001,2561.0,11318.7,338211,2020
Sumatriptan,Sumatriptan,9230,3358337.15,3201.0,9632.100000000002,237980,2020
Nefazodone Hcl,Nefazodone Hcl,9164,1220866.6599999995,3142.0,11182.300000000001,317133,2020
Flurbiprofen Sodium,Flurbiprofen Sodium,9143,386997.48999999993,5221.0,9553.600000000002,182341,2020
Timolol Maleate/Pf,Timoptic Ocudose,9138,6178334.390000003,2656.0,13442.299999999996,398860,2020
Aflibercept,Eylea,8929,22693900.27,2237.0,9365.5,265485,2020
"Water For Irrigation,sterile",Water,8928,247699.56,2360.0,9015.900000000001,150575,2020
Posaconazole,Posaconazole,8901,40290012.38000001,2565.0,9487.9,269956,2020
Lopinavir/Ritonavir,Kaletra,8849,9271431.610000001,2716.0,9173.5,267960,2020
Timolol,Betimol,8678,1789672.8799999994,2828.0,14087.500000000005,403406,2020
Tafamidis,Vyndamax,8515,190036037.73,1817.0,9852.400000000001,295436,2020
Arformoterol Tartrate,Brovana,8498,5265800.9399999995,2315.0,8505.3,141773,2020
Codeine/Butalbital/Asa/Caffein,Asa-Butalb-Caffeine-Codeine,8493,1382855.3399999996,2975.0,8523.6,175786,2020
Obeticholic Acid,Ocaliva,8386,61468845.61999999,2515.0,8959.099999999999,267496,2020
Cyclopentolate Hcl,Cyclopentolate Hcl,8378,94594.17,6474.0,9597.800000000003,180588,2020
Moexipril Hcl,Moexipril Hcl,8377,423432.56999999995,2917.0,12743.400000000003,373708,2020
Ertugliflozin Pidolate,Steglatro,8340,3047174.8500000006,2709.0,10529.1,308925,2020
Elviteg/Cob/Emtri/Tenofo Disop,Stribild,8314,30280872.320000004,2505.0,8762.5,260465,2020
Lenvatinib Mesylate,Lenvima,8307,159821588.14000005,2515.0,8349.4,249118,2020
Atazanavir Sulfate/Cobicistat,Evotaz,8264,14044164.889999993,2098.0,8589.1,255379,2020
Axitinib,Inlyta,8255,125116373.21999997,2367.0,8294.5,244622,2020
Citric Ac/Gluconolact/Mag Carb,Renacidin,8181,1556673.67,2152.0,8455.8,156542,2020
Lamivudine/Zidovudine,Lamivudine-Zidovudine,8100,2195359.0799999996,2485.0,9113.5,267768,2020
Demeclocycline Hcl,Demeclocycline Hcl,8063,3167555.2800000003,2397.0,8579.399999999998,212103,2020
"Syringe With Needle, Insulin",Monoject Insulin Safety Syrng,8048,253418.86999999994,1862.0,8157.899999999999,217078,2020
Deferasirox,Deferasirox,8041,59454293.489999995,2487.0,8259.0,244411,2020
Sulfacetamide Sodium,Sulfacetamide Sodium,7935,550178.2,4424.0,9497.499999999998,239615,2020
Ethosuximide,Ethosuximide,7886,1119976.8099999998,2740.0,8578.2,240171,2020
Levocarnitine (With Sugar),Levocarnitine,7748,917759.46,2192.0,7994.499999999998,187650,2020
Immun Globg(Igg)/Malt/Iga Ov50,Octagam,7657,97371466.06000002,1556.0,7701.6,187650,2020
Dipyridamole,Dipyridamole,7636,703058.7899999999,2618.0,8707.200000000003,238009,2020
Norgestrel-Ethinyl Estradiol,Cryselle,7633,154800.13000000003,2705.0,7962.200000000002,216506,2020
Testosterone Enanthate,Xyosted,7580,3902515.869999999,2051.0,9056.400000000003,258731,2020
Infliximab,Remicade,7403,50191011.160000004,1761.0,9106.1,263556,2020
Oxaprozin,Oxaprozin,7403,712892.38,2632.0,9250.6,271566,2020
Desmopressin (Nonrefrigerated),Desmopressin Acetate,7335,1609094.7500000005,2540.0,8453.599999999999,210198,2020
Tafamidis Meglumine,Vyndaqel,7314,151748202.81000006,1672.0,7847.7,235176,2020
Erythromycin Base In Ethanol,Erythromycin,7262,1016039.5499999998,3292.0,7535.2,197287,2020
Emtricita/Rilpivirine/Tenof Df,Complera,7117,22168378.269999996,2067.0,7412.0,219550,2020
Pazopanib Hcl,Votrient,7079,74024611.26000002,2238.0,7123.099999999999,206940,2020
Sevelamer Hcl,Sevelamer Hcl,7036,6015832.360000002,2134.0,7669.500000000001,168322,2020
Ampicillin Sodium/Sulbactam Na,Ampicillin-Sulbactam,6927,901606.1699999998,1901.0,6927.3,21924,2020
Diflunisal,Diflunisal,6900,577412.1799999998,2963.0,8977.4,232219,2020
Pentazocine Hcl/Naloxone Hcl,Pentazocine-Naloxone Hcl,6874,1221706.1800000002,2141.0,6893.099999999999,173247,2020
Rimegepant Sulfate,Nurtec Odt,6860,6455467.640000001,2426.0,7056.0,152605,2020
Immun Glob G(Igg)-Ifas/Glycine,Panzyga,6800,80105214.24999999,1476.0,6842.0,170140,2020
Glucagon,Baqsimi,6793,3505975.0400000014,4608.0,7360.799999999999,121467,2020
Fondaparinux Sodium,Fondaparinux Sodium,6770,9470324.56,2139.0,6907.499999999999,158912,2020
Istradefylline,Nourianz,6708,13311723.369999997,1713.0,8684.1,260178,2020
Formoterol Fumarate,Perforomist,6706,4307459.33,1787.0,6710.5,118562,2020
Fluorometholone Acetate,Flarex,6581,711476.1200000001,3558.0,7598.8,184858,2020
Butalbital/Acetaminophen,Butalbital-Acetaminophen,6449,1207315.3900000001,2109.0,6534.2,138966,2020
Ketoprofen,Ketoprofen,6430,9172600.74,1894.0,7366.099999999999,214750,2020
Ribociclib Succinate,Kisqali,6429,77589934.33,1900.0,6457.400000000001,175871,2020
Fluvastatin Sodium,Fluvastatin Er,6353,1289536.5,2222.0,9777.7,287306,2020
Polyethylene Glycol 3350,Polyethylene Glycol 3350,6321,176216.5000000001,1990.0,6457.0999999999985,165315,2020
Safinamide Mesylate,Xadago,6274,7438754.189999998,1485.0,8537.3,247899,2020
Corticotropin,Acthar,6252,378208864.31,1613.0,6573.500000000001,158856,2020
Abatacept/Maltose,Orencia,6220,23420524.889999997,1318.0,6287.4000000000015,174851,2020
Naproxen/Esomeprazole Mag,Naproxen-Esomeprazole Mag,6212,15416902.510000002,1844.0,7045.6,210414,2020
Pegfilgrastim,Neulasta,6151,45710100.32,1634.0,6218.2,133431,2020
Tranylcypromine Sulfate,Tranylcypromine Sulfate,6057,2172584.98,2000.0,6828.200000000001,189705,2020
Levorphanol Tartrate,Levorphanol Tartrate,6028,24717607.43,1372.0,6030.0,171566,2020
Tetanus-Diphtheria Toxoids/Pf,Tenivac,6017,305614.02999999997,5977.0,6025.0,14730,2020
Atovaquone/Proguanil Hcl,Atovaquone-Proguanil Hcl,6008,706710.6999999998,5083.0,6579.400000000001,148282,2020
Alosetron Hcl,Alosetron Hcl,5944,7656828.550000002,1826.0,6334.900000000001,181861,2020
Emtricitabine,Emtriva,5913,2616993.9499999993,1712.0,6389.9000000000015,183278,2020
Vismodegib,Erivedge,5858,67223228.15,1801.0,5902.7,167258,2020
Midazolam Hcl,Midazolam Hcl,5784,24990.160000000007,4933.0,5785.5,7589,2020
Chlordiazepoxide/Clidinium Br,Chlordiazepoxide-Clidinium,5657,3656117.0400000014,1752.0,5830.0,158769,2020
Desogestrel-Ethinyl Estradiol,Isibloom,5632,108987.51,2130.0,5887.9,159900,2020
Octreotide Acetate,Octreotide Acetate,5625,2402392.470000001,1467.0,5726.100000000001,90903,2020
Codeine Sulfate,Codeine Sulfate,5624,460366.91999999987,1960.0,5654.2,139548,2020
Tranexamic Acid,Tranexamic Acid,5589,535307.9,3404.0,5728.900000000001,53627,2020
Nisoldipine,Nisoldipine,5543,1523385.38,1861.0,7977.5999999999985,234731,2020
Cyanocobalamin (Vitamin B-12),Cyanocobalamin Injection,5422,89449.52000000003,1705.0,9223.7,269796,2020
Amikacin Sulfate,Amikacin Sulfate,5388,562621.39,1534.0,5492.900000000001,53680,2020
Bosutinib,Bosulif,5366,67816365.34,1700.0,5439.1,162497,2020
Methylprednisolone Sod Succ,Methylprednisolone Sodium Succ,5336,232640.1900000001,1746.0,5427.2,91707,2020
Ethinyl Estradiol/Drospirenone,Drospirenone-Ethinyl Estradiol,5273,216182.01999999996,2015.0,5543.0,151531,2020
Famotidine/Pf,Famotidine,5214,48777.95,1201.0,5268.4,79382,2020
Darolutamide,Nubeqa,5198,60311152.02000001,1231.0,5233.3,156315,2020
Methylprednisolone Acetate,Methylprednisolone Acetate,5187,91204.80000000002,3461.0,5312.3,37891,2020
Niraparib Tosylate,Zejula,5135,62959126.17999999,1502.0,5183.799999999999,153030,2020
Tobramycin Sulfate,Tobramycin Sulfate,5129,5349371.819999999,1856.0,5203.299999999999,83273,2020
Levodopa,Inbrija,5118,11862801.239999998,1377.0,5291.999999999998,86142,2020
Edaravone,Radicava,5095,57200640.040000014,995.0,5095.9,122144,2020
Pimozide,Pimozide,5079,540314.87,1672.0,5487.799999999997,152216,2020
Clobetasol Propionate/Emoll,Clobetasol Emollient,5003,635231.04,2256.0,5338.8,126800,2020
Ethacrynic Acid,Ethacrynic Acid,4924,3123429.54,1780.0,5320.999999999999,141264,2020
Glecaprevir/Pibrentasvir,Mavyret,4889,66326511.559999995,1998.0,4904.200000000001,137230,2020
Peginterferon Beta-1a,Plegridy Pen,4889,37875693.45,1500.0,5236.2,147782,2020
Aprepitant,Aprepitant,4869,3800150.05,1458.0,4940.700000000001,58684,2020
Sulfacetamide/Prednisolone Sp,Sulfacetamide-Prednisolone,4828,92123.83000000002,2662.0,5735.800000000001,120421,2020
Amikacin Liposomal/Neb.Accessr,Arikayce,4823,57980635.77,1384.0,4920.900000000001,138137,2020
Disopyramide Phosphate,Disopyramide Phosphate,4789,1271171.6699999995,1545.0,6930.099999999999,201181,2020
"Octreotide Acetate,mi-Spheres",Sandostatin Lar Depot,4768,27128128.81,1685.0,4881.299999999999,136135,2020
Edoxaban Tosylate,Savaysa,4766,2043200.53,1628.0,5630.5,155959,2020
Perindopril Erbumine,Perindopril Erbumine,4760,236637.3,1501.0,9927.699999999999,295998,2020
Magnesium Sulfate,Magnesium Sulfate,4675,107881.13000000002,843.0,4676.9,32371,2020
Phenelzine Sulfate,Phenelzine Sulfate,4668,365698.29,1685.0,5438.2,148603,2020
Ospemifene,Osphena,4658,1480329.6799999997,1607.0,6700.900000000001,197021,2020
Isavuconazonium Sulfate,Cresemba,4656,25135498.809999995,1352.0,4906.199999999999,133769,2020
Erythromycin Ethylsuccinate,Erythromycin Ethylsuccinate,4550,2410182.0899999994,1020.0,4590.699999999999,57793,2020
Sodium Fluoride/Potassium Nit,Prevident 5000 Sensitive,4540,74149.70999999999,1731.0,5043.4,138373,2020
Romosozumab-Aqqg,Evenity (2 Syringes),4523,8748599.61,1182.0,4642.700000000001,135851,2020
Dabrafenib Mesylate,Tafinlar,4505,43941311.45000001,1461.0,4527.8,134338,2020
Fluocinonide/Emollient Base,Fluocinonide-E,4492,500545.0700000001,2083.0,4699.7,119854,2020
Methscopolamine Bromide,Methscopolamine Bromide,4476,567251.7799999999,1556.0,5499.4,149095,2020
Pembrolizumab,Keytruda,4473,45628546.81999999,949.0,4503.3,95305,2020
Prasterone (Dhea),Intrarosa,4472,1251633.69,1526.0,5821.900000000001,167375,2020
Tolvaptan,Samsca,4463,55255898.83000001,1504.0,4540.099999999999,123119,2020
Natalizumab,Tysabri,4435,32145223.430000003,981.0,4474.400000000001,125308,2020
Erlotinib Hcl,Erlotinib Hcl,4431,18645003.489999995,1510.0,4478.4,133289,2020
Teduglutide,Gattex,4381,195784725.26999998,1282.0,4448.700000000001,133282,2020
Guselkumab,Tremfya,4371,50753188.629999995,1361.0,7788.099999999998,232893,2020
Crisaborole,Eucrisa,4305,3152193.97,1535.0,4444.1,126819,2020
Trametinib Dimethyl Sulfoxide,Mekinist,4290,48155113.12999999,1455.0,4321.3,129386,2020
Olanzapine Pamoate,Zyprexa Relprevv,4259,4615454.12,721.0,4260.8,88946,2020
Eculizumab,Soliris,4189,172260158.80000004,1020.0,4190.8,88826,2020
Lumateperone Tosylate,Caplyta,4150,5381258.000000001,1210.0,4215.699999999999,117770,2020
Sodium Bicarbonate,Sodium Bicarbonate,4135,292043.19999999995,965.0,4136.4,60491,2020
Mifepristone,Korlym,4089,121877107.15000002,1009.0,4097.0,122556,2020
Sunitinib Malate,Sutent,4076,41470055.36999999,1255.0,4214.6,105252,2020
Cenegermin-Bkbj,Oxervate,4059,119900779.68999998,1067.0,4059.0,55209,2020
Methylprednisolone Sod Succ/Pf,Solu-Medrol,3967,104812.27999999998,1864.0,3991.4000000000005,28582,2020
Baricitinib,Olumiant,3965,9794028.249999998,1162.0,4224.2,126662,2020
Olanzapine/Fluoxetine Hcl,Olanzapine-Fluoxetine Hcl,3939,1297197.0,1333.0,4338.2,125780,2020
Ganciclovir,Zirgan,3880,1658983.0899999994,1326.0,4294.3,83339,2020
Ceftazidime,Ceftazidime,3854,476612.77999999997,1019.0,3895.2999999999997,26734,2020
Benralizumab,Fasenra,3761,19400113.660000008,1182.0,5981.599999999999,177355,2020
Opium Tincture,Opium Tincture,3742,1753650.0199999998,1340.0,3925.0000000000005,109212,2020
Meperidine Hcl/Pf,Demerol,3664,44073.30999999999,3333.0,3664.2,7123,2020
Alectinib Hcl,Alecensa,3627,52279702.17000001,1250.0,3665.7,108892,2020
Tasimelteon,Hetlioz,3516,62857678.60000002,1320.0,3544.0,106320,2020
Dextrose 5 % And 0.9 % Nacl,Dextrose 5%-0.9% Nacl,3505,91225.79000000001,1284.0,3505.0,15367,2020
Imipenem/Cilastatin Sodium,Imipenem-Cilastatin Sodium,3480,1177946.0,923.0,3480.0,15923,2020
Methenamine Mandelate,Methenamine Mandelate,3456,263099.9199999999,1098.0,4013.7,101601,2020
Insulin Glulisine,Apidra Solostar,3439,2417867.5700000003,1180.0,4071.4999999999995,103884,2020
Zidovudine,Zidovudine,3422,141199.65,1095.0,3728.2,109103,2020
Siponimod,Mayzent,3410,29237655.010000005,925.0,3702.7999999999997,110055,2020
Disulfiram,Disulfiram,3327,269261.14999999997,1193.0,3806.8000000000006,105601,2020
Flavoxate Hcl,Flavoxate Hcl,3272,236777.07000000007,1082.0,3529.099999999999,81816,2020
Hyoscyamine Sulfate,Hyoscyamine Sulfate,3242,142714.64,1121.0,3308.2999999999993,66461,2020
Triptorelin Pamoate,Trelstar,3241,7251890.91,1237.0,7838.999999999999,233517,2020
Protriptyline Hcl,Protriptyline Hcl,3197,641703.6000000001,1036.0,3675.6000000000004,105047,2020
Crofelemer,Mytesi,3168,5683158.67,798.0,3388.0,101108,2020
Milrinone Lactate,Milrinone Lactate,3159,2663657.4400000004,310.0,3159.0,18112,2020
Midazolam,Nayzilam,3068,2847138.0599999996,1117.0,3097.7,36562,2020
Tobramycin/Lotepred Etab,Zylet,3047,1006814.6699999998,1724.0,3383.9999999999995,77633,2020
Tetracycline Hcl,Tetracycline Hcl,3046,598805.1000000001,1545.0,3168.6,62028,2020
Danazol,Danazol,3032,873417.62,983.0,3492.1,97726,2020
Solriamfetol Hcl,Sunosi,3008,2249928.73,908.0,3271.7999999999993,96181,2020
Ceftriaxone In Is-Osm Dextrose,Ceftriaxone,3001,298321.42999999993,1067.0,3001.0,11446,2020
Prednisolone Sodium Phosphate,Prednisolone Sodium Phosphate,2989,123538.66999999998,1690.0,3118.399999999999,50998,2020
Trifluridine/Tipiracil Hcl,Lonsurf,2982,29607477.430000007,910.0,2982.0,79729,2020
Salsalate,Salsalate,2962,402126.22000000003,985.0,3965.7999999999997,111722,2020
Fentanyl Citrate/Pf,Fentanyl Citrate,2925,12052.57,2596.0,2925.0,3026,2020
Oxandrolone,Oxandrolone,2916,1687950.3500000006,698.0,3081.5,90058,2020
Adapalene,Adapalene,2882,650725.41,1342.0,3219.4,89776,2020
Frovatriptan Succinate,Frovatriptan Succinate,2862,1408899.8199999998,961.0,3013.7000000000003,68095,2020
Norelgestromin/Ethin.Estradiol,Xulane,2835,333159.9600000002,1090.0,2925.7000000000003,72752,2020
Phenazopyridine Hcl,Phenazopyridine Hcl,2822,84580.82999999997,1381.0,2839.9999999999995,25005,2020
Bexarotene,Bexarotene,2820,41007380.49999999,691.0,2969.0000000000005,87636,2020
Selegiline,Emsam,2811,5128546.98,1020.0,2887.2,85300,2020
Bevacizumab,Avastin,2799,14604877.290000001,640.0,2804.8,65255,2020
Clindamycin Phos/Benzoyl Perox,Clindamycin-Benzoyl Peroxide,2797,487505.3700000001,1127.0,2877.0,76067,2020
Desvenlafaxine,Desvenlafaxine Er,2763,374451.42000000004,897.0,2912.6,73144,2020
"Glyburide,micronized",Glyburide Micronized,2694,41647.920000000006,878.0,4431.500000000001,130489,2020
Filgrastim,Neupogen,2692,7024890.73,866.0,2723.2000000000003,55198,2020
Lanreotide Acetate,Somatuline Depot,2678,23567857.63000001,870.0,2789.0,78110,2020
Cefaclor,Cefaclor,2675,179983.43999999994,1432.0,3397.9999999999995,72216,2020
Peginterferon Alfa-2a,Pegasys,2672,10011834.5,705.0,2776.7000000000003,74026,2020
Zileuton,Zileuton Er,2663,7380939.390000001,819.0,3059.6000000000004,91272,2020
Olodaterol Hcl,Striverdi Respimat,2652,762265.2899999999,918.0,3270.4999999999995,97436,2020
Isradipine,Isradipine,2635,234698.32,815.0,3686.3999999999996,105736,2020
Adefovir Dipivoxil,Adefovir Dipivoxil,2595,2233851.7800000003,975.0,2747.0,81931,2020
Rifabutin,Rifabutin,2594,1317307.0199999996,972.0,2910.5,77782,2020
Fosinopril/Hydrochlorothiazide,Fosinopril-Hydrochlorothiazide,2568,127350.99,945.0,3827.5000000000005,113515,2020
Nivolumab,Opdivo,2566,29914545.410000004,535.0,2569.6,67830,2020
"Tetanus, Diphtheria Tox,adult",Tdvax,2562,114712.26999999999,2545.0,2573.0,17825,2020
Voxelotor,Oxbryta,2552,27218449.360000003,622.0,2560.5,76783,2020
Lanadelumab-Flyo,Takhzyro,2513,114504079.66000004,693.0,2538.2,70832,2020
Aliskiren/Hydrochlorothiazide,Tekturna Hct,2487,763381.7299999999,935.0,2874.2,84901,2020
Thalidomide,Thalomid,2461,18060028.63,816.0,2479.9000000000005,69495,2020
Hydrocortisone Sodium Succ/Pf,Solu-Cortef,2456,205756.23,878.0,2645.3,39736,2020
C1 Esterase Inhibitor,Cinryze,2450,108889301.88000008,720.0,2452.1000000000004,64424,2020
Alcaftadine,Lastacaft,2443,618649.37,707.0,2546.6,66090,2020
Imipramine Pamoate,Imipramine Pamoate,2419,875963.45,891.0,2526.7999999999993,73498,2020
Typhoid Vi Polysacch Vaccine,Typhim Vi,2405,255623.15999999997,2401.0,2422.8,4364,2020
Calcipotriene/Betamethasone,Enstilar,2399,2602912.810000001,819.0,2591.9000000000005,70637,2020
Granisetron Hcl,Granisetron Hcl,2392,323957.02999999997,927.0,2421.8,40609,2020
Alpelisib,Piqray,2369,39504308.13,825.0,2396.8,66793,2020
Apomorphine Hcl,Apokyn,2357,56181686.29000001,676.0,2422.1,67854,2020
Fulvestrant,Fulvestrant,2310,3638197.2899999996,636.0,2319.7000000000003,64781,2020
Sumatriptan Succ/Naproxen Sod,Treximet,2302,1655262.3000000005,725.0,2371.4,58610,2020
Hydrocortisone/Acetic Acid,Hydrocortisone-Acetic Acid,2296,235310.94,1517.0,2471.9,46875,2020
Vedolizumab,Entyvio,2289,16160858.499999998,730.0,3013.2000000000003,85673,2020
"Interferon Alfa-2b,recomb.",Intron A,2283,1716931.2099999995,569.0,2346.2,46550,2020
Anakinra,Kineret,2281,11516881.259999998,770.0,2312.0,63909,2020
Belatacept,Nulojix,2274,5113379.930000001,492.0,2305.1000000000004,63670,2020
Risankizumab-Rzaa,Skyrizi (2 Syringes) Kit,2272,37014519.77000002,756.0,4875.5999999999985,144892,2020
Vancomycin/0.9 % Sod Chloride,Vancomycin Hcl-0.9% Nacl,2269,201862.12999999995,716.0,2269.0,6503,2020
Terbutaline Sulfate,Terbutaline Sulfate,2263,644353.2699999999,751.0,2627.5,69781,2020
Prochlorperazine,Compro,2237,288992.75,1273.0,2240.9,18346,2020
Encorafenib,Braftovi,2235,25222509.42,610.0,2256.3,66106,2020
Sorafenib Tosylate,Nexavar,2228,28721071.180000007,775.0,2234.7,65061,2020
Aztreonam Lysine,Cayston,2202,21552727.68,597.0,2931.9,85552,2020
Binimetinib,Mektovi,2196,22688312.029999994,601.0,2205.9,65138,2020
Bortezomib,Bortezomib,2189,11276427.139999995,523.0,2195.4000000000005,53115,2020
Estradiol/Levonorgestrel,Climara Pro,2165,586312.16,796.0,2528.7000000000003,71828,2020
Rucaparib Camsylate,Rubraca,2134,29039530.340000015,650.0,2145.0,63617,2020
Micafungin Sodium,Mycamine,2132,2520389.4600000004,600.0,2132.0,12528,2020
Rituximab,Rituxan,2122,21991923.660000004,604.0,2937.2000000000003,78354,2020
Erythromycin/Benzoyl Peroxide,Erythromycin-Benzoyl Peroxide,2085,336753.8100000001,806.0,2117.0,53761,2020
Fosamprenavir Calcium,Fosamprenavir Calcium,2079,2477167.3,710.0,2148.8,63667,2020
Afatinib Dimaleate,Gilotrif,2044,19870495.6,695.0,2050.0,61418,2020
Meprobamate,Meprobamate,2034,789280.85,785.0,2062.0,56933,2020
Cenobamate,Xcopri,2030,2132319.4899999993,575.0,2217.3999999999996,63280,2020
Palonosetron Hcl,Palonosetron Hcl,2021,349760.4500000002,471.0,2032.6,43672,2020
Nicardipine Hcl,Nicardipine Hcl,2007,554358.8800000001,640.0,2631.3999999999996,73104,2020
Ethynodiol D-Ethinyl Estradiol,Kelnor 1-35,2006,42972.07000000001,750.0,2058.5,55396,2020
Methyldopa,Methyldopa,1981,50797.91,666.0,2846.9,80675,2020
Colistin (Colistimethate Na),Colistimethate,1967,1651122.5499999998,533.0,2152.0,45593,2020
Zoledronic Acid,Zoledronic Acid,1960,579077.56,541.0,2747.1000000000004,79621,2020
Desog-E.Estradiol/E.Estradiol,Desogestr-Eth Estrad Eth Estra,1955,66690.87000000001,750.0,2036.7,55485,2020
Granisetron,Sancuso,1940,2797923.1699999995,598.0,1951.4,38452,2020
Meropenem-0.9% Sodium Chloride,Meropenem-0.9% Nacl,1938,393203.41,634.0,1938.0,6352,2020
Potassium Bicarbonate/Cit Ac,Effer-K,1937,37700.83,645.0,2072.5,44818,2020
Ergotamine Tartrate/Caffeine,Ergotamine-Caffeine,1928,2015087.4100000004,789.0,1987.9,41445,2020
Omeprazole Magnesium,Prilosec,1909,1057739.91,590.0,1909.3,33183,2020
"Igg/Hyaluronidase,recombinant",Hyqvia,1897,10968867.760000004,483.0,1897.8,50169,2020
Bupropion Hbr,Aplenzin,1877,6673953.500000001,645.0,1937.0,57846,2020
Caspofungin Acetate,Caspofungin Acetate,1846,826319.3099999999,624.0,1846.0,46387,2020
Sacrosidase,Sucraid,1842,19806935.160000008,544.0,1869.2,50915,2020
Pitolisant Hcl,Wakix,1839,16780459.470000003,521.0,1851.1,49987,2020
Neomycin Sulf/Polymyxin B Sulf,Neomycin-Polymyxin B,1821,85807.13999999998,285.0,1838.4,14788,2020
"Estrogens,esterified",Menest,1800,150114.18000000005,710.0,2036.6000000000001,59165,2020
Parenteral Amino Acid 10% No.6,Travasol,1800,310323.1500000001,310.0,1800.0,11303,2020
Apraclonidine Hcl,Apraclonidine Hcl,1797,182239.77,526.0,2534.3999999999996,68063,2020
Sapropterin Dihydrochloride,Kuvan,1792,24021129.49,320.0,1854.3,55624,2020
"Syringe,needle,insuln,safe,1ml",Safetyglide Insulin Syringe,1785,52635.189999999995,329.0,1790.8000000000002,42880,2020
Crizotinib,Xalkori,1768,29050268.990000006,645.0,1777.0,53157,2020
Diclofenac Submicronized,Zorvolex,1728,1014882.8400000001,530.0,1867.8,52735,2020
Tiopronin,Thiola Ec,1697,14365058.859999996,615.0,1728.0,51840,2020
Doravirine/Lamivu/Tenofov Diso,Delstrigo,1661,3809461.57,465.0,1679.0,50272,2020
Promethazine/Dextromethorphan,Promethazine-Dm,1656,22192.05,922.0,1656.6,17237,2020
Becaplermin,Regranex,1646,2515819.1599999997,628.0,2023.3000000000002,56521,2020
Pegvisomant,Somavert,1642,21728418.099999998,505.0,1681.3000000000002,49827,2020
Acetaminophen/Caff/Dihydrocod,Acetamin-Caff-Dihydrocodeine,1632,409577.88999999996,548.0,1633.8999999999999,36466,2020
Estradiol Cypionate,Depo-Estradiol,1625,226048.19999999998,634.0,3431.8,101511,2020
Zoledronic Acid/Mannitol-Water,Zoledronic Acid,1623,379335.57,1589.0,11789.599999999999,350299,2020
Methsuximide,Celontin,1613,545820.6499999999,522.0,1670.4,46438,2020
Ingenol Mebutate,Picato,1603,2046158.42,953.0,1616.3000000000002,28908,2020
Chloroquine Phosphate,Chloroquine Phosphate,1597,288020.1499999999,491.0,2171.7999999999997,62040,2020
Dexamethasone Sodium Phosp/Pf,Dexamethasone Sodium Phosphate,1596,29405.670000000002,579.0,1628.5,28370,2020
Carboplatin,Carboplatin,1592,91464.41000000002,411.0,1595.3000000000002,33231,2020
Almotriptan Malate,Almotriptan Malate,1592,442110.35000000003,575.0,1624.6,33961,2020
Flumazenil,Flumazenil,1588,16105.64,1436.0,1588.0,1814,2020
Agalsidase Beta,Fabrazyme,1586,26380225.410000004,290.0,1586.0,37492,2020
Fenoprofen Calcium,Fenoprofen Calcium,1563,417435.75,538.0,1705.3,50143,2020
Amifampridine Phosphate,Firdapse,1559,59876375.67000002,445.0,1660.0,49751,2020
Chlorambucil,Leukeran,1559,1210062.1499999997,457.0,1638.2,40708,2020
Trifluridine,Trifluridine,1554,267372.0,625.0,2010.9000000000005,50146,2020
Tavaborole,Kerydin,1550,2555021.16,513.0,1770.1,52227,2020
Lapatinib Ditosylate,Tykerb,1550,10272425.1,560.0,1558.0,43061,2020
Cyclophosphamide,Cyclophosphamide,1546,849779.4099999997,522.0,1642.2,42055,2020
Paroxetine Mesylate,Brisdelle,1517,513553.9700000001,535.0,1662.0,48939,2020
Cefepime In Iso-Osm Dextrose,Cefepime,1509,406650.47,479.0,1509.0,5382,2020
Ponatinib Hcl,Iclusig,1509,35562348.44000001,545.0,1509.4,44968,2020
"Syringe,insul U-500,ndl,0.5ml",Insulin Syringe U-500,1498,58357.86000000001,479.0,2065.1,61213,2020
Alogliptin Benz/Pioglitazone,Alogliptin-Pioglitazone,1491,367718.7300000001,462.0,1682.0,48324,2020
Levofloxacin In Dextrose 5 %,Levofloxacin-D5w,1485,54482.10999999999,538.0,1485.5,6410,2020
Letermovir,Prevymis,1466,9848820.84,429.0,1589.1000000000001,44618,2020
Bempedoic Acid,Nexletol,1457,665546.4400000002,518.0,1975.0,59227,2020
Trastuzumab,Herceptin,1445,8228305.149999999,410.0,1445.0,31054,2020
"Mening Vac A,c,y,w-135 Dip/Pf",Menactra,1437,212452.38999999998,1291.0,1440.0,3355,2020
Estradiol Valerate,Estradiol Valerate,1429,213343.8,458.0,2584.0000000000005,75891,2020
Lasmiditan Succinate,Reyvow,1427,979702.0200000001,457.0,1469.4999999999998,28157,2020
Nafcillin Sodium,Nafcillin Sodium,1420,896962.3600000003,442.0,1420.4,7345,2020
Telmisartan/Amlodipine,Telmisartan-Amlodipine,1416,235838.33,470.0,2383.4,71287,2020
Brodalumab,Siliq,1416,5454543.530000001,411.0,1426.6000000000001,39617,2020
Flutamide,Flutamide,1409,155755.78,481.0,1778.6,50526,2020
Amitriptyline/Chlordiazepoxide,Chlordiazepoxide-Amitriptyline,1394,89410.91000000002,545.0,1464.3,43157,2020
Flurandrenolide,Cordran,1365,997202.5999999996,610.0,1401.8,38049,2020
Ledipasvir/Sofosbuvir,Harvoni,1365,43222852.249999985,494.0,1365.0,38220,2020
Oxaliplatin,Oxaliplatin,1363,490415.79000000004,302.0,1363.4,29988,2020
Pramlintide Acetate,Symlinpen 60,1362,2219604.16,475.0,1466.7,37782,2020
Fentanyl Citrate,Fentanyl Citrate,1356,8578636.29,425.0,1356.1,35566,2020
Carbinoxamine Maleate,Ryvent,1351,461646.08999999985,539.0,1681.0,42979,2020
Icatibant Acetate,Icatibant,1348,59754741.05000003,318.0,1348.0,7913,2020
Vigabatrin,Sabril,1332,27392789.789999995,450.0,1348.0,40379,2020
Ibalizumab-Uiyk,Trogarzo,1312,10947535.83,385.0,1313.2,29038,2020
Daratumumab,Darzalex,1308,13248907.73,305.0,1317.1,32486,2020
Tesamorelin Acetate,Egrifta Sv,1275,7773005.270000001,365.0,1319.0,39497,2020
Regorafenib,Stivarga,1271,17850756.170000006,455.0,1293.7,34607,2020
Ceftolozane/Tazobactam,Zerbaxa,1270,2986577.65,325.0,1270.0,7025,2020
Promethazine Hcl/Codeine,Promethazine-Codeine,1270,9057.83,771.0,1279.1,13794,2020
Gemcitabine Hcl,Gemcitabine Hcl,1259,189723.98,359.0,1292.3,29406,2020
Polymyxin B Sulfate,Polymyxin B Sulfate,1258,83387.70999999999,317.0,1259.0,10914,2020
Glutamine,Endari,1254,3867575.81,289.0,1267.0,37947,2020
Ceftaroline Fosamil Acetate,Teflaro,1241,2494058.9899999998,374.0,1241.0,6204,2020
Quinine Sulfate,Quinine Sulfate,1241,103452.78999999998,457.0,1340.5,39565,2020
Tazarotene,Tazorac,1224,633103.1399999999,482.0,1281.3,35069,2020
Hydromorphone Hcl/Pf,Hydromorphone Hcl,1220,173709.54,264.0,1220.0,9521,2020
Vorapaxar Sulfate,Zontivity,1188,486451.26,369.0,1542.8,45170,2020
Asfotase Alfa,Strensiq,1187,113858497.05,270.0,1199.8,32696,2020
Flurazepam Hcl,Flurazepam Hcl,1146,26063.829999999998,430.0,1178.3,34807,2020
Multivit-Mins60/Iron Fum/Folic,Vol-Plus,1139,23302.739999999998,311.0,1286.5,36098,2020
Ivacaftor,Kalydeco,1133,27575090.03,290.0,1133.0,31728,2020
Tigecycline,Tigecycline,1128,1335901.22,326.0,1128.0,5978,2020
Oxacillin Sodium,Oxacillin Sodium,1121,708995.71,346.0,1121.0,6103,2020
Estradiol Acetate,Femring,1109,594455.9999999999,344.0,3168.2000000000007,95008,2020
Trandolapril/Verapamil Hcl,Trandolapril-Verapamil Er,1086,161679.55000000005,440.0,1193.3000000000002,35040,2020
Vancomycin Hcl In 5 % Dextrose,Vancomycin Hcl,1084,121789.24000000003,354.0,1084.0,3565,2020
Triamterene,Triamterene,1082,368424.01999999996,395.0,1140.7,29203,2020
Hydrocortisone Sod Succinate,Solu-Cortef,1078,77367.9,114.0,1100.0,7953,2020
Pemetrexed Disodium,Alimta,1075,5985176.7700000005,270.0,1075.0,22607,2020
Isotretinoin,Claravis,1075,221520.65999999997,402.0,1075.0,31933,2020
Cefixime,Cefixime,1065,181624.92999999996,670.0,1094.3000000000002,11760,2020
Quinidine Sulfate,Quinidine Sulfate,1056,22085.239999999998,350.0,1396.0000000000002,37769,2020
Perphenazine/Amitriptyline Hcl,Perphenazine-Amitriptyline,1055,82326.77000000002,415.0,1132.5,33240,2020
Phenylephrine Hcl,Phenylephrine Hcl,1054,45272.84999999999,974.0,1149.8,16766,2020
Alogliptin Benz/Metformin Hcl,Alogliptin-Metformin,1054,219411.9,423.0,1178.4,34391,2020
Doxercalciferol,Doxercalciferol,1047,420474.5000000001,304.0,1559.6999999999998,43347,2020
Degarelix Acetate,Firmagon,1037,601110.5399999999,259.0,1042.6,29155,2020
Ribociclib Succinate/Letrozole,Kisqali Femara Co-Pack,1029,12891341.2,345.0,1031.0,28873,2020
Penicillin G Benzathine,Bicillin L-A,1026,556828.5499999999,393.0,1103.2999999999997,27176,2020
Rimantadine Hcl,Rimantadine Hcl,1020,138690.5,357.0,1356.2,36739,2020
"Piperacillin-Tazo-Dextrose,iso",Zosyn,1016,255597.27999999994,311.0,1016.0,3250,2020
"Abiraterone Acet,submicronized",Yonsa,1016,9807257.500000002,243.0,1020.0,30586,2020
Baloxavir Marboxil,Xofluza,1012,157998.24000000002,871.0,1015.6999999999999,10090,2020
Potassium Chloride In 0.9%nacl,Potassium Chl-Normal Saline,992,49635.30000000001,154.0,992.2,6398,2020
Telotristat Etiprate,Xermelo,985,6684632.279999999,340.0,994.8,27528,2020
Potassium Chloride/D5-0.45nacl,Dextrose 5%-0.45% Nacl-Kcl,971,33387.56,219.0,971.0,6061,2020
Dextrose 70 % In Water,Dextrose In Water,967,37422.30999999999,150.0,967.0,6091,2020
Ranibizumab,Lucentis,956,2176196.0299999993,245.0,980.6,27718,2020
"Estrogens,conj/Bazedoxifene",Duavee,956,258084.84000000003,291.0,1378.0,41340,2020
Idelalisib,Zydelig,941,10440225.749999998,340.0,953.7,28562,2020
Fedratinib Dihydrochloride,Inrebic,941,16608253.959999999,260.0,944.0,28264,2020
"Syrge-Ndl,ins 0.5 Ml Half Mark",Droplet Insulin Syringe,938,58577.63000000001,361.0,2647.6,79357,2020
Lomustine,Gleostine,938,954861.3200000002,307.0,1037.3999999999999,20758,2020
Cefoxitin Sodium,Cefoxitin,915,310459.13000000006,215.0,915.0,5253,2020
Enasidenib Mesylate,Idhifa,912,25618210.150000002,320.0,915.0,27395,2020
Fosaprepitant Dimeglumine,Fosaprepitant Dimeglumine,905,277498.68,238.0,906.1999999999999,19648,2020
Oxybutynin,Oxytrol,891,654135.04,340.0,947.0,25375,2020
Dapagliflozin/Saxagliptin Hcl,Qtern,878,493069.46000000014,286.0,1048.4,30908,2020
Aztreonam,Aztreonam,873,554754.7599999998,261.0,887.7,5702,2020
Dextrose 5%-Lactated Ringers,Dextrose In Lactated Ringers,867,31545.32,395.0,867.2,5713,2020
Hpv Vaccine 9-Valent/Pf,Gardasil 9,863,217678.08000000002,597.0,868.0,1332,2020
Sonidegib Phosphate,Odomzo,863,9764215.830000002,242.0,869.0,25889,2020
"Poliomyelitis Vaccine, Killed",Ipol,857,32590.960000000003,820.0,857.0,1090,2020
Lemborexant,Dayvigo,857,243461.58,314.0,878.0,25331,2020
Clomiphene Citrate,Clomiphene Citrate,854,48253.26,304.0,1195.3000000000002,35305,2020
Pertuzumab,Perjeta,853,4958923.4799999995,255.0,853.0,17942,2020
Romiplostim,Nplate,843,5078315.21,205.0,843.0,13203,2020
Eliglustat Tartrate,Cerdelga,841,22773960.75,234.0,859.5,24108,2020
Trimethobenzamide Hcl,Trimethobenzamide Hcl,838,124957.76999999999,308.0,884.1,19926,2020
"Potassium Phosphate,monobasic",K-Phos Original,826,23525.750000000004,235.0,876.6000000000001,17267,2020
Ziprasidone Mesylate,Geodon,819,185228.61,276.0,819.6,3349,2020
Saquinavir Mesylate,Invirase,811,905435.54,285.0,822.0,23162,2020
Amoxapine,Amoxapine,811,51338.24000000001,276.0,870.0,23776,2020
Miglitol,Glyset,811,208142.66000000003,255.0,1078.4,31732,2020
Olsalazine Sodium,Dipentum,810,1068106.2399999998,295.0,814.5999999999999,20683,2020
Gilteritinib Fumarate,Xospata,809,18415055.8,265.0,813.6,24260,2020
Elagolix Sodium,Orilissa,805,757792.75,320.0,813.0,22401,2020
Clemastine Fumarate,Clemastine Fumarate,798,54807.299999999996,273.0,928.3,24086,2020
Efavirenz/Lamivu/Tenofov Disop,Symfi,796,2256225.09,248.0,1385.0,41550,2020
Alglucosidase Alfa,Lumizyme,783,37191570.82,175.0,783.0,12841,2020
Pioglitazone Hcl/Glimepiride,Pioglitazone-Glimepiride,783,359154.41000000003,261.0,1365.9,39859,2020
Paclitaxel Protein-Bound,Abraxane,782,5642617.449999998,208.0,782.0,18390,2020
Irinotecan Hcl,Irinotecan Hcl,778,694170.01,180.0,778.0,18939,2020
Atezolizumab,Tecentriq,775,7745928.6,230.0,775.0,16908,2020
Pegloticase,Krystexxa,763,27634280.519999996,202.0,763.0,15859,2020
Etonogestrel/Ethinyl Estradiol,Etonogestrel-Ethinyl Estradiol,761,105531.73000000001,305.0,790.7999999999998,21579,2020
Betaine,Cystadane,758,2443645.13,232.0,762.3,19498,2020
Fat Emul/Soy/Mct/Oliv/Fish Oil,Smoflipid,755,161135.3,100.0,755.0,4544,2020
Halcinonide,Halcinonide,745,856558.95,309.0,747.0,22227,2020
Burosumab-Twza,Crysvita,744,15410897.719999999,185.0,744.0,20914,2020
Neratinib Maleate,Nerlynx,741,10557836.290000001,275.0,741.0,22147,2020
Albendazole,Albendazole,739,2242211.7099999995,441.0,741.6,7226,2020
Streptomycin Sulfate,Streptomycin Sulfate,739,2949785.7800000003,312.0,743.7,21971,2020
Rosiglitazone Maleate,Avandia,738,217820.88999999998,252.0,925.9000000000001,26327,2020
Nitazoxanide,Alinia,737,3037238.0300000003,382.0,742.1,12889,2020
Multivit41/Iron/Folate8/Ps-Dha,Enbrace Hr,734,142463.28,190.0,1054.2,30623,2020
Fostamatinib Disodium,Tavalisse,729,8347875.469999999,285.0,742.0,22245,2020
Penicillin G Potassium,Pfizerpen,728,268244.10000000003,230.0,728.0,3911,2020
Diroximel Fumarate,Vumerity,718,6105917.9,225.0,837.5000000000001,25064,2020
Durvalumab,Imfinzi,717,4783985.99,160.0,717.0,15579,2020
Dalbavancin Hcl,Dalvance,710,2600204.54,228.0,711.3,3871,2020
Diazoxide,Proglycem,707,557001.21,200.0,744.5000000000001,12624,2020
Fidaxomicin,Dificid,692,3066159.0599999996,140.0,692.0,7684,2020
Docetaxel,Docetaxel,691,563748.79,210.0,704.4,15495,2020
Budesonide/Glycopyr/Formoterol,Breztri Aerosphere,682,495358.42,367.0,840.0,24958,2020
Neomycin/Bacit/P-Myx/Hydrocort,Neomycin-Bacitracin-Poly-Hc,663,32885.280000000006,433.0,665.1,7457,2020
Tinidazole,Tinidazole,660,65522.600000000006,299.0,721.0000000000001,12478,2020
Granisetron Hcl/Pf,Granisetron Hcl,657,42062.63,152.0,661.5,12115,2020
Alendronate Sodium/Vitamin D3,Fosamax Plus D,654,117790.09000000001,259.0,680.1,18593,2020
Deflazacort,Emflaza,652,5053906.8100000005,170.0,654.0,19244,2020
Nizatidine,Nizatidine,645,24622.069999999996,323.0,857.4,21903,2020
Nimodipine,Nimodipine,644,435444.51,216.0,736.9,19182,2020
Methamphetamine Hcl,Methamphetamine Hcl,637,780425.4599999998,255.0,640.3,17882,2020
Immun Glob G/Sorb/Gly/Iga 0-50,Gammaplex,637,5101033.94,160.0,637.0,15964,2020
"Griseofulvin, Microsize",Griseofulvin,637,119927.46999999999,250.0,714.9,18589,2020
Nelfinavir Mesylate,Viracept,635,759662.3200000001,250.0,645.0,19031,2020
Azacitidine,Azacitidine,632,2322953.36,165.0,637.4,16207,2020
Paclitaxel,Paclitaxel,624,69374.93,189.0,624.5999999999999,13489,2020
Amphotericin B Lipid Complex,Abelcet,624,438214.88,167.0,631.4,16967,2020
Ocrelizumab,Ocrevus,621,20288783.16000001,319.0,2488.7,73907,2020
Gefitinib,Iressa,620,4874849.350000001,235.0,621.0,18511,2020
Tipranavir,Aptivus,614,1110663.6600000001,235.0,620.0,18557,2020
Methylphenidate,Daytrana,612,309442.22,235.0,616.0,17938,2020
Lorlatinib,Lorbrena,611,10154067.260000005,240.0,611.0,18242,2020
Auranofin,Ridaura,606,630933.24,190.0,677.8000000000001,18083,2020
Pegfilgrastim-Cbqv,Udenyca,606,2928525.0099999993,172.0,606.0,12643,2020
Toremifene Citrate,Fareston,602,644030.17,190.0,661.4,18740,2020
Tbo-Filgrastim,Granix,600,1326030.94,193.0,601.0,11577,2020
Mechlorethamine Hcl,Valchlor,598,3942115.7900000005,181.0,608.0,18049,2020
Nitrofurantoin,Nitrofurantoin,596,1310028.9000000001,210.0,598.8,13518,2020
Hepatitis B Virus Vaccine/Pf,Engerix-B Adult,595,47242.94,396.0,599.0,2624,2020
Ivosidenib,Tibsovo,576,15097420.74,205.0,580.0,17199,2020
Penicillamine,Cuprimine,573,5748284.170000002,189.0,603.7,15968,2020
Cortisone Acetate,Cortisone Acetate,561,59734.46,205.0,603.9,15831,2020
Quinidine Gluconate,Quinidine Gluconate,561,280263.81,195.0,667.1,18964,2020
Deferiprone,Ferriprox,558,9124653.319999998,150.0,564.0,16902,2020
Meperidine Hcl,Meperidine Hcl,550,113616.75,200.0,554.3,13298,2020
Vemurafenib,Zelboraf,545,3704534.3299999996,205.0,547.3,14909,2020
Abacavir/Lamivudine/Zidovudine,Abacavir-Lamivudine-Zidovudine,540,696618.3599999999,200.0,560.4,15569,2020
"Syringe,needle,insuln,sf 0.5ml",Safetyglide Insulin Syringe,520,15506.940000000002,135.0,545.6999999999999,13864,2020
Inotersen Sodium,Tegsedi,505,18195868.979999997,140.0,505.0,14144,2020
Midostaurin,Rydapt,505,10095968.14,180.0,507.7,13597,2020
Revefenacin,Yupelri,501,454272.8500000001,170.0,513.0,11509,2020
Immune Globul G (Igg)/Glycine,Gamastan,495,187119.16999999998,116.0,554.6,15136,2020
Pegvaliase-Pqpz,Palynziq,493,10019066.89,140.0,498.8999999999999,14320,2020
Trimipramine Maleate,Trimipramine Maleate,488,123137.45000000001,175.0,506.6,14710,2020
Migalastat Hcl,Galafold,487,12682089.64,145.0,492.4,13804,2020
Metronidazole/Sodium Chloride,Metro Iv,485,8063.620000000001,158.0,485.0,1730,2020
Bempedoic Acid/Ezetimibe,Nexlizet,481,238851.59999999998,203.0,722.1,21578,2020
Milrinone Lactate/D5w,Milrinone In 5% Dextrose,481,77370.04,65.0,481.0,2226,2020
Glycopyrrol/Nebulizer/Accessor,Lonhala Magnair Starter,480,564293.66,200.0,480.0,14331,2020
Amphetamine,Adzenys Xr-Odt,479,216685.99000000002,170.0,491.0,14635,2020
Amlodipine Benzoate,Katerzia,479,289689.6,175.0,503.29999999999995,14313,2020
Prochlorperazine Edisylate,Prochlorperazine Edisylate,476,143074.93,90.0,476.4,4285,2020
Immun Glob G/Gly/Gluc/Iga 0-50,Gammagard S-D,473,4208767.2700000005,160.0,473.9,12482,2020
Tegaserod Hydrogen Maleate,Zelnorm,473,171570.65000000002,160.0,492.0,12545,2020
Mefloquine Hcl,Mefloquine Hcl,472,30168.780000000002,363.0,873.9999999999999,25631,2020
Prenatal 147/Iron/Folic Acid,Azesco,465,1676527.42,176.0,684.3,19766,2020
Hydrocortisone/Pramoxine,Hydrocortisone-Pramoxine,463,96368.38,167.0,463.0,6828,2020
Luspatercept-Aamt,Reblozyl,458,5373972.049999999,135.0,461.6,9364,2020
Sargramostim,Leukine,457,3048125.7600000002,112.0,457.0,10831,2020
Penciclovir,Denavir,456,413610.35,165.0,461.4,10275,2020
Cladribine,Mavenclad,455,27921092.400000002,200.0,706.6,19013,2020
Abobotulinumtoxina,Dysport,452,642745.3700000001,158.0,1203.1999999999998,34940,2020
Elotuzumab,Empliciti,452,4422909.8,108.0,452.0,11439,2020
Glycerol Phenylbutyrate,Ravicti,451,39686438.52,140.0,458.3,13295,2020
Avatrombopag Maleate,Doptelet,445,5054394.140000001,130.0,447.8,12101,2020
Cefepime Hcl In Dextrose 5 %,Cefepime-Dextrose,441,151501.40999999997,126.0,441.0,1348,2020
Ceftazidime/Avibactam,Avycaz,438,1043095.8300000001,130.0,438.0,1036,2020
"Fluconazole In Nacl,iso-Osm",Fluconazole-Nacl,436,22409.760000000002,140.0,436.0,2748,2020
Citric Acid/Sodium Citrate,Oracit,433,18542.600000000006,160.0,437.2,10330,2020
Linezolid In Dextrose 5%,Zyvox,429,164233.06,150.0,429.0,1676,2020
Neomycin Sulf/Bacitracin/Poly,Neomycin-Bacitracin-Polymyxin,428,18584.629999999997,193.0,431.7,5221,2020
Griseofulvin Ultramicrosize,Griseofulvin Ultramicrosize,424,101672.02,178.0,437.8,11404,2020
Brigatinib,Alunbrig,421,6471159.479999999,150.0,423.0,12641,2020
Tezacaftor/Ivacaftor,Symdeko,418,9647889.59,140.0,418.0,11704,2020
Gauze Bandage,Sterile Pads,411,1772.8000000000002,320.0,427.5,9326,2020
Vancomycin/Water For Inj (Peg),Vancomycin Hcl,402,54067.420000000006,115.0,402.0,1178,2020
Tretinoin Microspheres,Retin-A Micro Pump,399,190347.36,139.0,404.7,11677,2020
Dichlorphenamide,Keveyis,394,6528244.860000001,160.0,394.0,11820,2020
Cysteamine Bitartrate,Procysbi,394,22292550.669999998,125.0,394.0,11752,2020
"Cefazolin Sodium/Dextrose,iso",Cefazolin Sodium-Dextrose,392,36184.93,140.0,392.0,1268,2020
Trientine Hcl,Trientine Hcl,388,4160976.5300000007,120.0,388.0,9210,2020
Lithium Citrate,Lithium,383,24190.780000000002,130.0,386.20000000000005,8965,2020
Fosnetupitant/Palonosetron,Akynzeo,374,305474.54,66.0,374.0,6738,2020
Imiglucerase,Cerezyme,369,9827389.03,100.0,369.0,7922,2020
Vandetanib,Caprelsa,369,4958757.899999999,135.0,369.0,11046,2020
Noreth-Ethinyl Estradiol/Iron,Wymzya Fe,368,26151.02999999999,140.0,392.50000000000006,10635,2020
Ciprofloxacin In 5 % Dextrose,Ciprofloxacin-D5w,366,12095.160000000003,122.0,366.0,1849,2020
"Prenatal Vit,calc76/Iron/Folic",Pnv 29-1,365,5876.349999999999,115.0,421.4,11914,2020
Cobicistat,Tybost,363,98905.36,135.0,384.8,11166,2020
"Meningococcal B Vaccine,4-Comp",Bexsero,363,73770.50000000001,282.0,371.0,951,2020
"Dalteparin Sodium,porcine",Fragmin,360,1072200.05,125.0,360.0,9206,2020
Calcium Gluconate,Calcium Gluconate,352,32047.85,75.0,352.0,2472,2020
Omadacycline Tosylate,Nuzyra,349,2309897.4900000007,131.0,349.0,5657,2020
Mesalamine W/Cleansing Wipes,Rowasa,347,113037.23,105.0,365.6,6294,2020
Amifampridine,Ruzurgi,346,5902990.28,90.0,353.0,10574,2020
Difenoxin Hcl/Atropine Sulfate,Motofen,345,236045.02,125.0,348.5,6153,2020
Parenteral Amino Acid 15% No.6,Plenamine,339,29768.370000000003,55.0,339.0,1949,2020
"Pen Needle, Diabetic,disp Unit",Ultiguard Safe Pack,335,11250.439999999999,85.0,506.70000000000005,13910,2020
Tedizolid Phosphate,Sivextro,334,2792921.7699999996,110.0,342.0,7318,2020
Erythromycin Stearate,Erythrocin Stearate,331,139041.52000000002,110.0,336.7,7315,2020
Pamidronate Disodium,Pamidronate Disodium,325,18970.32,80.0,452.99999999999994,13098,2020
Podofilox,Podofilox,325,19148.740000000005,126.0,325.3,8023,2020
Aminocaproic Acid,Aminocaproic Acid,322,667690.97,110.0,322.0,6254,2020
Ertugliflozin/Metformin,Segluromet,320,112113.12999999998,105.0,393.5,11509,2020
Sulfadiazine,Sulfadiazine,314,163217.30999999997,125.0,314.0,8994,2020
Selinexor,Xpovio,310,6838312.340000001,122.0,310.3,8498,2020
Chenodiol,Chenodal,308,15762363.13,120.0,316.0,9480,2020
Sodium Acetate,Sodium Acetate,306,9094.97,60.0,306.0,2019,2020
Dextrose 10 % In Water,Dextrose In Water,304,11300.099999999999,55.0,304.0,2005,2020
Duvelisib,Copiktra,303,3984915.7699999996,115.0,308.4,8638,2020
"C1 Esterase Inhibitor, Recomb",Ruconest,301,25518489.4,60.0,301.0,3453,2020
Amphotericin B Liposome,Ambisome,300,625626.24,85.0,302.20000000000005,2968,2020
Cetuximab,Erbitux,296,2488075.38,90.0,297.9,7077,2020
Enfuvirtide,Fuzeon,296,1101414.5799999998,115.0,298.0,8938,2020
Deferoxamine Mesylate,Deferoxamine Mesylate,295,66221.26999999999,55.0,296.3,2447,2020
Crizanlizumab-Tmca,Adakveo,295,3218274.25,69.0,295.4,7761,2020
Desloratadine/Pseudoephedrine,Clarinex-D 12 Hour,294,87747.23,120.0,323.20000000000005,9269,2020
Infliximab-Dyyb,Inflectra,287,1432696.8900000001,85.0,392.0,11476,2020
Pyrimethamine,Daraprim,285,10065276.22,100.0,285.0,8029,2020
Treprostinil Sodium,Remodulin,284,3510287.73,80.0,284.0,6170,2020
Halobetasol Propion/Tazarotene,Duobrii,283,236977.31999999998,111.0,284.4,8184,2020
Empaglifloz/Linaglip/Metformin,Trijardy Xr,281,190242.59,112.0,370.2,11050,2020
Ertugliflozin/Sitagliptin,Steglujan,280,182428.5,100.0,321.0,9580,2020
Oxycodone Hcl/Aspirin,Oxycodone Hcl-Aspirin,269,22119.320000000003,115.0,269.0,6669,2020
Cimetidine Hcl,Cimetidine,268,13919.05,95.0,275.9,6380,2020
Ceritinib,Zykadia,266,2626602.66,110.0,266.0,7674,2020
"Gentamicin In Nacl, Iso-Osm",Gentamicin Sulfate In Ns,263,8919.640000000001,89.0,267.0,2872,2020
"Chorionic Gonadotropin, Human",Chorionic Gonadotropin,262,145129.44,105.0,289.09999999999997,7566,2020
Rolapitant Hcl,Varubi,261,213446.51,70.0,261.0,5532,2020
"Interferon Gamma-1b,recomb.",Actimmune,260,15023905.629999999,80.0,260.0,7148,2020
Sodium Phenylbutyrate,Sodium Phenylbutyrate,260,3941344.16,80.0,260.3,6580,2020
Neomycin/Polymyxn B/Gramicidin,Neomycin-Polymyxin-Gramicidin,258,12027.029999999999,174.0,302.20000000000005,6396,2020
Ribavirin,Ribavirin,257,18919.78,151.0,259.3,4350,2020
Oxymetazoline Hcl,Rhofade,256,148766.01,88.0,262.0,7518,2020
Teprotumumab-Trbw,Tepezza,251,13274409.639999997,65.0,251.0,4931,2020
Tobramycin In 0.225% Sod Chlor,Tobramycin,243,356815.92000000004,70.0,243.0,3198,2020
Pegfilgrastim-Jmdb,Fulphila,242,1170340.59,70.0,247.4,5110,2020
Chlorothiazide,Chlorothiazide,240,6314.23,91.0,277.70000000000005,6980,2020
Nilutamide,Nilandron,239,1139332.3399999999,85.0,249.0,7426,2020
Mitotane,Lysodren,236,412764.86,90.0,238.0,6995,2020
Vardenafil Hcl,Vardenafil Hcl,232,24567.12,85.0,242.0,6123,2020
Hydrocortisone Butyrate/Emoll,Hydrocortisone Butyrate,231,74334.29,85.0,231.0,6681,2020
"Heparin Sodium,porcine/Pf",Heparin Sodium,231,34758.24,91.0,231.6,3993,2020
Magnesium Sulfate In Water,Magnesium Sulfate,227,6376.009999999998,72.0,227.0,1542,2020
Ado-Trastuzumab Emtansine,Kadcyla,226,1627830.46,65.0,226.0,4789,2020
Anidulafungin,Eraxis (Water Diluent),225,132100.67,60.0,225.0,705,2020
Eteplirsen,Exondys-51,221,14782248.399999999,35.0,221.0,3892,2020
Methenam/Sod Phos/Mblue/Hyoscy,Urogesic-Blue,220,43190.33,75.0,220.0,3839,2020
"Immune Globulin,gamma(Igg)klhw",Xembify,220,1750929.86,60.0,220.0,6013,2020
Cobimetinib Fumarate,Cotellic,218,1152868.82,80.0,218.0,5999,2020
Canakinumab/Pf,Ilaris,216,5771838.78,85.0,236.1,6627,2020
Drospirenone/Estradiol,Angeliq,215,43062.759999999995,90.0,225.8,6358,2020
Tucatinib,Tukysa,215,2939723.4399999995,80.0,215.0,6264,2020
Velaglucerase Alfa,Vpriv,214,7032906.849999999,65.0,218.2,5159,2020
Panobinostat Lactate,Farydak,213,2032338.9899999998,70.0,213.0,4477,2020
Amphetamine Sulfate,Amphetamine Sulfate,212,96613.08999999998,85.0,216.4,6284,2020
Gentamicin Sulfate/Pf,Gentamicin Sulfate,210,8303.16,45.0,210.0,2654,2020
Glycopyrronium Tosylate,Qbrexza,207,139802.22,76.0,224.5,6690,2020
Carfilzomib,Kyprolis,204,2003869.5599999998,60.0,204.0,4718,2020
Miconazole Nitrate/Zinc Ox/Pet,Miconazole-Zinc Oxide-Petroltm,204,120784.94,122.0,205.0,5706,2020
Clocortolone Pivalate,Clocortolone Pivalate,203,69600.03,104.0,217.6,5977,2020
Omacetaxine Mepesuccinate,Synribo,202,1084045.41,40.0,202.0,1076,2020
Potassium Citrate/Citric Acid,Potassium Citrate-Citric Acid,198,17261.95,75.0,208.4,5258,2020
Levoleucovorin Calcium,Levoleucovorin Calcium,197,212370.08999999997,35.0,197.0,3885,2020
Incobotulinumtoxina,Xeomin,197,167245.74,70.0,551.3,16519,2020
Goserelin Acetate,Zoladex,193,171502.86000000002,68.0,252.2,7358,2020
Zanubrutinib,Brukinsa,191,2508202.3,60.0,191.0,5730,2020
Varicella Vaccine Live/Pf,Varivax Vaccine,189,30117.019999999997,158.0,195.0,601,2020
Netupitant/Palonosetron Hcl,Akynzeo,186,119553.66999999998,45.0,186.0,3044,2020
Amphotericin B,Amphotericin B,186,43381.45999999999,73.0,188.0,2899,2020
Brolucizumab-Dbll,Beovu,184,389718.34,40.0,238.49999999999994,6886,2020
Sodium Chloride,Sodium Chloride,183,8988.09,30.0,183.0,1003,2020
Adapalene/Benzoyl Peroxide,Epiduo Forte,174,57703.75,79.0,178.0,4931,2020
Mitomycin,Mitomycin,174,345918.58,59.0,187.4,4555,2020
Opium/Belladonna Alkaloids,Belladonna-Opium,174,119998.05000000003,55.0,174.0,2286,2020
Rituximab-Abbs,Truxima,173,1411223.06,45.0,192.9,4702,2020
Esomeprazole Sodium,Esomeprazole Sodium,172,72561.63,35.0,172.0,1457,2020
"Sod Phosphate,monobasic-Dibas",Sodium Phosphate,172,17523.710000000003,35.0,172.0,990,2020
Sodium Chloride For Inhalation,Sodium Chloride,171,5036.82,50.0,171.9,2220,2020
Multivit 47/Iron/Folate 1/Dha,Zatean-Pn Dha,169,12150.590000000002,67.0,210.0,6149,2020
Yellow Fever Vaccine Live/Pf,Stamaril,169,29593.34,169.0,169.0,174,2020
Reslizumab,Cinqair,168,486913.07999999996,60.0,168.0,4728,2020
Ecallantide,Kalbitor,168,11079464.610000001,25.0,168.0,597,2020
Tolcapone,Tolcapone,167,1110379.43,60.0,225.0,6695,2020
"Mite,d.Farinae-D.Pteronyssinus",Odactra,167,58492.39000000001,65.0,179.0,5370,2020
"Patisiran Sodium,lipid Complex",Onpattro,166,4026336.9600000004,55.0,166.0,3486,2020
Estradiol/Progesterone,Bijuva,166,41714.89000000001,65.0,192.0,5760,2020
Ethotoin,Peganone,165,72606.7,55.0,177.3,4615,2020
B Complex W-C No.20/Folic Acid,Triphrocaps,162,3225.2799999999997,45.0,234.0,7010,2020
Acetohydroxamic Acid,Lithostat,161,216540.35,55.0,185.0,5550,2020
Potassium Acetate,Potassium Acetate,160,7845.0,35.0,160.0,1081,2020
Methoxsalen,Methoxsalen,160,221752.74,56.0,169.60000000000002,3325,2020
Infliximab-Abda,Renflexis,160,574674.16,50.0,225.9,6409,2020
Zoster Vaccine Live/Pf,Zostavax,160,37287.29,159.0,161.0,1263,2020
Delafloxacin Meglumine,Baxdela,159,325475.26,74.0,159.0,2283,2020
Bcg Live,Bcg (Tice Strain),157,100158.87999999999,81.0,178.70000000000002,4610,2020
Pitavastatin Magnesium,Zypitamag,157,45789.369999999995,60.0,225.0,6691,2020
Dobutamine Hcl,Dobutamine Hcl,157,14809.52,25.0,157.0,1032,2020
Opicapone,Ongentys,155,111206.47,71.0,187.0,5594,2020
Bevacizumab-Awwb,Mvasi,154,1128345.67,40.0,154.1,3425,2020
Cisplatin,Cisplatin,152,5964.84,50.0,152.0,3220,2020
Artemether/Lumefantrine,Coartem,151,29539.65,45.0,157.5,1805,2020
"Sod Phosphate Mbas/Sod Phos,di",Osmoprep,151,37137.869999999995,137.0,151.2,1077,2020
Lomitapide Mesylate,Juxtapid,149,7871091.97,60.0,149.0,4446,2020
Miglustat,Miglustat,146,4335832.15,50.0,150.0,4470,2020
Dornase Alfa,Pulmozyme,145,820745.7300000001,60.0,145.0,3967,2020
Clindamycin Phosphate/D5w,Clindamycin Phosphate-D5w,143,15360.41,54.0,143.0,835,2020
Dimethyl Sulfoxide,Rimso-50,141,140997.38,50.0,152.5,2663,2020
Hydroxypropyl Cellulose,Lacrisert,140,112200.99999999997,50.0,163.0,4631,2020
Glucagon Hcl,Glucagon Emergency Kit,140,51729.93,61.0,140.0,218,2020
Ipilimumab,Yervoy,140,2133531.4499999997,40.0,147.2,3318,2020
Pyrazinamide,Pyrazinamide,139,27927.670000000002,45.0,139.7,4019,2020
Lofexidine Hcl,Lucemyra,138,423074.83,79.0,142.0,2017,2020
Tildrakizumab-Asmn,Ilumya,137,1938483.0100000002,45.0,324.79999999999995,9690,2020
Risdiplam,Evrysdi,136,3635550.28,40.0,142.10000000000002,3656,2020
Doxycycline Calcium,Vibramycin,133,17282.219999999998,63.0,152.8,3999,2020
Natamycin,Natacyn,131,45586.66,35.0,160.1,4081,2020
Nalbuphine Hcl,Nalbuphine Hcl,129,21542.63,45.0,132.2,1471,2020
Bupivacaine Hcl/Pf,Bupivacaine Hcl,129,2479.7900000000004,80.0,140.6,1998,2020
Testosterone Undecanoate,Aveed,128,165843.41000000003,45.0,235.9,7040,2020
Metoprolol Su/Hydrochlorothiaz,Dutoprol,128,21827.77,45.0,128.0,2689,2020
Telavancin Hcl,Vibativ,127,382912.15,30.0,127.0,804,2020
Zanamivir,Relenza,127,8492.77,51.0,127.7,1746,2020
Asenapine,Secuado,126,165532.55,45.0,134.0,4020,2020
Talazoparib Tosylate,Talzenna,126,1903009.95,50.0,126.0,3764,2020
Laronidase,Aldurazyme,126,4500166.87,40.0,126.0,2297,2020
Treprostinil/Neb Accessories,Tyvaso Refill Kit,125,2383618.9899999998,50.0,125.0,3510,2020
Lamivudine/Tenofovir Disop Fum,Temixys,124,158323.33000000002,35.0,153.0,4590,2020
Estradiol/Norgestimate,Prefest,119,18743.46,50.0,123.0,3690,2020
Sulfacetamide/Prednisolone,Blephamide,118,33574.05,71.0,151.1,3567,2020
Orlistat,Xenical,118,72175.64,45.0,118.0,3265,2020
Meropenem/Vaborbactam,Vabomere,117,312787.63,30.0,117.0,552,2020
Phenoxybenzamine Hcl,Phenoxybenzamine Hcl,115,822539.9600000001,45.0,125.0,3668,2020
"Prenatal Vit27,calcium/Iron/Fa",Trinatal Rx 1,114,1043.6800000000003,45.0,116.0,3212,2020
Dextrose 5 %-0.2 % Sod Chlorid,Dextrose 5%-0.2% Nacl,114,2057.09,25.0,114.0,224,2020
Thioguanine,Tabloid,113,88506.23999999999,25.0,138.9,3476,2020
Bendamustine Hcl,Bendeka,113,1029479.71,40.0,113.0,2881,2020
Trastuzumab-Anns,Kanjinti,112,501033.86000000004,35.0,112.0,2191,2020
"Dipht,pert(A),tet-Polio/Hib/Pf",Pentacel,111,10738.019999999999,97.0,111.0,111,2020
Potassium Chloride/D5-0.9%nacl,Dextrose 5%-Ns-Kcl,109,3187.02,20.0,109.0,932,2020
Bedaquiline Fumarate,Sirturo,109,450942.25,45.0,109.0,3038,2020
Elosulfase Alfa,Vimizim,109,9334398.370000001,35.0,109.0,3038,2020
Echothiophate Iodide,Phospholine Iodide,109,9784.0,46.0,117.9,3247,2020
Levetiracetam In Nacl (Iso-Os),Levetiracetam-Nacl,108,56979.770000000004,30.0,108.0,584,2020
Estradiol Valerate/Dienogest,Natazia,108,27174.69,40.0,115.3,3255,2020
Albumin Human,Flexbumin,108,40990.03,15.0,110.2,822,2020
Nedocromil Sodium,Alocril,105,26619.99,40.0,113.6,2815,2020
Fostemsavir Tromethamine,Rukobia,104,779722.4400000001,30.0,106.0,3137,2020
Pnv No.162/Iron Glu/Folic Acid,Trinaz,100,284212.78,67.0,106.0,3180,2020
Pnv 119/Iron Fum/Folic Acid,Se-Natal-19,100,2695.09,35.0,110.0,3046,2020
Aa 5 %/Calcium/Lytes/Dext 20 %,Clinimix E,99,26744.629999999997,25.0,99.0,428,2020
Galsulfase,Naglazyme,95,6018284.73,20.0,95.0,1694,2020
Cabazitaxel,Jevtana,95,1164138.28,30.0,95.0,2002,2020
Aa 5%/D15w/Electrolytes,Clinimix E,94,26985.63,25.0,94.0,470,2020
Erdafitinib,Balversa,94,1615516.2099999997,40.0,94.0,2632,2020
Drospirenone,Slynd,94,21483.77,40.0,106.6,2947,2020
Propantheline Bromide,Propantheline Bromide,93,18187.300000000003,35.0,99.0,2805,2020
Cysteamine Hcl,Cystaran,92,567995.8500000001,30.0,92.0,2410,2020
Metreleptin,Myalept,92,12754803.809999999,35.0,94.89999999999999,2847,2020
Filgrastim-Aafi,Nivestym,92,319666.58,35.0,92.0,1847,2020
Decitabine,Decitabine,91,299316.04,30.0,91.0,2460,2020
Vorinostat,Zolinza,88,1151894.72,35.0,88.0,2610,2020
Selumetinib/Vitamin E Tpgs,Koselugo,87,1003791.62,25.0,87.0,2610,2020
Phentermine Hcl,Phentermine Hcl,86,671.64,25.0,86.0,2580,2020
Indacaterol/Glycopyrrolate,Utibron Neohaler,85,35047.09,35.0,94.0,2815,2020
Ganciclovir Sodium,Ganciclovir Sodium,85,40110.15,30.0,85.0,573,2020
Eribulin Mesylate,Halaven,84,529872.0700000001,25.0,84.0,1743,2020
Prenatal Vit 87/Iron/Folic/Dha,Prenate Mini,84,15249.61,20.0,84.0,1613,2020
Sodium Chloride 3 %,Sodium Chloride,83,1172.4,15.0,83.0,496,2020
Pnv No.118/Iron Fumarate/Fa,Se-Natal 19,82,1829.0700000000002,30.0,82.0,2399,2020
Daratumumab-Hyaluronidase-Fihj,Darzalex Faspro,82,1212926.4300000002,20.0,83.8,2121,2020
"Meloxicam, Submicronized",Vivlodex,80,54807.19,25.0,80.0,1835,2020
Eravacycline Di-Hydrochloride,Xerava,80,49457.02999999999,20.0,80.0,520,2020
"Sod Phos,m-B/K Phos,monob",K-Phos No.2,79,5645.12,30.0,83.0,2300,2020
Meclofenamate Sodium,Meclofenamate Sodium,77,42008.32,30.0,84.6,2498,2020
Pentamidine Isethionate,Pentamidine Isethionate,76,10677.01,30.0,76.0,1944,2020
Hydrocodone Bit/Homatrop Me-Br,Hydrocodone-Homatropine Mbr,75,1316.44,25.0,75.6,951,2020
Isocarboxazid,Marplan,75,38664.119999999995,30.0,82.6,1962,2020
Fam-Trastuzumab Deruxtecn-Nxki,Enhertu,74,611779.01,20.0,74.0,1503,2020
Dextrose 50 % In Water,Dextrose In Water,74,6225.29,20.0,74.0,654,2020
Cemiplimab-Rwlc,Libtayo,73,697287.3700000001,25.0,73.0,1533,2020
Dacomitinib,Vizimpro,73,1008689.08,20.0,73.0,2190,2020
Prenatal No.52/Iron/Fa/Dha,Vp-Pnv-Dha,73,3407.24,30.0,73.0,2190,2020
Methylergonovine Maleate,Methylergonovine Maleate,72,311235.84,30.0,74.3,2026,2020
"Betamethasone Acetate,sod Phos",Betamethasone Sod Phos-Acetate,72,3704.7,57.0,72.2,638,2020
Ciprofloxacin/Hydrocortisone,Cipro Hc,70,23265.09,37.0,70.2,1540,2020
Minocycline Hcl Microspheres,Arestin,70,736732.46,65.0,70.0,2071,2020
Rimabotulinumtoxinb,Myobloc,69,67886.37,25.0,180.0,5400,2020
Rifapentine,Priftin,68,4636.82,20.0,75.2,1249,2020
"Potassium Phos,m-Basic-D-Basic",Potassium Phosphate,68,10810.58,20.0,68.0,737,2020
Estramustine Phosphate Sodium,Emcyt,68,68363.6,22.0,71.8,1867,2020
Sofosbuvir/Velpatas/Voxilaprev,Vosevi,68,1774922.8499999999,25.0,68.0,1904,2020
Cidofovir,Cidofovir,68,51260.89,25.0,68.0,947,2020
Prenatal Vit103/Iron Fum/Folic,Tricare,68,2925.84,20.0,92.6,2748,2020
Zoledronic Ac/Mannitol/0.9nacl,Zoledronic Acid,67,11088.81,25.0,108.4,3114,2020
Plerixafor,Mozobil,66,1687597.26,45.0,66.0,196,2020
Immun Glob G(Igg)-Hipp/Maltose,Cutaquig,66,296381.35,20.0,66.0,1596,2020
Dextrose 10 % And 0.45 % Nacl,Dextrose 10%-0.45% Nacl,66,3431.5,10.0,66.0,442,2020
Gr Pol-Orc/Sw Ver/Rye/Kent/Tim,Oralair,66,36721.1,25.0,86.0,2580,2020
Fosphenytoin Sodium,Fosphenytoin Sodium,65,24297.69,15.0,65.0,501,2020
Dobutamine Hcl In Dextrose 5 %,Dobutamine Hcl-D5w,64,6611.21,10.0,64.0,447,2020
Malathion,Malathion,64,21839.57,20.0,68.0,1268,2020
"Prenatal Vit,calc78/Iron/Folic",Pretab,64,819.5200000000001,20.0,64.0,1581,2020
Mefenamic Acid,Mefenamic Acid,64,31555.87,28.0,64.0,1653,2020
Trastuzumab-Dkst,Ogivri,64,309234.89,20.0,64.0,1358,2020
Prenatal 93/Iron/Folate 9/Dha,Tristart Dha,63,26694.0,22.0,149.0,4470,2020
Ketorolac Tromethamine/Pf,Acuvail,63,28575.41,20.0,70.0,1935,2020
Sod/Pot/K Cit/Sod Cit/Cit Acid,Tricitrates,63,9087.1,25.0,63.7,1567,2020
Neomyc/Colist/Hydrocort/Thonzn,Cortisporin-Tc,63,15861.35,32.0,65.5,1077,2020
Ofatumumab,Kesimpta Pen,62,792313.8300000001,20.0,65.8,1843,2020
Larotrectinib Sulfate,Vitrakvi,62,1903714.23,25.0,62.0,1860,2020
Balanced Salt Irrig Soln No.2,Bss,61,449.29,20.0,61.0,1061,2020
Phenytoin Sodium,Phenytoin Sodium,59,5290.26,20.0,61.0,1143,2020
Mesna,Mesnex,58,31765.62,20.0,58.0,672,2020
Vincristine Sulfate,Vincristine Sulfate,57,511.61,20.0,57.0,1197,2020
Orphenadrine/Aspirin/Caffeine,Orphenadrine-Aspirin-Caffeine,57,91537.07,15.0,57.0,1710,2020
Tetracaine Hcl/Pf,Tetracaine Hcl,57,541.45,20.0,57.0,146,2020
Aclidinium Brom/Formoterol Fum,Duaklir Pressair,57,57504.31,15.0,59.0,1770,2020
Lumacaftor/Ivacaftor,Orkambi,57,1151784.71,25.0,57.0,1598,2020
Doxorubicin Hcl,Doxorubicin Hcl,57,2600.1600000000003,20.0,57.0,1155,2020
Haemoph B Poly Conj-Tet Tox/Pf,Acthib,56,1406.14,43.0,56.0,56,2020
Imipenem/Cilastatin/Relebactam,Recarbrio,56,126475.21,10.0,56.0,108,2020
Bupivacaine Hcl,Bupivacaine Hcl,55,1756.36,25.0,63.900000000000006,1747,2020
Ramucirumab,Cyramza,55,473905.83,20.0,55.0,1253,2020
Sertaconazole Nitrate,Ertaczo,55,83796.33,15.0,55.0,1490,2020
Amcinonide,Amcinonide,55,20044.41,20.0,55.0,1145,2020
Clindamycin Palmitate Hcl,Clindamycin (Pediatric),54,7565.989999999999,20.0,54.0,568,2020
Omeprazole/Amoxicill/Rifabutin,Talicia,53,35218.11,46.0,53.0,742,2020
Metyrosine,Demser,53,986991.29,15.0,53.0,1360,2020
Pemigatinib,Pemazyre,52,919878.9400000001,20.0,52.0,840,2020
Prenatal Vit 85/Iron/Fa 1/Dha,Prenate Pixie,51,10569.7,20.0,51.0,1115,2020
Pasireotide Pamoate,Signifor Lar,50,702771.14,20.0,50.0,1424,2020
Idursulfase,Elaprase,50,4521567.99,20.0,50.0,1400,2020
Elapegademase-Lvlr,Revcovi,50,14555158.989999998,20.0,50.0,1400,2020
"N.Meningitidis B,lipid Fhbp Rc",Trumenba,50,8658.97,27.0,50.0,137,2020
Vinorelbine Tartrate,Vinorelbine Tartrate,49,6490.16,15.0,49.0,1274,2020
Butenafine Hcl,Mentax,49,14750.720000000001,20.0,49.0,1325,2020
Decitabine/Cedazuridine,Inqovi,49,385196.65,15.0,49.0,1372,2020
Primaquine Phosphate,Primaquine,49,795.88,5.0,49.0,343,2020
Mvn-Min75/Iron/Iron Ps/Om3/Dha,Taron-C Dha,48,1425.16,20.0,48.0,1440,2020
Vit B Comp No.3/Folic/C/Biotin,Vp-Vite Rx,47,231.24,5.0,47.0,329,2020
Pnv 67/Iron Ps/Folate No.1/Dha,Vitafol Ultra,47,5965.29,20.0,47.0,1410,2020
Drospir/Eth Estra/Levomefol Ca,Drospirenone-Eth Estra-Levomef,46,7853.51,15.0,46.0,1141,2020
Ciprofloxacin,Cipro,46,7304.42,15.0,46.0,460,2020
Indinavir Sulfate,Crixivan,45,15502.880000000001,20.0,45.0,1335,2020
Aminolevulinic Acid Hcl,Levulan,44,20525.38,32.0,44.9,1346,2020
"Aripiprazole Lauroxil,submicr.",Aristada Initio,44,93830.20999999999,43.0,44.0,214,2020
Mafenide Acetate,Sulfamylon,44,2986.24,22.0,44.0,466,2020
Paromomycin Sulfate,Paromomycin Sulfate,44,9092.12,29.0,44.0,702,2020
Capmatinib Hydrochloride,Tabrecta,43,778358.34,15.0,43.0,1176,2020
Bevacizumab-Bvzr,Zirabev,42,275651.85,15.0,42.0,882,2020
Taliglucerase Alfa,Elelyso,42,1710378.92,15.0,42.0,1176,2020
Doxorubicin Hcl Peg-Liposomal,Doxorubicin Hcl Liposome,42,97649.23,15.0,44.8,1057,2020
Naltrexone Hcl/Bupropion Hcl,Contrave,42,3996.79,15.0,49.0,1470,2020
Flucytosine,Flucytosine,41,606872.46,15.0,41.0,824,2020
Alitretinoin,Panretin,41,258182.95,15.0,41.0,1230,2020
Bismuth/Metronid/Tetracycline,Pylera,41,39620.71,41.0,41.0,410,2020
Sarecycline Hcl,Seysara,40,40400.9,22.0,40.0,1191,2020
Pen G Pot/Dextrose-Water,Penicillin Gk-Iso-Osm Dextrose,40,22482.92,10.0,40.0,252,2020
Tropicamide,Tropicamide,40,895.12,27.0,48.7,1109,2020
Magnesium Sulfate/D5w,Magnesium Sulfate-D5w,40,5215.97,15.0,40.0,741,2020
Ixabepilone,Ixempra,39,227454.38,15.0,39.0,910,2020
Mecamylamine Hcl,Vecamyl,38,166021.8,15.0,38.0,1140,2020
Lodoxamide Tromethamine,Alomide,38,7909.64,15.0,50.3,1485,2020
"Nafcillin In Dextrose,iso-Osm",Nafcillin,38,37728.54,15.0,38.0,248,2020
Sulfacetamide Sodium/Sulfur,Sodium Sulfacetamide-Sulfur,37,13730.49,15.0,37.0,1110,2020
"Famotidine In Nacl,iso-Osm/Pf",Famotidine,37,661.6500000000001,21.0,46.0,674,2020
Ripretinib,Qinlock,37,1251641.41,15.0,37.5,1125,2020
Luliconazole,Luliconazole,37,6945.33,15.0,37.0,1070,2020
Capsaicin/Skin Cleanser,Qutenza,37,103610.82,37.0,43.0,1280,2020
Pnv 11/Iron Fum/Folic Acid/Om3,Virt-Nate Dha,37,2339.33,10.0,37.0,1110,2020
Oxymetholone,Anadrol-50,37,62949.729999999996,15.0,43.0,1290,2020
Prenatal 26/Iron Ps/Folic/Dha,Vitafol-One,36,4499.16,15.0,36.0,1080,2020
"Moxifloxacin/Sod.Ace,sul/Water",Moxifloxacin,36,11736.36,5.0,36.0,252,2020
"Grass Pollen-Timothy, Standard",Grastek,35,14048.329999999998,15.0,41.0,1230,2020
L-Norgest/E.Estradiol-E.Estrad,Levonorg-Eth Estrad Eth Estrad,35,1568.8,5.0,43.1,800,2020
Prednicarbate,Prednicarbate,35,2197.96,22.0,35.0,682,2020
Entrectinib,Rozlytrek,35,621740.11,15.0,35.0,1050,2020
Rifamycin Sodium,Aemcolo,35,19540.52,25.0,35.0,576,2020
Prenatal 114/Iron A-G/Folate 1,Prenate Elite,35,9634.460000000001,15.0,35.0,1050,2020
Cytomegalovirus Immune Globuln,Cytogam,35,263645.58,5.0,35.0,897,2020
Mv-Mins 71/Iron/Folic No.1/Dha,Virt-Pn Plus,35,1838.29,15.0,37.0,1110,2020
Progesterone,Progesterone,35,1976.12,15.0,35.7,810,2020
Blinatumomab,Blincyto,34,727597.25,10.0,34.0,199,2020
Acetazolamide Sodium,Acetazolamide Sodium,34,22081.45,5.0,34.0,162,2020
Prenatal 25/Iron/Folate 6/Dha,Vitamedmd One Rx,33,4239.51,23.0,34.0,1019,2020
Temsirolimus,Temsirolimus,33,94211.28,5.0,33.0,924,2020
Nitisinone,Orfadin,33,94586.47,15.0,33.0,990,2020
Pnv 112/Iron/Folic/Om3/Dha/Epa,Vitafol Gummies,31,5009.94,10.0,39.0,1170,2020
Givosiran Sodium,Givlaari,31,1235765.8199999998,10.0,31.0,916,2020
Non-Adherent Bandage,Excilon,31,197.45999999999998,10.0,31.0,398,2020
Potassium Chloride In Water,Potassium Chloride,31,3396.09,10.0,33.3,309,2020
Etoposide,Etoposide,30,1194.58,10.0,30.0,630,2020
Lincomycin Hcl,Lincomycin Hcl,30,3438.2699999999995,10.0,30.0,38,2020
Lixisenatide,Adlyxin,29,32787.94,5.0,49.0,1462,2020
Cholic Acid,Cholbam,28,1658281.04,10.0,28.0,840,2020
Aldesleukin,Proleukin,28,170817.52000000002,10.0,28.0,351,2020
"Syringe W-Ndl, Disp,insul,2 Ml",Insulin Syringe,28,610.6,5.0,28.0,840,2020
Temozolomide,Temozolomide,28,11837.970000000001,10.0,28.0,784,2020
Pasireotide Diaspartate,Signifor,28,390388.31999999995,10.0,28.0,812,2020
Praziquantel,Praziquantel,28,17991.02,10.0,28.4,122,2020
Avapritinib,Ayvakit,28,1276310.9,10.0,28.0,840,2020
Remifentanil Hcl,Remifentanil Hcl,27,1684.26,25.0,27.0,27,2020
Hydroxyprogesterone Caproat/Pf,Hydroxyprogesterone Caproate,27,16304.47,10.0,27.0,189,2020
Amino Acids 5 %/Dextrose 20 %,Clinimix,27,9809.880000000001,10.0,27.0,111,2020
Pedi Multivit No.17 W-Fluoride,Multivitamin With Fluoride,27,271.63,10.0,27.0,675,2020
Succimer,Chemet,26,30690.760000000002,10.0,28.0,762,2020
Panitumumab,Vectibix,26,279460.17,10.0,26.0,728,2020
"Prenatal Vit 65/Iron Fum,ps/Fa",Provida Ob,26,1239.58,10.0,44.3,1330,2020
Morphine Sulfate/Naltrexone,Embeda,26,8895.0,10.0,26.0,468,2020
Busulfan,Myleran,25,12292.97,10.0,25.0,574,2020
Salicylic Acid,Bensal Hp,25,16003.54,10.0,25.0,750,2020
Proparacaine Hcl,Proparacaine Hcl,25,817.3,10.0,28.8,457,2020
Captopril/Hydrochlorothiazide,Captopril-Hydrochlorothiazide,25,2924.21,10.0,29.0,870,2020
Diflorasone Diacetate/Emoll,Apexicon E,25,27500.84,10.0,25.0,602,2020
Oxacillin In Dextrose(Iso-Osm),Oxacillin,25,20088.06,10.0,25.0,129,2020
Nafarelin Acetate,Synarel,25,152620.94,10.0,25.0,704,2020
Epoprostenol Sodium,Veletri,24,110463.07999999999,10.0,24.0,720,2020
Prenatal Vit 10/Iron/Folic/Dha,Vitafol-Ob+dha,24,3168.08,10.0,24.0,720,2020
Ergoloid Mesylates,Ergoloid Mesylates,24,21017.17,10.0,24.0,633,2020
Mebendazole,Emverm,24,79184.87,5.0,24.0,87,2020
Pnv Cmb 52/Iron/Fa/Omega-3/Dha,Complete Natal Dha,24,750.28,10.0,24.0,720,2020
Omeprazole/Clarith/Amoxicillin,Omeclamox-Pak,24,17772.22,24.0,24.0,320,2020
Mvn-Min 74/Iron Fum/Iron/Fa,Folivane-Ob,24,520.2,10.0,24.0,720,2020
"Iron,fm,ps/Folic/B,c18/L.Casei",Fusion Plus,23,1081.23,10.0,39.0,1170,2020
Ziconotide Acetate,Prialt,23,40298.869999999995,10.0,23.0,135,2020
"Diph,pertuss(Acell),tet Ped/Pf",Infanrix Dtap,23,901.57,23.0,23.0,23,2020
Indacaterol Maleate,Arcapta Neohaler,23,10161.51,10.0,37.0,1110,2020
Prenatal Vit 10/Iron Fum/Folic,Vitafol-Ob,23,1828.66,10.0,23.0,437,2020
Ziv-Aflibercept,Zaltrap,22,215357.8,10.0,22.0,532,2020
Capecitabine,Capecitabine,22,13344.19,10.0,22.0,602,2020
Morphine Sulfate/Pf,Morphine Sulfate,22,2714.44,10.0,22.0,130,2020
Propranolol/Hydrochlorothiazid,Propranolol-Hydrochlorothiazid,22,541.94,10.0,22.0,644,2020
Metyrapone,Metopirone,22,129118.62,10.0,22.0,660,2020
Dexchlorpheniramine Maleate,Ryclora,22,10718.25,10.0,22.4,324,2020
Tolmetin Sodium,Tolmetin Sodium,22,6797.63,12.0,38.0,1095,2020
Urea,Urea,21,1867.08,5.0,21.0,385,2020
Amino Acids 4.25%/Dextrose 10%,Clinimix,20,11657.39,5.0,20.0,138,2020
Retapamulin,Altabax,18,8367.12,5.0,18.0,275,2020
Molindone Hcl,Molindone Hcl,18,17458.64,5.0,18.0,540,2020
Erythromycin Lactobionate,Erythrocin Lactobionate,18,8610.29,5.0,18.0,127,2020
"Iron Fum/Folic Acid/Mv,min 15",Hemocyte Plus,16,317.06,5.0,18.0,540,2020
Povidone-Iodine,Betadine,16,251.84,12.0,16.0,228,2020
Potassium Chloride-0.45% Nacl,Potassium Chloride-Nacl,16,730.82,5.0,16.0,111,2020
Cytarabine/Pf,Cytarabine,16,370.85,5.0,16.0,88,2020
Osilodrostat Phosphate,Isturisa,16,341460.0,5.0,16.0,424,2020
"Syringe,insulin,needless 1 Ml",Luer-Lok Syringe,16,84.26,5.0,21.6,622,2020
Multivit-Min69/Iron/Folic Acid,Elite-Ob,15,553.68,5.0,15.0,387,2020
Potassium Chloride In Lr-D5,Potassium Chloride In D5lr,15,555.15,5.0,15.0,157,2020
Eptinezumab-Jjmr,Vyepti,14,24473.78,5.0,38.6,1158,2020
Miconazole Nitrate,Miconazole 3,14,558.14,5.0,14.0,150,2020
Imm Glob G (Igg)/Sorb/Iga 0-50,Flebogamma Dif,14,179044.66,5.0,14.0,294,2020
"Protein C, Human",Ceprotin,14,721113.95,5.0,14.0,300,2020
Multivit No.42/Iron/Folate/Dha,Nestabs One,14,2307.82,5.0,14.0,392,2020
Penicillin G Procaine,Penicillin G Procaine,14,1739.22,5.0,14.0,14,2020
Mecobal/Levomefolat Ca/B6 Phos,Foltanx,14,166.18,5.0,14.0,98,2020
Insulin Admin. Supplies,Novopen Echo,14,820.91,5.0,14.0,420,2020
Potassium Chloride/D5-0.2%nacl,Dextrose 5%-0.2% Nacl-Kcl,14,613.18,5.0,14.0,42,2020
Meth/Meblue/Sod Phos/Psal/Hyos,Phosphasal,14,4446.68,5.0,14.0,420,2020
Rilonacept,Arcalyst,14,285667.96,5.0,14.0,392,2020
Glasdegib Maleate,Daurismo,14,255266.24,5.0,14.0,420,2020
Amino Acids 4.25 %/Dextrose 5%,Clinimix,14,1518.2,5.0,14.0,22,2020
Golodirsen,Vyondys-53,13,1465329.43,5.0,13.0,352,2020
Melphalan,Melphalan,13,3653.52,5.0,13.0,390,2020
Oritavancin Diphosphate,Orbactiv,13,39730.3,5.0,13.0,390,2020
Avelumab,Bavencio,13,170938.29,5.0,13.0,364,2020
Electrolyte-A Solution,Plasma-Lyte A Ph 7.4,13,1605.24,5.0,13.0,273,2020
Carisoprodol/Aspirin/Codeine,Carisoprodol-Aspirin-Codeine,13,4104.23,5.0,13.0,325,2020
Mycophenolate Mofetil Hcl,Mycophenolate Mofetil,13,1900.84,5.0,13.0,390,2020
Sinecatechins,Veregen,13,18591.3,5.0,13.0,122,2020
Pegfilgrastim-Bmez,Ziextenzo,13,56150.62,5.0,13.0,224,2020
Palivizumab,Synagis,13,59118.32,5.0,13.0,364,2020
Talimogene Laherparepvec,Imlygic,13,250035.11,5.0,13.0,196,2020
Hepatitis B Immun Glob/Maltose,Hepagam B,13,67626.26,5.0,13.0,364,2020
Obinutuzumab,Gazyva,13,86364.46,5.0,13.0,364,2020
Trabectedin,Yondelis,13,113489.78,5.0,13.0,273,2020
Potassium Chloride In D5w,Dextrose 5%-Potassium Chloride,13,168.67,5.0,13.0,31,2020
Didanosine,Videx Ec,13,1808.62,5.0,13.0,186,2020
Butoconazole Nitrate,Gynazole 1,12,9791.47,5.0,12.0,302,2020
Penicillin G Sodium,Penicillin G Sodium,12,17627.88,5.0,12.0,77,2020
Parenteral Amino Acid 15% No.2,Aminosyn Ii,12,358.62,5.0,12.0,84,2020
Levonorgest/Eth.Estradiol/Iron,Balcoltra,12,2578.62,5.0,12.0,336,2020
Ethacrynate Sodium,Ethacrynate Sodium,12,185504.42,5.0,12.4,350,2020
Linezolid In 0.9% Sodium Chlor,Linezolid-0.9% Nacl,12,3012.63,5.0,12.0,28,2020
Prenatal 118/Iron/Folate 6/Dha,Primacare,12,3456.02,5.0,12.0,360,2020
Etelcalcetide Hydrochloride,Parsabiv,12,40377.2,5.0,12.0,336,2020
Parenteral Amino Acid 10% No.7,Premasol,12,106894.56,5.0,12.0,360,2020
Prenatal Vit 14/Iron Fum/Folic,Completenate,12,245.64,5.0,12.0,360,2020
"Rituximab/Hyaluronidase,human",Rituxan Hycela,12,6496.11,5.0,12.0,24,2020
Tolbutamide,Tolbutamide,12,540.72,5.0,12.0,360,2020
Aspirin/Omeprazole,Yosprala,12,815.92,5.0,12.0,360,2020
Stavudine,Stavudine,12,4486.32,5.0,12.0,360,2020
Clindamycin In 0.9 % Sod Chlor,Clindamycin-0.9% Nacl,12,1697.61,5.0,12.0,51,2020
Prenatal 78/Iron/Folate 1/Dha,Prenate Dha,12,3407.77,5.0,12.0,360,2020
Cytarabine,Cytarabine,12,492.19,5.0,12.3,370,2020
Prenatal56/Iron/Folic Acid/Dha,Ob Complete Petite,12,2217.36,5.0,12.0,360,2020
Ozanimod Hydrochloride,Zeposia,11,100725.86,5.0,15.2,411,2020
Secnidazole,Solosec,11,3151.73,5.0,11.0,11,2020
Lansoprazole/Amoxiciln/Clarith,Lansoprazol-Amoxicil-Clarithro,11,5833.99,11.0,11.0,168,2020
Gentamicin Sulf/Prednisolone,Pred-G,11,1821.16,5.0,11.0,154,2020
Carglumic Acid,Carbaglu,11,1308380.04,5.0,11.0,330,2020
Elbasvir/Grazoprevir,Zepatier,11,41851.26,5.0,11.0,154,2020
Paregoric,Paregoric,11,1092.0,5.0,11.0,120,2020
Pexidartinib Hydrochloride,Turalio,11,183700.61,5.0,11.0,330,2020
Sofosbuvir,Sovaldi,11,177733.6,5.0,11.0,210,2020
Doxylamine Succinate/Vit B6,Doxylamine Succ-Pyridoxine Hcl,11,1763.89,5.0,11.0,294,2020
Tazemetostat Hydrobromide,Tazverik,11,178305.1,5.0,11.0,330,2020
Aa 4.25%/Calcium/Lytes/Dex 10%,Clinimix E,11,5136.48,5.0,11.0,76,2020
Parenteral Amino Acid 10% No.4,Freamine Iii,11,479.65,5.0,11.0,28,2020
"Pnv 30/Iron Carb,ag/Folic/Om3",Ob Complete With Dha,11,959.62,5.0,11.0,321,2020
Methyltestosterone,Methyltestosterone,11,5321.03,5.0,11.0,308,2020
Weed Pollen-Short Ragweed,Ragwitek,11,3337.2,5.0,11.0,330,2020
Levomefolate Calcium,L-Methylfolate Calcium,11,813.84,5.0,11.0,330,2020
"Prenatal,calc.40/Iron/Folate 1",Pnv-Select,11,653.39,5.0,11.0,308,2020
