Gnrc_Name,Brnd_Name,Tot_Clms,Tot_Drug_Cst,Tot_Benes,Tot_30day_Fills,Tot_Day_Suply,year
Atorvastatin Calcium,Atorvastatin Calcium,60307126,832496098.2700002,18252467.0,145559849.29999995,4323259527,2021
Levothyroxine Sodium,Levothyroxine Sodium,43782906,1045710578.4400002,11428432.0,98618448.60000001,2905437877,2021
Amlodipine Besylate,Amlodipine Besylate,43349540,308132480.64,12849846.0,100997398.29999998,2997694530,2021
Lisinopril,Lisinopril,35343800,256263165.9,10547818.0,84619306.5,2514459143,2021
Gabapentin,Gabapentin,31918211,620893813.1800001,8572234.0,49079746.4,1428790440,2021
Metformin Hcl,Metformin Hcl,30670166,356694227.3,8953650.0,72221815.4,2147045556,2021
Losartan Potassium,Losartan Potassium,28723197,385518760.63,8560853.0,69933232.39999999,2083156175,2021
Omeprazole,Omeprazole,27416609,426983935.07,8116025.0,58495064.29999999,1732206646,2021
Metoprolol Succinate,Metoprolol Succinate,25451452,573810398.5099999,7502078.0,59255580.69999998,1760362700,2021
Furosemide,Furosemide,22490651,135458898.29,6822812.0,42375908.199999996,1212543018,2021
Hydrocodone/Acetaminophen,Hydrocodone-Acetaminophen,20141704,448070320.3199999,6624735.0,20195867.600000005,429870655,2021
Pantoprazole Sodium,Pantoprazole Sodium,19974100,362568724.55,6087779.0,39911051.29999999,1174425132,2021
Simvastatin,Simvastatin,18217212,159489837.58,5127322.0,45616285.300000004,1359439885,2021
Hydrochlorothiazide,Hydrochlorothiazide,18143851,95790650.88000001,5536453.0,44468424.4,1326697224,2021
Rosuvastatin Calcium,Rosuvastatin Calcium,17611996,554060221.5099999,5448549.0,43838115.2,1308747704,2021
Tamsulosin Hcl,Tamsulosin Hcl,17043259,293310434.25999993,5004087.0,37075763.1,1095322053,2021
Metoprolol Tartrate,Metoprolol Tartrate,16651383,131536635.70000005,4746236.0,36035568.20000001,1059865184,2021
Apixaban,Eliquis,16087778,11899569359.35,3680341.0,25059758.499999996,704014722,2021
Trazodone Hcl,Trazodone Hcl,14462541,180851693.67999998,3654918.0,24075352.8,701766811,2021
Albuterol Sulfate,Albuterol Sulfate Hfa,14423446,789784862.7599998,5603602.0,17379813.699999996,431465288,2021
Potassium Chloride,Klor-Con M20,14228811,435444299.58000004,3923375.0,26230103.7,752295395,2021
Carvedilol,Carvedilol,13935851,154845970.85999998,3989541.0,30445937.200000003,899518461,2021
Sertraline Hcl,Sertraline Hcl,13590109,154456428.42,3199948.0,24420702.700000003,711655306,2021
Clopidogrel Bisulfate,Clopidogrel,12124692,150546545.65000004,3487745.0,26543725.200000003,784359295,2021
Tramadol Hcl,Tramadol Hcl,12027742,100706972.11000001,3978124.0,12252052.099999998,252405237,2021
Alprazolam,Alprazolam,11372148,122752359.9,2506990.0,12298739.300000003,339498388,2021
Prednisone,Prednisone,11300311,86515221.94999999,6184991.0,14043566.800000003,275292726,2021
Fluticasone Propionate,Fluticasone Propionate,11259143,472479839.81000006,4400966.0,18656066.199999996,557503006,2021
Montelukast Sodium,Montelukast Sodium,10738125,155492164.67999998,3000527.0,22611498.7,671869756,2021
Duloxetine Hcl,Duloxetine Hcl,10333713,393029007.05999994,2399221.0,18070423.999999996,530345922,2021
Pravastatin Sodium,Pravastatin Sodium,9999530,178367114.65999997,2789076.0,24769680.9,736498934,2021
Escitalopram Oxalate,Escitalopram Oxalate,9934046,146075223.67999995,2395615.0,18062768.099999998,528576308,2021
Famotidine,Famotidine,9698052,185539330.81999996,2896190.0,17590916.500000004,512095925,2021
Meloxicam,Meloxicam,9615363,61470473.38999999,3509539.0,16081430.799999995,471987125,2021
Latanoprost,Latanoprost,9170797,210634787.4699999,2435488.0,16273219.6,463670445,2021
Clonazepam,Clonazepam,8719777,75535549.49000001,1610471.0,9539767.100000003,271508864,2021
Allopurinol,Allopurinol,8354291,125921520.20000002,2233645.0,19402825.199999996,574388738,2021
Quetiapine Fumarate,Quetiapine Fumarate,8189292,238319578.42999995,1517814.0,10620149.8,299037184,2021
Oxycodone Hcl/Acetaminophen,Oxycodone-Acetaminophen,7938742,273683028.39000005,2252167.0,7951190.299999999,182974768,2021
Lorazepam,Lorazepam,7740194,75665664.49999997,1836030.0,8349942.000000002,216309277,2021
Diclofenac Sodium,Diclofenac Sodium,7694520,423569832.2700001,2999545.0,9308048.8,227436212,2021
Oxycodone Hcl,Oxycodone Hcl,7240220,561804355.61,2235982.0,7252873.5,156638783,2021
"Insulin Glargine,hum.Rec.Anlog",Lantus Solostar,7168401,4165459870.379999,1788314.0,11973082.2,336427694,2021
Zolpidem Tartrate,Zolpidem Tartrate,7132151,70034047.19999999,1557577.0,8737834.5,257498098,2021
Atenolol,Atenolol,7092942,68786377.92999999,1883280.0,17285165.500000004,515114701,2021
Alendronate Sodium,Alendronate Sodium,6965446,73827565.5,1966494.0,15057790.000000004,445911226,2021
Donepezil Hcl,Donepezil Hcl,6870268,102576839.6,1555293.0,11187616.100000001,319450998,2021
Citalopram Hydrobromide,Citalopram Hbr,6844133,54609477.180000015,1600472.0,13294352.999999996,390645591,2021
Glipizide,Glipizide Er,6843530,88202677.69000003,1892664.0,15871466.6,471783775,2021
Bupropion Hcl,Bupropion Hcl,6720074,278014563.94000006,1573947.0,11716477.599999998,345859978,2021
Mirtazapine,Mirtazapine,6619578,149272714.77999997,1468353.0,9286600.299999997,261654662,2021
Warfarin Sodium,Warfarin Sodium,6506358,82016403.65999995,1434403.0,12658183.200000003,352101880,2021
Amoxicillin,Amoxicillin,6336794,23657785.869999997,4820667.0,6387503.600000001,45132042,2021
Fluoxetine Hcl,Fluoxetine Hcl,6282296,95291560.19000001,1392490.0,11538713.399999997,339785575,2021
Finasteride,Finasteride,5876606,110993356.82999998,1639254.0,13700763.000000002,406583721,2021
Spironolactone,Spironolactone,5828250,75504862.44999997,1658902.0,12456731.9,368245495,2021
Rivaroxaban,Xarelto,5733425,4581249661.55,1291737.0,9620887.2,273569484,2021
Lisinopril/Hydrochlorothiazide,Lisinopril-Hydrochlorothiazide,5542422,50499512.239999995,1599866.0,14380895.399999999,430202739,2021
Tizanidine Hcl,Tizanidine Hcl,5382337,89129723.02000006,1733089.0,6873235.0,183141734,2021
Buspirone Hcl,Buspirone Hcl,5381950,101114157.08,1222385.0,7641178.700000002,219082223,2021
Ibuprofen,Ibuprofen,5315237,49171307.169999994,2596716.0,6132882.1000000015,132015661,2021
Pregabalin,Pregabalin,5047747,300094648.98999995,1218718.0,6232301.200000002,181452253,2021
Cyclobenzaprine Hcl,Cyclobenzaprine Hcl,4961900,73886316.19999999,1708199.0,5942931.300000002,152573150,2021
Glimepiride,Glimepiride,4882859,60545361.56,1328049.0,11584527.7,345433049,2021
Venlafaxine Hcl,Venlafaxine Hcl,4856979,161422729.99,1013176.0,8602508.000000002,252492881,2021
Cephalexin,Cephalexin,4805303,35182719.5,3772621.0,5090155.5,53368061,2021
Hydralazine Hcl,Hydralazine Hcl,4744935,85632927.43000002,1331633.0,8970496.0,260992574,2021
Triamcinolone Acetonide,Triamcinolone Acetonide,4728063,58164628.71999999,2793915.0,5157635.999999999,121238318,2021
Memantine Hcl,Memantine Hcl,4718228,289665893.16,994448.0,6784296.199999998,189734620,2021
Azithromycin,Azithromycin,4616405,43713892.389999986,3544311.0,4844763.299999998,40694768,2021
Ezetimibe,Ezetimibe,4456964,253091174.9,1268710.0,10533134.9,314366784,2021
Oxybutynin Chloride,Oxybutynin Chloride,4365875,160318773.75999993,1213807.0,7813678.9,227265533,2021
Diltiazem Hcl,Diltiazem 24hr Er (Cd),4362421,199663549.03,1251604.0,9040933.6,265354188,2021
Divalproex Sodium,Divalproex Sodium,4273311,256159487.64000002,750985.0,5003453.4,134818633,2021
Isosorbide Mononitrate,Isosorbide Mononitrate Er,4262144,77445596.69999997,1168634.0,8865704.4,261509814,2021
Baclofen,Baclofen,4209919,121029225.64,1201888.0,5495974.600000001,150031675,2021
Losartan/Hydrochlorothiazide,Losartan-Hydrochlorothiazide,4116008,107542437.03,1165907.0,10409422.299999999,311411340,2021
Sitagliptin Phosphate,Januvia,4009709,3531950653.5,897031.0,7252872.3999999985,209640958,2021
Levetiracetam,Levetiracetam,3685578,213856505.16,764675.0,5475496.2,154120339,2021
Risperidone,Risperidone,3519178,69015097.63999999,591659.0,4125799.5,113739975,2021
Lamotrigine,Lamotrigine,3482327,181737785.76000005,675654.0,5153721.800000001,149913809,2021
Budesonide/Formoterol Fumarate,Budesonide-Formoterol Fumarate,3377648,1708096112.0199997,905021.0,4747597.499999999,142214527,2021
Celecoxib,Celecoxib,3345987,168018268.53999996,1113448.0,5508921.299999999,161128242,2021
Varicella-Zoster Ge/As01b/Pf,Shingrix,3337922,619977230.2900002,2661593.0,3356574.2000000007,6521233,2021
Ciprofloxacin Hcl,Ciprofloxacin Hcl,3335820,21576431.75,2603289.0,3378006.8000000003,29816966,2021
Empagliflozin,Jardiance,3316184,3186646441.7900004,814550.0,5844740.8,172877185,2021
Dulaglutide,Trulicity,3313160,4156252166.099999,699126.0,4718870.600000001,135636479,2021
Methylprednisolone,Methylprednisolone,3254888,31542354.97,2700478.0,3309015.1999999997,24031933,2021
Olanzapine,Olanzapine,3187962,108063446.23000002,551300.0,3710901.2000000007,101795013,2021
Aripiprazole,Aripiprazole,3173527,734077316.3100001,639490.0,4049114.1000000006,116122544,2021
Doxycycline Hyclate,Doxycycline Hyclate,3104509,79993690.96000002,2211600.0,3398819.399999999,51950143,2021
Sulfamethoxazole/Trimethoprim,Sulfamethoxazole-Trimethoprim,3054147,16029900.620000003,2112785.0,3358602.3000000003,46205763,2021
Amoxicillin/Potassium Clav,Amoxicillin-Clavulanate Potass,3032530,37027188.29,2495802.0,3047242.0,28068449,2021
Clonidine Hcl,Clonidine Hcl,2984270,28869515.469999995,801887.0,5352286.899999999,154802285,2021
Amitriptyline Hcl,Amitriptyline Hcl,2982362,66448667.25999999,731388.0,5190031.699999998,153761988,2021
Paroxetine Hcl,Paroxetine Hcl,2967549,45848682.33,665637.0,5447957.000000001,160298146,2021
Prednisolone Acetate,Prednisolone Acetate,2964914,150114888.75999996,1818421.0,3697256.7999999993,93948090,2021
Fluticasone Propion/Salmeterol,Advair Diskus,2911479,1214760600.4699998,825192.0,4138836.4000000004,123935026,2021
Carbidopa/Levodopa,Carbidopa-Levodopa,2889498,319511679.53,711572.0,4925473.800000002,141440069,2021
"Pen Needle, Diabetic",Ultra-Fine Mini Pen Needle,2880753,210261291.91000003,1004613.0,5685460.599999999,167296079,2021
Mirabegron,Myrbetriq,2834898,1679817242.74,666990.0,4149162.0000000005,116991053,2021
Lovastatin,Lovastatin,2750859,30458761.860000003,733404.0,7015831.3999999985,209144233,2021
Estradiol,Estradiol,2724256,234592118.34,967042.0,6139198.999999999,182802954,2021
Triamterene/Hydrochlorothiazid,Triamterene-Hydrochlorothiazid,2681113,34006681.72000001,739614.0,6700230.999999997,200103677,2021
Ropinirole Hcl,Ropinirole Hcl,2630564,55893772.95999999,603931.0,4717627.7,137617652,2021
Fluticasone/Umeclidin/Vilanter,Trelegy Ellipta,2621894,2100960348.63,643340.0,3418810.1000000006,102255818,2021
Fluticasone/Vilanterol,Breo Ellipta,2596284,1267970141.9900002,619055.0,3351055.0,99356340,2021
Topiramate,Topiramate,2579012,111234361.54999998,602820.0,4128153.4999999995,120846024,2021
Nifedipine,Nifedipine Er,2566923,131746348.91,705788.0,5300916.199999998,156882908,2021
Hydroxyzine Hcl,Hydroxyzine Hcl,2558944,38792691.650000006,754338.0,3187390.2000000007,83114522,2021
Morphine Sulfate,Morphine Sulfate Er,2546962,100036221.26000002,548264.0,2552667.8000000003,69700872,2021
Pioglitazone Hcl,Pioglitazone Hcl,2483288,47750748.64,684908.0,5881199.9,175471196,2021
Timolol Maleate,Timolol Maleate,2429166,65557577.53999999,768284.0,4832150.799999998,141647634,2021
Ondansetron Hcl,Ondansetron Hcl,2414143,42494636.74,1208426.0,2492612.6,33089733,2021
Ketoconazole,Ketoconazole,2413066,73876094.78999998,1162518.0,2599142.399999999,68042744,2021
Diazepam,Diazepam,2402950,24029956.15000001,629487.0,2552491.2000000007,64323290,2021
Propranolol Hcl,Propranolol Hcl,2368646,91077917.22999999,603902.0,4185989.8000000007,122436622,2021
Temazepam,Temazepam,2255303,26386711.990000002,475567.0,2487463.4000000004,73257421,2021
Insulin Aspart,Novolog Flexpen,2226795,1811875786.38,617731.0,3424711.8,92882257,2021
Esomeprazole Magnesium,Esomeprazole Magnesium,2219475,220667345.10000008,564687.0,4318529.6,128072129,2021
Naproxen,Naproxen,2197071,28772511.900000002,933558.0,2833630.9999999995,75239066,2021
Mupirocin,Mupirocin,2155198,20669044.71,1522001.0,2183724.1999999997,33818178,2021
Methotrexate Sodium,Methotrexate,2131858,89376093.04,564956.0,3834530.3000000007,112008168,2021
Nitrofurantoin Monohyd/M-Cryst,Nitrofurantoin Mono-Macro,2131591,50001972.660000004,1587165.0,2224425.399999999,22141661,2021
Valsartan,Valsartan,2126180,103926019.92999999,597321.0,4992361.500000001,148455378,2021
Brimonidine Tartrate,Alphagan P,2120071,253313571.46999994,623999.0,3676931.8000000003,105000156,2021
Acetaminophen With Codeine,Acetaminophen-Codeine,2082461,33856716.60999999,918082.0,2091137.6,33851995,2021
Hydroxychloroquine Sulfate,Hydroxychloroquine Sulfate,2052271,147744066.98999995,592725.0,3930090.8000000003,115968085,2021
Amiodarone Hcl,Amiodarone Hcl,2007444,65282902.53,654764.0,3874224.7000000007,112671219,2021
Dorzolamide Hcl/Timolol Maleat,Dorzolamide-Timolol,2001162,76005238.30000001,623741.0,4176461.4000000004,124840144,2021
Insulin Detemir,Levemir Flextouch,1976558,1349836902.1200004,465695.0,3069956.4,83955555,2021
Chlorthalidone,Chlorthalidone,1949974,56220073.06999997,563510.0,4496964.500000001,134077908,2021
Tiotropium Bromide,Spiriva,1939022,1278820396.62,511130.0,2761769.9000000004,82224833,2021
Benztropine Mesylate,Benztropine Mesylate,1927949,25404069.430000003,333897.0,2203518.4000000004,61237450,2021
Meclizine Hcl,Meclizine Hcl,1927337,21766224.810000002,740166.0,2261219.0999999996,51691546,2021
Semaglutide,Ozempic,1922249,2466086261.2299995,481446.0,2848472.2000000007,83442435,2021
Olmesartan Medoxomil,Olmesartan Medoxomil,1897111,77748348.10999998,510680.0,4437992.000000001,132540426,2021
Nystatin,Nystatin,1875878,48126912.04,826447.0,1947673.9999999998,34838317,2021
Irbesartan,Irbesartan,1867231,60044716.539999984,501211.0,4529861.1,135170228,2021
Benazepril Hcl,Benazepril Hcl,1866638,20588560.319999993,490436.0,4618082.000000001,137592094,2021
Enalapril Maleate,Enalapril Maleate,1830656,43739794.5,472834.0,4122781.700000001,122467031,2021
Fluconazole,Fluconazole,1820504,26243696.610000003,1007721.0,1940423.2000000002,19587971,2021
Torsemide,Torsemide,1803775,40729431.37000001,541997.0,3311805.7,95790799,2021
Azelastine Hcl,Azelastine Hcl,1786233,74774215.99,743464.0,2566341.1000000006,74391874,2021
Nitroglycerin,Nitroglycerin,1767741,44696043.440000005,970435.0,2108847.0000000005,47201906,2021
Doxazosin Mesylate,Doxazosin Mesylate,1761874,41533864.51000001,464607.0,3878574.5999999996,114986637,2021
Insulin Lispro,Humalog Kwikpen U-100,1744185,1250542425.72,518897.0,2754707.6999999993,73980942,2021
Chlorhexidine Gluconate,Chlorhexidine Gluconate,1704959,10119590.03,1071744.0,1748899.4000000001,33075879,2021
Ondansetron,Ondansetron Odt,1693548,33485743.2,1026022.0,1727496.8999999997,19169204,2021
Dextroamphetamine/Amphetamine,Dextroamphetamine-Amphetamine,1688280,90750876.76,348903.0,1756278.3,51775049,2021
Dicyclomine Hcl,Dicyclomine Hcl,1660650,38527015.54,584109.0,2237152.6000000006,59072163,2021
Sacubitril/Valsartan,Entresto,1646327,1456184553.0400002,405790.0,2564769.599999999,74933091,2021
Linaclotide,Linzess,1635810,1080728038.02,420406.0,2250075.8999999994,66623386,2021
Sucralfate,Sucralfate,1566281,106528776.20000003,516882.0,2082899.1,55934266,2021
Cyclosporine,Restasis,1551588,1494807965.95,560345.0,2477376.1,72935269,2021
Icosapent Ethyl,Vascepa,1546710,723853003.86,354338.0,2310660.5999999996,68366295,2021
Buprenorphine Hcl/Naloxone Hcl,Buprenorphine-Naloxone,1545416,331778515.44999987,253886.0,1551771.9,31276443,2021
Valacyclovir Hcl,Valacyclovir,1543679,71702228.32,585191.0,2200996.3000000003,49801159,2021
Bimatoprost,Lumigan,1542579,615173556.16,406847.0,2568728.4000000004,73270371,2021
Fenofibrate,Fenofibrate,1525045,71472373.08999997,404356.0,3486640.0999999987,103765496,2021
Digoxin,Digoxin,1521912,50706157.59,394985.0,3009060.3,87865759,2021
Bumetanide,Bumetanide,1493790,86675761.36999997,412259.0,2520090.1999999997,71191413,2021
Hydrocortisone,Hydrocortisone,1486875,34152128.080000006,712255.0,1729896.8999999997,40994655,2021
Levocetirizine Dihydrochloride,Levocetirizine Dihydrochloride,1470507,26060409.91,459274.0,2627917.2000000007,77789664,2021
Anastrozole,Anastrozole,1349951,37870649.26,402931.0,3049827.6000000006,90898550,2021
Linagliptin,Tradjenta,1346132,965490190.11,286035.0,2111832.9000000004,58310464,2021
Clobetasol Propionate,Clobetasol Propionate,1306995,84995471.49000002,693712.0,1399312.3000000003,35683796,2021
Ramipril,Ramipril,1294496,18431182.849999998,348991.0,3219370.9999999995,96110451,2021
Pramipexole Di-Hcl,Pramipexole Dihydrochloride,1291674,31718681.30999999,319672.0,2396524.0000000005,70261802,2021
Fenofibrate Nanocrystallized,Fenofibrate,1288190,62784969.02,324469.0,2635060.4000000004,77842277,2021
Umeclidinium Brm/Vilanterol Tr,Anoro Ellipta,1280954,718380589.4000001,309813.0,1624988.3,48387382,2021
Insulin Degludec,Tresiba Flextouch U-100,1270403,1157378885.0599997,339472.0,2251149.5999999996,64756285,2021
Amlodipine Besylate/Benazepril,Amlodipine Besylate-Benazepril,1239072,32139435.189999998,329823.0,3020487.9999999995,90284509,2021
Levofloxacin,Levofloxacin,1237128,10034393.659999998,940464.0,1244217.2000000002,10641332,2021
Sumatriptan Succinate,Sumatriptan Succinate,1224932,47433734.24000001,309842.0,1408805.0,36327643,2021
Dapagliflozin Propanediol,Farxiga,1203593,1062589115.8399998,312683.0,1977631.3999999997,58370255,2021
Lactulose,Lactulose,1198415,58259095.219999984,329539.0,1302683.0,26048859,2021
Clindamycin Hcl,Clindamycin Hcl,1167859,9982677.160000002,863062.0,1172647.7999999998,8634034,2021
Clozapine,Clozapine,1159804,115256282.98,116637.0,1165866.8,27544699,2021
Ketorolac Tromethamine,Ketorolac Tromethamine,1133424,30776832.190000005,690939.0,1287058.7,30758845,2021
Ipratropium Bromide,Ipratropium Bromide,1126784,97824088.46000002,437508.0,1573201.9,42411548,2021
Acyclovir,Acyclovir,1124503,30016364.8,352966.0,1742066.5999999996,46117738,2021
Methocarbamol,Methocarbamol,1107929,15228554.64,441611.0,1236858.7,29894506,2021
Clotrimazole/Betamethasone Dip,Clotrimazole-Betamethasone,1095336,29958688.660000004,542503.0,1148290.9,25119831,2021
Terazosin Hcl,Terazosin Hcl,1075351,27435520.43,307537.0,2591013.999999999,76952878,2021
Valsartan/Hydrochlorothiazide,Valsartan-Hydrochlorothiazide,1059400,59522720.67999999,290216.0,2629689.1999999997,78661467,2021
Brimonidine Tartrate/Timolol,Combigan,1032870,350071179.22,269991.0,1612964.5999999999,45419690,2021
Ofloxacin,Ofloxacin,1011347,18982533.280000005,726482.0,1059883.2999999998,21623338,2021
Hydroxyzine Pamoate,Hydroxyzine Pamoate,1006336,11661280.719999999,272124.0,1171775.7000000002,31354778,2021
Fentanyl,Fentanyl,994656,107456442.61000001,204021.0,997531.3999999998,27373875,2021
Alcohol Antiseptic Pads,Single Use Swab,984562,19761009.39,312818.0,1732449.0999999999,51102531,2021
Dexlansoprazole,Dexilant,984390,468654904.5599998,223454.0,1466384.5000000002,43138758,2021
Carbamazepine,Carbamazepine Er,972418,105175583.96,223489.0,1276106.5,35862889,2021
Cefdinir,Cefdinir,969832,21090165.54,823723.0,973975.2999999999,8488217,2021
Nebivolol Hcl,Bystolic,968489,288866715.89,254836.0,1787648.0999999999,52695604,2021
Oxcarbazepine,Oxcarbazepine,965846,77193632.49,202850.0,1276054.2999999998,36383154,2021
Dexamethasone,Dexamethasone,953816,16646364.02,590155.0,1023999.4999999999,14518062,2021
"Sodium, Potassium,mag Sulfates",Suprep,944702,104338023.47,925334.0,958675.9,2010596,2021
Promethazine Hcl,Promethazine Hcl,939673,11235217.85,314307.0,980175.5000000001,14841054,2021
Verapamil Hcl,Verapamil Er,939137,39472664.79,265365.0,1981914.4,58582896,2021
Primidone,Primidone,931603,29975934.04,234017.0,1605743.4999999998,46669704,2021
Lithium Carbonate,Lithium Carbonate,927264,11557285.67,181486.0,1137150.6,32047224,2021
Sitagliptin Phos/Metformin Hcl,Janumet,921773,733266241.2600001,225999.0,1565683.9000000004,46238450,2021
Umeclidinium Bromide,Incruse Ellipta,887125,394908065.7699999,215027.0,1101479.6,32329842,2021
Sotalol Hcl,Sotalol,882390,22737333.529999997,254749.0,1940915.7000000004,57650356,2021
Metronidazole,Metronidazole,874543,42264518.45000001,581265.0,917855.7000000001,16141078,2021
Ammonium Lactate,Ammonium Lactate,872393,22152260.409999996,357678.0,962924.2,27683085,2021
Calcitriol,Calcitriol,870258,25894012.09,252331.0,1771864.0,52122208,2021
Ranolazine,Ranolazine Er,839826,126008703.00000001,223783.0,1505300.7000000007,44466192,2021
Flecainide Acetate,Flecainide Acetate,838633,63452958.99000001,247629.0,1852017.8,55072980,2021
Nortriptyline Hcl,Nortriptyline Hcl,821363,14499668.200000001,229352.0,1367365.8000000003,40365630,2021
Ipratropium/Albuterol Sulfate,Combivent Respimat,815801,296239917.59999996,234927.0,941277.2000000001,21293671,2021
Dorzolamide Hcl,Dorzolamide Hcl,814683,28275277.260000005,254410.0,1615106.7999999998,48151190,2021
Erythromycin Base,Erythromycin,794306,16405557.569999998,489795.0,822754.1000000001,11250814,2021
Prazosin Hcl,Prazosin Hcl,787221,27572730.65,163805.0,1018401.8999999999,29090187,2021
Doxepin Hcl,Doxepin Hcl,785921,44190380.190000005,195015.0,1039932.4999999998,30299607,2021
Doxycycline Monohydrate,Doxycycline Monohydrate,784029,20108146.19999999,555512.0,871713.2000000003,14138993,2021
Haloperidol,Haloperidol,772657,29271613.91999999,139142.0,836075.2999999998,22392629,2021
Ergocalciferol (Vitamin D2),Vitamin D2,771638,4351896.899999999,243836.0,1452974.3,42793325,2021
Lidocaine,Lidocaine,751583,121986257.71999998,222716.0,834346.6000000003,22859602,2021
Liraglutide,Victoza 2-Pak,750962,1051694879.78,203308.0,1137718.2000000002,33554091,2021
Lurasidone Hcl,Latuda,745434,1148358729.8700004,129806.0,785153.8000000002,21715625,2021
Evolocumab,Repatha Sureclick,725583,485182101.15,150612.0,970265.0999999997,28023585,2021
Lansoprazole,Lansoprazole,712559,39002339.05,196484.0,1329727.5,39115985,2021
Sevelamer Carbonate,Sevelamer Carbonate,687293,312713520.9,193865.0,1019226.5000000006,28754310,2021
Telmisartan,Telmisartan,685548,35829166.660000004,186372.0,1611137.8999999994,48181540,2021
Labetalol Hcl,Labetalol Hcl,685089,32797650.77,183575.0,1287055.9,37531305,2021
Metoclopramide Hcl,Metoclopramide Hcl,674102,6239696.299999999,219570.0,809024.3999999999,20649580,2021
Midodrine Hcl,Midodrine Hcl,669367,54673178.28999999,180321.0,889538.2999999999,23919765,2021
Lacosamide,Vimpat,666236,661584550.84,113307.0,752420.5000000001,19388756,2021
Ticagrelor,Brilinta,661936,400848076.84999996,176828.0,998657.7000000002,28917472,2021
Letrozole,Letrozole,649607,20190311.169999998,187079.0,1416779.5,42237150,2021
Solifenacin Succinate,Solifenacin Succinate,642462,51206387.450000025,192923.0,1100460.5000000002,32428996,2021
Hydromorphone Hcl,Hydromorphone Hcl,639452,22708443.179999992,176070.0,640435.1,14237132,2021
Neomycin/Polymyxin B/Dexametha,Neomycin-Polymyxin-Dexameth,630300,9225100.040000001,467478.0,645642.8000000002,9900116,2021
Lipase/Protease/Amylase,Creon,630198,919858318.4299997,152040.0,745799.8000000003,20820299,2021
Ziprasidone Hcl,Ziprasidone Hcl,625421,56032372.46999998,111359.0,748730.2000000001,21239200,2021
Colchicine,Colchicine,623616,85232130.61000001,204320.0,853270.3,22155590,2021
Alfuzosin Hcl,Alfuzosin Hcl Er,615079,18795359.95,192694.0,1374734.1999999993,41034038,2021
Gemfibrozil,Gemfibrozil,609805,13819539.880000003,160363.0,1222524.2999999998,36179901,2021
Methadone Hcl,Methadone Hcl,604046,12583588.329999998,119813.0,606356.7999999999,16671299,2021
Dabigatran Etexilate Mesylate,Pradaxa,597293,384297965.44,180341.0,1176231.7000000004,34577706,2021
Bisoprolol Fumarate,Bisoprolol Fumarate,596579,25707306.63,176215.0,1379722.5,41065465,2021
Phenytoin Sodium Extended,Phenytoin Sodium Extended,595395,34838767.69000001,140971.0,827987.4000000001,23237960,2021
Moxifloxacin Hcl,Moxifloxacin,592994,23080696.3,384944.0,599982.6,9517072,2021
Mometasone Furoate,Mometasone Furoate,567482,33378055.91,298446.0,658959.9999999999,17016402,2021
Cefuroxime Axetil,Cefuroxime,566886,13036643.489999998,459335.0,573468.5000000001,5039970,2021
Testosterone Cypionate,Testosterone Cypionate,563116,27957958.499999993,153344.0,907284.8,26048862,2021
Olopatadine Hcl,Olopatadine Hcl,561626,32264743.07,178895.0,670329.6999999998,17725162,2021
Bictegrav/Emtricit/Tenofov Ala,Biktarvy,558338,2063533618.6800005,82377.0,582850.2999999998,17396893,2021
Dutasteride,Dutasteride,555538,29952910.739999995,155779.0,1180015.9000000004,35118302,2021
Paliperidone Palmitate,Invega Sustenna,553312,1596630405.7099998,95573.0,616787.3999999999,17301272,2021
Cilostazol,Cilostazol,537490,13556728.920000002,150294.0,938574.3,27658753,2021
Omega-3 Acid Ethyl Esters,Omega-3 Acid Ethyl Esters,531739,51778656.15,149938.0,932148.0,27615871,2021
Methimazole,Methimazole,531318,6899615.679999999,149759.0,1059697.9,31160529,2021
Methylphenidate Hcl,Methylphenidate Er,528424,35548948.81,138505.0,555395.2000000001,16250832,2021
Travoprost,Travoprost,528263,128099568.92,148984.0,888688.6999999998,25400039,2021
Raloxifene Hcl,Raloxifene Hcl,527606,47597346.099999994,137902.0,1079803.6,32106894,2021
Butalb/Acetaminophen/Caffeine,Butalbital-Acetaminophen-Caffe,512670,22922803.570000004,128721.0,530766.5000000001,10336520,2021
Fluocinonide,Fluocinonide,509478,49336917.91000001,262060.0,538632.6,14085815,2021
Insulin Nph Hum/Reg Insulin Hm,Novolin 70-30,500026,204225318.96999997,130430.0,710754.9000000001,19613621,2021
Olmesartan/Hydrochlorothiazide,Olmesartan-Hydrochlorothiazide,496161,34469183.88999999,136314.0,1128274.0000000002,33754256,2021
Desvenlafaxine Succinate,Desvenlafaxine Succinate Er,494551,45068103.470000006,112713.0,710809.1000000001,20854250,2021
Adalimumab,Humira(Cf) Pen,492100,3695576974.6500006,102565.0,522210.60000000003,14663773,2021
Metolazone,Metolazone,477404,19621622.47,146484.0,697014.2000000002,18536818,2021
Insulin Nph Human Isophane,Humulin N,476707,123718644.28999999,148384.0,944130.3,27363351,2021
Nabumetone,Nabumetone,470071,10710710.490000006,181577.0,603986.4,16323578,2021
Sildenafil Citrate,Sildenafil Citrate,456706,26953440.749999993,116417.0,551717.7000000001,14798283,2021
Tolterodine Tartrate,Tolterodine Tartrate Er,453049,67953634.06000002,130721.0,693568.3999999999,19947813,2021
Betamethasone Dipropionate,Betamethasone Dipropionate,450342,28807310.26999999,234623.0,472696.69999999995,11349573,2021
Vortioxetine Hydrobromide,Trintellix,449428,230362026.70000008,95342.0,544028.3,15453568,2021
Ibandronate Sodium,Ibandronate Sodium,443973,20260957.94,130116.0,979060.3,29253571,2021
Leflunomide,Leflunomide,439461,49739460.89,127010.0,833450.5,24794046,2021
Folic Acid,Folic Acid,436141,1760848.4599999997,127174.0,854409.9000000001,25377377,2021
Mesalamine,Mesalamine,432124,294523956.8,114655.0,681859.8999999998,19897087,2021
Fluorouracil,Fluorouracil,430746,42713585.90999998,377267.0,445174.4,10797581,2021
Quinapril Hcl,Quinapril Hcl,428422,7742277.45,121269.0,1057515.9,31536280,2021
Prochlorperazine Maleate,Prochlorperazine Maleate,421115,7703737.86,249547.0,426256.0999999998,5349938,2021
Buprenorphine Hcl,Buprenorphine Hcl,411503,127797753.1,89206.0,414254.0,10888906,2021
Liothyronine Sodium,Liothyronine Sodium,411182,23197079.130000006,114306.0,882487.2999999999,26223333,2021
Methenamine Hippurate,Methenamine Hippurate,409806,40521660.91,108836.0,602002.2999999999,17153442,2021
Clotrimazole,Clotrimazole,407719,12291618.230000002,171269.0,429296.89999999997,10297753,2021
Tiotropium Br/Olodaterol Hcl,Stiolto Respimat,404123,236308404.22,104293.0,539417.6000000001,16163922,2021
Bisoprolol/Hydrochlorothiazide,Bisoprolol-Hydrochlorothiazide,390181,13482933.529999997,107285.0,924759.3999999998,27605251,2021
Sulfasalazine,Sulfasalazine,388311,11881193.409999996,116361.0,643132.0000000001,18597619,2021
"Insulin Regular, Human",Humulin R U-500,384600,279895298.59,103974.0,547665.8999999998,14615079,2021
Nitrofurantoin Macrocrystal,Nitrofurantoin,384515,16375188.1,154001.0,525207.8000000003,13052519,2021
"Estrogens, Conjugated",Premarin,381640,138886045.88000005,140282.0,712024.2999999998,21083772,2021
Amantadine Hcl,Amantadine,378137,84557850.03000002,95687.0,535857.6000000001,15203688,2021
Ciclopirox,Ciclopirox,375301,13523783.54,173314.0,406609.0000000001,11457445,2021
Diphenoxylate Hcl/Atropine,Diphenoxylate-Atropine,374599,13676218.21,132110.0,397387.9,7638107,2021
Hydroxyurea,Hydroxyurea,374582,14062368.049999999,89379.0,667339.3999999999,19689168,2021
"Peg3350/Sod Sulf,bicarb,cl/Kcl",Gavilyte-C,372973,5207973.789999999,362533.0,374420.0,621994,2021
Irbesartan/Hydrochlorothiazide,Irbesartan-Hydrochlorothiazide,367532,11319405.83,98309.0,842439.9999999998,25211556,2021
Eszopiclone,Eszopiclone,366622,14093465.389999997,102802.0,430998.00000000006,12707637,2021
"Diphth,pertuss(Acell),tet Vac",Boostrix Tdap,354615,22376772.569999997,353596.0,355364.89999999997,565630,2021
Cariprazine Hcl,Vraylar,354148,464888211.11999995,70012.0,369146.5999999999,10444703,2021
Tacrolimus,Tacrolimus,351672,82141573.46999998,112560.0,508716.6,14794991,2021
Penicillin V Potassium,Penicillin V Potassium,346257,2441038.1100000003,265986.0,353637.5000000001,3270744,2021
Alirocumab,Praluent Pen,341869,219506382.87,70455.0,452386.0999999999,13051851,2021
Oxycodone Myristate,Xtampza Er,340071,204945867.59,77720.0,340222.5999999999,9510048,2021
Calcium Acetate,Calcium Acetate,339802,37538390.91,101566.0,510436.29999999993,14481077,2021
"Syringe-Needle,insulin,0.5 Ml",Insulin Syringe,333700,10163667.02,105684.0,582307.0,17222191,2021
Phenobarbital,Phenobarbital,325999,13615598.249999996,74009.0,385635.30000000005,10896917,2021
Lenalidomide,Revlimid,325541,5574264789.540002,57082.0,325644.80000000005,8753955,2021
Rivastigmine,Rivastigmine,325207,95546325.84999998,82158.0,418015.50000000006,12116252,2021
"Syringe And Needle,insulin,1ml",Ulticare Insulin Syringe,323702,10172768.07,103762.0,552507.7,16257982,2021
"Fenofibrate,micronized",Fenofibrate,319043,15337034.439999996,86258.0,613854.6999999998,18116237,2021
Rizatriptan Benzoate,Rizatriptan,317881,10643986.679999998,91745.0,346735.10000000003,8517658,2021
Loperamide Hcl,Loperamide,317027,9378997.329999998,122020.0,339154.4000000001,6149621,2021
Tamoxifen Citrate,Tamoxifen Citrate,309698,12746527.359999998,88642.0,682688.7999999999,20347989,2021
Ciclopirox Olamine,Ciclopirox,309440,9981918.36,152213.0,337181.6,8993679,2021
Mycophenolate Mofetil,Mycophenolate Mofetil,308671,42798295.989999995,81372.0,520470.5999999999,15404246,2021
Etanercept,Enbrel,303243,1998734907.2400002,55177.0,328858.4,9266783,2021
Budesonide,Budesonide Ec,300812,99440497.29999995,89483.0,378782.3,10113383,2021
Zonisamide,Zonisamide,297980,25429511.79,69886.0,455129.5999999999,13211802,2021
Terbinafine Hcl,Terbinafine Hcl,296109,3791761.94,144562.0,420072.0,11789404,2021
Clindamycin Phosphate,Clindamycin Phosphate,295790,17741783.0,144331.0,313598.1,8464670,2021
Potassium Citrate,Potassium Citrate Er,291873,43899155.18999999,82803.0,536469.4,15857940,2021
Tobramycin/Dexamethasone,Tobramycin-Dexamethasone,291238,28338166.410000004,208312.0,302804.50000000006,5498638,2021
Carisoprodol,Carisoprodol,286956,4505638.69,69728.0,299832.89999999997,8463260,2021
Isosorbide Dinitrate,Isosorbide Dinitrate,282489,20568100.750000004,76874.0,423793.79999999993,11870155,2021
Naloxone Hcl,Narcan,281594,35487194.31999999,254531.0,288599.29999999993,3095595,2021
Sodium Chloride/Nahco3/Kcl/Peg,Nulytely,281116,4916025.720000002,273698.0,282352.7,478348,2021
Paliperidone,Paliperidone Er,280640,159254056.84000003,58354.0,301747.8000000001,8161264,2021
Erenumab-Aooe,Aimovig Autoinjector,276511,211275908.37000006,54169.0,310871.1,9180179,2021
Azathioprine,Azathioprine,275142,16747232.989999996,72379.0,509616.4,15128163,2021
Canagliflozin,Invokana,273937,236597611.28000003,73855.0,446887.2,13123985,2021
Dolutegravir Sodium,Tivicay,270962,590492408.4699998,41330.0,281314.7,8267061,2021
Fluvoxamine Maleate,Fluvoxamine Maleate,269964,14990698.61,59393.0,307238.8,8317105,2021
Netarsudil Mesylate,Rhopressa,266666,115408292.02000003,74959.0,397739.39999999985,11062465,2021
Betamethasone/Propylene Glyc,Betamethasone Diprop Augmented,265565,15423690.660000004,142210.0,281670.10000000003,6856535,2021
Haloperidol Decanoate,Haloperidol Decanoate,264598,16199263.950000005,47465.0,270050.5,7090072,2021
Candesartan Cilexetil,Candesartan Cilexetil,264029,29106364.76,70972.0,555813.6,16570017,2021
Clonidine,Clonidine,261182,39012360.050000004,70158.0,359746.70000000007,10223923,2021
Testosterone,Testosterone,260928,77338508.96000001,70494.0,341742.1,10033387,2021
Bromfenac Sodium,Prolensa,259891,80250919.74000001,157519.0,325306.0999999999,8926575,2021
Ursodiol,Ursodiol,257449,61035493.69000001,68714.0,429906.5,12632087,2021
Colestipol Hcl,Colestipol Hcl,256208,25297686.060000002,81537.0,397287.6999999999,11404793,2021
Roflumilast,Daliresp,254970,133154839.34000002,58844.0,339378.3,9595251,2021
Megestrol Acetate,Megestrol Acetate,251023,14214551.739999996,81377.0,290313.99999999994,7700746,2021
Buprenorphine,Buprenorphine,249509,95662880.41000001,72902.0,250823.99999999997,6952831,2021
Silver Sulfadiazine,Silver Sulfadiazine,248824,5061104.309999999,119492.0,260032.89999999997,5351192,2021
Fluorometholone,Fluorometholone,247501,20315247.669999998,117463.0,347447.19999999995,9118871,2021
Enoxaparin Sodium,Enoxaparin Sodium,244356,38755128.79,105620.0,247402.50000000006,3114972,2021
Emtricitabine/Tenofov Alafenam,Descovy,242502,500738836.5599999,38944.0,252782.3,7530530,2021
Rifaximin,Xifaxan,240846,593391022.7799999,61708.0,249670.69999999998,6066772,2021
Pentoxifylline,Pentoxifylline,239272,6452039.3100000005,62701.0,358644.10000000003,10475921,2021
"Progesterone, Micronized",Progesterone,235638,16183062.280000003,67557.0,503852.70000000007,14997356,2021
Brexpiprazole,Rexulti,235324,311155481.3000001,47969.0,247709.39999999994,7088841,2021
Trospium Chloride,Trospium Chloride,235047,21254489.130000003,79241.0,414050.69999999995,12168471,2021
Insulin Aspart Prot/Insuln Asp,Insulin Aspart Prot Mix 70-30,230589,241760087.3,62901.0,328462.2999999999,9029169,2021
Tramadol Hcl/Acetaminophen,Tramadol Hcl-Acetaminophen,230117,4384337.850000001,99698.0,232499.0,4165387,2021
Dronedarone Hcl,Multaq,228776,243162101.96000004,58979.0,371651.8,10830158,2021
Repaglinide,Repaglinide,225052,13463936.650000004,60309.0,427625.0,12633660,2021
Minocycline Hcl,Minocycline Hcl,220630,7916411.940000001,100409.0,266743.6,6684498,2021
Lifitegrast,Xiidra,219821,193483118.25,68641.0,326069.10000000003,9774310,2021
Cholestyramine (With Sugar),Cholestyramine,219353,23439360.060000006,78581.0,301505.19999999995,8519070,2021
Fludrocortisone Acetate,Fludrocortisone Acetate,215947,5449108.740000001,61604.0,326803.9999999998,9279955,2021
Indapamide,Indapamide,213700,4508789.909999999,61962.0,477825.2999999998,14243130,2021
Vilazodone Hcl,Viibryd,212733,77212892.14000002,50910.0,255275.8999999999,7310484,2021
Ibrutinib,Imbruvica,211815,2883789987.680001,34736.0,213914.20000000004,6085042,2021
Memantine Hcl/Donepezil Hcl,Namzaric,210413,110842833.25999999,42470.0,252233.3,6237993,2021
Rivastigmine Tartrate,Rivastigmine,210239,17050690.81,51770.0,277715.99999999994,7666796,2021
Dofetilide,Dofetilide,207292,62800039.52999998,56692.0,410821.89999999997,12219655,2021
Gentamicin Sulfate,Gentamicin Sulfate,205330,8620241.599999996,117609.0,210648.19999999995,3671987,2021
Brinzolamide/Brimonidine Tart,Simbrinza,201615,49165438.53999999,49911.0,299336.89999999997,8672797,2021
Medroxyprogesterone Acetate,Medroxyprogesterone Acetate,196693,4312138.21,54563.0,371461.8999999999,10457468,2021
Atenolol/Chlorthalidone,Atenolol-Chlorthalidone,196598,7561566.72,57234.0,448303.49999999994,13391498,2021
Denosumab,Xgeva,194559,282202840.92999995,115147.0,1084847.2999999998,32501549,2021
Lisdexamfetamine Dimesylate,Vyvanse,193864,71970852.00999999,47614.0,201616.80000000002,5916350,2021
Lubiprostone,Lubiprostone,191767,65001246.85000002,56642.0,224523.80000000005,5912686,2021
Cefadroxil,Cefadroxil,191049,2426859.649999999,149376.0,200903.39999999994,2250415,2021
Prasugrel Hcl,Prasugrel Hcl,190933,20197426.05,55979.0,372447.2999999999,11136331,2021
Tadalafil,Tadalafil,189303,116160986.20999996,45713.0,260402.5,7716060,2021
Pitavastatin Calcium,Livalo,188843,106900324.39999998,50409.0,342491.49999999994,10198994,2021
Chlorpromazine Hcl,Chlorpromazine Hcl,188361,71334001.14,36574.0,198464.59999999995,5196956,2021
Loteprednol Etabonate,Lotemax,187654,46373970.35999999,95332.0,226990.70000000004,5687863,2021
Exenatide Microspheres,Bydureon Bcise,186870,208517458.07000002,50178.0,264670.8999999999,7632686,2021
Febuxostat,Febuxostat,185999,36142921.74,50677.0,305375.60000000003,9008220,2021
Fluticasone Furoate,Arnuity Ellipta,185288,50585611.71999999,49080.0,235338.89999999997,7037731,2021
Ciclesonide,Alvesco,183993,26038020.82,76354.0,339439.69999999995,10113460,2021
Perphenazine,Perphenazine,183057,12756098.66,37628.0,204908.39999999997,5694809,2021
Ceftriaxone Sodium,Ceftriaxone,183039,12266229.18,80289.0,183076.49999999997,911716,2021
Abiraterone Acetate,Abiraterone Acetate,182668,583878354.42,35860.0,186190.69999999998,5558869,2021
Propafenone Hcl,Propafenone Hcl,181723,24271485.04,51724.0,347351.9,10246789,2021
Abacavir/Dolutegravir/Lamivudi,Triumeq,181472,623668034.2099999,28715.0,190221.5,5676978,2021
"Thyroid,pork",Armour Thyroid,180420,10906010.330000002,50377.0,326018.7,9644210,2021
Insulin Lispro Protamin/Lispro,Humalog Mix 75-25 Kwikpen,180025,177967788.29000008,49634.0,256991.59999999998,7117953,2021
Modafinil,Modafinil,179265,32862625.750000004,48536.0,217943.09999999998,6383445,2021
Felodipine,Felodipine Er,178498,6581441.220000001,50830.0,389384.3,11569559,2021
Collagenase Clostridium Hist.,Santyl,178496,103920220.21999998,78033.0,186036.2,3164208,2021
Fluphenazine Hcl,Fluphenazine Hcl,178236,59343910.58999998,36829.0,190569.70000000004,5172245,2021
Etodolac,Etodolac,177882,9349440.879999999,71661.0,217709.9,5753761,2021
Bicalutamide,Bicalutamide,177874,6763648.749999998,58195.0,295765.50000000006,8686880,2021
Valproic Acid (As Sodium Salt),Valproic Acid,176400,6899489.640000001,39261.0,180889.00000000003,4203042,2021
Fesoterodine Fumarate,Toviaz,176317,85222743.71,47188.0,243331.8,6866537,2021
Difluprednate,Durezol,175856,40434458.820000015,98298.0,201923.1,5026806,2021
Vancomycin Hcl,Vancomycin Hcl,174500,29656122.009999998,48535.0,177602.19999999995,1549669,2021
Diclofenac Epolamine,Diclofenac Epolamine,173466,135618253.32,49809.0,216241.90000000002,6412629,2021
Enzalutamide,Xtandi,172611,2093533835.2800004,32985.0,174272.30000000002,5209641,2021
Lidocaine/Prilocaine,Lidocaine-Prilocaine,171916,5088697.330000001,90727.0,179274.29999999996,4252807,2021
Brinzolamide,Azopt,169175,73899555.61000001,55849.0,310859.2000000002,9259672,2021
Elviteg/Cob/Emtri/Tenof Alafen,Genvoya,168888,619118107.12,27220.0,176256.9,5272223,2021
0.9 % Sodium Chloride,Sodium Chloride,168682,3733735.819999999,56009.0,170092.90000000002,1196836,2021
Budesonide/Glycopyr/Formoterol,Breztri Aerosphere,165696,121965619.67,52308.0,202369.30000000002,6033093,2021
Diclofenac Potassium,Diclofenac Potassium,163350,11221678.829999998,73208.0,174234.3,4065842,2021
Naltrexone Hcl,Naltrexone Hcl,163039,9095615.17,43734.0,187836.5,5285138,2021
Galcanezumab-Gnlm,Emgality Pen,162534,125970804.35,34996.0,180923.60000000006,5323411,2021
Empagliflozin/Metformin Hcl,Synjardy Xr,159194,134379802.32999998,42013.0,251765.20000000004,7476369,2021
Polymyxin B Sulf/Trimethoprim,Polymyxin B Sul-Trimethoprim,159012,1449861.5000000002,126831.0,203984.8,5270767,2021
Dextromethorphan Hbr/Quinidine,Nuedexta,158206,137037401.41000003,28447.0,163874.09999999995,3093891,2021
Pilocarpine Hcl,Pilocarpine Hcl,157634,14584849.040000003,51338.0,277361.4,8150667,2021
Dupilumab,Dupixent Pen,157401,540520169.67,37206.0,163025.69999999998,4517351,2021
Pyridostigmine Bromide,Pyridostigmine Bromide,157371,21565454.48,42408.0,254077.3999999999,7366648,2021
Suvorexant,Belsomra,156819,64842982.62999999,43015.0,168168.30000000002,4804320,2021
Trihexyphenidyl Hcl,Trihexyphenidyl Hcl,156178,2213813.369999999,36363.0,189914.69999999998,5262146,2021
Cinacalcet Hcl,Cinacalcet Hcl,154702,94972758.03999998,37506.0,211792.99999999997,6121643,2021
Lidocaine Hcl,Lidocaine Hcl Viscous,154671,4275501.17,80140.0,155898.0,1592590,2021
"Pen Needle,dual Safety,diabetc",Autoshield Duo Pen Needle,153227,11953058.649999997,37994.0,166041.60000000003,3952581,2021
Ivermectin,Ivermectin,153086,14140117.309999997,99996.0,174948.5,2679390,2021
Exemestane,Exemestane,152563,38035311.72,41451.0,291533.19999999995,8681696,2021
Netarsudil Mesylat/Latanoprost,Rocklatan,152298,69619565.28,40078.0,218227.40000000008,5961690,2021
Halobetasol Propionate,Halobetasol Propionate,149962,15969047.860000001,63049.0,156732.80000000005,4277332,2021
Tofacitinib Citrate,Xeljanz Xr,149425,782555799.6199999,29338.0,161313.80000000002,4819823,2021
Glipizide/Metformin Hcl,Glipizide-Metformin,149399,8843151.780000003,41120.0,321359.9,9582214,2021
Acetazolamide,Acetazolamide Er,142746,10934300.58,53787.0,180163.39999999994,4518686,2021
Naloxegol Oxalate,Movantik,140304,53953629.26999999,38953.0,153961.09999999998,4209630,2021
Galantamine Hbr,Galantamine Hbr,140197,13720061.690000003,36672.0,199004.80000000002,5649707,2021
Bethanechol Chloride,Bethanechol Chloride,138573,9627411.539999997,38259.0,179371.80000000002,4942617,2021
Risperidone Microspheres,Risperdal Consta,135265,168700860.25999993,25423.0,135557.49999999997,2672996,2021
Amlodipine Besylate/Valsartan,Amlodipine-Valsartan,134276,8671547.740000002,39420.0,292642.9,8742939,2021
Silodosin,Silodosin,131389,17036363.599999994,39184.0,250413.0,7414708,2021
Rasagiline Mesylate,Rasagiline Mesylate,129192,51763672.9,33501.0,242037.29999999993,7117048,2021
Glycopyrrolate,Glycopyrrolate,127868,5052707.23,35274.0,142617.60000000003,3716152,2021
Trimethoprim,Trimethoprim,127703,2492682.1199999996,42929.0,207274.60000000003,5856098,2021
Colesevelam Hcl,Colesevelam Hcl,127038,42689026.38,38831.0,190156.5,5442213,2021
Sulindac,Sulindac,126724,2400653.770000001,47280.0,159551.6,4330201,2021
Neomycin/Polymyxin B/Hydrocort,Neomycin-Polymyxin-Hc,126577,8080314.190000002,97287.0,130826.8,1986303,2021
Glatiramer Acetate,Copaxone,126391,659022114.7400004,28264.0,134424.9,3718756,2021
Theophylline Anhydrous,Theophylline Anhydrous,126235,15868095.0,35918.0,178996.89999999997,5144866,2021
"Pen Needle, Diabetic, Safety",Novofine Autocover,124944,10109294.299999999,31207.0,133264.10000000003,3182498,2021
Parenteral Amino Acid 20% No.1,Prosol,124238,20724481.67999999,10535.0,124238.0,860588,2021
Atomoxetine Hcl,Atomoxetine Hcl,120992,17592254.76,31761.0,139688.6,4022230,2021
Palbociclib,Ibrance,120348,1617560041.28,23689.0,120767.5,3326950,2021
Mometasone/Formoterol,Dulera,119955,48564380.23000001,35193.0,155704.09999999998,4652071,2021
Betamethasone Valerate,Betamethasone Valerate,119437,4659453.809999999,61481.0,126289.59999999999,2869143,2021
"Diph,pertuss(Acell),tet Vac/Pf",Adacel Tdap,118580,6846582.040000003,118392.0,118602.0,235008,2021
Spironolact/Hydrochlorothiazid,Spironolactone-Hctz,117655,5397665.66,35316.0,254621.6,7564063,2021
Desmopressin Acetate,Desmopressin Acetate,116956,10641401.189999996,33690.0,159168.5,4504909,2021
Latanoprostene Bunod,Vyzulta,115512,44597492.2,33169.0,168803.5,4737331,2021
Clobazam,Clobazam,115240,42819032.78000001,23218.0,131845.19999999998,3791946,2021
Risedronate Sodium,Risedronate Sodium,114203,16346857.659999998,34696.0,221735.19999999998,6569359,2021
Nintedanib Esylate,Ofev,113459,1311368352.0800002,21264.0,114685.6,3430799,2021
Imipramine Hcl,Imipramine Hcl,113191,2053139.8400000005,34075.0,157078.70000000004,4587025,2021
Cyproheptadine Hcl,Cyproheptadine Hcl,110443,3404389.16,32760.0,129938.09999999999,3522647,2021
Telmisartan/Hydrochlorothiazid,Telmisartan-Hydrochlorothiazid,109115,15486089.690000003,31701.0,244859.40000000008,7325315,2021
Acarbose,Acarbose,108348,6020690.099999998,28491.0,193659.19999999995,5714178,2021
Pimavanserin Tartrate,Nuplazid,106922,379556142.6899999,21402.0,112713.50000000001,2830154,2021
Ferric Citrate,Auryxia,106489,163455600.32999998,25430.0,131584.89999999997,3817171,2021
Eplerenone,Eplerenone,106416,14155890.069999998,30601.0,214300.8,6376657,2021
Sucroferric Oxyhydroxide,Velphoro,104324,314048924.12000006,25765.0,129647.59999999995,3834185,2021
Insulin Glargine/Lixisenatide,Soliqua 100-33,103938,101809473.13000003,27428.0,162055.3,4673523,2021
Benazepril/Hydrochlorothiazide,Benazepril-Hydrochlorothiazide,102790,4910732.91,30660.0,231515.60000000006,6879819,2021
Nateglinide,Nateglinide,102646,8193550.420000003,28140.0,189251.2,5586782,2021
Minoxidil,Minoxidil,102325,2461613.0399999996,30280.0,180800.9,5284830,2021
Clorazepate Dipotassium,Clorazepate Dipotassium,101920,10644441.120000001,28709.0,107554.20000000006,3068088,2021
Darunavir/Cobicistat,Prezcobix,99750,227063230.82999998,17056.0,104983.1,3112045,2021
Dalfampridine,Ampyra,99570,98450195.79000002,19879.0,120469.09999999999,3578449,2021
Apremilast,Otezla,97575,405270693.8299999,24313.0,106076.60000000002,3135996,2021
Imiquimod,Imiquimod,96602,4382101.180000001,63244.0,113823.69999999998,3010767,2021
Valbenazine Tosylate,Ingrezza,96454,680744819.4300002,22697.0,96940.79999999999,2818256,2021
Tapentadol Hcl,Nucynta,96359,85736288.46,24359.0,96603.00000000003,2695671,2021
Epinephrine,Epinephrine,95391,25800746.280000005,74406.0,102167.70000000001,1959654,2021
Nadolol,Nadolol,95189,6983025.999999999,29947.0,172671.19999999998,5087841,2021
Imatinib Mesylate,Imatinib Mesylate,94801,264019039.48000005,22916.0,98195.4,2919433,2021
Emtricitab/Rilpiviri/Tenof Ala,Odefsey,92995,312442245.94,15924.0,98411.9,2942695,2021
Phenytoin,Phenytoin,92751,3629135.3700000006,23912.0,99406.80000000002,2433850,2021
Zaleplon,Zaleplon,91894,2380714.7100000004,28209.0,101679.49999999999,2938040,2021
Guanfacine Hcl,Guanfacine Hcl,91449,4572508.840000001,24903.0,109442.90000000002,3132697,2021
Niacin,Niacin Er,90161,9942551.960000005,27647.0,152333.9,4474535,2021
Amlodipine Bes/Olmesartan Med,Amlodipine-Olmesartan,90001,8617691.14,26005.0,188881.4,5646386,2021
Darunavir Ethanolate,Prezista,89232,173207297.96999997,16460.0,93076.4,2717105,2021
Cefpodoxime Proxetil,Cefpodoxime Proxetil,87597,5628637.739999999,73171.0,88677.90000000001,700089,2021
Tenofovir Alafenamide,Vemlidy,87004,115752674.66999997,15308.0,90925.70000000001,2720583,2021
Atropine Sulfate,Atropine Sulfate,86864,4778379.7700000005,52539.0,117465.3,2905377,2021
Deutetrabenazine,Austedo,86260,519661888.66999996,18088.0,87063.5,2362326,2021
Dimethyl Fumarate,Tecfidera,86025,581604627.8399997,19091.0,91605.7,2720886,2021
Entacapone,Entacapone,85027,17982881.909999996,22779.0,131340.30000000002,3693630,2021
Sodium Zirconium Cyclosilicate,Lokelma,84952,62183555.01000001,25252.0,107445.79999999999,2950655,2021
Ruxolitinib Phosphate,Jakafi,84641,1221086171.0,18396.0,85480.20000000003,2552139,2021
Raltegravir Potassium,Isentress,84598,158381938.54,16984.0,89114.69999999998,2633335,2021
Ezetimibe/Simvastatin,Ezetimibe-Simvastatin,84130,14256210.020000003,26736.0,184606.8,5504229,2021
Scopolamine,Scopolamine,83529,7391515.21,25352.0,84536.79999999999,1506755,2021
Fosinopril Sodium,Fosinopril Sodium,83367,1690072.7300000002,25185.0,175803.10000000003,5212594,2021
Secukinumab,Cosentyx Pen (2 Pens),82317,554754179.4099998,21429.0,85743.69999999997,2415399,2021
"Calcitonin,salmon,synthetic",Calcitonin-Salmon,81607,6533535.869999999,25430.0,105075.4,3118720,2021
Glyburide,Glyburide,81525,1624793.22,24887.0,149213.79999999996,4389607,2021
Rabeprazole Sodium,Rabeprazole Sodium,81463,7402175.8500000015,26389.0,144366.5,4291185,2021
Glycopyrrolate/Formoterol Fum,Bevespi Aerosphere,81386,40014995.599999994,22457.0,98025.59999999999,2925501,2021
Dapagliflozin/Metformin Hcl,Xigduo Xr,80545,64711785.97000001,21352.0,126821.9,3771722,2021
Linagliptin/Metformin Hcl,Jentadueto Xr,80312,52738784.489999995,20057.0,111900.39999999997,3307471,2021
Dolutegravir/Rilpivirine,Juluca,79955,256031565.38000003,13655.0,83132.1,2478288,2021
Besifloxacin Hcl,Besivance,79430,15896984.690000001,56442.0,84696.29999999999,2073020,2021
Clomipramine Hcl,Clomipramine Hcl,79224,23315957.290000003,20167.0,88158.5,2466848,2021
Ubrogepant,Ubrelvy,78959,84037762.39999996,20944.0,82429.90000000001,1879437,2021
Tobramycin,Tobramycin,78680,1289942.6000000003,55966.0,80881.30000000003,1555147,2021
Valganciclovir Hcl,Valganciclovir Hcl,78313,40687431.09000002,28795.0,87771.90000000001,2581892,2021
Econazole Nitrate,Econazole Nitrate,77458,4480416.909999999,36756.0,82826.09999999999,2171152,2021
Darunavir/Cob/Emtri/Tenof Alaf,Symtuza,77447,334009582.76000005,13093.0,79422.7,2372800,2021
Estazolam,Estazolam,75559,3793619.929999999,14054.0,76506.9,2273551,2021
Leucovorin Calcium,Leucovorin Calcium,74853,3431162.0700000003,20616.0,148382.3,4310816,2021
Dorzolamide/Timolol/Pf,Cosopt Pf,73445,14141129.650000002,20376.0,111597.49999999997,3321885,2021
Macitentan,Opsumit,73209,817962360.42,11018.0,73764.5,2203509,2021
Ritonavir,Ritonavir,72918,9325225.049999999,14534.0,84575.8,2508887,2021
Cimetidine,Cimetidine,72760,3758557.770000001,21664.0,102785.70000000001,2950922,2021
Fenofibric Acid (Choline),Fenofibric Acid,72306,7603190.530000001,21382.0,136333.69999999998,4043689,2021
Entecavir,Entecavir,71693,23436822.34,17785.0,110515.79999999997,3293594,2021
Balsalazide Disodium,Balsalazide Disodium,71609,14605101.779999997,19308.0,117701.49999999999,3459947,2021
Eslicarbazepine Acetate,Aptiom,71548,97987584.03999999,12978.0,76903.09999999999,1923735,2021
Calcipotriene,Calcipotriene,70234,17904861.449999996,32790.0,75748.0,2078008,2021
Fluoride (Sodium),Prevident,69760,1065557.76,30603.0,91082.5,2578733,2021
Ciprofloxacin Hcl/Dexameth,Ciprofloxacin-Dexamethasone,69381,12517760.92,44458.0,70259.90000000001,957694,2021
"Syring-Needl,disp,insul,0.3 Ml",Insulin Syringe,69204,2154662.6500000004,22051.0,100961.30000000003,2965525,2021
Rimegepant Sulfate,Nurtec Odt,68968,76547716.57,19333.0,70856.69999999998,1582818,2021
Patiromer Calcium Sorbitex,Veltassa,68832,69484307.07000002,18006.0,81703.29999999999,2331558,2021
Beclomethasone Dipropionate,Qvar Redihaler,68740,21090610.889999993,21146.0,92490.6,2754485,2021
Brivaracetam,Briviact,68144,96755244.60000001,12864.0,73017.0,2064569,2021
Candesartan/Hydrochlorothiazid,Candesartan-Hydrochlorothiazid,67959,11112979.92,17327.0,130811.10000000002,3912287,2021
Rotigotine,Neupro,66347,63699862.370000005,16208.0,87698.29999999999,2576766,2021
Teriflunomide,Aubagio,66213,624872047.94,12263.0,74188.7,2215015,2021
Pomalidomide,Pomalyst,66044,1267917788.9799998,15704.0,66058.7,1820978,2021
Levalbuterol Tartrate,Levalbuterol Tartrate Hfa,65877,4764538.960000002,22409.0,76764.19999999997,1958456,2021
Ramelteon,Ramelteon,65104,10235313.890000002,19071.0,73227.20000000001,2047980,2021
Epoetin Alfa,Procrit,64768,96904397.13000003,16670.0,68326.8,1526180,2021
Teriparatide,Forteo,64125,252583418.50000003,15653.0,67956.19999999998,1943498,2021
Nepafenac,Ilevro,63753,21340740.749999996,39100.0,80536.1,2210860,2021
Tretinoin,Tretinoin,63091,6865111.98,26891.0,69311.3,1918153,2021
Daptomycin,Daptomycin,62895,98759703.61999999,15043.0,62908.00000000001,382583,2021
Ertapenem Sodium,Ertapenem,62754,36381823.27,20132.0,62777.60000000001,347549,2021
Aspirin/Dipyridamole,Aspirin-Dipyridamole Er,61459,14631954.52,19293.0,78745.40000000004,2209934,2021
Plecanatide,Trulance,61458,37287985.41,17704.0,77748.29999999999,2308850,2021
Methotrexate Sodium/Pf,Methotrexate Sodium,60764,1019189.7499999999,17534.0,92086.3,2618955,2021
Cyanocobalamin (Vitamin B-12),Cyanocobalamin Injection,60336,530674.91,20199.0,100197.0,2899743,2021
Ambrisentan,Letairis,60327,332220429.60999995,11126.0,61660.3,1846694,2021
Dolutegravir Sodium/Lamivudine,Dovato,60070,163487507.42,10407.0,61611.6,1843235,2021
Aripiprazole Lauroxil,Aristada,60018,166903475.54,13395.0,69404.79999999999,1996615,2021
Armodafinil,Armodafinil,59958,7065122.140000001,17124.0,70002.6,2053362,2021
Upadacitinib,Rinvoq,59489,344412253.22,11556.0,62737.100000000006,1881108,2021
Abatacept,Orencia,59093,316125653.95,13819.0,63528.69999999998,1781975,2021
Desonide,Desonide,58467,6072646.600000002,34909.0,60723.09999999999,1444610,2021
Omeprazole/Sodium Bicarbonate,Omeprazole-Sodium Bicarbonate,57693,90463856.13999999,13135.0,73458.5,2186655,2021
Sod Picosulf/Mag Ox/Citric Ac,Clenpiq,57663,9099321.24,56636.0,57959.49999999998,148927,2021
Nystatin/Triamcin,Nystatin-Triamcinolone,57604,3071721.9000000004,25810.0,59347.5,1129115,2021
Saxagliptin Hcl,Onglyza,57481,34749145.550000004,17953.0,78961.09999999996,2239769,2021
Peg3350/Sod Sul/Nacl/Kcl/Asb/C,Plenvu,57443,6973107.810000001,56476.0,57479.700000000004,119500,2021
Oxymorphone Hcl,Oxymorphone Hcl,57296,25449914.909999993,14081.0,57407.899999999994,1615981,2021
Indomethacin,Indomethacin,56625,1184749.86,21579.0,65794.70000000001,1505721,2021
Fluphenazine Decanoate,Fluphenazine Decanoate,56324,6159180.259999999,12418.0,62350.89999999999,1635473,2021
Venetoclax,Venclexta,55153,503544239.06000006,13667.0,55374.4,1575316,2021
Fluocinolone Acetonide,Fluocinolone Acetonide,55147,4169629.36,28529.0,58647.70000000001,1543232,2021
Azilsartan Medoxomil,Edarbi,54996,18172241.780000005,13266.0,82680.0,2475954,2021
Tenofovir Disoproxil Fumarate,Tenofovir Disoproxil Fumarate,54225,10146607.979999999,13658.0,78439.79999999999,2335287,2021
Gatifloxacin,Gatifloxacin,54130,3592076.8399999994,35632.0,54801.7,855642,2021
Tafluprost/Pf,Zioptan,53589,17417726.299999997,14363.0,79408.30000000002,2344906,2021
Empagliflozin/Linagliptin,Glyxambi,53248,43537502.28999999,14186.0,78462.50000000001,2324156,2021
Pirfenidone,Esbriet,53140,539982788.31,11678.0,54011.799999999996,1614359,2021
Olmesartan/Amlodipin/Hcthiazid,Olmesartan-Amlodipine-Hctz,52463,8770303.38,14888.0,102693.00000000001,3068024,2021
Clarithromycin,Clarithromycin,51307,2023083.8699999999,39397.0,53100.3,785723,2021
Immune Globul G/Gly/Iga Avg 46,Gamunex-C,51240,485227247.08,9235.0,51872.1,1293584,2021
Valproic Acid,Valproic Acid,51217,2232440.11,15103.0,55183.6,1399472,2021
Asenapine Maleate,Saphris,50507,30819837.730000004,14025.0,54755.4,1547993,2021
Dronabinol,Dronabinol,49969,9759267.609999994,15242.0,50792.3,1309618,2021
Alogliptin Benzoate,Alogliptin,49445,9340305.709999999,10955.0,58213.0,1626148,2021
Dexamethasone Sodium Phosphate,Dexamethasone Sodium Phosphate,48212,1820779.1099999996,25715.0,55340.2,1145397,2021
Fluocinolone Acetonide Oil,Fluocinolone Acetonide Oil,48193,3281870.3299999996,33743.0,59136.90000000001,1414834,2021
Chlordiazepoxide Hcl,Chlordiazepoxide Hcl,47863,495746.55999999994,15148.0,49105.40000000001,1376719,2021
Cromolyn Sodium,Cromolyn Sodium,47369,5428169.690000001,18505.0,61527.7,1690626,2021
"Insulin Pump Cart,cont Inf,bt",Omnipod Dash,47265,66897522.390000015,13583.0,93414.0,2767831,2021
Rifampin,Rifampin,47006,2883973.1400000015,13535.0,57572.60000000002,1615507,2021
Dextroamphetamine Sulfate,Dextroamphetamine Sulfate,46553,7673505.79,15484.0,48394.4,1412685,2021
Sodium Polystyrene Sulfon/Sorb,Sps,46022,4764068.559999999,18513.0,47884.7,475219,2021
Bepotastine Besilate,Bepotastine Besilate,45760,14561803.649999999,15632.0,57154.2,1567854,2021
Varenicline Tartrate,Chantix,45366,22444692.290000003,16796.0,49171.3,1369903,2021
Desloratadine,Desloratadine,45229,2291847.59,15017.0,69363.49999999999,2030966,2021
Cefepime Hcl,Cefepime Hcl,45224,8662726.569999998,12852.0,45242.5,265717,2021
Azilsartan Med/Chlorthalidone,Edarbyclor,45178,14141726.010000004,10741.0,66254.4,1984594,2021
Neomycin Sulfate,Neomycin Sulfate,45007,488202.67000000004,40489.0,45226.7,146351,2021
Riociguat,Adempas,44921,531351801.41999984,7173.0,45043.600000000006,1317757,2021
Sod Sulf/Pot Chloride/Mag Sulf,Sutab,44903,6888223.929999999,44279.0,44968.8,131595,2021
Permethrin,Permethrin,44517,3091420.830000001,25480.0,44789.799999999996,332930,2021
Carbidopa/Levodopa/Entacapone,Carbidopa-Levodopa-Entacapone,44150,14089463.289999997,10829.0,66146.59999999998,1786751,2021
Abaloparatide,Tymlos,43928,101064486.85,9989.0,46112.30000000002,1379066,2021
Triazolam,Triazolam,43773,3007750.29,17057.0,45954.499999999985,1154274,2021
Apalutamide,Erleada,43671,580687859.85,9212.0,44425.100000000006,1330412,2021
Omalizumab,Xolair,43485,129488864.44,9297.0,44398.0,1222407,2021
Loxapine Succinate,Loxapine,43101,2565150.0300000003,10372.0,47052.0,1279965,2021
Osimertinib Mesylate,Tagrisso,43101,700626112.8000001,9760.0,43489.2,1299804,2021
Cevimeline Hcl,Cevimeline Hcl,42924,8840065.87,12673.0,69681.7,2042781,2021
Cholestyramine/Aspartame,Prevalite,42666,4310668.08,15359.0,52140.399999999994,1419627,2021
Fremanezumab-Vfrm,Ajovy Autoinjector,42225,31701709.16,11366.0,48523.30000000002,1435873,2021
Acalabrutinib,Calquence,42171,574940567.21,9685.0,42336.4,1264981,2021
Meropenem,Meropenem,42120,12198155.780000001,11334.0,42121.90000000001,213020,2021
Dapsone,Dapsone,41939,3414733.5599999996,12620.0,55400.30000000001,1615133,2021
Immun Glob G(Igg)/Pro/Iga 0-50,Hizentra,41532,393485170.24000007,8408.0,41847.2,1056681,2021
Enalapril/Hydrochlorothiazide,Enalapril-Hydrochlorothiazide,41183,755916.5600000002,12378.0,82050.70000000001,2445789,2021
Interferon Beta-1a,Avonex,41089,328701262.49,11374.0,43880.799999999996,1237265,2021
Haloperidol Lactate,Haloperidol Lactate,41040,1037694.36,14411.0,41782.89999999999,615041,2021
"Heparin Sodium,porcine",Heparin Sodium,41011,2150610.1300000004,8860.0,41161.20000000001,439467,2021
Hydrocodone Bitartrate,Hysingla Er,40822,22530950.020000007,11085.0,40897.3,1162330,2021
Perampanel,Fycompa,40598,45011070.849999994,8408.0,43330.1,1211754,2021
Glucagon,Baqsimi,40399,17975717.499999993,22154.0,42501.10000000002,480955,2021
Milnacipran Hcl,Savella,40249,20174283.5,12447.0,48359.6,1388660,2021
Cabergoline,Cabergoline,39853,4908287.229999999,11002.0,69488.90000000001,2011071,2021
Immun Glob G(Igg)/Gly/Iga Ov50,Gammagard Liquid,39205,390126671.28000003,7956.0,39625.3,996394,2021
Naratriptan Hcl,Naratriptan Hcl,39070,1926948.4899999998,11622.0,42252.399999999994,1056294,2021
Misoprostol,Misoprostol,38974,2095671.7900000003,14930.0,46772.1,1116830,2021
Tocilizumab,Actemra,38613,142210006.40000004,10006.0,40780.80000000001,1123333,2021
Cefazolin Sodium,Cefazolin Sodium,37760,2348740.16,9424.0,37763.9,241230,2021
Emtricitabine/Tenofovir (Tdf),Emtricitabine-Tenofovir Disop,37719,43157676.96,11433.0,40520.2,1202022,2021
"Estrogen,con/M-Progest Acet",Prempro,37586,11066794.709999999,12799.0,49883.30000000002,1433723,2021
Iloperidone,Fanapt,37559,65810839.139999986,8350.0,38393.2,997642,2021
Selegiline Hcl,Selegiline Hcl,36652,5149157.210000002,10353.0,66761.3,1952174,2021
Ethambutol Hcl,Ethambutol Hcl,36621,2028530.1399999997,9239.0,47289.00000000001,1368341,2021
Epoetin Alfa-Epbx,Retacrit,36436,20552658.620000005,9487.0,38168.6,778138,2021
Amiloride Hcl,Amiloride Hcl,36317,634270.92,10998.0,62004.49999999999,1785602,2021
Chlorzoxazone,Chlorzoxazone,36316,14959956.570000002,11263.0,39310.69999999999,1091352,2021
Terconazole,Terconazole,35958,1186239.2799999998,20918.0,36395.6,285993,2021
Onabotulinumtoxina,Botox,35790,49633024.22000001,13143.0,98430.59999999999,2941517,2021
Ustekinumab,Stelara,35190,833798233.7299997,8648.0,55398.9,1627877,2021
Azelastine/Fluticasone,Azelastine-Fluticasone,35137,6687426.950000001,12363.0,44680.90000000001,1321663,2021
Famciclovir,Famciclovir,34943,2092117.3500000006,13613.0,41810.0,882529,2021
Mycophenolate Sodium,Mycophenolic Acid,34773,17806088.95,9237.0,51743.70000000001,1533195,2021
Fingolimod Hcl,Gilenya,34301,327567618.7199999,7367.0,35755.5,1051926,2021
Naproxen Sodium,Naproxen Sodium,34056,6844416.540000002,16178.0,36354.700000000004,833053,2021
Vibegron,Gemtesa,33281,17668468.990000002,10799.0,41894.8,1127386,2021
Mexiletine Hcl,Mexiletine Hcl,33280,5018333.460000002,9918.0,55154.100000000006,1612887,2021
Lamivudine,Lamivudine Hbv,32952,4356491.96,8814.0,39782.20000000001,1158893,2021
Alclometasone Dipropionate,Alclometasone Dipropionate,32838,1738795.5499999998,22401.0,34020.5,791677,2021
Fat Emulsion/Olive/Soy/Phospho,Clinolipid,32598,8947902.18,3899.0,32598.4,225508,2021
Acebutolol Hcl,Acebutolol Hcl,32523,1576729.95,9460.0,63353.5,1872624,2021
Pentosan Polysulfate Sodium,Elmiron,32330,29177141.710000005,9497.0,37728.700000000004,1045006,2021
Atovaquone,Atovaquone,31920,25607119.30000001,8672.0,33107.7,894383,2021
Piperacillin Sodium/Tazobactam,Piperacillin-Tazobactam,31226,5978509.139999999,9164.0,31226.9,156237,2021
Zafirlukast,Zafirlukast,30853,3296516.3699999996,9810.0,42503.1,1244923,2021
Prucalopride Succinate,Motegrity,30756,18717760.780000005,8441.0,39166.5,1156169,2021
Levomilnacipran Hcl,Fetzima,30436,15021745.809999999,8485.0,34177.499999999985,973230,2021
"Pnv,calcium 72/Iron/Folic Acid",Preplus,29694,291196.59,8303.0,33043.4,880828,2021
Sodium Chloride Irrig Solution,Sodium Chloride,29632,654281.9699999999,9005.0,30840.100000000013,530260,2021
Cannabidiol (Cbd),Epidiolex,29319,121456347.44,5443.0,30272.3,876200,2021
Captopril,Captopril,29114,2384794.7599999993,8589.0,41912.7,1196546,2021
Alpha-1-Proteinase Inhibitor,Prolastin C,29090,296786024.28999996,8198.0,29098.7,757759,2021
Levobunolol Hcl,Levobunolol Hcl,28906,909905.39,8857.0,59304.599999999984,1732986,2021
Levocarnitine,Levocarnitine,28786,2852104.87,7205.0,31623.300000000014,794604,2021
Selexipag,Uptravi,28314,558385700.0,4561.0,28623.399999999998,824557,2021
Norgestimate-Ethinyl Estradiol,Tri-Lo-Mili,28284,489994.7900000001,10635.0,29687.899999999994,822327,2021
Hydrocodone/Ibuprofen,Hydrocodone-Ibuprofen,28120,1785134.47,10209.0,28173.199999999997,712684,2021
Ampicillin Trihydrate,Ampicillin Trihydrate,27957,415859.57999999996,17780.0,29401.999999999993,348554,2021
Diphenhydramine Hcl,Diphenhydramine Hcl,27886,1009563.7899999999,7610.0,28403.299999999996,403103,2021
Dexmethylphenidate Hcl,Dexmethylphenidate Hcl Er,27373,3299511.1999999997,9159.0,27976.000000000004,813606,2021
Ixekizumab,Taltz Autoinjector,27368,182562355.69999996,7869.0,28113.1,789941,2021
Mercaptopurine,Mercaptopurine,27327,3175965.41,7718.0,46992.700000000004,1391374,2021
Salmeterol Xinafoate,Serevent Diskus,26831,13248636.729999995,9270.0,31568.699999999997,942562,2021
Desipramine Hcl,Desipramine Hcl,26734,1842126.2,8524.0,33909.700000000004,978278,2021
Benzonatate,Benzonatate,26496,279908.52,18416.0,26608.6,291154,2021
Dantrolene Sodium,Dantrolene Sodium,26114,2178589.71,7459.0,28130.00000000001,729458,2021
Insulin Degludec/Liraglutide,Xultophy 100-3.6,25991,33697348.58,7089.0,38975.49999999999,1137037,2021
"Cyclosporine, Modified",Cyclosporine Modified,25958,4749355.200000001,7096.0,38625.20000000002,1137274,2021
Methazolamide,Methazolamide,25846,9838299.430000002,7426.0,37222.49999999999,1050465,2021
Carvedilol Phosphate,Carvedilol Er,25288,8660795.47,8269.0,40144.5,1166785,2021
Mepolizumab,Nucala,25288,92861241.64999998,6590.0,25839.899999999994,727392,2021
Lanthanum Carbonate,Lanthanum Carbonate,25169,32953701.99,6834.0,31552.10000000001,916733,2021
Cetirizine Hcl,Cetirizine Hcl,24750,7113008.249999999,7662.0,28420.90000000001,782459,2021
Interferon Beta-1a/Albumin,Rebif Rebidose,24633,229673739.67000002,7169.0,25614.699999999997,699514,2021
Oxazepam,Oxazepam,24278,1557296.1500000001,8345.0,25070.899999999998,701001,2021
Methylnaltrexone Bromide,Relistor,24239,50438096.09999999,7774.0,25861.699999999997,719870,2021
Riluzole,Riluzole,23990,6034450.7299999995,6634.0,37004.50000000001,1087871,2021
Naproxen/Esomeprazole Mag,Naproxen-Esomeprazole Mag,23738,56718737.73,6545.0,30258.099999999995,906033,2021
Dasatinib,Sprycel,23389,273286671.62000006,6711.0,23712.6,699889,2021
Efavirenz/Emtricit/Tenofovr Df,Efavirenz-Emtric-Tenofov Disop,23388,50374998.95,6892.0,24038.1,717660,2021
Certolizumab Pegol,Cimzia,23280,137797813.44999996,6319.0,24680.599999999995,694529,2021
Insulin Aspart (Niacinamide),Fiasp Flextouch,23264,23092071.980000008,7161.0,37266.200000000004,1056383,2021
Etravirine,Etravirine,23043,34808179.92000001,5606.0,24249.2,723363,2021
Calcifediol,Rayaldee,23018,31970965.05,4662.0,25230.0,744603,2021
Doravirine,Pifeltro,22980,37746086.199999996,4555.0,23823.1,706618,2021
Oseltamivir Phosphate,Oseltamivir Phosphate,22890,1151503.5000000002,19904.0,22898.8,154808,2021
Abacavir Sulfate/Lamivudine,Abacavir-Lamivudine,22869,7059207.319999997,5639.0,27239.800000000003,806196,2021
Belimumab,Benlysta,22838,92683206.67,5109.0,23325.5,651600,2021
Metaxalone,Metaxalone,22828,3852975.97,8069.0,24571.200000000008,659683,2021
Ixazomib Citrate,Ninlaro,22754,258524809.25000003,5613.0,22822.6,630839,2021
Cenobamate,Xcopri,22750,26914452.220000003,4296.0,24366.300000000003,705046,2021
Piroxicam,Piroxicam,22647,3141504.38,7983.0,27444.300000000003,799384,2021
Parenteral Amino Acid 15% No.5,Clinisol,22574,3565378.09,2784.0,22574.0,154374,2021
Esketamine Hcl,Spravato,22457,29586052.240000006,2590.0,22465.0,141612,2021
Methotrexate/Pf,Otrexup,22308,14223173.660000004,5575.0,26444.19999999999,747426,2021
Amlodipine/Atorvastatin,Amlodipine-Atorvastatin,22292,4609228.160000001,6983.0,39883.0,1177928,2021
Paricalcitol,Paricalcitol,22267,3139046.1800000006,5946.0,39708.799999999996,1157124,2021
Ivabradine Hcl,Corlanor,22243,13592371.010000002,6338.0,29854.5,846472,2021
Acitretin,Acitretin,22235,10438704.9,6344.0,26511.2,771914,2021
Midazolam Hcl/Pf,Midazolam Hcl,22139,70207.57999999999,19755.0,22139.0,23535,2021
Lumateperone Tosylate,Caplyta,21659,30149321.57,5186.0,22142.000000000004,615967,2021
Elexacaftor/Tezacaftor/Ivacaft,Trikafta,21565,550390745.7000002,2918.0,21970.499999999993,616437,2021
Butorphanol Tartrate,Butorphanol Tartrate,21356,2408445.6099999994,5578.0,21552.400000000005,438744,2021
Butalbit/Acetamin/Caff/Codeine,Butalb-Acetaminoph-Caff-Codein,21304,2814650.6399999997,6899.0,21371.300000000003,455705,2021
Abacavir Sulfate,Abacavir,20971,4554113.74,5302.0,24001.6,696802,2021
Desoximetasone,Desoximetasone,20905,3732385.1700000004,8782.0,22677.50000000001,604303,2021
Sirolimus,Sirolimus,20429,13220568.69,5121.0,31924.799999999996,944241,2021
Bromocriptine Mesylate,Bromocriptine Mesylate,20217,5457515.700000001,5988.0,24695.399999999998,652310,2021
Somatropin,Serostim,19872,116216213.41,5154.0,21257.900000000005,573742,2021
Eletriptan Hydrobromide,Eletriptan Hbr,19792,4006496.13,6174.0,20838.8,468319,2021
Tafamidis,Vyndamax,19663,429375247.23,3894.0,21995.899999999998,659776,2021
Dutasteride/Tamsulosin Hcl,Dutasteride-Tamsulosin,19636,3691258.309999999,6141.0,35732.700000000004,1065041,2021
Eltrombopag Olamine,Promacta,19535,221495087.30999997,5604.0,19916.599999999995,588786,2021
Selenium Sulfide,Selenium Sulfide,19500,268746.63000000006,8659.0,21002.5,554017,2021
Flunisolide,Flunisolide,19482,1329000.8099999998,7202.0,24600.200000000004,705568,2021
Acetic Acid,Acetic Acid,19366,360072.4799999999,8812.0,20260.100000000002,312809,2021
Gabapentin Enacarbil,Horizant,19294,15868767.5,5389.0,23029.899999999994,680415,2021
Trifluoperazine Hcl,Trifluoperazine Hcl,19150,1083399.2399999998,5525.0,21178.3,599856,2021
Thioridazine Hcl,Thioridazine Hcl,19109,1064338.57,5242.0,19727.3,518775,2021
Felbamate,Felbatol,19102,14407296.52,4949.0,22492.1,629891,2021
Olaparib,Lynparza,18969,243641074.85,5141.0,19135.100000000002,569629,2021
Sodium Polystyrene Sulfonate,Sodium Polystyrene Sulfonate,18724,1291853.7200000002,7318.0,23150.1,517400,2021
Canagliflozin/Metformin Hcl,Invokamet Xr,18394,12900769.690000003,5814.0,25678.700000000004,760284,2021
Estradiol/Norethindrone Acet,Estradiol-Norethindrone Acetat,18375,2332284.0399999996,6031.0,27546.10000000001,799429,2021
Butalbital/Aspirin/Caffeine,Butalbital-Aspirin-Caffeine,18161,1294004.4399999997,6273.0,18340.599999999995,353493,2021
Cabozantinib S-Malate,Cabometyx,18056,384115660.44,4720.0,18118.1,536709,2021
Sofosbuvir/Velpatasvir,Sofosbuvir-Velpatasvir,17946,407691245.07,6296.0,18015.399999999998,504059,2021
Efinaconazole,Jublia,17906,18534329.799999997,5531.0,19969.599999999995,586319,2021
Prednisolone,Prednisolone,17848,504260.07000000007,11638.0,17886.0,169070,2021
Darifenacin Hydrobromide,Darifenacin Er,17728,3455798.479999999,5848.0,25492.2,742360,2021
Treprostinil Diolamine,Orenitram Er,17702,156187214.59,2236.0,17777.3,488925,2021
Zolmitriptan,Zolmitriptan Odt,17619,4283981.399999999,6093.0,18449.399999999998,427890,2021
Glyburide/Metformin Hcl,Glyburide-Metformin Hcl,17603,309897.5000000001,5512.0,30863.000000000004,916026,2021
Fluocinolone/Shower Cap,Fluocinolone Acetonide,17423,1446358.73,8363.0,18894.300000000003,508131,2021
Rufinamide,Banzel,17300,60796874.88,4336.0,18169.8,485157,2021
Norethindrone Acetate,Norethindrone Acetate,17188,988629.1400000001,5470.0,24482.899999999998,698788,2021
Maraviroc,Selzentry,17178,30610867.270000007,4054.0,17784.3,527420,2021
Isosorbide Dinit/Hydralazine,Bidil,17036,7170451.33,4780.0,22726.099999999995,608083,2021
Nilotinib Hcl,Tasigna,16913,224868092.06000006,5205.0,17086.899999999998,475074,2021
Pioglitazone Hcl/Metformin Hcl,Pioglitazone-Metformin,16893,2111431.16,5326.0,33499.9,999452,2021
Pimecrolimus,Pimecrolimus,16715,6344486.059999999,7675.0,17835.900000000005,477771,2021
Betaxolol Hcl,Betaxolol Hcl,16641,2320273.42,5176.0,30210.300000000003,883992,2021
Golimumab,Simponi,16597,103341013.45999998,4709.0,18435.9,534114,2021
Hepatitis A And B Vaccine/Pf,Twinrix,16100,2171368.9299999997,11169.0,16124.0,25055,2021
Eluxadoline,Viberzi,16093,21485947.340000004,5381.0,17200.1,489268,2021
Fosfomycin Tromethamine,Fosfomycin Tromethamine,16013,3835804.7500000005,6202.0,17444.0,286121,2021
Azelaic Acid,Azelaic Acid,15849,3015979.430000001,7015.0,17418.600000000002,488507,2021
Trandolapril,Trandolapril,15816,371147.55999999994,5115.0,31104.6,924207,2021
Tetrabenazine,Tetrabenazine,15792,48470666.69000001,4318.0,16088.999999999998,425125,2021
Norethindrone,Norethindrone,15729,298448.66,5844.0,19567.200000000004,558591,2021
Bempedoic Acid,Nexletol,15708,7948825.160000001,4448.0,22455.0,671959,2021
Probenecid,Probenecid,15688,1155670.8599999999,5267.0,23225.899999999998,664090,2021
Propylthiouracil,Propylthiouracil,15628,885083.37,4736.0,21722.3,605781,2021
Relugolix,Orgovyx,15614,38143322.57999999,3659.0,15742.9,468873,2021
Quinapril/Hydrochlorothiazide,Quinapril-Hydrochlorothiazide,15462,643139.0700000001,5095.0,33363.0,995689,2021
Rilpivirine Hcl,Edurant,15327,20102483.99,3777.0,16120.5,475743,2021
"Sub-Q Insulin Device, 40 Unit",V-Go 40,15231,8426184.589999998,3823.0,19510.4,582293,2021
Everolimus,Afinitor,15095,144948679.09000003,4653.0,15841.199999999999,452683,2021
Saxagliptin Hcl/Metformin Hcl,Kombiglyze Xr,15004,8663453.69,4963.0,19516.700000000004,571643,2021
Oxiconazole Nitrate,Oxiconazole Nitrate,14892,10868838.98,5335.0,16460.4,477769,2021
Atazanavir Sulfate,Atazanavir Sulfate,14866,7365086.120000001,4003.0,16951.1,498298,2021
Ketoprofen,Ketoprofen,14810,29291456.280000005,5158.0,15579.7,457462,2021
Leuprolide Acetate,Lupron Depot,14774,51300482.01999999,4580.0,31642.600000000002,938843,2021
Cefprozil,Cefprozil,14667,504391.69,11731.0,14701.600000000002,145087,2021
Filgrastim-Sndz,Zarxio,14612,24785251.34,4825.0,14723.999999999996,178447,2021
Abemaciclib,Verzenio,14579,191537731.79000002,3941.0,14592.2,406057,2021
Diflorasone Diacetate,Diflorasone Diacetate,14503,13820322.42,6024.0,15038.599999999999,420806,2021
Tetanus-Diphtheria Toxoids/Pf,Tenivac,14160,644275.17,14146.0,14162.0,22780,2021
Immun Glob G(Igg)/Gly/Iga 0-50,Gammaplex,14082,179871602.45000002,2940.0,14190.7,354136,2021
Lemborexant,Dayvigo,13992,4357501.37,4045.0,14610.800000000001,425847,2021
Tiagabine Hcl,Tiagabine Hcl,13959,6490861.539999999,4012.0,14955.000000000002,395723,2021
Acamprosate Calcium,Acamprosate Calcium,13764,2026478.2599999998,5008.0,14719.599999999997,396481,2021
Darolutamide,Nubeqa,13749,165001189.63,3013.0,13823.3,413909,2021
Carteolol Hcl,Carteolol Hcl,13736,340698.86999999994,4318.0,27386.300000000003,803333,2021
Probenecid/Colchicine,Probenecid-Colchicine,13715,906091.76,4307.0,21607.600000000002,620341,2021
Istradefylline,Nourianz,13602,29462418.83,3164.0,18050.700000000004,540793,2021
Naftifine Hcl,Naftin,13532,5018673.14,5453.0,15224.099999999999,437107,2021
Naltrexone Microspheres,Vivitrol,13462,19717313.049999993,4239.0,13468.1,378824,2021
Norethindrone-E.Estradiol-Iron,Blisovi Fe,13322,393582.07000000007,4980.0,14363.800000000001,394577,2021
Bacitracin/Polymyxin B Sulfate,Bacitracin-Polymyxin,13234,202839.49999999994,8483.0,13479.1,171337,2021
Bempedoic Acid/Ezetimibe,Nexlizet,13208,7175893.219999999,3894.0,20287.799999999996,606685,2021
Thiothixene,Thiothixene,13176,1440244.6700000002,4040.0,14295.400000000003,396425,2021
Ondansetron Hcl/Pf,Ondansetron Hcl,13157,194134.21000000008,3772.0,13201.699999999999,162011,2021
Norethindrone Ac-Eth Estradiol,Larin,13132,439566.93,4657.0,14727.800000000001,358348,2021
"Syrge-Ndl,ins 0.3 Ml Half Mark",Veo Insulin Syringe,13129,295382.25000000006,4849.0,28538.7,849514,2021
Orphenadrine Citrate,Orphenadrine Citrate Er,13036,669351.9299999998,4958.0,14228.199999999999,352285,2021
Darbepoetin Alfa In Polysorbat,Aranesp,13007,32361671.959999997,3306.0,13567.4,292611,2021
Levonorgestrel/Ethin.Estradiol,Larissia,12902,246459.11000000004,4880.0,13828.8,377793,2021
Axitinib,Inlyta,12800,203259314.06000003,3554.0,12836.1,378966,2021
Nicotine,Nicotrol,12598,7769234.049999999,4740.0,13104.699999999999,299060,2021
Immun Globg(Igg)/Malt/Iga Ov50,Octagam,12332,151799283.06000003,2342.0,12450.300000000001,306269,2021
Efavirenz,Sustiva,12221,6677142.670000001,3616.0,13750.000000000002,409174,2021
Anagrelide Hcl,Anagrelide Hcl,12191,4686886.72,3666.0,17388.100000000002,509851,2021
Dihydroergotamine Mesylate,Dihydroergotamine Mesylate,12187,28572579.56,3238.0,12650.999999999998,364934,2021
Sodium Chloride 0.45 %,Sodium Chloride,12143,333649.37999999995,4195.0,12158.8,53184,2021
Hydrocortisone Valerate,Hydrocortisone Valerate,12035,1296935.2199999997,6118.0,12676.2,311973,2021
Dextrose 5 %-0.45 % Sod Chlord,Dextrose 5%-0.45% Nacl,11986,296387.38,5139.0,11992.400000000001,41009,2021
Flurbiprofen Sodium,Flurbiprofen Sodium,11908,542571.53,6787.0,12697.699999999997,257896,2021
Ampicillin Sodium,Ampicillin Sodium,11849,2095485.2600000005,3280.0,11857.0,33836,2021
"Ringer's Solution,lactated",Lactated Ringers,11710,350265.17,2591.0,11710.0,84021,2021
Posaconazole,Posaconazole,11687,40635386.99000001,3395.0,12028.1,340819,2021
Aliskiren Hemifumarate,Aliskiren,11508,2998233.2599999993,4029.0,15537.000000000002,457417,2021
Bacitracin,Bacitracin,11458,1111212.83,7261.0,11793.499999999998,163171,2021
Codeine/Butalbital/Asa/Caffein,Asa-Butalb-Caffeine-Codeine,11432,1649044.1799999997,4105.0,11450.1,249827,2021
Norethindrone-Ethin. Estradiol,Alyacen,11180,245337.82,4067.0,11499.899999999998,307649,2021
Interferon Beta-1b,Betaseron,11169,91622156.13999999,3456.0,11421.6,317003,2021
Aflibercept,Eylea,11072,28482702.359999996,2784.0,11517.800000000001,326127,2021
Pindolol,Pindolol,11057,947509.7100000001,3190.0,16383.100000000004,466383,2021
Nevirapine,Nevirapine,11033,2383866.72,3018.0,13784.0,410289,2021
Testosterone Enanthate,Xyosted,10919,6336158.789999998,2795.0,13141.900000000005,375920,2021
Voriconazole,Voriconazole,10874,6201639.240000001,3488.0,11719.199999999999,327418,2021
Empaglifloz/Linaglip/Metformin,Trijardy Xr,10850,7909925.419999999,3035.0,14808.800000000003,439750,2021
Mupirocin Calcium,Mupirocin,10844,5485603.859999999,4671.0,11319.199999999999,258355,2021
Itraconazole,Itraconazole,10779,3947596.46,3264.0,13383.599999999997,372361,2021
Isoniazid,Isoniazid,10773,90312.66000000003,3346.0,13566.7,389946,2021
Droxidopa,Droxidopa,10763,70393082.80000001,3065.0,11868.900000000003,346514,2021
Ertugliflozin Pidolate,Steglatro,10743,4263904.7,3345.0,14250.900000000001,414128,2021
Hepatitis A Virus Vaccine/Pf,Havrix,10662,986818.5300000003,10124.0,10703.2,22354,2021
Naldemedine Tosylate,Symproic,10329,4403415.629999998,3084.0,11032.5,318572,2021
Fluorometholone Acetate,Flarex,10285,1411055.34,5546.0,11530.6,275102,2021
Ibuprofen/Famotidine,Duexis,10276,25342233.719999995,3005.0,11124.5,331010,2021
"Sub-Q Insulin Device, 20 Unit",V-Go 20,10120,5506813.31,2604.0,12804.9,382811,2021
Linezolid,Linezolid,10032,2229758.7900000005,6204.0,10133.499999999998,134034,2021
Sarilumab,Kevzara,9993,39834621.710000016,2556.0,10398.5,292408,2021
Acetylcysteine,Acetylcysteine,9920,865836.16,2259.0,9921.4,98044,2021
Diclofenac Sodium/Misoprostol,Diclofenac Sodium-Misoprostol,9887,1484563.46,3788.0,11754.599999999999,335529,2021
Flurbiprofen,Flurbiprofen,9864,274302.25999999995,5150.0,11578.5,253086,2021
"Sub-Q Insulin Device, 30 Unit",V-Go 30,9835,5298897.500000001,2567.0,12350.1,369153,2021
Timolol,Betimol,9830,2059878.8099999998,3135.0,15780.600000000002,450464,2021
Midazolam Hcl,Midazolam Hcl,9797,41799.62999999999,8695.0,9801.4,11675,2021
Sodium Oxybate,Xyrem,9673,148302540.81000003,2626.0,9673.0,279248,2021
Carbidopa,Carbidopa,9615,5342542.99,2746.0,14412.599999999999,412510,2021
Sumatriptan,Sumatriptan,9410,2949105.7199999983,3289.0,9708.400000000001,241640,2021
Fentanyl Citrate/Pf,Fentanyl Citrate,9385,37053.06999999999,8406.0,9385.0,9679,2021
Romosozumab-Aqqg,Evenity (2 Syringes),9271,19278938.63,2227.0,9497.0,278291,2021
Deferasirox,Deferasirox,9029,40174107.70000001,2592.0,9163.599999999999,272257,2021
Amiloride/Hydrochlorothiazide,Amiloride-Hydrochlorothiazide,8974,227020.91999999995,2941.0,18364.200000000004,548212,2021
Lenvatinib Mesylate,Lenvima,8968,183136285.66999993,2634.0,9038.800000000001,268838,2021
Sevelamer Hcl,Sevelamer Hcl,8761,7658161.549999999,2635.0,10071.099999999999,221425,2021
Dicloxacillin Sodium,Dicloxacillin Sodium,8743,348949.30000000005,5589.0,9441.8,135359,2021
Obeticholic Acid,Ocaliva,8691,71747378.77000001,2641.0,9349.9,279471,2021
"Water For Irrigation,sterile",Water,8432,246181.74999999997,2186.0,8540.000000000002,147685,2021
Bosentan,Bosentan,8358,48771173.72,2397.0,8366.0,250076,2021
Tavaborole,Tavaborole,8317,6525735.609999999,3136.0,10048.599999999999,298158,2021
Benralizumab,Fasenra Pen,8296,45190754.15,2482.0,13632.0,404752,2021
Lidocaine Hcl/Pf,Lidocaine Hcl,8101,94419.37999999999,4996.0,8120.5,31585,2021
Ampicillin Sodium/Sulbactam Na,Ampicillin-Sulbactam,8082,954833.8700000001,2106.0,8082.0,24842,2021
Metoprolol/Hydrochlorothiazide,Metoprolol-Hydrochlorothiazide,7911,454312.04000000004,2720.0,12867.6,381449,2021
Guselkumab,Tremfya,7855,96498257.61999999,2379.0,13884.200000000004,414634,2021
Epinastine Hcl,Epinastine Hcl,7835,588269.16,2975.0,10051.2,266783,2021
Citric Ac/Gluconolact/Mag Carb,Renacidin,7776,1412909.3200000003,1996.0,8017.700000000002,146877,2021
Tranexamic Acid,Tranexamic Acid,7737,611229.66,5263.0,7893.3,61492,2021
Infliximab,Remicade,7488,52712634.339999996,1960.0,9199.199999999999,264859,2021
Levocarnitine (With Sugar),Levocarnitine,7456,941338.0300000003,2145.0,7726.0,180705,2021
Dextrose 5 % In Water,Dextrose In Water,7336,157715.48,2396.0,7336.0,59692,2021
Diroximel Fumarate,Vumerity,7323,64364185.75999998,1722.0,8261.6,247390,2021
Timolol Maleate/Pf,Timolol Maleate,7315,4425480.019999999,2325.0,10787.3,325014,2021
Ethosuximide,Ethosuximide,7295,1002355.2700000003,2565.0,8072.500000000002,225582,2021
Exenatide,Byetta,7293,6817498.5,2845.0,8456.0,252334,2021
Aclidinium Bromide,Tudorza Pressair,7162,4647478.690000002,2452.0,8654.900000000001,253168,2021
Desmopressin (Nonrefrigerated),Desmopressin Acetate,7155,1353504.4700000007,2484.0,8092.9,201755,2021
Famotidine/Pf,Famotidine,7090,63132.38999999999,1651.0,7135.499999999999,102196,2021
Hydrocortisone Butyrate,Hydrocortisone Butyrate,7018,3217588.58,3014.0,7151.2,188609,2021
Sulfacetamide Sodium,Sulfacetamide Sodium,7009,482955.26,3697.0,8433.0,221623,2021
Demeclocycline Hcl,Demeclocycline Hcl,7006,3083515.6800000006,2086.0,7544.299999999998,189459,2021
Atazanavir Sulfate/Cobicistat,Evotaz,7002,11909499.57,1858.0,7137.5,213132,2021
Abatacept/Maltose,Orencia,6996,28392083.18,1481.0,7106.300000000001,197393,2021
Glycopyrrolate/Neb.Accessories,Lonhala Magnair Refill,6971,8814557.639999999,1780.0,7071.0,211936,2021
Midazolam,Nayzilam,6826,6018167.120000001,2425.0,6898.0,106209,2021
Clobetasol Propionate/Emoll,Clobetasol Emollient,6772,786001.14,2885.0,7094.299999999999,180156,2021
Immun Glob G(Igg)-Ifas/Glycine,Panzyga,6754,84773534.6,1416.0,6802.2,173002,2021
Ofatumumab,Kesimpta Pen,6645,62434287.9,1536.0,7003.499999999999,201498,2021
Lamivudine/Zidovudine,Lamivudine-Zidovudine,6575,1631804.3399999999,2081.0,7429.2,218121,2021
Bosutinib,Bosulif,6489,84755791.04999998,2071.0,6521.799999999999,194813,2021
Butalbital/Acetaminophen,Butalbital-Acetaminophen,6418,1376604.8400000005,2032.0,6584.9,138806,2021
Norgestrel-Ethinyl Estradiol,Cryselle,6405,129977.15999999999,2285.0,6602.4,178973,2021
Fluocinonide/Emollient Base,Fluocinonide-E,6383,926808.2799999999,2889.0,6586.2,180551,2021
Diflunisal,Diflunisal,6345,530261.4699999999,2667.0,8446.699999999999,217021,2021
Moexipril Hcl,Moexipril Hcl,6333,304109.45999999996,2215.0,9918.0,291282,2021
Fondaparinux Sodium,Fondaparinux Sodium,6329,7824247.959999999,2081.0,6482.0,149424,2021
Erythromycin Base In Ethanol,Erythromycin,6278,301063.62999999995,2838.0,6546.299999999999,178156,2021
Levalbuterol Hcl,Levalbuterol Hcl,6162,517456.62,1547.0,6170.000000000001,60973,2021
Elviteg/Cob/Emtri/Tenofo Disop,Stribild,6126,23067087.929999996,1960.0,6261.5,186137,2021
Alosetron Hcl,Alosetron Hcl,6019,7206831.829999999,1883.0,6400.8,185335,2021
Fluvastatin Sodium,Fluvastatin Er,6001,1246302.4000000001,2111.0,9957.9,291610,2021
Opicapone,Ongentys,5972,4586860.67,1542.0,7597.2,226168,2021
Amikacin Sulfate,Amikacin Sulfate,5963,552349.7600000001,1568.0,6048.2,56072,2021
Ergotamine Tartrate/Caffeine,Migergot,5926,5251379.219999999,2190.0,6058.0,159295,2021
Oxaprozin,Oxaprozin,5916,512525.9099999999,2064.0,7367.9,216342,2021
Pegfilgrastim,Neulasta,5916,43753859.82000001,1541.0,5950.800000000001,126308,2021
Emtricita/Rilpivirine/Tenof Df,Complera,5898,19218714.889999997,1873.0,6029.0,178885,2021
Levodopa,Inbrija,5874,15261435.459999999,1593.0,6103.2,113020,2021
Dipyridamole,Dipyridamole,5735,627997.67,1963.0,6743.9000000000015,185095,2021
Codeine Sulfate,Codeine Sulfate,5696,545763.53,2006.0,5702.200000000001,143005,2021
Tranylcypromine Sulfate,Tranylcypromine Sulfate,5589,1920770.1499999997,1871.0,6278.0,174201,2021
Sulfacetamide/Prednisolone Sp,Sulfacetamide-Prednisolone,5549,103038.29,3267.0,6532.599999999999,139095,2021
Methylprednisolone Sod Succ,Methylprednisolone Sodium Succ,5544,239881.25999999992,1636.0,5933.099999999999,106695,2021
Safinamide Mesylate,Xadago,5536,7619922.260000001,1309.0,7799.0,228439,2021
Niraparib Tosylate,Zejula,5529,69325817.01999998,1566.0,5547.7,164389,2021
Pazopanib Hcl,Votrient,5490,60422810.22000001,1776.0,5507.899999999999,161001,2021
Octreotide Acetate,Octreotide Acetate,5408,4612639.319999999,1520.0,5514.500000000001,101813,2021
Desogestrel-Ethinyl Estradiol,Apri,5337,105734.86999999998,2010.0,5558.3,150338,2021
Magnesium Sulfate,Magnesium Sulfate,5332,125283.80000000002,1056.0,5337.900000000001,44080,2021
Siponimod,Mayzent,5332,47171684.35,1404.0,5756.8,167574,2021
Dabrafenib Mesylate,Tafinlar,5315,55808186.35999999,1683.0,5330.7,158597,2021
Sodium Fluoride/Potassium Nit,Sodium Fluoride Sensitive,5298,81462.95999999999,2060.0,5885.299999999999,166050,2021
Ribociclib Succinate,Kisqali,5292,68598422.59,1630.0,5320.500000000001,145178,2021
Aprepitant,Aprepitant,5283,4013741.84,1636.0,5363.6,64277,2021
Pembrolizumab,Keytruda,5244,55419942.90999999,1061.0,5268.400000000001,111407,2021
Solriamfetol Hcl,Sunosi,5221,4209725.73,1551.0,5703.999999999999,167667,2021
Methylprednisolone Acetate,Methylprednisolone Acetate,5190,90507.82999999997,3531.0,5331.400000000002,36289,2021
"Syringe With Needle, Insulin",Monoject Insulin Safety Syrng,5175,165209.35,1220.0,5281.299999999999,141247,2021
Vismodegib,Erivedge,5139,61130494.14,1622.0,5158.3,146980,2021
Trametinib Dimethyl Sulfoxide,Mekinist,5087,61363638.86999999,1658.0,5147.200000000001,154183,2021
Disulfiram,Disulfiram,5064,371999.73999999993,1748.0,5637.1,154556,2021
Ospemifene,Osphena,4999,1715510.03,1735.0,7371.0,218223,2021
Cenegermin-Bkbj,Oxervate,4985,153475836.20000002,1277.0,4985.0,71107,2021
Lopinavir/Ritonavir,Kaletra,4959,5101743.549999998,1577.0,5067.3,147394,2021
Atovaquone/Proguanil Hcl,Atovaquone-Proguanil Hcl,4884,638060.5,4124.0,5632.700000000001,137801,2021
Eculizumab,Soliris,4850,203118136.39000002,1180.0,4852.6,104859,2021
Emtricitabine,Emtricitabine,4850,1840207.4900000002,1575.0,5264.799999999999,150249,2021
Levorphanol Tartrate,Levorphanol Tartrate,4757,20018654.16,1147.0,4770.3,134156,2021
Ethinyl Estradiol/Drospirenone,Drospirenone-Ethinyl Estradiol,4738,178073.97999999998,1830.0,4973.5,136020,2021
Amikacin Liposomal/Neb.Accessr,Arikayce,4731,60186085.019999996,1384.0,4860.9,136682,2021
Imipenem/Cilastatin Sodium,Imipenem-Cilastatin Sodium,4729,1571284.5799999998,1108.0,4729.1,20952,2021
Edaravone,Radicava,4721,54777639.93,967.0,4721.0,114856,2021
Meperidine Hcl/Pf,Meperidine Hcl,4703,72287.34,4060.0,4703.5,11636,2021
Disopyramide Phosphate,Disopyramide Phosphate,4631,1094235.6000000006,1518.0,7093.200000000001,205875,2021
Cyclopentolate Hcl,Cyclopentolate Hcl,4613,49889.88999999999,3838.0,5389.5999999999985,104915,2021
"Octreotide Acetate,mi-Spheres",Sandostatin Lar Depot,4602,26746829.029999986,1580.0,4669.1,130753,2021
Pimozide,Pimozide,4584,530876.91,1590.0,4983.799999999999,140985,2021
Alectinib Hcl,Alecensa,4547,68333564.78999999,1570.0,4619.200000000001,138141,2021
Natalizumab,Tysabri,4475,35215151.210000016,1022.0,4537.3,126986,2021
Ceftazidime,Ceftazidime,4462,549478.55,1182.0,4503.0,31272,2021
Tolvaptan,Tolvaptan,4455,57755883.06000002,1555.0,4518.099999999999,124810,2021
Erythromycin Ethylsuccinate,Erythromycin Ethylsuccinate,4439,2143418.2,982.0,4475.199999999999,55857,2021
Mifepristone,Korlym,4413,131329950.3,1101.0,4423.0,132359,2021
Perindopril Erbumine,Perindopril Erbumine,4361,198849.55000000002,1420.0,9070.399999999998,270292,2021
Isavuconazonium Sulfate,Cresemba,4352,23886556.459999997,1204.0,4611.800000000002,124299,2021
Ganciclovir,Zirgan,4308,1974022.2100000002,1539.0,4747.599999999998,90268,2021
"Insulin Pump Cart,cont Inf,rf",Omnipod Classic,4250,5193191.61,1324.0,7929.999999999999,233657,2021
Triptorelin Pamoate,Trelstar,4238,9839567.010000004,1451.0,10211.2,304109,2021
Peginterferon Beta-1a,Plegridy,4166,33368062.59,1295.0,4467.099999999999,126038,2021
Prasterone (Dhea),Intrarosa,4139,1217321.71,1448.0,5364.999999999999,154155,2021
Voxelotor,Oxbryta,4137,43713476.069999985,1011.0,4188.0,125589,2021
Teduglutide,Gattex,4127,195400336.48000005,1222.0,4207.8,125897,2021
Olanzapine Pamoate,Zyprexa Relprevv,4120,4504135.9399999995,740.0,4123.200000000001,87728,2021
Tafamidis Meglumine,Vyndaqel,4109,85120799.72999999,1098.0,4401.7,131906,2021
Edoxaban Tosylate,Savaysa,3882,1671206.5100000002,1392.0,4489.599999999999,126073,2021
Nisoldipine,Nisoldipine,3844,1117330.0299999998,1306.0,5544.199999999999,162775,2021
Corticotropin,Acthar,3838,224521061.88999996,1046.0,3987.9,93061,2021
Baricitinib,Olumiant,3818,10076566.78,1113.0,4075.0,122250,2021
Hyoscyamine Sulfate,Hyoscyamine Sulfate,3805,123620.63,1376.0,3918.9999999999995,74537,2021
Erlotinib Hcl,Erlotinib Hcl,3792,10398765.429999996,1285.0,3826.3,114236,2021
Tobramycin Sulfate,Tobramycin Sulfate,3738,1703025.1500000001,1241.0,3822.5000000000005,49628,2021
Phenelzine Sulfate,Phenelzine Sulfate,3720,267615.7399999999,1355.0,4263.9,119063,2021
"Sodium,calcium,mag,pot Oxybate",Xywav,3697,51777007.60000001,1070.0,3703.0,107208,2021
Hydrocortisone/Acetic Acid,Hydrocortisone-Acetic Acid,3695,395344.86,2413.0,3963.4000000000005,70743,2021
Opium Tincture,Opium Tincture,3577,1448326.5399999998,1260.0,3752.8999999999983,105910,2021
Flumazenil,Flumazenil,3557,41829.43,3245.0,3557.0,4190,2021
Glecaprevir/Pibrentasvir,Mavyret,3520,48227426.50000001,1470.0,3529.9000000000005,98809,2021
Encorafenib,Braftovi,3508,42678743.05999999,907.0,3541.0,105250,2021
Chlordiazepoxide/Clidinium Br,Chlordiazepoxide-Clidinium,3498,3153619.2700000005,1173.0,3861.1,106779,2021
Sodium Bicarbonate,Sodium Bicarbonate,3437,231074.01,766.0,3440.2,44705,2021
Pentazocine Hcl/Naloxone Hcl,Pentazocine-Naloxone Hcl,3395,579227.93,1068.0,3406.9,79686,2021
Crisaborole,Eucrisa,3354,2595245.75,1205.0,3471.2,99592,2021
Tobramycin/Lotepred Etab,Zylet,3350,1179574.48,1986.0,3657.3999999999996,83710,2021
Binimetinib,Mektovi,3323,36734773.510000005,847.0,3328.5,99448,2021
Prednisolone Sodium Phosphate,Prednisolone Sodium Phosphate,3306,136149.49999999997,1860.0,3853.9,79562,2021
Olanzapine/Fluoxetine Hcl,Olanzapine-Fluoxetine Hcl,3306,1086421.43,1117.0,3652.699999999999,106404,2021
Lasmiditan Succinate,Reyvow,3303,2468754.27,967.0,3392.6000000000004,72636,2021
Arformoterol Tartrate,Brovana,3284,1936281.9699999997,1001.0,3285.5,58244,2021
Ethacrynic Acid,Ethacrynic Acid,3274,1868356.3299999996,1215.0,3669.399999999999,97757,2021
Pitolisant Hcl,Wakix,3272,34294916.03,925.0,3300.0,94206,2021
Zileuton,Zileuton Er,3258,9111576.79,949.0,3679.4000000000005,109490,2021
Methscopolamine Bromide,Methscopolamine Bromide,3212,429747.24,1103.0,3973.3999999999996,111073,2021
"Tetanus, Diphtheria Tox,adult",Tdvax,3182,139938.78,3180.0,3184.0,24499,2021
Formoterol Fumarate,Perforomist,3109,1966792.7200000004,935.0,3115.7,53393,2021
Risdiplam,Evrysdi,3109,78410854.83999999,631.0,3198.0,80224,2021
Tetracycline Hcl,Tetracycline Hcl,3106,523978.33999999997,1853.0,3257.7999999999997,61109,2021
Micafungin Sodium,Micafungin,3081,2703827.4,883.0,3081.0,16934,2021
Trifluridine/Tipiracil Hcl,Lonsurf,3071,32422147.999999993,960.0,3077.6,81561,2021
Lanreotide Acetate,Somatuline Depot,3061,27641685.03,1012.0,3127.0,87267,2021
Calcipotriene/Betamethasone,Calcipotriene-Betamethasone Dp,3051,3611642.54,1158.0,3247.6000000000004,91814,2021
Fulvestrant,Faslodex,3039,4064253.5000000005,788.0,3063.7000000000003,85300,2021
Insulin Lispro-Aabc,Lyumjev Kwikpen U-100,2999,2880364.309999999,1041.0,4946.699999999999,139858,2021
Tasimelteon,Hetlioz,2990,65837131.300000004,1120.0,3008.0,90225,2021
Methenamine Mandelate,Methenamine Mandelate,2982,222376.78999999995,965.0,3681.5,97432,2021
Lanadelumab-Flyo,Takhzyro,2965,134556466.55000004,817.0,2996.2999999999997,83655,2021
Zanubrutinib,Brukinsa,2930,37528611.37,831.0,2953.0,88119,2021
Clindamycin Phos/Benzoyl Perox,Clindamycin-Benzoyl Peroxide,2924,467039.9,1248.0,3014.0,81231,2021
Flavoxate Hcl,Flavoxate Hcl,2889,206068.68999999994,951.0,3155.7,72050,2021
Phenazopyridine Hcl,Phenazopyridine Hcl,2883,56494.76999999998,1599.0,2919.2999999999997,21697,2021
Frovatriptan Succinate,Frovatriptan Succinate,2864,1311247.36,946.0,3005.5,69927,2021
Vedolizumab,Entyvio,2851,21246333.56,860.0,3897.900000000001,111451,2021
Fostemsavir Tromethamine,Rukobia,2849,22741620.02,725.0,2889.0,86130,2021
Dextrose 5 % And 0.9 % Nacl,Dextrose 5%-0.9% Nacl,2825,80360.13000000002,1044.0,2825.6000000000004,14329,2021
Desvenlafaxine,Desvenlafaxine Er,2823,412466.1999999999,914.0,2993.8000000000006,79469,2021
Bexarotene,Targretin,2811,35363361.769999996,628.0,2945.0,87024,2021
Rifabutin,Rifabutin,2805,1488346.1499999997,1145.0,3107.1000000000004,79420,2021
Palonosetron Hcl,Palonosetron Hcl,2737,482208.4199999997,660.0,2755.0,60541,2021
Protriptyline Hcl,Protriptyline Hcl,2699,635430.88,859.0,3084.799999999999,88781,2021
C1 Esterase Inhibitor,Haegarda,2692,125868791.39000003,775.0,2692.5,71839,2021
Granisetron Hcl,Granisetron Hcl,2691,307380.7,1025.0,2711.6000000000004,43366,2021
Vancomycin/0.9 % Sod Chloride,Vancomycin Hcl-0.9% Nacl,2691,219962.25999999995,762.0,2691.0,7605,2021
Olodaterol Hcl,Striverdi Respimat,2683,773985.2899999999,976.0,3180.8,95258,2021
Peginterferon Alfa-2a,Pegasys,2682,10227104.749999998,697.0,2792.4,75710,2021
Cefaclor,Cefaclor,2658,168537.56,1370.0,3274.2999999999997,72288,2021
Danazol,Danazol,2619,683277.87,808.0,3076.5999999999995,85658,2021
Belatacept,Nulojix,2588,5465571.4,548.0,2598.2000000000003,71855,2021
"Measles,mumps,rubella Vacc/Pf",M-M-R Ii Vaccine,2560,270380.91000000003,2338.0,2566.0,3732,2021
Multivit-Mins60/Iron Fum/Folic,Niva-Plus,2548,34344.86,399.0,2735.5,46929,2021
Selegiline,Emsam,2543,4845218.14,925.0,2563.2,75828,2021
Caspofungin Acetate,Caspofungin Acetate,2531,898787.54,828.0,2531.0,66305,2021
Sunitinib Malate,Sutent,2514,26767684.02,820.0,2568.900000000001,63528,2021
Zidovudine,Zidovudine,2501,109299.89000000003,810.0,2742.8,78612,2021
Risankizumab-Rzaa,Skyrizi (2 Syringes) Kit,2491,44398882.90000001,903.0,5957.6,177753,2021
Oxandrolone,Oxandrolone,2482,1368374.7900000003,654.0,2633.7000000000003,77056,2021
Vancomycin/Water For Inj (Peg),Vancomycin Hcl,2472,207809.94000000006,648.0,2472.0,7339,2021
Methylprednisolone Sod Succ/Pf,Solu-Medrol,2466,67893.07999999999,1091.0,2495.5,24222,2021
Insulin Glulisine,Apidra Solostar,2461,2013754.3999999997,880.0,2955.1000000000013,76491,2021
Decitabine/Cedazuridine,Inqovi,2436,18564438.930000003,742.0,2455.8999999999996,66299,2021
Apomorphine Hcl,Apokyn,2420,48072068.52,741.0,2443.7,65637,2021
Alcaftadine,Lastacaft,2417,656095.65,681.0,2556.8,70484,2021
Salsalate,Salsalate,2401,297447.11999999994,818.0,3274.5,90220,2021
Bevacizumab,Avastin,2394,13669309.469999997,541.0,2395.6,53915,2021
Anakinra,Kineret,2353,12642473.309999997,805.0,2379.9000000000005,65443,2021
Tesamorelin Acetate,Egrifta Sv,2334,15106477.450000001,637.0,2366.0,70901,2021
Sacrosidase,Sucraid,2332,26314043.349999994,673.0,2353.9,64945,2021
Isradipine,Isradipine,2299,225688.4,679.0,3455.4,97793,2021
Sumatriptan Succ/Naproxen Sod,Sumatriptan Succ-Naproxen Sod,2263,1897366.8799999997,640.0,2293.3999999999996,60516,2021
Prochlorperazine,Compro,2206,270365.03,1396.0,2210.0,18386,2021
"Glyburide,micronized",Glyburide Micronized,2199,37769.19000000001,679.0,3635.2999999999997,105594,2021
Adefovir Dipivoxil,Adefovir Dipivoxil,2177,1805427.92,805.0,2320.9,67070,2021
Typhoid Vi Polysacch Vaccine,Typhim Vi,2160,238298.01000000007,2157.0,2168.0,3450,2021
Thalidomide,Thalomid,2149,16292442.390000002,716.0,2156.4,60411,2021
Estradiol/Levonorgestrel,Climara Pro,2145,605463.8600000001,810.0,2482.6000000000004,70609,2021
Phenylephrine Hcl,Phenylephrine Hcl,2125,86952.77,2012.0,2287.2,32753,2021
Crofelemer,Mytesi,2096,5112979.21,549.0,2308.0,69057,2021
Flurazepam Hcl,Flurazepam Hcl,2083,44876.389999999985,716.0,2138.0,63283,2021
Hydrocortisone Sodium Succ/Pf,Solu-Cortef,2071,216676.78000000006,728.0,2221.7,34781,2021
Zoledronic Acid,Zoledronic Acid,2063,459129.26,535.0,2726.0,78215,2021
Nivolumab,Opdivo,2035,23958182.57,453.0,2046.3,52819,2021
Carboplatin,Carboplatin,2034,124989.14999999997,567.0,2047.8999999999999,44698,2021
Letermovir,Prevymis,2033,14389981.13,575.0,2185.7,61395,2021
Fosinopril/Hydrochlorothiazide,Fosinopril-Hydrochlorothiazide,2029,96932.35,724.0,3076.8,90702,2021
Doravirine/Lamivu/Tenofov Diso,Delstrigo,2019,4940545.580000001,567.0,2043.0,61222,2021
Imipramine Pamoate,Imipramine Pamoate,2018,700568.9799999999,764.0,2119.7999999999997,61142,2021
Meropenem-0.9% Sodium Chloride,Meropenem-0.9% Nacl,2000,424315.17,624.0,2000.0,6411,2021
Ceftriaxone In Is-Osm Dextrose,Ceftriaxone,1993,218383.1400000001,724.0,1993.0,7653,2021
Tiopronin,Thiola Ec,1977,17240917.05,705.0,1977.0,59295,2021
Bortezomib,Velcade,1962,10039292.25,497.0,1964.0,47880,2021
Milrinone Lactate,Milrinone Lactate,1926,1803706.96,250.0,1926.0,11410,2021
Terbutaline Sulfate,Terbutaline Sulfate,1914,483313.68000000005,674.0,2206.9,57984,2021
Rucaparib Camsylate,Rubraca,1886,26009477.24000001,586.0,1888.0,55382,2021
Zoledronic Acid/Mannitol-Water,Zoledronic Acid,1840,390277.12999999995,1822.0,13887.7,412379,2021
Bupropion Hbr,Aplenzin,1813,6879026.36,570.0,1906.0,56963,2021
Potassium Bicarbonate/Cit Ac,Effer-K,1813,41486.62,626.0,1920.6000000000004,43276,2021
Aztreonam Lysine,Cayston,1789,18780507.63,497.0,2510.0000000000014,73639,2021
Amifampridine Phosphate,Firdapse,1769,69083702.2,550.0,1828.0,54771,2021
Adapalene,Adapalene,1765,758158.92,705.0,1867.7,51945,2021
Sorafenib Tosylate,Nexavar,1760,22408818.750000004,630.0,1764.0,52029,2021
Dexamethasone Sodium Phosp/Pf,Dexamethasone Sodium Phosphate,1753,28715.860000000008,710.0,1774.5,28006,2021
"Igg/Hyaluronidase,recombinant",Hyqvia,1751,11171750.300000003,438.0,1752.2,47971,2021
Sapropterin Dihydrochloride,Kuvan,1751,22091315.71,390.0,1780.0,53394,2021
Filgrastim,Neupogen,1746,4179271.1899999995,554.0,1771.5,36870,2021
Aliskiren/Hydrochlorothiazide,Tekturna Hct,1713,545756.58,650.0,1857.0,54652,2021
"Interferon Alfa-2b,recomb.",Intron A,1701,1340586.84,453.0,1753.3,33340,2021
Telmisartan/Amlodipine,Telmisartan-Amlodipine,1682,273778.58999999997,560.0,3124.0,93233,2021
Omeprazole Magnesium,Prilosec,1655,1091697.0099999998,525.0,1661.8,31064,2021
Ethynodiol D-Ethinyl Estradiol,Kelnor 1-35,1647,35484.829999999994,600.0,1734.6,46555,2021
Acetaminophen/Caff/Dihydrocod,Acetamin-Caff-Dihydrocodeine,1634,405079.47,512.0,1634.5,37194,2021
Agalsidase Beta,Fabrazyme,1614,30160248.220000003,315.0,1621.2,40954,2021
Meprobamate,Meprobamate,1608,644235.8500000002,630.0,1641.0000000000002,45855,2021
Tucatinib,Tukysa,1605,25784111.139999993,555.0,1620.3,47058,2021
Alogliptin Benz/Metformin Hcl,Alogliptin-Metformin,1603,295996.69999999995,492.0,1784.9999999999998,52321,2021
Afatinib Dimaleate,Gilotrif,1580,16292448.699999996,565.0,1580.0,47161,2021
"Syringe,needle,insuln,safe,1ml",Magellan Insulin Safety Syrng,1575,45101.159999999996,365.0,1596.8000000000002,37854,2021
Rituximab,Rituxan,1570,16292764.989999998,477.0,2130.1,56983,2021
Estradiol Cypionate,Depo-Estradiol,1569,221835.68,597.0,3297.900000000002,97411,2021
Fosamprenavir Calcium,Fosamprenavir Calcium,1557,1871075.7600000007,550.0,1571.0,47100,2021
Tigecycline,Tygacil,1543,1784815.7899999998,424.0,1543.0,8737,2021
Hpv Vaccine 9-Valent/Pf,Gardasil 9,1531,418724.86,1121.0,1535.0,1709,2021
Asfotase Alfa,Strensiq,1530,150293066.86,360.0,1546.1,43179,2021
Icatibant Acetate,Icatibant,1529,62691025.28,363.0,1529.0,13012,2021
Nafcillin Sodium,Nafcillin Sodium,1522,1070167.9700000002,469.0,1522.0,8992,2021
Estradiol Valerate,Estradiol Valerate,1502,208606.91000000003,467.0,2504.7999999999993,72662,2021
"Mening Vac A,c,y,w-135 Dip/Pf",Menveo A-C-Y-W-135-Dip,1494,228897.55,1281.0,1514.0,4144,2021
Norelgestromin/Ethin.Estradiol,Xulane,1486,174789.63000000003,585.0,1556.5999999999997,37928,2021
Carbinoxamine Maleate,Ryvent,1485,1147946.1900000002,466.0,1927.2,54155,2021
Apraclonidine Hcl,Apraclonidine Hcl,1483,143771.06000000003,502.0,2218.5000000000005,61484,2021
Insulin Glargine-Yfgn,Insulin Glargine-Yfgn,1480,124025.98000000004,739.0,1532.9,27069,2021
Finerenone,Kerendia,1468,1113593.67,643.0,1898.0,56722,2021
Ceftazidime/Avibactam,Avycaz,1461,4637455.42,345.0,1461.0,4842,2021
Cefixime,Cefixime,1453,240284.04999999996,937.0,1490.1000000000001,15527,2021
"Estrogens,esterified",Menest,1452,127437.32,586.0,1660.1000000000001,48515,2021
Erythromycin/Benzoyl Peroxide,Erythromycin-Benzoyl Peroxide,1438,198046.9,530.0,1471.7,39057,2021
Pegvisomant,Somavert,1438,19531414.19,430.0,1468.6000000000001,43381,2021
Colistin (Colistimethate Na),Colistimethate,1434,1119976.1500000001,412.0,1589.9000000000003,35112,2021
Desog-E.Estradiol/E.Estradiol,Kariva,1432,40284.55999999999,555.0,1459.9,40054,2021
Promethazine/Dextromethorphan,Promethazine-Dm,1430,20000.719999999994,881.0,1432.2,16710,2021
Granisetron,Sancuso,1426,2630837.77,488.0,1441.0,32262,2021
Nicardipine Hcl,Nicardipine Hcl,1415,646368.0699999998,450.0,2003.3000000000002,56302,2021
Gemcitabine Hcl,Gemcitabine Hcl,1403,259594.17,362.0,1422.2,32681,2021
Chloroquine Phosphate,Chloroquine Phosphate,1392,249804.86000000002,367.0,2016.1,59380,2021
Alpelisib,Piqray,1378,24787992.029999997,515.0,1396.1999999999998,38917,2021
Crizotinib,Xalkori,1342,23540948.619999997,475.0,1358.0,40347,2021
Perphenazine/Amitriptyline Hcl,Perphenazine-Amitriptyline,1337,106742.87999999999,525.0,1383.1000000000001,40274,2021
Orphenadrine/Aspirin/Caffeine,Norgesic Forte,1328,3394221.059999999,574.0,1477.0,44173,2021
Brodalumab,Siliq,1320,5505849.55,383.0,1350.1,37779,2021
Cyclophosphamide,Cyclophosphamide,1319,734688.1499999998,429.0,1356.1,33701,2021
Almotriptan Malate,Almotriptan Malate,1297,359698.52999999997,455.0,1325.3,26464,2021
Flurandrenolide,Cordran,1296,960013.7400000001,624.0,1348.1,35451,2021
Ponatinib Hcl,Iclusig,1281,30968599.68,470.0,1281.0,38206,2021
Oxaliplatin,Oxaliplatin,1256,620931.36,315.0,1259.6000000000001,28717,2021
Paroxetine Mesylate,Brisdelle,1248,445549.27,450.0,1335.0,38455,2021
Azacitidine,Onureg,1244,15978300.540000001,375.0,1244.0,34146,2021
Tazarotene,Tazarotene,1237,549510.3400000002,483.0,1309.5,35885,2021
Vigabatrin,Sabril,1226,24311143.94,450.0,1228.0,36782,2021
Vericiguat,Verquvo,1200,974658.4400000001,350.0,1651.1999999999998,47806,2021
Chlorambucil,Leukeran,1196,1011897.2899999999,350.0,1265.3,31275,2021
Aztreonam,Aztreonam,1195,915145.4300000002,345.0,1209.8999999999999,7836,2021
Amitriptyline/Chlordiazepoxide,Chlordiazepoxide-Amitriptyline,1185,80776.68999999999,460.0,1237.0,36606,2021
Pegloticase,Krystexxa,1174,40546830.629999995,282.0,1179.8,22343,2021
Ceftaroline Fosamil Acetate,Teflaro,1143,1990527.2300000002,340.0,1143.0,4710,2021
Regorafenib,Stivarga,1137,17562405.809999995,405.0,1167.6000000000001,31745,2021
Methsuximide,Celontin,1129,363769.69000000006,377.0,1174.3000000000002,31678,2021
"Syringe,insul U-500,ndl,0.5ml",Insulin Syringe U-500,1125,43814.19,355.0,1567.3,46660,2021
Degarelix Acetate,Firmagon,1119,648888.23,295.0,1119.9,31247,2021
Triamterene,Triamterene,1116,337366.51,380.0,1194.6,28882,2021
Quinine Sulfate,Quinine Sulfate,1115,95546.20999999995,413.0,1174.4,34532,2021
Levofloxacin In Dextrose 5 %,Levofloxacin-D5w,1113,40310.270000000004,396.0,1124.0,5556,2021
Fedratinib Dihydrochloride,Inrebic,1098,20093122.059999995,323.0,1101.1,32654,2021
Burosumab-Twza,Crysvita,1097,21941935.579999994,265.0,1100.6,30941,2021
Pemetrexed Disodium,Alimta,1093,6718212.16,250.0,1093.0,22886,2021
Fosaprepitant Dimeglumine,Fosaprepitant Dimeglumine,1078,266623.08,281.0,1083.8,23323,2021
Estradiol Acetate,Femring,1077,655868.43,318.0,3110.4,93302,2021
Vancomycin Hcl In 5 % Dextrose,Vancomycin,1071,132700.87000000002,328.0,1071.0,3426,2021
Ozanimod Hydrochloride,Zeposia,1070,8907781.83,295.0,1176.8000000000002,34489,2021
"Syrge-Ndl,ins 0.5 Ml Half Mark",Droplet Insulin Syringe,1062,64652.83,401.0,2894.3,86606,2021
Neomycin Sulf/Polymyxin B Sulf,Neomycin-Polymyxin B,1056,80149.0,215.0,1066.1999999999998,13409,2021
Pramlintide Acetate,Symlinpen 120,1052,1614125.7799999998,360.0,1116.3,28277,2021
Glutamine,Endari,1040,3364370.0500000003,265.0,1054.0,31461,2021
Trastuzumab,Herceptin,1035,5696082.1899999995,290.0,1037.4,22253,2021
Ibalizumab-Uiyk,Trogarzo,1030,8950625.99,325.0,1033.9,22552,2021
Pioglitazone Hcl/Glimepiride,Pioglitazone-Glimepiride,1030,475702.95000000007,316.0,1864.5,55252,2021
Fenoprofen Calcium,Fenoprofen Calcium,1025,279189.83999999997,372.0,1146.8,34154,2021
Telotristat Etiprate,Xermelo,1021,7646676.200000002,295.0,1029.3,28283,2021
Parenteral Amino Acid 10% No.6,Travasol,1014,161961.07,190.0,1014.0,5980,2021
Amlodipine/Valsartan/Hcthiazid,Exforge Hct,1001,256069.78999999992,401.0,1342.6999999999998,39880,2021
Penicillin G Benzathine,Bicillin L-A,1000,493675.17000000004,373.0,1083.8999999999999,25343,2021
Ivosidenib,Tibsovo,995,25919175.67,360.0,995.0,29458,2021
Sonidegib Phosphate,Odomzo,991,11989260.21,277.0,991.7,29051,2021
"Abiraterone Acet,submicronized",Yonsa,989,9517415.310000002,234.0,990.0,29680,2021
"Potassium Phosphate,monobasic",K-Phos Original,987,33140.77,275.0,1034.0,21368,2021
Lorlatinib,Lorbrena,985,17120306.640000004,375.0,989.0,29507,2021
Trifluridine,Trifluridine,985,168154.02,435.0,1298.0000000000002,32261,2021
Daratumumab,Darzalex,982,9083830.780000003,245.0,983.9000000000001,25100,2021
Isotretinoin,Zenatane,954,172248.58000000002,359.0,955.0,28362,2021
Nalbuphine Hcl,Nalbuphine Hcl,953,246365.30000000002,245.0,964.3000000000001,16617,2021
Halcinonide,Halcinonide,939,1087471.86,359.0,939.0,28080,2021
Romiplostim,Nplate,937,7071305.980000002,215.0,937.0,16921,2021
Avatrombopag Maleate,Doptelet,929,11721759.77,295.0,949.2,27499,2021
Cefepime In Iso-Osm Dextrose,Cefepime,915,268106.15,275.0,915.0,3273,2021
Fidaxomicin,Dificid,912,4203030.87,186.0,913.1,10469,2021
Atezolizumab,Tecentriq,909,9251724.95,237.0,909.0,19641,2021
Paclitaxel,Paclitaxel,908,93977.37000000001,255.0,914.6000000000001,19732,2021
Docetaxel,Docetaxel,902,651003.4299999998,220.0,914.4,19653,2021
"Piperacillin-Tazo-Dextrose,iso",Zosyn,900,216423.41999999995,272.0,900.0,2764,2021
Quinidine Sulfate,Quinidine Sulfate,899,18937.579999999998,313.0,1173.6000000000001,33366,2021
Enasidenib Mesylate,Idhifa,894,26044214.779999994,340.0,895.0,26820,2021
Gilteritinib Fumarate,Xospata,892,19708733.329999994,275.0,892.5,26582,2021
Dapagliflozin/Saxagliptin Hcl,Qtern,885,523793.6100000001,275.0,1127.8000000000002,33292,2021
Dextrose 5%-Lactated Ringers,Dextrose In Lactated Ringers,885,31398.329999999998,346.0,885.0,6395,2021
Clomiphene Citrate,Clomiphene Citrate,880,56286.01,298.0,1283.9,37878,2021
Diazoxide,Diazoxide,876,763187.5499999998,276.0,930.4999999999999,19735,2021
Eliglustat Tartrate,Cerdelga,876,25237987.63,229.0,901.0999999999999,25326,2021
Cefoxitin Sodium,Cefoxitin,869,263050.61,185.0,869.0,4702,2021
Cabotegravir/Rilpivirine,Cabenuva,867,4018301.0900000012,239.0,885.4,25828,2021
Oxacillin Sodium,Oxacillin Sodium,866,539478.0599999999,277.0,866.0,4874,2021
Albendazole,Albendazole,862,1565291.98,318.0,862.0,6103,2021
Mefloquine Hcl,Mefloquine Hcl,860,60788.42,610.0,1810.8000000000004,53453,2021
Alglucosidase Alfa,Lumizyme,859,41172290.85,195.0,859.0,14050,2021
Promethazine Hcl/Codeine,Promethazine-Codeine,852,6861.609999999998,510.0,856.0,7789,2021
Omadacycline Tosylate,Nuzyra,847,6904692.0600000005,327.0,856.4,15662,2021
Diclofenac Submicronized,Zorvolex,847,443469.87,230.0,883.0,24817,2021
Griseofulvin Ultramicrosize,Griseofulvin Ultramicrosize,841,181469.66000000006,388.0,898.0,22989,2021
Hydromorphone Hcl/Pf,Hydromorphone Hcl,834,147649.38999999998,183.0,834.4,7062,2021
Potassium Chloride/D5-0.45nacl,Dextrose 5%-0.45% Nacl-Kcl,826,30416.15,150.0,837.0,5784,2021
Lapatinib Ditosylate,Tykerb,824,4735128.859999999,320.0,824.0,23204,2021
Potassium Chloride In 0.9%nacl,Potassium Chloride-0.9% Nacl,814,54781.49,119.0,814.0,5797,2021
Ledipasvir/Sofosbuvir,Harvoni,814,25766302.030000005,282.0,814.0,22792,2021
Betaine,Cystadane,814,2768957.46,245.0,814.6,20918,2021
Luspatercept-Aamt,Reblozyl,811,10562136.950000003,190.0,814.6,17194,2021
Fentanyl Citrate,Fentanyl Citrate,811,4988424.75,255.0,811.0,21544,2021
Asenapine,Secuado,787,949164.8199999998,221.0,803.1,22585,2021
Capmatinib Hydrochloride,Tabrecta,777,13576760.830000002,290.0,779.7,21593,2021
Hydrocortisone/Pramoxine,Proctofoam-Hc,775,192505.82,289.0,787.9,14237,2021
Ranibizumab,Lucentis,770,1734387.3399999999,216.0,788.1999999999999,22303,2021
Etonogestrel/Ethinyl Estradiol,Nuvaring,764,102832.43999999999,315.0,823.5999999999999,22855,2021
Ribociclib Succinate/Letrozole,Kisqali Femara Co-Pack,761,10354677.36,265.0,761.0,21310,2021
Irinotecan Hcl,Irinotecan Hcl,759,600590.7700000001,197.0,759.0,18276,2021
Amoxapine,Amoxapine,754,51800.46000000001,261.0,777.4000000000001,21935,2021
Elagolix Sodium,Orilissa,754,785414.6,305.0,764.8000000000001,21074,2021
Alogliptin Benz/Pioglitazone,Alogliptin-Pioglitazone,749,190269.37999999998,255.0,840.0,24648,2021
Deflazacort,Emflaza,746,6640110.549999999,195.0,746.0,21987,2021
Fostamatinib Disodium,Tavalisse,732,8723156.239999998,295.0,735.0,22035,2021
Ocrelizumab,Ocrevus,726,24941835.8,374.0,2953.7,87353,2021
"Griseofulvin, Microsize",Griseofulvin,719,167782.11,336.0,803.8,21074,2021
Rimantadine Hcl,Rimantadine Hcl,714,122953.10999999999,275.0,1058.2,29869,2021
Saquinavir Mesylate,Invirase,714,801434.7199999999,245.0,733.0,20659,2021
Cladribine,Mavenclad,706,46815200.39,327.0,1089.9,30225,2021
Idelalisib,Zydelig,705,8302473.200000002,250.0,720.0,21585,2021
Daratumumab-Hyaluronidase-Fihj,Darzalex Faspro,704,8960777.87,180.0,707.5999999999999,15665,2021
Pegfilgrastim-Cbqv,Udenyca,695,3368935.2600000002,200.0,695.4,13805,2021
Granisetron Hcl/Pf,Granisetron Hcl,695,40648.09999999999,181.0,697.0,14122,2021
Polymyxin B Sulfate,Polymyxin B Sulfate,693,44471.06,230.0,693.0,7689,2021
Migalastat Hcl,Galafold,688,18628840.250000004,195.0,697.0,19544,2021
Ziprasidone Mesylate,Ziprasidone Mesylate,685,138263.05000000002,203.0,685.0,2547,2021
Tinidazole,Tinidazole,680,69723.65,286.0,738.0999999999999,12334,2021
Fat Emulsions,Intralipid,672,184006.97999999992,175.0,672.0,4048,2021
Vorapaxar Sulfate,Zontivity,671,305161.7,219.0,854.0,24459,2021
Methylphenidate,Daytrana,669,342910.24,265.0,669.0,19995,2021
Selinexor,Xpovio,668,14020235.969999997,237.0,670.0,18117,2021
Mechlorethamine Hcl,Valchlor,667,4890907.79,183.0,667.0,19992,2021
Efavirenz/Lamivu/Tenofov Disop,Efavirenz-Lamivu-Tenofov Disop,664,1411167.38,222.0,1183.0,35464,2021
Glucagon Hcl,Glucagon Emergency Kit,655,208804.34999999992,275.0,655.0,2071,2021
Dalbavancin Hcl,Dalvance,652,2773969.0799999996,229.0,652.4,3898,2021
Clemastine Fumarate,Clemastine Fumarate,652,178380.7,218.0,788.9,21979,2021
Amlodipine Benzoate,Katerzia,650,448110.57000000007,215.0,667.9000000000001,18294,2021
Ivacaftor,Kalydeco,650,15918599.830000002,185.0,652.6,18284,2021
Paclitaxel Protein-Bound,Abraxane,649,4646056.899999999,145.0,649.0,14344,2021
Trandolapril/Verapamil Hcl,Trandolapril-Verapamil Er,647,88434.5,255.0,771.5,22286,2021
Meperidine Hcl,Meperidine Hcl,644,314947.68,235.0,644.0,15256,2021
Flutamide,Flutamide,643,50508.63999999999,201.0,850.8,23658,2021
Selpercatinib,Retevmo,642,10561545.450000001,235.0,646.0,19322,2021
Penicillin G Potassium,Pfizerpen,634,244513.39,195.0,634.0,3505,2021
Fat Emul/Soy/Mct/Oliv/Fish Oil,Smoflipid,629,114551.95999999999,110.0,629.0,3887,2021
Methamphetamine Hcl,Methamphetamine Hcl,625,861723.8999999999,245.0,633.6,17140,2021
"Meloxicam, Submicronized",Meloxicam,622,827829.13,216.0,690.1,20006,2021
Nimodipine,Nimodipine,608,350959.75000000006,206.0,757.6,21588,2021
Dextrose 70 % In Water,Dextrose In Water,605,26346.55,100.0,605.0,3739,2021
Neomycin/Bacit/P-Myx/Hydrocort,Neomycin-Bacitracin-Poly-Hc,595,25668.13,353.0,599.6,7071,2021
Toremifene Citrate,Toremifene Citrate,592,603973.1500000003,200.0,634.0,18168,2021
Deferiprone,Ferriprox (2 Times A Day),590,10678406.250000004,165.0,591.8,17736,2021
Pertuzumab,Perjeta,589,3604891.48,180.0,589.0,12343,2021
Hepatitis B Virus Vaccine/Pf,Engerix-B Adult,586,143098.82000000004,342.0,588.0,1685,2021
Vemurafenib,Zelboraf,584,3827867.3899999997,225.0,594.0,16370,2021
Abobotulinumtoxina,Dysport,581,905921.8399999999,179.0,1515.8999999999999,43403,2021
Miglitol,Glyset,580,157402.76,178.0,826.5,24075,2021
Milrinone Lactate/D5w,Milrinone In 5% Dextrose,579,89963.19,100.0,579.0,2577,2021
Oxybutynin,Oxytrol,573,445636.77999999997,225.0,603.1,16444,2021
Citric Acid/Sodium Citrate,Sodium Citrate-Citric Acid,568,22506.13,196.0,588.9999999999999,13388,2021
Durvalumab,Imfinzi,559,5226422.469999999,135.0,559.0,14044,2021
Infliximab-Dyyb,Inflectra,554,3009511.66,162.0,683.3000000000001,19856,2021
Alendronate Sodium/Vitamin D3,Fosamax Plus D,551,96997.38,210.0,557.3,14952,2021
Immun Glob G/Gly/Gluc/Iga 0-50,Gammagard S-D,544,5695512.590000001,160.0,544.3,14275,2021
Pegvaliase-Pqpz,Palynziq,544,13124605.59,145.0,544.5999999999999,15840,2021
"Immune Globulin,gamma(Igg)klhw",Xembify,540,4005100.96,145.0,543.5,14025,2021
Amphetamine,Adzenys Xr-Odt,540,285513.4000000001,205.0,570.0,17035,2021
Olsalazine Sodium,Dipentum,533,751015.6600000001,205.0,535.0999999999999,14961,2021
Nelfinavir Mesylate,Viracept,529,644602.4399999998,210.0,533.0,15660,2021
Dextrose 10 % In Water,Dextrose In Water,523,21553.739999999998,55.0,523.0,3097,2021
Neratinib Maleate,Nerlynx,520,8741830.91,175.0,520.3,15293,2021
Nitrofurantoin,Nitrofurantoin,518,1213206.9799999997,195.0,522.0,11887,2021
Amphotericin B Lipid Complex,Abelcet,513,389925.79999999993,148.0,525.2,13437,2021
Auranofin,Ridaura,513,543589.35,170.0,552.8,15139,2021
Glycerol Phenylbutyrate,Ravicti,512,44670778.70999999,160.0,521.3,15006,2021
Tipranavir,Aptivus,510,958207.42,205.0,510.0,15090,2021
"Pen Needle, Diabetic,disp Unit",Ultiguard Safepack-Pen Needle,510,19569.829999999998,136.0,838.8999999999999,23363,2021
Gauze Bandage,Gauze Pads,507,2529.6300000000006,370.0,521.6,11229,2021
Doxercalciferol,Doxercalciferol,506,262921.92000000004,161.0,716.8,20005,2021
"Poliomyelitis Vaccine, Killed",Ipol,505,21073.25,418.0,505.0,563,2021
Vardenafil Hcl,Vardenafil Hcl,496,70723.58,190.0,505.4,12199,2021
Midostaurin,Rydapt,493,10951563.43,190.0,493.0,13632,2021
Brigatinib,Alunbrig,483,7524083.15,160.0,483.0,14425,2021
Rituximab-Abbs,Truxima,482,4102485.06,123.0,567.5,14439,2021
Bevacizumab-Awwb,Mvasi,469,2432241.5300000003,90.0,469.1,10415,2021
"Cefazolin Sodium/Dextrose,iso",Cefazolin Sodium-Dextrose,452,47341.729999999996,160.0,452.0,1405,2021
Filgrastim-Aafi,Nivestym,448,780567.38,149.0,448.0,7061,2021
Streptomycin Sulfate,Streptomycin Sulfate,448,1467124.3700000003,267.0,459.0,13246,2021
Teprotumumab-Trbw,Tepezza,447,23746991.370000005,130.0,447.0,9138,2021
Amifampridine,Ruzurgi,444,8027319.38,130.0,444.0,13320,2021
Penicillamine,Penicillamine,443,4085246.97,159.0,465.4,12503,2021
Pegfilgrastim-Jmdb,Fulphila,440,2019284.5499999998,127.0,450.8,9061,2021
Ertugliflozin/Metformin,Segluromet,438,152839.17000000004,153.0,518.0,15515,2021
Dichlorphenamide,Keveyis,434,8078229.599999999,180.0,434.0,13020,2021
Linezolid In Dextrose 5%,Linezolid-D5w,418,150880.31,140.0,418.0,1582,2021
Oxymetazoline Hcl,Rhofade,415,243476.80999999997,157.0,423.5,12236,2021
Calcium Gluconate,Calcium Gluconate,413,69130.62,85.0,413.0,3196,2021
Sodium Phenylbutyrate,Sodium Phenylbutyrate,413,5269871.42,120.0,429.70000000000005,11236,2021
Carfilzomib,Kyprolis,413,3470484.14,100.0,413.0,9026,2021
Pemigatinib,Pemazyre,408,7121838.209999999,135.0,408.0,7476,2021
Trientine Hcl,Trientine Hcl,407,3357611.9400000004,145.0,407.0,11026,2021
Immune Globul G (Igg)/Glycine,Gamastan,406,152298.63,98.0,464.2,12821,2021
Pamidronate Disodium,Pamidronate Disodium,405,21254.039999999997,101.0,570.6,15880,2021
"Syringe,needle,insuln,sf 0.5ml",Safetyglide Insulin Syringe,405,11322.440000000002,125.0,421.20000000000005,10622,2021
Imiglucerase,Cerezyme,404,12641577.210000003,115.0,404.0,9184,2021
Varicella Vaccine Live/Pf,Varivax Vaccine,401,69401.63999999998,311.0,401.0,430,2021
"Fluconazole In Nacl,iso-Osm",Fluconazole-Nacl,396,20966.969999999998,95.0,396.0,2348,2021
Canakinumab/Pf,Ilaris,396,10582420.85,150.0,428.20000000000005,11839,2021
Revefenacin,Yupelri,389,314827.23,120.0,389.2,7877,2021
Sargramostim,Leukine,381,1648424.56,111.0,382.3,8541,2021
Ertugliflozin/Sitagliptin,Steglujan,380,262299.76999999996,147.0,479.8,14344,2021
Penciclovir,Denavir,379,341937.32999999996,150.0,379.0,9585,2021
Estradiol/Progesterone,Bijuva,379,92404.48000000001,145.0,401.0,12030,2021
Gefitinib,Iressa,377,2994787.3,140.0,377.0,11240,2021
Magnesium Sulfate In Water,Magnesium Sulfate,375,12786.409999999998,116.0,375.0,2664,2021
Immun Glob G/Sorb/Gly/Iga 0-50,Gammaplex,374,4525730.14,110.0,375.0,9051,2021
Hydrocortisone Sod Succinate,Solu-Cortef,374,47094.950000000004,106.0,385.3,6610,2021
Baloxavir Marboxil,Xofluza,372,65841.79999999999,342.0,377.0,2680,2021
Tedizolid Phosphate,Sivextro,369,2755312.3299999996,120.0,372.2,7011,2021
Treprostinil Sodium,Remodulin,367,4203609.58,105.0,367.6,7168,2021
Neomycin/Bacitracin/Polymyxinb,Neomycin-Bacitracin-Polymyxin,367,14196.13,213.0,369.5,4977,2021
Ado-Trastuzumab Emtansine,Kadcyla,366,3090950.1799999997,105.0,366.0,7686,2021
Metronidazole/Sodium Chloride,Metronidazole,365,7847.169999999998,131.0,365.0,1477,2021
Inotersen Sodium,Tegsedi,365,13420303.120000001,85.0,365.0,10228,2021
"Meningococcal B Vaccine,4-Comp",Bexsero,365,78084.47,245.0,386.0,1807,2021
Cysteamine Bitartrate,Procysbi,363,22579787.869999997,105.0,363.0,10688,2021
Difenoxin Hcl/Atropine Sulfate,Motofen,361,322198.8899999999,130.0,367.7,7890,2021
Prochlorperazine Edisylate,Prochlorperazine Edisylate,360,95960.62000000001,75.0,360.0,3563,2021
Elotuzumab,Empliciti,359,3197095.65,72.0,359.0,9576,2021
Ciprofloxacin In 5 % Dextrose,Ciprofloxacin-D5w,354,10695.490000000003,133.0,354.0,2235,2021
Tezacaftor/Ivacaftor,Symdeko,353,8463600.319999998,135.0,353.0,9884,2021
Parenteral Amino Acid 15% No.6,Plenamine,348,34406.369999999995,60.0,348.0,2028,2021
"Mite,d.Farinae-D.Pteronyssinus",Odactra,347,132168.64,120.0,371.0,11130,2021
Deferoxamine Mesylate,Deferoxamine Mesylate,337,98616.22,65.0,337.0,2868,2021
Duvelisib,Copiktra,334,5127167.5200000005,125.0,334.0,9354,2021
Potassium Citrate/Citric Acid,Potassium Citrate-Citric Acid,334,21533.8,115.0,346.50000000000006,8040,2021
Bevacizumab-Bvzr,Zirabev,331,1779876.29,80.0,331.0,7051,2021
Trimipramine Maleate,Trimipramine Maleate,330,79598.83,125.0,358.0,10376,2021
Ripretinib,Qinlock,329,12762614.46,120.0,332.8,9976,2021
Berotralstat Hydrochloride,Orladeyo,328,12695434.530000001,120.0,328.0,9184,2021
Glycopyrrol/Nebulizer/Accessor,Lonhala Magnair Starter,325,409368.51,115.0,327.0,9810,2021
Cefepime Hcl In Dextrose 5 %,Cefepime-Dextrose,325,62667.159999999996,117.0,325.0,1212,2021
Quinidine Gluconate,Quinidine Gluconate,324,178707.35,125.0,366.0,10477,2021
Tirbanibulin,Klisyri,324,334098.19,169.0,324.1,8385,2021
Trastuzumab-Dkst,Ogivri,323,1538196.4200000002,91.0,323.0,6882,2021
Abacavir/Lamivudine/Zidovudine,Trizivir,321,471511.8,120.0,321.0,8754,2021
Rolapitant Hcl,Varubi,318,268650.93000000005,91.0,323.2,7348,2021
Aminocaproic Acid,Aminocaproic Acid,317,428276.48000000004,110.0,317.0,6464,2021
"C1 Esterase Inhibitor, Recomb",Ruconest,315,29952350.18,80.0,315.0,5155,2021
"Patisiran Sodium,lipid Complex",Onpattro,314,8848408.25,95.0,314.0,6594,2021
Osilodrostat Phosphate,Isturisa,314,5472017.699999999,110.0,319.5,9362,2021
Sodium Acetate,Sodium Acetate,311,13815.89,45.0,311.0,1869,2021
Noreth-Ethinyl Estradiol/Iron,Wymzya Fe,310,19132.749999999993,120.0,331.0,8892,2021
Satralizumab-Mwge,Enspryng,308,5146113.62,115.0,320.1,8868,2021
Clocortolone Pivalate,Clocortolone Pivalate,308,109486.22999999998,170.0,333.0,9616,2021
Drospirenone,Slynd,305,69714.39,120.0,339.20000000000005,9604,2021
Immun Glob G(Igg)-Hipp/Maltose,Cutaquig,301,2022600.5400000003,80.0,301.0,7185,2021
Goserelin Acetate,Zoladex,296,279325.26999999996,83.0,369.0,10720,2021
"Interferon Gamma-1b,recomb.",Actimmune,295,17768927.27,85.0,300.4,8162,2021
Sulfadiazine,Sulfadiazine,293,177118.71000000002,120.0,294.7,8563,2021
Mitotane,Lysodren,292,543339.5199999999,105.0,296.0,8425,2021
"Prenatal Vit,calc76/Iron/Folic",Pnv 29-1,292,4712.37,85.0,320.1,9104,2021
Omeprazole/Amoxicill/Rifabutin,Talicia,288,198844.06000000003,279.0,288.9,4067,2021
"Dalteparin Sodium,porcine",Fragmin,287,835057.74,105.0,292.3,8226,2021
Crizanlizumab-Tmca,Adakveo,287,3187509.2300000004,85.0,287.0,7977,2021
Selumetinib/Vitamin E Tpgs,Koselugo,283,3894363.0700000003,85.0,284.0,8360,2021
Chenodiol,Chenodal,277,14323780.419999998,100.0,277.0,8310,2021
Infliximab-Abda,Renflexis,274,1233480.78,90.0,338.3,9612,2021
Cetuximab,Erbitux,274,2034277.1999999997,80.0,275.6,5101,2021
Trastuzumab-Anns,Kanjinti,273,1120296.46,80.0,273.0,5532,2021
Amphotericin B Liposome,Ambisome,272,413772.52,70.0,272.0,4073,2021
Podofilox,Podofilox,266,14661.97,112.0,269.29999999999995,6056,2021
Eteplirsen,Exondys-51,264,18000823.2,40.0,264.0,5208,2021
"Gentamicin In Nacl, Iso-Osm",Gentamicin Sulfate In Ns,263,9408.5,73.0,272.0,3069,2021
Pyrimethamine,Pyrimethamine,263,7085765.9,95.0,263.0,7377,2021
Cobimetinib Fumarate,Cotellic,261,1284068.21,95.0,267.3,7310,2021
Tbo-Filgrastim,Granix,260,593412.86,85.0,260.0,5392,2021
Ecallantide,Kalbitor,260,15637409.509999998,50.0,260.0,793,2021
Cimetidine Hcl,Cimetidine,260,21027.62,95.0,263.6,6971,2021
Halobetasol Propion/Tazarotene,Duobrii,259,236471.43,115.0,267.59999999999997,7826,2021
Tobramycin In 0.225% Sod Chlor,Tobramycin,253,387293.7299999999,71.0,262.1,3184,2021
Amphetamine Sulfate,Amphetamine Sulfate,253,102639.2,100.0,253.7,7206,2021
Tretinoin Microspheres,Retin-A Micro,250,122834.98,90.0,259.9,7293,2021
Mesalamine W/Cleansing Wipes,Rowasa,248,104442.53000000001,90.0,257.0,5624,2021
Cobicistat,Tybost,248,65460.49999999999,100.0,251.0,7482,2021
Miglustat,Miglustat,243,7163228.47,90.0,247.0,7358,2021
Belumosudil Mesylate,Rezurock,242,5516046.29,75.0,242.0,7260,2021
Eravacycline Di-Hydrochloride,Xerava,241,113359.63,65.0,241.0,1010,2021
"Chorionic Gonadotropin, Human",Pregnyl,240,101059.92999999998,85.0,242.29999999999998,5698,2021
Ribavirin,Ribavirin,230,12979.84,156.0,230.0,3403,2021
Esomeprazole Sodium,Esomeprazole Sodium,229,63288.509999999995,40.0,229.0,1785,2021
Multivit41/Iron/Folate8/Ps-Dha,Enbrace Hr,227,36467.02,70.0,251.9,7427,2021
Glycopyrronium Tosylate,Qbrexza,225,139454.57,75.0,225.0,6606,2021
Hydroxypropyl Cellulose,Lacrisert,225,151444.0,85.0,248.5,7350,2021
B Complex W-C No.20/Folic Acid,Virt-Caps,222,4420.51,68.0,318.0,9516,2021
Pegfilgrastim-Bmez,Ziextenzo,216,1015795.1000000001,70.0,216.0,4513,2021
Desloratadine/Pseudoephedrine,Clarinex-D 12 Hour,216,62765.289999999986,90.0,250.5,7187,2021
Nilutamide,Nilandron,215,1052809.3,70.0,227.0,6810,2021
Testosterone Undecanoate,Jatenzo,214,278444.28,75.0,338.90000000000003,10083,2021
Cysteamine Hcl,Cystadrops,209,1679010.38,70.0,212.6,5964,2021
Cisplatin,Cisplatin,209,10625.310000000001,65.0,209.0,4660,2021
Incobotulinumtoxina,Xeomin,208,254445.05000000002,83.0,526.5999999999999,15378,2021
Methenam/Sod Phos/Mblue/Hyoscy,Urogesic-Blue,205,45485.05999999999,65.0,205.2,4024,2021
Prenatal 147/Iron/Folic Acid,Azesco,204,740755.54,64.0,313.0,9292,2021
Velaglucerase Alfa,Vpriv,204,6416115.54,60.0,204.0,5124,2021
Cabazitaxel,Jevtana,203,2546480.57,70.0,203.0,4317,2021
Netupitant/Palonosetron Hcl,Akynzeo,198,145727.85,30.0,201.3,3333,2021
Bedaquiline Fumarate,Sirturo,196,909806.51,60.0,196.0,5474,2021
"Prenatal Vit27,calcium/Iron/Fa",Trinatal Rx 1,195,1481.86,91.0,195.0,5687,2021
Levoleucovorin Calcium,Levoleucovorin Calcium,194,161673.00999999998,42.0,194.0,3752,2021
Meropenem/Vaborbactam,Vabomere,193,218796.15000000002,45.0,193.0,244,2021
Vandetanib,Caprelsa,190,2846568.27,75.0,190.0,5700,2021
Fam-Trastuzumab Deruxtecn-Nxki,Enhertu,188,1834779.8199999998,60.0,188.0,3835,2021
Enfuvirtide,Fuzeon,187,697883.86,75.0,187.0,5610,2021
Sodium Chloride For Inhalation,Sodium Chloride,186,5582.8,55.0,186.1,2580,2021
Nitazoxanide,Alinia,183,579491.9899999999,80.0,185.4,3077,2021
Reslizumab,Cinqair,181,592814.17,70.0,181.0,4987,2021
Bcg Live,Bcg (Tice Strain),180,112745.29000000001,98.0,202.50000000000003,4975,2021
Neomycin/Polymyxn B/Gramicidin,Neomycin-Polymyxin-Gramicidin,179,8271.06,115.0,203.7,4631,2021
Dimethyl Sulfoxide,Rimso-50,179,176494.29,65.0,185.10000000000002,4161,2021
Anidulafungin,Eraxis (Water Diluent),177,207795.06000000003,45.0,177.0,988,2021
Bupivacaine Hcl/Pf,Bupivacaine Hcl,176,2895.6899999999996,113.0,178.2,1899,2021
Nizatidine,Nizatidine,173,81491.06999999999,65.0,176.0,4229,2021
Phenoxybenzamine Hcl,Phenoxybenzamine Hcl,173,1196224.11,70.0,177.0,5109,2021
Molindone Hcl,Molindone Hcl,172,147283.25,44.0,173.2,4647,2021
Ceritinib,Zykadia,170,1800007.26,70.0,170.0,4886,2021
Luliconazole,Luliconazole,169,31490.61,71.0,169.7,4957,2021
Fosnetupitant/Palonosetron,Akynzeo,169,147986.74000000002,30.0,169.0,3211,2021
Isatuximab-Irfc,Sarclisa,168,1386842.69,40.0,168.0,3824,2021
Tolcapone,Tolcapone,165,1010410.47,60.0,203.7,5715,2021
Epoprostenol Sodium,Veletri,163,263131.79,30.0,163.0,1902,2021
Eptinezumab-Jjmr,Vyepti,160,409527.08999999997,64.0,448.2,13444,2021
Dornase Alfa,Pulmozyme,160,836035.1900000001,60.0,160.0,4105,2021
Rituximab-Pvvr,Ruxience,160,931256.0699999998,45.0,186.2,4582,2021
Rimabotulinumtoxinb,Myobloc,159,110211.44,63.0,442.5,13274,2021
Laronidase,Aldurazyme,159,6416188.550000001,35.0,159.0,2632,2021
Hydrocortisone Butyrate/Emoll,Hydrocortisone Butyrate,158,44934.25,55.0,158.0,4507,2021
Mitomycin,Mitomycin,157,251618.73,59.0,164.6,4380,2021
Chlorothiazide,Diuril,155,7919.34,55.0,169.3,4240,2021
Miconazole Nitrate/Zinc Ox/Pet,Miconazole-Zinc Oxide-Petroltm,155,96653.40000000001,76.0,155.0,3938,2021
Pyrazinamide,Pyrazinamide,155,40795.24,45.0,156.0,4563,2021
"Bolus Insulin Pump, 200 Unit",Cequr Simplicity,154,86737.46,45.0,228.7,6850,2021
Methoxsalen,Methoxsalen,154,172398.64,45.0,163.0,3072,2021
"Aripiprazole Lauroxil,submicr.",Aristada Initio,153,344374.02,137.0,153.0,1309,2021
Amphotericin B,Amphotericin B,151,19684.250000000004,45.0,151.0,1890,2021
Zoledronic Ac/Mannitol/0.9nacl,Zoledronic Acid,148,20093.559999999998,40.0,190.1,5528,2021
Bendamustine Hcl,Bendeka,147,1344570.3800000001,45.0,147.0,4003,2021
Balanced Salt Irrig Soln No.2,Bss,146,1782.33,45.0,146.0,2295,2021
Clindamycin Palmitate Hcl,Clindamycin (Pediatric),144,20382.059999999998,40.0,144.0,1844,2021
Haemoph B Poly Conj-Tet Tox/Pf,Hiberix,142,3662.6200000000003,79.0,142.0,287,2021
Entrectinib,Rozlytrek,138,2211890.8000000003,55.0,138.0,4140,2021
Becaplermin,Regranex,137,184484.01,67.0,137.0,3737,2021
Etoposide,Etoposide,137,6143.16,40.0,137.0,2398,2021
"Sod Phosphate,monobasic-Dibas",Sodium Phosphate,136,12725.419999999998,25.0,136.0,772,2021
Brolucizumab-Dbll,Beovu,134,295605.17,30.0,216.7,6452,2021
Adapalene/Benzoyl Peroxide,Epiduo Forte,133,40756.4,60.0,133.0,3810,2021
Acetohydroxamic Acid,Lithostat,131,215417.51,40.0,153.7,4610,2021
Treprostinil/Neb Accessories,Tyvaso Refill Kit,130,2542277.09,50.0,130.0,3642,2021
"Diph,pertuss(Acell),tet Ped/Pf",Infanrix Dtap,130,4970.469999999999,82.0,130.0,217,2021
Tivozanib Hcl,Fotivda,130,3237329.9400000004,45.0,130.0,3535,2021
Ramucirumab,Cyramza,129,1311782.77,35.0,129.0,2905,2021
Pnv No.118/Iron Fumarate/Fa,Se-Natal 19,129,2892.74,45.0,129.0,3602,2021
Elosulfase Alfa,Vimizim,128,12048443.02,40.0,128.0,3545,2021
Decitabine,Decitabine,128,472238.05000000005,40.0,129.2,3568,2021
Potassium Chloride/D5-0.9%nacl,Dextrose 5%-Ns-Kcl,127,5362.349999999999,25.0,127.0,1066,2021
Lofexidine Hcl,Lucemyra,127,392615.79,95.0,127.6,1645,2021
Cefiderocol Sulfate Tosylate,Fetroja,125,382597.17000000004,25.0,125.0,434,2021
Malathion,Malathion,124,44529.37,64.0,124.0,1667,2021
Doxorubicin Hcl,Doxorubicin Hcl,122,5657.35,45.0,122.0,2560,2021
Drospirenone/Estradiol,Angeliq,121,28019.82,50.0,146.1,4172,2021
Sotorasib,Lumakras,120,2178249.01,45.0,122.0,3660,2021
Polyethylene Glycol 3350,Polyethylene Glycol 3350,120,2426.96,50.0,120.0,3495,2021
Phentermine Hcl,Phentermine Hcl,119,879.59,35.0,119.0,3280,2021
Ipilimumab,Yervoy,118,2098096.57,40.0,122.4,3038,2021
Minocycline Hcl Microspheres,Arestin,118,1220406.52,112.0,118.0,3540,2021
Cemiplimab-Rwlc,Libtayo,117,1145915.13,35.0,117.0,2237,2021
Tildrakizumab-Asmn,Ilumya,117,1777442.1099999996,39.0,291.20000000000005,8708,2021
Ciprofloxacin/Hydrocortisone,Cipro Hc,116,38976.17,57.0,118.8,2303,2021
"Grass Pollen-Timothy, Standard",Grastek,115,39102.590000000004,45.0,117.0,3510,2021
Tazemetostat Hydrobromide,Tazverik,114,1782006.35,45.0,114.0,3420,2021
"Dipht,pert(A),tet-Polio/Hib/Pf",Pentacel,113,11928.969999999998,67.0,113.0,113,2021
Panitumumab,Vectibix,110,1026135.4700000001,30.0,110.0,2765,2021
Oritavancin Diphosphate,Orbactiv,110,322385.19,55.0,110.0,714,2021
Pnv 119/Iron Fum/Folic Acid,Se-Natal-19,109,2803.66,45.0,109.0,3208,2021
Larotrectinib Sulfate,Vitrakvi,109,3618459.42,40.0,110.0,3300,2021
Lomitapide Mesylate,Juxtapid,107,5940765.19,45.0,107.0,3186,2021
Talazoparib Tosylate,Talzenna,106,1463989.3800000001,45.0,106.0,3144,2021
Echothiophate Iodide,Phospholine Iodide,106,10551.15,33.0,114.3,2967,2021
Fosphenytoin Sodium,Fosphenytoin Sodium,105,61974.079999999994,25.0,105.0,726,2021
Panobinostat Lactate,Farydak,104,1430093.75,35.0,104.0,2248,2021
Potassium Chloride-0.45% Nacl,Potassium Chloride-Nacl,103,3728.9300000000003,20.0,103.0,421,2021
Pitavastatin Magnesium,Zypitamag,103,20938.47,45.0,103.0,3068,2021
Fenfluramine Hcl,Fintepla,102,1198611.5100000002,35.0,102.0,3057,2021
Trastuzumab-Qyyp,Trazimera,102,511525.99,30.0,102.0,1992,2021
Atogepant,Qulipta,102,102841.70000000001,45.0,102.0,3030,2021
Tegaserod Hydrogen Maleate,Zelnorm,100,34679.280000000006,40.0,101.0,2980,2021
Imipenem/Cilastatin/Relebactam,Recarbrio,98,468239.36,30.0,98.0,524,2021
Tropicamide,Tropicamide,97,1124.4099999999999,83.0,121.9,3143,2021
Levetiracetam In Nacl (Iso-Os),Levetiracetam-Nacl,97,29745.91,25.0,97.0,607,2021
Rifapentine,Priftin,97,10255.84,35.0,114.5,2928,2021
Orlistat,Xenical,96,55735.880000000005,35.0,96.0,2672,2021
Estradiol Valerate/Dienogest,Natazia,95,25477.84,35.0,104.1,2947,2021
Potassium Acetate,Potassium Acetate,93,9098.37,15.0,93.0,647,2021
Amino Acid 8 % In D14w,Clinimix,93,14089.42,5.0,93.0,93,2021
Lamivudine/Tenofovir Disop Fum,Temixys,93,117760.35,25.0,113.0,3390,2021
Sodium Chloride,Sodium Chloride,92,3788.96,20.0,92.1,855,2021
Olanzapine/Samidorphan Malate,Lybalvi,91,115297.28,39.0,91.0,2386,2021
Sodium Chloride 3 %,Sodium Chloride,90,1412.9,15.0,90.9,1016,2021
Plerixafor,Mozobil,90,2294188.9299999997,73.0,90.0,394,2021
Prenatal No.52/Iron/Fa/Dha,Vp-Pnv-Dha,90,4339.599999999999,40.0,90.0,2678,2021
Trimethobenzamide Hcl,Trimethobenzamide Hcl,89,33287.09,41.0,90.3,1452,2021
Vit B Comp No.3/Folic/C/Biotin,Rena-Vite Rx,89,1079.27,30.0,119.0,3570,2021
Omacetaxine Mepesuccinate,Synribo,88,480340.95999999996,20.0,88.0,920,2021
Mafenide Acetate,Sulfamylon,87,6759.889999999999,27.0,89.0,970,2021
Doxorubicin Hcl Peg-Liposomal,Doxorubicin Hcl Liposome,87,165376.83000000002,30.0,87.4,2086,2021
Delafloxacin Meglumine,Baxdela,86,239949.39,32.0,86.0,1567,2021
Aa 5 %/Calcium/Lytes/Dext 20 %,Clinimix E,86,23379.39,10.0,86.0,363,2021
Sinecatechins,Veregen,86,125509.08,20.0,86.0,959,2021
Erdafitinib,Balversa,84,1358639.29,35.0,86.9,2294,2021
Thioguanine,Tabloid,84,94875.18,20.0,113.1,2920,2021
Sarecycline Hcl,Seysara,83,89823.26000000001,41.0,83.0,2438,2021
Yellow Fever Vaccine Live/Pf,Yf-Vax,83,15375.4,83.0,83.0,87,2021
Estramustine Phosphate Sodium,Emcyt,83,106781.12,20.0,96.9,2658,2021
Metreleptin,Myalept,83,12123919.56,30.0,83.3,2437,2021
Capsaicin/Skin Cleanser,Qutenza,83,253336.36000000002,37.0,165.0,4917,2021
Artemether/Lumefantrine,Coartem,82,12788.119999999999,20.0,86.0,626,2021
Dextrose 5 %-0.2 % Sod Chlorid,Dextrose 5%-0.2% Nacl,81,1661.5800000000002,28.0,81.0,448,2021
Vorinostat,Zolinza,81,683216.0900000001,35.0,81.0,2402,2021
Pasireotide Pamoate,Signifor Lar,81,1169791.72,35.0,81.0,2300,2021
"Heparin Sodium,porcine/Pf",Heparin Sodium,80,5523.67,28.0,80.0,1041,2021
Nedocromil Sodium,Alocril,80,22207.08,36.0,82.4,1916,2021
Vincristine Sulfate,Vincristine Sulfate,79,660.57,25.0,79.0,1659,2021
Albumin Human,Albuked-25,76,17533.05,20.0,76.0,449,2021
Sulfacetamide Sodium/Sulfur,Sodium Sulfacetamide-Sulfur,76,7484.5199999999995,33.0,76.0,2247,2021
Sofosbuvir/Velpatas/Voxilaprev,Vosevi,75,1959288.76,25.0,75.0,2100,2021
Aminolevulinic Acid Hcl,Levulan,75,31336.29,64.0,93.19999999999999,2792,2021
Ketorolac Tromethamine/Pf,Acuvail,71,29426.53,24.0,90.0,2674,2021
Givosiran Sodium,Givlaari,70,2884581.82,30.0,70.0,2072,2021
Zanamivir,Relenza,69,4893.5599999999995,24.0,69.0,1059,2021
Mefenamic Acid,Mefenamic Acid,68,33346.14,43.0,87.0,2033,2021
"Sod Phosphate Mbas/Sod Phos,di",Osmoprep,68,19480.43,61.0,68.0,591,2021
Opium/Belladonna Alkaloids,Belladonna-Opium,67,51046.33,25.0,67.0,1072,2021
Hydrocodone Bit/Homatrop Me-Br,Hydromet,67,1360.93,20.0,67.0,985,2021
Isocarboxazid,Marplan,67,31729.92,20.0,79.0,1650,2021
Lodoxamide Tromethamine,Alomide,66,13396.330000000002,25.0,80.4,2170,2021
Natamycin,Natacyn,66,27522.620000000003,20.0,71.1,1537,2021
Rosiglitazone Maleate,Avandia,65,23097.61,30.0,108.69999999999999,2992,2021
Primaquine Phosphate,Primaquine,64,1409.88,10.0,64.0,701,2021
Gentamicin Sulfate/Pf,Gentamicin Sulfate,63,2930.4300000000003,20.0,63.0,888,2021
Galsulfase,Naglazyme,62,5640903.039999999,20.0,62.0,1736,2021
Vinorelbine Tartrate,Vinorelbine Tartrate,62,12294.37,25.0,62.0,1699,2021
Taliglucerase Alfa,Elelyso,62,2757330.75,25.0,62.0,1736,2021
Metyrosine,Demser,61,1407680.15,25.0,61.0,1628,2021
Doxycycline Calcium,Vibramycin,61,2397.1,15.0,61.0,1295,2021
"Prenatal Vit,calc78/Iron/Folic",Pretab,61,717.2700000000001,25.0,63.0,1617,2021
Pentamidine Isethionate,Pentamidine Isethionate,61,9569.02,20.0,61.0,1544,2021
Progesterone,Progesterone,60,3234.9500000000003,23.0,60.0,1384,2021
Cefuroxime Sodium,Cefuroxime Sodium,60,5368.34,10.0,60.0,322,2021
Methyldopa,Methyldopa,60,1119.7800000000002,20.0,83.6,1874,2021
Dobutamine Hcl In Dextrose 5 %,Dobutamine Hcl-D5w,60,6682.31,15.0,60.0,382,2021
Capecitabine,Capecitabine,60,24981.56,20.0,60.0,1092,2021
Stiripentol,Diacomit,58,211921.12,20.0,77.0,2030,2021
Cidofovir,Cidofovir,58,53757.59,20.0,58.0,912,2021
Aclidinium Brom/Formoterol Fum,Duaklir Pressair,58,59867.18000000001,25.0,58.0,1722,2021
Erythromycin Stearate,Erythrocin Stearate,58,15058.57,20.0,58.400000000000006,1030,2021
Nitisinone,Orfadin,57,674909.6799999999,20.0,57.0,1710,2021
Estradiol/Norgestimate,Prefest,57,9925.289999999999,25.0,59.0,1770,2021
Ganciclovir Sodium,Ganciclovir Sodium,57,48441.78,20.0,57.0,661,2021
Sulfacetamide/Prednisolone,Blephamide,56,18296.300000000003,20.0,94.69999999999999,2629,2021
"Betamethasone Acetate,sod Phos",Betamethasone Sod Phos-Acetate,55,2777.99,43.0,55.0,693,2021
Gr Pol-Orc/Sw Ver/Rye/Kent/Tim,Oralair,54,36931.46,20.0,84.0,2520,2021
Spinosad,Spinosad,54,12871.84,36.0,54.0,1620,2021
Prenatal Vit103/Iron Fum/Folic,Tricare,53,1713.5500000000002,20.0,53.3,1595,2021
"Sod Phos,m-B/K Phos,monob",K-Phos No.2,51,5494.13,20.0,51.0,1420,2021
Idursulfase,Elaprase,51,4624216.68,20.0,51.0,1428,2021
Telavancin Hcl,Vibativ,51,215409.81999999998,20.0,51.0,340,2021
Haemph B Polysac Conj-Menin/Pf,Pedvaxhib,51,2271.7200000000003,27.0,51.0,51,2021
Ciprofloxacin,Cipro,50,8466.34,10.0,50.0,550,2021
Insulin Admin. Supplies,Inpen (For Novolog Or Fiasp),50,43561.57000000001,44.0,100.0,2894,2021
Sacituzumab Govitecan-Hziy,Trodelvy,50,1055612.73,20.0,50.0,1050,2021
Bupivacaine Hcl,Bupivacaine Hcl,50,980.97,15.0,53.8,1493,2021
Cytarabine/Pf,Cytarabine,49,5100.08,20.0,49.0,666,2021
Procarbazine Hcl,Matulane,49,98760.28,15.0,49.0,552,2021
Avelumab,Bavencio,49,657673.1,20.0,49.0,1372,2021
Multivit 47/Iron/Folate 1/Dha,Zatean-Pn Dha,48,2789.6699999999996,20.0,48.0,1391,2021
Casimersen,Amondys-45,47,1391196.86,10.0,47.0,329,2021
"Syringe,insulin,needless 1 Ml",Insulin Syringe,47,801.24,15.0,47.0,1410,2021
Ceftazidime In Dextrose5%water,Ceftazidime,46,8938.94,10.0,46.0,156,2021
Clindamycin Phosphate/D5w,Clindamycin Phosphate-D5w,46,3905.93,20.0,46.0,101,2021
Bismuth/Metronid/Tetracycline,Pylera,46,46801.50000000001,46.0,46.0,583,2021
Lansoprazole/Amoxiciln/Clarith,Lansoprazol-Amoxicil-Clarithro,45,27336.29,45.0,45.9,672,2021
"Cefoxitin Sodium/Dextrose,iso",Cefoxitin Sodium,45,6503.85,5.0,45.0,45,2021
Prenatal Vit 87/Iron/Folic/Dha,Prenate Mini,44,10545.880000000001,15.0,44.0,1025,2021
Praziquantel,Praziquantel,44,75714.20000000001,15.0,44.4,602,2021
Penicillin G Sodium,Penicillin G Sodium,44,63914.39,15.0,44.0,272,2021
Mesna,Mesnex,44,24723.96,15.0,44.0,868,2021
Elapegademase-Lvlr,Revcovi,43,13229125.41,15.0,51.7,1484,2021
Lixisenatide,Adlyxin,43,39400.54,10.0,54.4,1632,2021
Temozolomide,Temozolomide,43,33934.27,15.0,43.0,1184,2021
Hydroxyprogesterone Caproat/Pf,Makena,42,69803.11,15.0,42.0,819,2021
Electrolyte-A Solution,Plasma-Lyte A Ph 7.4,41,3257.51,15.0,41.0,451,2021
Butenafine Hcl,Mentax,41,11352.6,15.0,41.0,904,2021
Metoprolol Su/Hydrochlorothiaz,Dutoprol,41,8218.720000000001,15.0,41.0,747,2021
Potassium Chloride In Water,Potassium Chloride,40,518.63,10.0,40.0,59,2021
"Rituximab/Hyaluronidase,human",Rituxan Hycela,40,277440.06,10.0,40.0,755,2021
Acetaminophen,Acetaminophen,40,7182.1,15.0,40.0,141,2021
Dacomitinib,Vizimpro,39,583372.0,10.0,39.0,1170,2021
Imm Glob G (Igg)/Sorb/Iga 0-50,Flebogamma Dif,39,415274.43000000005,10.0,39.0,793,2021
Pnv 11/Iron Fum/Folic Acid/Om3,C-Nate Dha,39,2987.12,15.0,41.0,1230,2021
Parenteral Amino Acid 15% No.1,Plenamine,38,5596.53,10.0,38.0,71,2021
Temsirolimus,Temsirolimus,38,96226.16,5.0,38.0,1043,2021
Mecamylamine Hcl,Vecamyl,38,156262.58,15.0,38.0,1138,2021
Naltrexone Hcl/Bupropion Hcl,Contrave,38,4778.349999999999,10.0,38.0,1138,2021
"Potassium Phos,m-Basic-D-Basic",Potassium Phosphate,38,5578.07,15.0,38.0,476,2021
L-Norgest/E.Estradiol-E.Estrad,Amethia,36,2494.3,15.0,60.4,1620,2021
Dextrose 50 % In Water,Dextrose In Water,36,1873.37,10.0,36.0,348,2021
Methyltestosterone,Methyltestosterone,36,97529.5,15.0,36.0,1030,2021
Elagolix/Estradiol/Norethindrn,Oriahnn,36,35912.31,15.0,36.0,1008,2021
Tepotinib Hcl,Tepmetko,36,751577.5,10.0,36.0,1080,2021
Ergoloid Mesylates,Ergoloid Mesylates,35,27804.48,15.0,35.0,1050,2021
Tetracaine Hcl/Pf,Tetracaine Hcl,35,331.67,25.0,35.0,81,2021
Sertaconazole Nitrate,Ertaczo,35,45942.81,10.0,37.0,1080,2021
Rilonacept,Arcalyst,34,696891.5,10.0,34.0,917,2021
Drospir/Eth Estra/Levomefol Ca,Drospirenone-Eth Estra-Levomef,34,4724.5,15.0,35.8,1008,2021
Potassium Chloride In Lr-D5,Potassium Chloride In D5lr,34,2251.99,10.0,34.0,404,2021
Obinutuzumab,Gazyva,34,339122.28,15.0,34.0,934,2021
Ingenol Mebutate,Picato,33,38948.54,10.0,33.0,938,2021
Methylergonovine Maleate,Methylergonovine Maleate,33,62762.990000000005,15.0,33.0,924,2021
Dextrose 10 % And 0.45 % Nacl,Dextrose 10%-0.45% Nacl,33,1351.53,10.0,33.0,327,2021
Phenytoin Sodium,Phenytoin Sodium,33,3234.31,16.0,33.0,497,2021
Mannitol,Mannitol,31,211.54000000000002,10.0,31.0,709,2021
Trastuzumab-Hyaluronidase-Oysk,Herceptin Hylecta,29,133395.72,10.0,29.0,609,2021
Topotecan Hcl,Topotecan Hcl,28,16269.89,10.0,28.0,394,2021
Prednicarbate,Prednicarbate,27,1489.73,20.0,27.0,614,2021
Blinatumomab,Blincyto,27,639498.78,5.0,27.0,143,2021
Urea,Urea,27,2617.52,13.0,27.0,478,2021
Mogamulizumab-Kpkc,Poteligeo,26,518253.42,5.0,26.0,364,2021
Avapritinib,Ayvakit,26,893247.97,10.0,26.0,780,2021
Golodirsen,Vyondys-53,25,2653195.54,10.0,25.0,700,2021
Sod/Pot/K Cit/Sod Cit/Cit Acid,Tricitrates,25,6133.5,10.0,26.2,641,2021
"N.Meningitidis B,lipid Fhbp Rc",Trumenba,25,4532.27,22.0,25.0,25,2021
Triheptanoin,Dojolvi,24,405870.28,5.0,24.0,719,2021
Prenatal Vit 85/Iron/Fa 1/Dha,Prenate Pixie,24,3789.76,5.0,24.0,364,2021
Epoprostenol Sodium (Glycine),Flolan,24,141779.7,10.0,24.0,720,2021
Pralsetinib,Gavreto,24,373523.89,10.0,24.0,720,2021
Non-Adherent Bandage,Excilon,23,196.41,10.0,23.0,534,2021
Cycloserine,Cycloserine,23,49015.3,10.0,23.0,525,2021
Neomyc/Colist/Hydrocort/Thonzn,Cortisporin-Tc,23,5354.91,10.0,23.0,379,2021
Cholic Acid,Cholbam,23,1744411.9,10.0,23.0,690,2021
Trabectedin,Yondelis,22,174894.5,10.0,22.0,253,2021
Erythromycin Lactobionate,Erythrocin Lactobionate,22,10216.26,5.0,22.0,149,2021
Meclofenamate Sodium,Meclofenamate Sodium,22,9991.41,10.0,22.0,660,2021
Magnesium Sulfate/D5w,Magnesium Sulfate-D5w,22,776.3900000000001,10.0,22.0,340,2021
Foscarnet Sodium,Foscarnet Sodium,22,13626.76,5.0,22.0,47,2021
Amino Acids 4.25%/Dextrose 10%,Clinimix,22,7580.34,5.0,22.0,70,2021
Povidone-Iodine,Betadine,22,330.25,12.0,22.0,67,2021
Moxifloxacin-Sod.Chloride(Iso),Moxifloxacin,21,6754.05,5.0,21.0,143,2021
Phenobarbital Sodium,Phenobarbital Sodium,19,9337.55,5.0,19.0,247,2021
Palivizumab,Synagis,19,104285.74,5.0,19.0,532,2021
Evinacumab-Dgnb,Evkeeza,18,439876.09,5.0,18.0,504,2021
Amino Acids 5 %/Dextrose 20 %,Clinimix,18,5651.65,5.0,18.0,116,2021
Anifrolumab-Fnia,Saphnelo,17,81576.57,5.0,17.0,476,2021
Eribulin Mesylate,Halaven,17,132846.58,5.0,17.0,357,2021
Belzutifan,Welireg,17,466767.2,5.0,17.0,510,2021
Folic Acid/B Cplx/C/Selen/Zinc,Dialyvite 3000,17,167.4,5.0,19.0,565,2021
Cortisone Acetate,Cortisone Acetate,16,413.76,5.0,16.0,192,2021
Dobutamine Hcl,Dobutamine Hcl,16,393.32,5.0,16.0,99,2021
Proparacaine Hcl,Proparacaine Hcl,15,467.88,15.0,48.0,1352,2021
Trastuzumab-Pkrb,Herzuma,15,89642.25,5.0,15.0,315,2021
Neomycin Sulfate/Fluocinolone,Neo-Synalar,15,14164.48,13.0,17.0,510,2021
Prenatal 93/Iron/Folate 9/Dha,Tristart Dha,15,3678.9,11.0,19.0,570,2021
"Iron,fm,ps/Folic/B,c18/L.Casei",Fusion Plus,14,855.85,5.0,30.0,900,2021
Paromomycin Sulfate,Paromomycin Sulfate,14,4762.91,5.0,14.0,185,2021
"Prenatal,calc.40/Iron/Folate 1",Pnv-Select,14,860.3,5.0,14.0,392,2021
Lincomycin Hcl,Lincocin,13,291.29,5.0,13.0,13,2021
"Nafcillin In Dextrose,iso-Osm",Nafcillin,13,14849.8,5.0,13.0,94,2021
Clindamycin In 0.9 % Sod Chlor,Clindamycin-0.9% Nacl,13,1286.05,5.0,13.0,37,2021
Lumacaftor/Ivacaftor,Orkambi,13,299420.29,5.0,13.0,364,2021
Ranitidine Hcl,Ranitidine Hcl,13,119.99,5.0,13.0,390,2021
Gemcitabine Hcl In 0.9 % Nacl,Infugem,13,19321.02,5.0,13.0,301,2021
Ethacrynate Sodium,Ethacrynate Sodium,13,192989.47,5.0,13.0,350,2021
"Famotidine In Nacl,iso-Osm/Pf",Famotidine,13,331.73,5.0,13.0,45,2021
Zoster Vaccine Live/Pf,Zostavax,12,3041.51,11.0,12.0,128,2021
Acyclovir Sodium,Acyclovir Sodium,12,873.25,5.0,12.0,13,2021
Pasireotide Diaspartate,Signifor,12,184595.64,5.0,12.0,360,2021
Pretomanid,Pretomanid,12,6502.86,5.0,12.0,312,2021
Linezolid In 0.9% Sodium Chlor,Linezolid-0.9% Nacl,12,7281.48,5.0,12.0,55,2021
Pedi Multivit No.16 W-Fluoride,Multivitamin With Fluoride,12,43.77,5.0,12.0,360,2021
Ixabepilone,Ixempra,12,115499.83,5.0,12.0,308,2021
Clindamycin/Tretinoin,Clindamycin Phos-Tretinoin,12,6938.07,5.0,12.1,322,2021
Mv-Mins 71/Iron/Folic No.1/Dha,Pnv-Omega,12,568.68,5.0,12.0,360,2021
Flucytosine,Flucytosine,12,73879.2,5.0,12.0,305,2021
Prenatal 118/Iron/Folate 6/Dha,Primacare,12,3826.8,5.0,12.0,360,2021
Mebendazole,Emverm,12,7023.19,5.0,12.0,12,2021
Propantheline Bromide,Propantheline Bromide,12,836.0,5.0,12.0,360,2021
Brompheniramine/Pseudoephed/Dm,Brompheniramine-Pseudoephed-Dm,12,215.52,5.0,12.0,84,2021
Aa 5%/D15w/Electrolytes,Clinimix E,12,7193.44,5.0,12.0,91,2021
Prenatal 25/Iron/Folate 6/Dha,Vitamedmd One Rx,12,1408.8,5.0,12.0,360,2021
Pnv Cmb 52/Iron/Fa/Omega-3/Dha,Complete Natal Dha,12,427.68,5.0,12.0,360,2021
Brentuximab Vedotin,Adcetris,12,349143.41,5.0,12.0,252,2021
Multivit-Min69/Iron/Folic Acid,Elite-Ob,12,410.28,5.0,12.0,360,2021
Prenatal 48/Iron/Folic Acid/B6,Citranatal B-Calm,12,1434.83,5.0,12.0,360,2021
Zinc/Copper/Manganese/Selenium,Tralement,12,1986.43,5.0,12.0,31,2021
Melphalan,Melphalan,12,3303.36,5.0,12.0,360,2021
Multivit-Mins 25/Folic Acid/D3,Dialyvite Supreme D,12,160.86,5.0,12.2,365,2021
Coagulation Factor X,Coagadex,12,445574.35,5.0,12.0,154,2021
Nefazodone Hcl,Nefazodone Hcl,12,674.68,5.0,12.0,296,2021
Weed Pollen-Short Ragweed,Ragwitek,12,3853.71,5.0,12.0,360,2021
Parenteral Amino Acid 10% No.7,Premasol,12,111198.27,5.0,12.0,360,2021
"Pnv,calcium 72/Iron,carb/Folic",Prenatal Plus,12,55.56,5.0,12.0,360,2021
Choriogonadotropin Alfa,Ovidrel,12,24985.52,5.0,12.0,336,2021
Rituximab-Arrx,Riabni,12,32324.96,5.0,12.0,252,2021
Amino Ac 8 %/D14w/Electrolytes,Clinimix E,12,3797.48,5.0,12.0,45,2021
Pedi Multivit No.2 W-Fluoride,Multivitamin With Fluoride,12,404.81,5.0,12.2,366,2021
Carglumic Acid,Carbaglu,12,2292467.16,5.0,12.0,360,2021
Levomefolate/B12/Herb 236,Rheumate,12,22169.28,5.0,12.0,360,2021
Metyrapone,Metopirone,12,121520.11,5.0,12.0,360,2021
Levonorgest/Eth.Estradiol/Iron,Balcoltra,12,2796.87,5.0,12.0,336,2021
Salicylic Acid,Bensal Hp,11,10443.42,5.0,11.0,330,2021
Nafarelin Acetate,Synarel,11,33552.86,5.0,11.0,330,2021
"Syringe,needle,insuln,sf,0.3ml",Safetyglide Insulin Syringe,11,463.87,5.0,11.0,275,2021
Phenylephrine Hcl/Prometh Hcl,Promethazine Vc,11,483.67,5.0,11.0,107,2021
"Diph,pertus(Acel),tet,polio/Pf",Kinrix,11,618.31,5.0,11.0,11,2021
Glasdegib Maleate,Daurismo,11,223675.86,5.0,11.0,330,2021
Pexidartinib Hydrochloride,Turalio,11,176227.19,5.0,11.0,330,2021
Retapamulin,Altabax,11,5744.05,5.0,11.0,240,2021
Mycophenolate Mofetil Hcl,Mycophenolate Mofetil,11,1629.7,5.0,11.0,330,2021
Quinupristin/Dalfopristin,Synercid,11,137012.1,5.0,11.0,73,2021
Amcinonide,Amcinonide,11,3428.04,5.0,11.0,330,2021
Ravulizumab-Cwvz,Ultomiris,11,835330.91,5.0,15.3,460,2021
Pen G Benz/Pen G Procaine,Bicillin C-R,11,1621.62,5.0,11.0,330,2021
Amivantamab-Vmjw,Rybrevant,11,249197.04,5.0,11.0,308,2021
