Gnrc_Name,Brnd_Name,Tot_Clms,Tot_Drug_Cst,Tot_Benes,Tot_30day_Fills,Tot_Day_Suply,year
0.9 % Sodium Chloride,Sodium Chloride,164826,3682292.080000001,55961.0,165620.2,993618,2019
0.9 % Sodium Chloride,Sodium Chloride,194143,4089833.7199999993,68298.0,195609.00000000003,1246659,2020
0.9 % Sodium Chloride,Sodium Chloride,168682,3733735.819999999,56009.0,170092.90000000002,1196836,2021
0.9 % Sodium Chloride,Sodium Chloride,179716,4294902.8100000005,60584.0,181422.70000000007,1300510,2022
0.9 % Sodium Chloride,Sodium Chloride,216889,5379948.229999998,76392.0,220012.8,1653736,2023
0.9 % Sodium Chloride,Sodium Chloride,252375,6018859.75,89997.0,255271.59999999995,1902632,2024
Aa 3.31 %/D9.8w/Fat/E-Lytes 10,Kabiven,24,7461.46,5.0,24.0,166,2019
Aa 4.25 % No.1/Dextrose 5 %,Clinimix,57,9679.28,15.0,57.0,183,2024
Aa 4.25%/Calcium/Lytes/Dex 10%,Clinimix E,11,5136.48,5.0,11.0,76,2020
Aa 4.25%/Calcium/Lytes/Dex 10%,Clinimix E,12,3636.26,5.0,12.0,42,2022
Aa 5 % No.6/D20w/Lytes No.23,Clinimix E,16,2725.75,5.0,16.0,34,2024
Aa 5 %/Calcium/Lytes/Dext 20 %,Clinimix E,117,41339.79,25.0,117.0,540,2019
Aa 5 %/Calcium/Lytes/Dext 20 %,Clinimix E,99,26744.63,25.0,99.0,428,2020
Aa 5 %/Calcium/Lytes/Dext 20 %,Clinimix E,86,23379.39,10.0,86.0,363,2021
Aa 5 %/Calcium/Lytes/Dext 20 %,Clinimix E,50,15566.34,15.0,50.0,193,2022
Aa 5 %/Calcium/Lytes/Dext 20 %,Clinimix E,14,1398.46,5.0,14.0,28,2023
Aa 5%/D15w/Electrolytes,Clinimix E,119,51750.09,30.0,119.0,672,2019
Aa 5%/D15w/Electrolytes,Clinimix E,94,26985.63,25.0,94.0,470,2020
Aa 5%/D15w/Electrolytes,Clinimix E,12,7193.44,5.0,12.0,91,2021
Aa 5%/D15w/Electrolytes,Clinimix E,22,9065.57,5.0,22.0,135,2023
Abacavir Sulfate,Abacavir,32908,7552639.459999999,7637.0,36443.79999999999,1064730,2019
Abacavir Sulfate,Abacavir,26848,6300299.539999998,6507.0,30388.5,890315,2020
Abacavir Sulfate,Abacavir,20971,4554113.74,5302.0,24001.6,696802,2021
Abacavir Sulfate,Abacavir,15474,4035120.8000000007,4227.0,17817.1,514070,2022
Abacavir Sulfate,Abacavir,12137,2974796.2600000007,3378.0,14076.700000000004,402402,2023
Abacavir Sulfate,Abacavir,9903,1729580.12,2923.0,11620.9,333929,2024
Abacavir Sulfate/Lamivudine,Abacavir-Lamivudine,41226,16525396.97,9076.0,45603.0,1346040,2019
Abacavir Sulfate/Lamivudine,Abacavir-Lamivudine,29831,11763760.300000004,7046.0,34653.4,1025208,2020
Abacavir Sulfate/Lamivudine,Abacavir-Lamivudine,22869,7059207.319999997,5639.0,27239.800000000003,806196,2021
Abacavir Sulfate/Lamivudine,Abacavir-Lamivudine,18002,8087570.89,4566.0,22075.500000000004,651254,2022
Abacavir Sulfate/Lamivudine,Abacavir-Lamivudine,13595,6106719.760000001,3548.0,17007.7,502460,2023
Abacavir Sulfate/Lamivudine,Abacavir-Lamivudine,11201,3335926.7100000004,3080.0,14248.7,421069,2024
Abacavir/Dolutegravir/Lamivudi,Triumeq,219582,678210445.6700001,33984.0,231114.00000000003,6899657,2019
Abacavir/Dolutegravir/Lamivudi,Triumeq,200902,666118658.8300002,31152.0,216347.8,6457247,2020
Abacavir/Dolutegravir/Lamivudi,Triumeq,181472,623668034.2099999,28715.0,190221.5,5676978,2021
Abacavir/Dolutegravir/Lamivudi,Triumeq,162639,591762680.4499998,26604.0,170922.69999999998,5099017,2022
Abacavir/Dolutegravir/Lamivudi,Triumeq,140123,547239027.64,23989.0,147846.1,4415854,2023
Abacavir/Dolutegravir/Lamivudi,Triumeq,122674,480628631.42,21478.0,130271.1,3894476,2024
Abacavir/Lamivudine/Zidovudine,Abacavir-Lamivudine-Zidovudine,2097,2648871.56,745.0,2126.1,61534,2019
Abacavir/Lamivudine/Zidovudine,Abacavir-Lamivudine-Zidovudine,540,696618.3599999999,200.0,560.4,15569,2020
Abacavir/Lamivudine/Zidovudine,Trizivir,321,471511.8,120.0,321.0,8754,2021
Abacavir/Lamivudine/Zidovudine,Trizivir,337,555987.3,130.0,350.0,10157,2022
Abacavir/Lamivudine/Zidovudine,Trizivir,319,528600.51,130.0,320.0,9576,2023
Abaloparatide,Tymlos,38089,76673931.19000003,9119.0,41477.4,1234986,2019
Abaloparatide,Tymlos,44821,97510795.48999998,10324.0,48820.90000000001,1455582,2020
Abaloparatide,Tymlos,43928,101064486.85,9989.0,46112.30000000002,1379066,2021
Abaloparatide,Tymlos,45531,116068677.02,10202.0,48675.49999999999,1457905,2022
Abaloparatide,Tymlos,52880,148194979.57999998,11632.0,56203.7,1683767,2023
Abaloparatide,Tymlos,70786,202816426.52,15403.0,76908.1,2304756,2024
Abatacept,Orencia Clickject,47089,224258700.8700001,11314.0,50557.5,1417676,2019
Abatacept,Orencia,52213,267246065.56,12363.0,56742.7,1594532,2020
Abatacept,Orencia,59093,316125653.95,13819.0,63528.69999999998,1781975,2021
Abatacept,Orencia Clickject,72099,401416553.25,16377.0,76587.5,2150947,2022
Abatacept,Orencia,83520,493403084.77,18147.0,88225.39999999998,2477800,2023
Abatacept,Orencia Clickject,103691,616325435.7900001,21297.0,109413.2,3070607,2024
Abatacept/Maltose,Orencia,5852,21427908.050000004,1232.0,5948.099999999999,165540,2019
Abatacept/Maltose,Orencia,6220,23420524.89,1318.0,6287.4000000000015,174851,2020
Abatacept/Maltose,Orencia,6996,28392083.18,1481.0,7106.300000000001,197393,2021
Abatacept/Maltose,Orencia,8784,37848016.5,1804.0,8957.899999999998,249013,2022
Abatacept/Maltose,Orencia,9741,44347836.15,2034.0,9934.600000000002,276187,2023
Abatacept/Maltose,Orencia,11390,52447417.81,2325.0,11668.599999999997,322404,2024
Abemaciclib,Verzenio,9837,114470347.10999995,2775.0,9862.6,273393,2019
Abemaciclib,Verzenio,13935,173571727.99000004,3856.0,13963.7,388779,2020
Abemaciclib,Verzenio,14579,191537731.79,3941.0,14592.2,406057,2021
Abemaciclib,Verzenio,21593,300821722.81000006,5634.0,21639.9,599460,2022
Abemaciclib,Verzenio,35027,523800711.13000005,8566.0,35148.40000000001,978122,2023
Abemaciclib,Verzenio,53775,787406593.2900003,12311.0,53988.2,1505439,2024
"Abiraterone Acet,submicronized",Yonsa,610,5884188.2700000005,165.0,610.0,18300,2019
"Abiraterone Acet,submicronized",Yonsa,1016,9807257.500000002,243.0,1020.0,30586,2020
"Abiraterone Acet,submicronized",Yonsa,989,9517415.310000002,234.0,990.0,29680,2021
"Abiraterone Acet,submicronized",Yonsa,1035,10053869.429999998,249.0,1037.0,31059,2022
"Abiraterone Acet,submicronized",Yonsa,797,8370084.300000001,168.0,800.0,24000,2023
"Abiraterone Acet,submicronized",Yonsa,1003,10030622.06,278.0,1024.4,30491,2024
Abiraterone Acetate,Abiraterone Acetate,133016,982875700.54,29598.0,135020.40000000002,4023730,2019
Abiraterone Acetate,Abiraterone Acetate,153554,663103302.8999999,31650.0,156301.49999999997,4660917,2020
Abiraterone Acetate,Abiraterone Acetate,182668,583878354.42,35860.0,186190.7,5558869,2021
Abiraterone Acetate,Abiraterone Acetate,207931,639773627.79,40514.0,214510.5,6403499,2022
Abiraterone Acetate,Abiraterone Acetate,290428,807734631.7499999,52857.0,301116.5,8995770,2023
Abiraterone Acetate,Abiraterone Acetate,361319,642196328.8700001,63895.0,377653.3,11288482,2024
Abobotulinumtoxina,Dysport,426,599667.1,143.0,974.4,26364,2019
Abobotulinumtoxina,Dysport,452,642745.3700000001,158.0,1203.1999999999998,34940,2020
Abobotulinumtoxina,Dysport,581,905921.84,179.0,1515.9,43403,2021
Abobotulinumtoxina,Dysport,719,1187184.5,245.0,1929.4,56123,2022
Abobotulinumtoxina,Dysport,749,1281372.5499999998,261.0,2033.3,59692,2023
Abobotulinumtoxina,Dysport,1106,1850962.63,400.0,3008.4,88449,2024
Abrocitinib,Cibinqo,25,131469.94,10.0,25.0,750,2022
Abrocitinib,Cibinqo,433,2615855.76,160.0,457.0,13710,2023
Abrocitinib,Cibinqo,1143,6712368.940000003,390.0,1215.0,36252,2024
Acalabrutinib,Calquence,4129,56829737.88999999,1186.0,4145.0,124057,2019
Acalabrutinib,Calquence,16377,223672751.83,4193.0,16457.1,490606,2020
Acalabrutinib,Calquence,42171,574940567.21,9685.0,42336.4,1264981,2021
Acalabrutinib,Calquence,54918,762633714.5999997,12337.0,55160.0,1648730,2022
Acalabrutinib,Calquence,395,5596790.32,134.0,404.0,12061,2023
Acalabrutinib,Calquence,25,345315.45,10.0,25.0,750,2024
Acalabrutinib Maleate,Calquence,2364,32842261.789999995,841.0,2384.7,71377,2022
Acalabrutinib Maleate,Calquence,71706,1022652477.7599998,15696.0,72100.29999999999,2157348,2023
Acalabrutinib Maleate,Calquence,103061,1431537798.0699997,21009.0,103681.2,3104812,2024
Acamprosate Calcium,Acamprosate Calcium,11430,1688813.2500000007,4169.0,12155.8,324491,2019
Acamprosate Calcium,Acamprosate Calcium,13021,1863424.45,4692.0,13891.500000000002,375737,2020
Acamprosate Calcium,Acamprosate Calcium,13764,2026478.26,5008.0,14719.599999999997,396481,2021
Acamprosate Calcium,Acamprosate Calcium,13906,1976731.3000000005,5016.0,14898.000000000002,393347,2022
Acamprosate Calcium,Acamprosate Calcium,14313,2009262.84,5143.0,15419.500000000002,410307,2023
Acamprosate Calcium,Acamprosate Calcium,12512,1388363.22,4380.0,13382.999999999998,336143,2024
Acarbose,Acarbose,120035,5640823.96,30678.0,193076.3,5663825,2019
Acarbose,Acarbose,115942,6180334.249999998,29950.0,198171.30000000005,5832974,2020
Acarbose,Acarbose,108348,6020690.099999998,28491.0,193659.19999999995,5714178,2021
Acarbose,Acarbose,102309,5567253.029999999,27085.0,186098.4,5491614,2022
Acarbose,Acarbose,98300,5348162.139999999,26619.0,181957.60000000003,5374444,2023
Acarbose,Acarbose,102012,3556527.5199999986,27834.0,190650.79999999996,5637010,2024
Acebutolol Hcl,Acebutolol Hcl,40329,1506995.7200000004,11484.0,70163.1,2061422,2019
Acebutolol Hcl,Acebutolol Hcl,37163,1818881.65,10658.0,68975.0,2031415,2020
Acebutolol Hcl,Acebutolol Hcl,32523,1576729.95,9460.0,63353.5,1872624,2021
Acebutolol Hcl,Acebutolol Hcl,29414,1561601.88,8692.0,58315.9,1721531,2022
Acebutolol Hcl,Acebutolol Hcl,27138,1686947.61,7958.0,54313.8,1598529,2023
Acebutolol Hcl,Acebutolol Hcl,27498,1398040.59,8116.0,55524.2,1631959,2024
Acetaminophen,Acetaminophen,40,7182.1,15.0,40.0,141,2021
Acetaminophen,Acetaminophen,19,8810.05,5.0,19.0,133,2022
Acetaminophen,Acetaminophen,159,22319.81,64.0,159.0,643,2023
Acetaminophen,Acetaminophen,418,70718.20999999999,152.0,418.0,1190,2024
Acetaminophen With Codeine,Acetaminophen-Codeine,2429463,29099624.67000001,1102031.0,2443189.1,38529909,2019
Acetaminophen With Codeine,Acetaminophen-Codeine,2260188,31806083.91,962079.0,2271580.4,37185923,2020
Acetaminophen With Codeine,Acetaminophen-Codeine,2082461,33856716.60999999,918082.0,2091137.6,33851995,2021
Acetaminophen With Codeine,Acetaminophen-Codeine,1957144,32033384.71999999,874451.0,1964748.7000000004,31679770,2022
Acetaminophen With Codeine,Acetaminophen-Codeine,1900609,25651625.020000007,870879.0,1906747.2999999996,30577762,2023
Acetaminophen With Codeine,Acetaminophen-Codeine,1717843,26696161.27,756728.0,1724113.400000001,28705583,2024
Acetaminophen/Caff/Dihydrocod,Acetamin-Caff-Dihydrocodeine,1586,366196.02,581.0,1587.1,31559,2019
Acetaminophen/Caff/Dihydrocod,Acetamin-Caff-Dihydrocodeine,1632,409577.89,548.0,1633.9,36466,2020
Acetaminophen/Caff/Dihydrocod,Acetamin-Caff-Dihydrocodeine,1634,405079.47,512.0,1634.5,37194,2021
Acetaminophen/Caff/Dihydrocod,Acetamin-Caff-Dihydrocodeine,891,192522.77,279.0,891.5,21086,2022
Acetaminophen/Caff/Dihydrocod,Acetamin-Caff-Dihydrocodeine,374,76143.29999999999,119.0,374.0,8959,2023
Acetazolamide,Acetazolamide,154045,15331963.74,58353.0,186774.0,4609605,2019
Acetazolamide,Acetazolamide,140430,14148665.050000004,50205.0,175542.90000000002,4510875,2020
Acetazolamide,Acetazolamide Er,142746,10934300.58,53787.0,180163.39999999997,4518686,2021
Acetazolamide,Acetazolamide Er,137050,10316804.57,51911.0,179425.9,4535491,2022
Acetazolamide,Acetazolamide Er,140110,9345948.9,53273.0,185403.8,4729074,2023
Acetazolamide,Acetazolamide,152567,6934383.27,57446.0,200779.1,5115535,2024
Acetazolamide Sodium,Acetazolamide Sodium,50,23604.66,10.0,50.0,329,2019
Acetazolamide Sodium,Acetazolamide Sodium,34,22081.45,5.0,34.0,162,2020
Acetazolamide Sodium,Acetazolamide Sodium,17,8835.78,5.0,17.0,112,2023
Acetic Acid,Acetic Acid,26636,481156.2700000002,8873.0,27524.50000000001,346583,2019
Acetic Acid,Acetic Acid,19983,357201.5699999999,7749.0,20808.000000000004,297294,2020
Acetic Acid,Acetic Acid,19366,360072.4799999999,8812.0,20260.1,312809,2021
Acetic Acid,Acetic Acid,21389,396832.1800000001,9623.0,22612.2,344642,2022
Acetic Acid,Acetic Acid,28758,550202.3700000001,11915.0,30479.999999999996,452608,2023
Acetic Acid,Acetic Acid,36704,664180.1399999998,14362.0,38979.1,571650,2024
Acetohydroxamic Acid,Lithostat,159,199496.32,50.0,183.0,5490,2019
Acetohydroxamic Acid,Lithostat,161,216540.35,55.0,185.0,5550,2020
Acetohydroxamic Acid,Lithostat,131,215417.51,40.0,153.7,4610,2021
Acetohydroxamic Acid,Lithostat,220,210457.14,72.0,275.3,8122,2022
Acetohydroxamic Acid,Lithostat,584,223713.61,178.0,644.5,15435,2023
Acetohydroxamic Acid,Lithostat,659,243464.76,195.0,724.9,15987,2024
Acetylcysteine,Acetylcysteine,16947,1094141.3199999998,3888.0,16956.4,147225,2019
Acetylcysteine,Acetylcysteine,12291,916351.7899999998,2825.0,12296.5,112368,2020
Acetylcysteine,Acetylcysteine,9920,865836.16,2259.0,9921.4,98044,2021
Acetylcysteine,Acetylcysteine,9603,961867.3799999997,2178.0,9607.7,95761,2022
Acetylcysteine,Acetylcysteine,9950,922453.9000000004,2407.0,9952.7,95583,2023
Acetylcysteine,Acetylcysteine,11549,974565.27,2854.0,11555.200000000004,106788,2024
Acitretin,Acitretin,26246,12809400.949999996,7276.0,28138.8,816822,2019
Acitretin,Acitretin,24340,12152020.550000004,6738.0,27870.099999999995,807701,2020
Acitretin,Acitretin,22235,10438704.9,6344.0,26511.2,771914,2021
Acitretin,Acitretin,20314,9338157.57,5861.0,24869.899999999998,725359,2022
Acitretin,Acitretin,21843,9615458.41,6174.0,26543.0,774446,2023
Acitretin,Acitretin,24355,6557561.149999997,6848.0,29681.2,862651,2024
Aclidinium Brom/Formoterol Fum,Duaklir Pressair,57,57504.31,15.0,59.0,1770,2020
Aclidinium Brom/Formoterol Fum,Duaklir Pressair,58,59867.18000000001,25.0,58.0,1722,2021
Aclidinium Brom/Formoterol Fum,Duaklir Pressair,12,7702.44,5.0,12.0,339,2023
Aclidinium Bromide,Tudorza Pressair,26822,12886010.99,8306.0,34188.5,1004330,2019
Aclidinium Bromide,Tudorza Pressair,13537,8685280.31,4388.0,16705.0,487529,2020
Aclidinium Bromide,Tudorza Pressair,7162,4647478.690000002,2452.0,8654.900000000001,253168,2021
Aclidinium Bromide,Tudorza Pressair,3861,2736992.9299999992,1344.0,4623.5,133040,2022
Aclidinium Bromide,Tudorza Pressair,2793,1945376.11,1035.0,3301.1000000000004,96975,2023
Aclidinium Bromide,Tudorza Pressair,1401,663767.8400000003,545.0,1629.8,47308,2024
Acyclovir,Acyclovir,1130256,30979219.51,355779.0,1624528.4,41971731,2019
Acyclovir,Acyclovir,1169322,31869507.980000008,362365.0,1764651.9999999998,46201823,2020
Acyclovir,Acyclovir,1124503,30016364.8,352966.0,1742066.5999999996,46117738,2021
Acyclovir,Acyclovir,1153275,29642221.160000008,361321.0,1814855.9,48160135,2022
Acyclovir,Acyclovir,1183877,28237055.100000005,371383.0,1879538.0000000005,50181284,2023
Acyclovir,Acyclovir,1277281,21677046.680000007,398141.0,2058268.6999999995,55291650,2024
Acyclovir Sodium,Acyclovir Sodium,83,22888.91,15.0,83.0,459,2019
Acyclovir Sodium,Acyclovir Sodium,12,873.25,5.0,12.0,13,2021
Acyclovir Sodium,Acyclovir Sodium,22,3449.17,10.0,22.0,56,2022
Acyclovir Sodium,Acyclovir Sodium,12,1095.48,5.0,12.0,13,2023
Acyclovir Sodium,Acyclovir Sodium,27,2253.41,10.0,27.0,27,2024
Acyclovir/Hydrocortisone,Xerese,14,1380625.05,5.0,30.0,900,2019
Acyclovir/Hydrocortisone,Xerese,12,31193.52,5.0,12.0,360,2024
Adagrasib,Krazati,102,1812196.56,35.0,102.0,2829,2023
Adagrasib,Krazati,892,14983346.959999995,300.0,894.4,26588,2024
Adalimumab,Humira,424600,2718132689.38,93062.0,455526.3000000001,12804103,2019
Adalimumab,Humira(Cf) Pen,453308,3171285632.1000004,97147.0,490164.6999999999,13790166,2020
Adalimumab,Humira(Cf) Pen,492100,3695576974.6500006,102565.0,522210.6,14663773,2021
Adalimumab,Humira(Cf) Pen,532330,4329903625.97,107906.0,562199.1,15780277,2022
Adalimumab,Humira(Cf) Pen,545396,4884226408.42,108243.0,570830.7000000001,15994742,2023
Adalimumab,Humira(Cf) Pen,541153,4628444081.160001,106512.0,573850.8999999999,16125610,2024
Adalimumab-Aacf,Idacio(Cf) Pen (2 Pack),472,709349.7,121.0,473.8,13067,2024
Adalimumab-Aaty,Yuflyma(Cf) Autoinject (2 Pck),1179,10130363.54,455.0,1182.0,32573,2024
Adalimumab-Adaz,Adalimumab-Adaz(Cf) Pen,810,1941589.53,247.0,873.7,24605,2024
Adalimumab-Adbm,Cyltezo(Cf) Pen,3590,27600882.280000005,1149.0,3635.2,101595,2024
Adalimumab-Aqvh,Yusimry(Cf) Pen,248,293469.24,95.0,248.0,6772,2024
Adalimumab-Atto,Amjevita(Cf),13445,29697457.78999999,3139.0,15846.299999999996,449610,2023
Adalimumab-Atto,Amjevita(Cf) Autoinjector,22415,33917499.12999999,5041.0,27968.9,796272,2024
Adalimumab-Bwwd,Hadlima(Cf) Pushtouch,41,43717.38,16.0,41.0,1150,2023
Adalimumab-Bwwd,Hadlima Pushtouch,3127,3084445.5899999994,688.0,3176.9,79077,2024
Adalimumab-Fkjp,Adalimumab-Fkjp(Cf),84,147950.52999999997,35.0,84.0,2325,2024
Adalimumab-Ryvk,Simlandi(Cf) Autoinjector,67,80223.73,20.0,70.6,1988,2024
"Adamts13, Recombinant-Krhn",Adzynma,26,928451.69,5.0,26.0,720,2024
Adapalene,Adapalene,2311,409445.9500000001,926.0,2395.9,65264,2019
Adapalene,Adapalene,2882,650725.41,1342.0,3219.4,89776,2020
Adapalene,Adapalene,1765,758158.92,705.0,1867.7,51945,2021
Adapalene,Adapalene,1522,2811238.0200000005,605.0,1598.8,43953,2022
Adapalene,Adapalene,1512,1056688.6300000004,609.0,1634.4,46265,2023
Adapalene,Adapalene,1738,1433819.6700000002,736.0,1899.8,53425,2024
Adapalene/Benzoyl Peroxide,Epiduo Forte,130,44633.07000000001,55.0,130.0,3491,2019
Adapalene/Benzoyl Peroxide,Epiduo Forte,174,57703.75,79.0,178.0,4931,2020
Adapalene/Benzoyl Peroxide,Epiduo Forte,133,40756.4,60.0,133.0,3810,2021
Adapalene/Benzoyl Peroxide,Adapalene-Benzoyl Peroxide,147,26479.06,76.0,150.0,4400,2022
Adapalene/Benzoyl Peroxide,Adapalene-Benzoyl Peroxide,179,25156.65,84.0,184.8,5177,2023
Adapalene/Benzoyl Peroxide,Adapalene-Benzoyl Peroxide,148,7631.6,72.0,149.5,4199,2024
Adapalene/Benzoyl/Clindamycin,Cabtreo,55,48826.97,13.0,55.0,1650,2024
Adefovir Dipivoxil,Adefovir Dipivoxil,2739,2296814.860000001,1010.0,2796.1,83474,2019
Adefovir Dipivoxil,Adefovir Dipivoxil,2595,2233851.7800000003,975.0,2747.0,81931,2020
Adefovir Dipivoxil,Adefovir Dipivoxil,2177,1805427.92,805.0,2320.9,67070,2021
Adefovir Dipivoxil,Adefovir Dipivoxil,1580,1285336.85,550.0,1757.5,48004,2022
Adefovir Dipivoxil,Adefovir Dipivoxil,1140,901120.1,405.0,1271.3,37793,2023
Adefovir Dipivoxil,Adefovir Dipivoxil,1142,733323.19,385.0,1223.3,36696,2024
Ado-Trastuzumab Emtansine,Kadcyla,178,1089660.58,35.0,178.0,3819,2019
Ado-Trastuzumab Emtansine,Kadcyla,226,1627830.46,65.0,226.0,4789,2020
Ado-Trastuzumab Emtansine,Kadcyla,366,3090950.18,105.0,366.0,7686,2021
Ado-Trastuzumab Emtansine,Kadcyla,283,2565325.7800000003,85.0,283.0,5952,2022
Ado-Trastuzumab Emtansine,Kadcyla,131,1559383.24,45.0,131.0,2751,2023
Ado-Trastuzumab Emtansine,Kadcyla,211,2104273.25,70.0,211.0,4242,2024
Afatinib Dimaleate,Gilotrif,2862,25691921.44,951.0,2885.3,86351,2019
Afatinib Dimaleate,Gilotrif,2044,19870495.6,695.0,2050.0,61418,2020
Afatinib Dimaleate,Gilotrif,1580,16292448.699999996,565.0,1580.0,47161,2021
Afatinib Dimaleate,Gilotrif,1533,16508410.17,550.0,1543.0,46078,2022
Afatinib Dimaleate,Gilotrif,1805,20750866.549999997,655.0,1807.0,53999,2023
Afatinib Dimaleate,Gilotrif,2499,28511217.320000004,865.0,2504.5,74840,2024
Aflibercept,Eylea,7685,19147541.62,1946.0,8035.399999999998,228249,2019
Aflibercept,Eylea,8929,22693900.27,2237.0,9365.5,265485,2020
Aflibercept,Eylea,11072,28482702.36,2784.0,11517.8,326127,2021
Aflibercept,Eylea,25462,65392603.95,6109.0,26856.699999999997,761405,2022
Aflibercept,Eylea,27629,71104321.53,6886.0,29295.2,830842,2023
Aflibercept,Eylea,31095,78055251.64999998,8063.0,33670.99999999999,957172,2024
Agalsidase Beta,Fabrazyme,1570,25553552.739999995,295.0,1570.0,36044,2019
Agalsidase Beta,Fabrazyme,1586,26380225.410000004,290.0,1586.0,37492,2020
Agalsidase Beta,Fabrazyme,1614,30160248.220000003,315.0,1621.2,40954,2021
Agalsidase Beta,Fabrazyme,1720,35137214.05,320.0,1734.4,43344,2022
Agalsidase Beta,Fabrazyme,1646,34413429.27,305.0,1656.8,41278,2023
Agalsidase Beta,Fabrazyme,1926,39054726.47,340.0,1936.8,49229,2024
Albendazole,Albendazole,265,1485342.09,133.0,266.7,3146,2019
Albendazole,Albendazole,739,2242211.7099999995,441.0,741.6,7226,2020
Albendazole,Albendazole,862,1565291.98,318.0,862.0,6103,2021
Albendazole,Albendazole,557,3363728.93,232.0,570.0,10762,2022
Albendazole,Albendazole,597,3297754.9800000004,263.0,609.6999999999999,11171,2023
Albendazole,Albendazole,857,1623429.43,338.0,866.1,12770,2024
Albumin Human,Flexbumin,51,25085.23,5.0,51.0,362,2019
Albumin Human,Flexbumin,108,40990.03,15.0,110.2,822,2020
Albumin Human,Albuked-25,76,17533.05,20.0,76.0,449,2021
Albumin Human,Flexbumin,11,21332.52,5.0,11.0,155,2022
Albumin Human,Albutein,37,51027.42999999999,10.0,37.0,397,2023
Albumin Human,Albuked-25,111,74053.91,30.0,111.0,828,2024
Albuterol Sulfate,Proair Hfa,12096664,850750849.27,4854505.0,14023865.300000004,339042044,2019
Albuterol Sulfate,Albuterol Sulfate Hfa,13637416,851452250.9200001,5312290.0,16203099.500000004,399030874,2020
Albuterol Sulfate,Albuterol Sulfate Hfa,14423446,789784862.7599998,5603602.0,17379813.699999996,431465288,2021
Albuterol Sulfate,Albuterol Sulfate Hfa,15965991,807149940.9899999,6397646.0,19312041.800000004,479647767,2022
Albuterol Sulfate,Albuterol Sulfate Hfa,17712090,698450606.3000001,7055257.0,21257826.200000007,525985355,2023
Albuterol Sulfate,Albuterol Sulfate Hfa,19330031,636826136.89,7644521.0,23136771.7,571977834,2024
Albuterol Sulfate/Budesonide,Airsupra,9883,5372728.749999999,3694.0,10596.1,245339,2024
Alcaftadine,Lastacaft,3370,845027.74,1005.0,3526.899999999999,93939,2019
Alcaftadine,Lastacaft,2443,618649.37,707.0,2546.6,66090,2020
Alcaftadine,Lastacaft,2417,656095.65,681.0,2556.8,70484,2021
Alcaftadine,Lastacaft,310,88749.29000000001,84.0,338.5,10032,2022
Alclometasone Dipropionate,Alclometasone Dipropionate,35966,2115196.2800000003,24577.0,37120.7,814367,2019
Alclometasone Dipropionate,Alclometasone Dipropionate,32597,1771340.7700000005,21675.0,33822.4,777425,2020
Alclometasone Dipropionate,Alclometasone Dipropionate,32838,1738795.5499999998,22401.0,34020.5,791677,2021
Alclometasone Dipropionate,Alclometasone Dipropionate,32312,1675208.4400000006,22003.0,33583.8,816281,2022
Alclometasone Dipropionate,Alclometasone Dipropionate,29090,1334046.03,19856.0,30329.8,744968,2023
Alclometasone Dipropionate,Alclometasone Dipropionate,23811,919010.8199999996,16588.0,25046.599999999995,621333,2024
Alcohol Antiseptic Pads,Alcohol Pads,1116466,50291876.74,326093.0,1807595.8,53219498,2019
Alcohol Antiseptic Pads,Single Use Swab,1037410,27982436.15000001,329336.0,1732465.0999999996,51044250,2020
Alcohol Antiseptic Pads,Single Use Swab,984562,19761009.39,312818.0,1732449.1,51102531,2021
Alcohol Antiseptic Pads,Easy Touch Alcohol Prep Pads,888697,16299508.38,288490.0,1498245.7000000002,44110121,2022
Alcohol Antiseptic Pads,Alcohol Prep Pads,943960,14753201.66,298996.0,1726939.2000000002,50980554,2023
Alcohol Antiseptic Pads,Dropsafe Prep Pads,1003535,18279680.64,318224.0,1824341.6999999995,53872161,2024
Aldesleukin,Proleukin,142,727413.5,40.0,142.0,1780,2019
Aldesleukin,Proleukin,28,170817.52000000002,10.0,28.0,351,2020
Alectinib Hcl,Alecensa,2569,35764957.349999994,915.0,2595.4,76891,2019
Alectinib Hcl,Alecensa,3627,52279702.17000001,1250.0,3665.7,108892,2020
Alectinib Hcl,Alecensa,4547,68333564.78999999,1570.0,4619.200000000001,138141,2021
Alectinib Hcl,Alecensa,5267,83061130.27999999,1735.0,5364.800000000001,160546,2022
Alectinib Hcl,Alecensa,6437,108012315.30000004,2030.0,6575.0,196520,2023
Alectinib Hcl,Alecensa,8686,146304346.58999997,2605.0,8885.499999999998,266138,2024
Alendronate Sodium,Alendronate Sodium,6934080,68125130.27,1859812.0,13760958.500000002,405868198,2019
Alendronate Sodium,Alendronate Sodium,6847560,71024737.00999999,1836010.0,14302897.7,422893626,2020
Alendronate Sodium,Alendronate Sodium,6965446,73827565.5,1966494.0,15057790.000000004,445911226,2021
Alendronate Sodium,Alendronate Sodium,7242537,81577974.88,2091768.0,15969962.1,473177815,2022
Alendronate Sodium,Alendronate Sodium,7647426,92642190.65000002,2240813.0,17107716.9,507096406,2023
Alendronate Sodium,Alendronate Sodium,8243198,71644651.06,2419962.0,18597106.399999995,551431343,2024
Alendronate Sodium/Vitamin D3,Fosamax Plus D,681,118249.16,275.0,684.0,18529,2019
Alendronate Sodium/Vitamin D3,Fosamax Plus D,654,117790.09,259.0,680.1,18593,2020
Alendronate Sodium/Vitamin D3,Fosamax Plus D,551,96997.38,210.0,557.3,14952,2021
Alendronate Sodium/Vitamin D3,Fosamax Plus D,486,93012.94,190.0,498.8,13665,2022
Alendronate Sodium/Vitamin D3,Fosamax Plus D,327,65562.08000000002,120.0,334.4,8781,2023
Alendronate Sodium/Vitamin D3,Fosamax Plus D,438,89704.82999999999,145.0,438.3,12192,2024
Alfuzosin Hcl,Alfuzosin Hcl Er,540390,14956922.509999996,158825.0,1112339.5,33193982,2019
Alfuzosin Hcl,Alfuzosin Hcl Er,570291,17432911.58,171341.0,1237224.3,36927484,2020
Alfuzosin Hcl,Alfuzosin Hcl Er,615079,18795359.95,192694.0,1374734.1999999993,41034038,2021
Alfuzosin Hcl,Alfuzosin Hcl Er,666194,19499093.02,212080.0,1521050.6999999995,45385989,2022
Alfuzosin Hcl,Alfuzosin Hcl Er,728835,20939794.17,234271.0,1680469.8999999997,50051833,2023
Alfuzosin Hcl,Alfuzosin Hcl Er,839076,18380738.06,272049.0,1984010.8,59186367,2024
Alglucosidase Alfa,Lumizyme,735,32194282.15,165.0,735.0,12304,2019
Alglucosidase Alfa,Lumizyme,783,37191570.82,175.0,783.0,12841,2020
Alglucosidase Alfa,Lumizyme,859,41172290.85,195.0,859.0,14050,2021
Alglucosidase Alfa,Lumizyme,566,23710211.76,130.0,566.0,7776,2022
Alglucosidase Alfa,Lumizyme,272,16475820.22,70.0,272.0,4811,2023
Alglucosidase Alfa,Lumizyme,169,9757740.77,45.0,169.0,3276,2024
Alirocumab,Praluent Pen,196757,195986562.7200001,41734.0,214815.6000000001,6085115,2019
Alirocumab,Praluent Pen,262849,194844447.0199999,55128.0,325336.3,9335460,2020
Alirocumab,Praluent Pen,341869,219506382.87,70455.0,452386.0999999999,13051851,2021
Alirocumab,Praluent Pen,374721,276899823.66,81127.0,550382.7,15983660,2022
Alirocumab,Praluent Pen,448170,362488837.42,99034.0,680554.4,19806902,2023
Alirocumab,Praluent Pen,326519,241429342.34000003,78389.0,486561.5000000001,14134970,2024
Aliskiren Hemifumarate,Tekturna,10185,2855165.17,3436.0,13037.500000000002,370953,2019
Aliskiren Hemifumarate,Aliskiren,15046,3865503.17,5214.0,20150.2,587147,2020
Aliskiren Hemifumarate,Aliskiren,11508,2998233.26,4029.0,15537.000000000002,457417,2021
Aliskiren Hemifumarate,Aliskiren,8869,2365969.7700000005,3135.0,12553.8,368792,2022
Aliskiren Hemifumarate,Aliskiren,7546,1971707.93,2546.0,11174.499999999998,326168,2023
Aliskiren Hemifumarate,Aliskiren,7307,1561874.1800000002,2440.0,11194.3,326996,2024
Aliskiren/Hydrochlorothiazide,Tekturna Hct,3514,998545.5100000004,1350.0,3958.1,117751,2019
Aliskiren/Hydrochlorothiazide,Tekturna Hct,2487,763381.7299999999,935.0,2874.2,84901,2020
Aliskiren/Hydrochlorothiazide,Tekturna Hct,1713,545756.58,650.0,1857.0,54652,2021
Aliskiren/Hydrochlorothiazide,Tekturna Hct,825,294668.53,305.0,869.0,25639,2022
Alitretinoin,Panretin,81,702462.5400000002,25.0,81.0,2350,2019
Alitretinoin,Panretin,41,258182.95,15.0,41.0,1230,2020
Alitretinoin,Panretin,37,355257.67000000004,15.0,41.0,1200,2022
Alitretinoin,Panretin,11,206643.47,5.0,11.0,330,2023
Alitretinoin,Panretin,35,205530.1,15.0,36.0,995,2024
Allopurinol,Allopurinol,8384304,137611249.85999992,2124608.0,18085511.0,533761433,2019
Allopurinol,Allopurinol,8535147,129797288.63,2183006.0,19147942.8,564239208,2020
Allopurinol,Allopurinol,8354291,125921520.20000002,2233645.0,19402825.2,574388738,2021
Allopurinol,Allopurinol,8413585,126654061.18999995,2290612.0,19853466.8,588317312,2022
Allopurinol,Allopurinol,8613058,127133335.24999996,2349769.0,20488179.300000004,606777720,2023
Allopurinol,Allopurinol,9025695,89801271.57,2457627.0,21587408.5,638697934,2024
Almotriptan Malate,Almotriptan Malate,1576,490765.78,540.0,1612.0,31072,2019
Almotriptan Malate,Almotriptan Malate,1592,442110.35,575.0,1624.6,33961,2020
Almotriptan Malate,Almotriptan Malate,1297,359698.53,455.0,1325.3,26464,2021
Almotriptan Malate,Almotriptan Malate,1422,441453.6000000001,485.0,1484.9,31399,2022
Almotriptan Malate,Almotriptan Malate,1111,326214.02999999985,394.0,1151.6,24228,2023
Almotriptan Malate,Almotriptan Malate,1405,299599.0099999999,510.0,1459.8,33147,2024
Alogliptin Benz/Metformin Hcl,Alogliptin-Metformin,4239,686002.1299999999,1054.0,4612.599999999999,134340,2019
Alogliptin Benz/Metformin Hcl,Alogliptin-Metformin,1054,219411.9,423.0,1178.4,34391,2020
Alogliptin Benz/Metformin Hcl,Alogliptin-Metformin,1603,295996.69999999995,492.0,1784.9999999999998,52321,2021
Alogliptin Benz/Metformin Hcl,Alogliptin-Metformin,1540,277032.8,446.0,1738.8000000000002,50545,2022
Alogliptin Benz/Metformin Hcl,Alogliptin-Metformin,1231,242504.31,361.0,1539.2,44868,2023
Alogliptin Benz/Metformin Hcl,Alogliptin-Metformin,2479,448790.5799999999,702.0,3068.7,87962,2024
Alogliptin Benz/Pioglitazone,Oseni,2082,518453.96,630.0,2345.9,68601,2019
Alogliptin Benz/Pioglitazone,Alogliptin-Pioglitazone,1491,367718.7300000001,462.0,1682.0,48324,2020
Alogliptin Benz/Pioglitazone,Alogliptin-Pioglitazone,749,190269.38,255.0,840.0,24648,2021
Alogliptin Benz/Pioglitazone,Alogliptin-Pioglitazone,530,135538.2,190.0,604.0,17761,2022
Alogliptin Benz/Pioglitazone,Alogliptin-Pioglitazone,386,95581.84,135.0,434.0,12546,2023
Alogliptin Benz/Pioglitazone,Alogliptin-Pioglitazone,311,56801.38,105.0,369.0,10890,2024
Alogliptin Benzoate,Alogliptin,23356,4525929.349999999,6210.0,26423.3,766331,2019
Alogliptin Benzoate,Alogliptin,43575,9082093.18,9180.0,51000.9,1473429,2020
Alogliptin Benzoate,Alogliptin,49445,9340305.71,10955.0,58213.0,1626148,2021
Alogliptin Benzoate,Alogliptin,48237,8348477.539999999,10320.0,54378.09999999999,1431139,2022
Alogliptin Benzoate,Alogliptin,38580,7254828.720000002,9096.0,47307.5,1217466,2023
Alogliptin Benzoate,Alogliptin,43028,6782349.149999999,10632.0,51244.99999999999,1268619,2024
Alosetron Hcl,Alosetron Hcl,6025,8042452.290000001,1890.0,6412.0,182880,2019
Alosetron Hcl,Alosetron Hcl,5944,7656828.550000002,1826.0,6334.900000000001,181861,2020
Alosetron Hcl,Alosetron Hcl,6019,7206831.829999999,1883.0,6400.8,185335,2021
Alosetron Hcl,Alosetron Hcl,5453,6851577.84,1637.0,5899.400000000001,172772,2022
Alosetron Hcl,Alosetron Hcl,5405,6339040.989999999,1677.0,5948.7,172972,2023
Alosetron Hcl,Alosetron Hcl,6524,4933084.83,1945.0,7198.900000000001,210050,2024
Alpelisib,Piqray,96,1538566.71,35.0,96.0,2688,2019
Alpelisib,Piqray,2369,39504308.13,825.0,2396.8,66793,2020
Alpelisib,Piqray,1378,24787992.03,515.0,1396.1999999999998,38917,2021
Alpelisib,Piqray,1466,28889605.58,525.0,1480.9,41481,2022
Alpelisib,Piqray,1801,37980663.940000005,660.0,1819.6,50892,2023
Alpelisib,Piqray,1417,31391809.62,535.0,1445.6,40490,2024
Alpha-1-Proteinase Inhibitor,Prolastin C,28516,284529402.9100001,8002.0,28519.9,752880,2019
Alpha-1-Proteinase Inhibitor,Prolastin C,28446,291473661.35999995,8065.0,28486.1,770513,2020
Alpha-1-Proteinase Inhibitor,Prolastin C,29090,296786024.29,8198.0,29098.7,757759,2021
Alpha-1-Proteinase Inhibitor,Prolastin C,27904,306502597.36999995,8031.0,27911.4,759160,2022
Alpha-1-Proteinase Inhibitor,Prolastin C,27054,304758822.81000006,7807.0,27069.1,736467,2023
Alpha-1-Proteinase Inhibitor,Prolastin C,25655,282494849.78,7531.0,25673.7,683078,2024
Alprazolam,Alprazolam,12071054,98492594.23999996,2659884.0,13036943.9,358726730,2019
Alprazolam,Alprazolam,11922522,107795933.26999997,2550505.0,12884657.3,355449094,2020
Alprazolam,Alprazolam,11372148,122752359.9,2506990.0,12298739.300000004,339498388,2021
Alprazolam,Alprazolam,11135328,107138003.79,2507359.0,12043059.3,331688279,2022
Alprazolam,Alprazolam,10981542,81748730.22000001,2493422.0,11867195.199999996,325986494,2023
Alprazolam,Alprazolam,10996238,64885979.93,2516574.0,11913716.5,326754290,2024
Alprostadil,Prostin Vr Pediatric,11,844.8,5.0,11.0,154,2019
Amantadine Hcl,Amantadine,403617,64212386.430000015,100088.0,533806.2000000002,15105814,2019
Amantadine Hcl,Amantadine,389017,71146459.97,96598.0,535685.2,15177209,2020
Amantadine Hcl,Amantadine,378137,84557850.03000002,95687.0,535857.6000000001,15203688,2021
Amantadine Hcl,Amantadine,376228,91910267.53000002,95861.0,540693.2000000001,15250670,2022
Amantadine Hcl,Amantadine,398473,99320459.29,101039.0,579591.7,16347572,2023
Amantadine Hcl,Amantadine,418639,99091310.77,106502.0,620949.9000000001,17444061,2024
Ambrisentan,Letairis,50403,430083252.1499999,10173.0,51391.9,1539051,2019
Ambrisentan,Ambrisentan,60467,377218162.0299999,11013.0,62119.8,1859451,2020
Ambrisentan,Letairis,60327,332220429.60999995,11126.0,61660.3,1846694,2021
Ambrisentan,Ambrisentan,59023,305035099.06000006,10462.0,60614.5,1813388,2022
Ambrisentan,Ambrisentan,58345,289418020.98999995,10148.0,59783.2,1790027,2023
Ambrisentan,Ambrisentan,57847,221256909.31,9893.0,59846.4,1791761,2024
Amcinonide,Amcinonide,46,16220.03,15.0,46.0,1095,2019
Amcinonide,Amcinonide,55,20044.41,20.0,55.0,1145,2020
Amcinonide,Amcinonide,11,3428.04,5.0,11.0,330,2021
Amcinonide,Amcinonide,12,3791.22,5.0,12.0,360,2022
Amcinonide,Amcinonide,1218,2447104.49,486.0,1291.0,38405,2024
Amifampridine,Ruzurgi,27,515463.2,10.0,27.0,810,2019
Amifampridine,Ruzurgi,346,5902990.28,90.0,353.0,10574,2020
Amifampridine,Ruzurgi,444,8027319.38,130.0,444.0,13320,2021
Amifampridine Phosphate,Firdapse,1090,39679400.78000001,265.0,1156.1,34648,2019
Amifampridine Phosphate,Firdapse,1559,59876375.67000002,445.0,1660.0,49751,2020
Amifampridine Phosphate,Firdapse,1769,69083702.2,550.0,1828.0,54771,2021
Amifampridine Phosphate,Firdapse,2290,95403981.0,685.0,2328.0,69643,2022
Amifampridine Phosphate,Firdapse,2490,111214562.41,735.0,2518.5,75309,2023
Amifampridine Phosphate,Firdapse,2916,135057255.92,845.0,2932.0,87233,2024
Amikacin Liposomal/Neb.Accessr,Arikayce,3816,41792842.16999998,1038.0,3854.6,108056,2019
Amikacin Liposomal/Neb.Accessr,Arikayce,4823,57980635.77,1384.0,4920.900000000001,138137,2020
Amikacin Liposomal/Neb.Accessr,Arikayce,4731,60186085.02,1384.0,4860.9,136682,2021
Amikacin Liposomal/Neb.Accessr,Arikayce,5474,75722755.1,1579.0,5668.399999999998,159586,2022
Amikacin Liposomal/Neb.Accessr,Arikayce,6742,100420142.16,1909.0,6938.0,195045,2023
Amikacin Liposomal/Neb.Accessr,Arikayce,7513,113390033.96999995,2093.0,7699.5,216437,2024
Amikacin Sulfate,Amikacin Sulfate,6217,631360.0,1802.0,6342.099999999999,63592,2019
Amikacin Sulfate,Amikacin Sulfate,5388,562621.39,1534.0,5492.900000000001,53680,2020
Amikacin Sulfate,Amikacin Sulfate,5963,552349.7600000001,1568.0,6048.2,56072,2021
Amikacin Sulfate,Amikacin Sulfate,6201,526376.3800000001,1581.0,6278.799999999999,54189,2022
Amikacin Sulfate,Amikacin Sulfate,6811,613994.85,1665.0,6887.3,60848,2023
Amikacin Sulfate,Amikacin Sulfate,7121,498687.32,1803.0,7211.6,58507,2024
Amiloride Hcl,Amiloride Hcl,37389,688235.1999999998,11271.0,59060.30000000001,1694911,2019
Amiloride Hcl,Amiloride Hcl,38106,673507.4099999999,11760.0,62994.20000000001,1815371,2020
Amiloride Hcl,Amiloride Hcl,36317,634270.92,10998.0,62004.49999999999,1785602,2021
Amiloride Hcl,Amiloride Hcl,37014,621954.8200000001,11133.0,63148.7,1812131,2022
Amiloride Hcl,Amiloride Hcl,38854,654511.33,11783.0,66669.70000000001,1922508,2023
Amiloride Hcl,Amiloride Hcl,41322,604202.0100000001,12362.0,71446.2,2056428,2024
Amiloride/Hydrochlorothiazide,Amiloride-Hydrochlorothiazide,14450,327498.92000000004,4631.0,26813.6,796401,2019
Amiloride/Hydrochlorothiazide,Amiloride-Hydrochlorothiazide,11738,284062.59,3741.0,22832.3,680664,2020
Amiloride/Hydrochlorothiazide,Amiloride-Hydrochlorothiazide,8974,227020.91999999995,2941.0,18364.200000000004,548212,2021
Amiloride/Hydrochlorothiazide,Amiloride-Hydrochlorothiazide,7677,191688.55,2487.0,15702.299999999996,467359,2022
Amiloride/Hydrochlorothiazide,Amiloride-Hydrochlorothiazide,6604,175802.83999999997,2176.0,13154.900000000003,389756,2023
Amiloride/Hydrochlorothiazide,Amiloride-Hydrochlorothiazide,5991,162359.17000000007,1928.0,11876.6,349411,2024
Amino Ac 8 %/D14w/Electrolytes,Clinimix E,12,3797.48,5.0,12.0,45,2021
Amino Ac 8 %/D14w/Electrolytes,Clinimix E,91,51988.24,10.0,91.0,577,2022
Amino Ac 8 %/D14w/Electrolytes,Clinimix E,128,77456.97,10.0,128.0,805,2023
Amino Ac 8 %/D14w/Electrolytes,Clinimix E,112,38983.95,15.0,112.0,555,2024
Amino Acid 8 % In D14w,Clinimix,93,14089.42,5.0,93.0,93,2021
Amino Acid 8 % In D14w,Clinimix,32,19080.28,10.0,32.0,123,2022
Amino Acid 8 % In D14w,Clinimix,14,6038.0,5.0,14.0,49,2023
Amino Acid 8 % In D14w,Clinimix,26,9221.17,5.0,26.0,104,2024
Amino Acids 4.25 %/Dextrose 5%,Clinimix,14,1518.2,5.0,14.0,22,2020
Amino Acids 4.25%/Dextrose 10%,Clinimix,20,11657.39,5.0,20.0,138,2020
Amino Acids 4.25%/Dextrose 10%,Clinimix,22,7580.34,5.0,22.0,70,2021
Amino Acids 5 %/Dextrose 15 %,Clinimix,30,7617.36,5.0,30.0,173,2019
Amino Acids 5 %/Dextrose 15 %,Clinimix,39,12875.329999999998,15.0,39.0,148,2023
Amino Acids 5 %/Dextrose 20 %,Clinimix,16,4717.51,5.0,16.0,87,2019
Amino Acids 5 %/Dextrose 20 %,Clinimix,27,9809.88,10.0,27.0,111,2020
Amino Acids 5 %/Dextrose 20 %,Clinimix,18,5651.65,5.0,18.0,116,2021
Aminocaproic Acid,Amicar,423,1109520.04,145.0,424.0,7837,2019
Aminocaproic Acid,Aminocaproic Acid,322,667690.97,110.0,322.0,6254,2020
Aminocaproic Acid,Aminocaproic Acid,317,428276.48,110.0,317.0,6464,2021
Aminocaproic Acid,Aminocaproic Acid,356,539763.5499999999,120.0,359.6,7081,2022
Aminocaproic Acid,Aminocaproic Acid,323,324703.82,105.0,326.90000000000003,6509,2023
Aminocaproic Acid,Aminocaproic Acid,338,328260.7400000001,103.0,343.0,5658,2024
Aminolevulinic Acid Hcl,Levulan,43,16833.37,39.0,57.4,1316,2019
Aminolevulinic Acid Hcl,Levulan,44,20525.38,32.0,44.9,1346,2020
Aminolevulinic Acid Hcl,Levulan,75,31336.29,64.0,93.2,2792,2021
Aminolevulinic Acid Hcl,Levulan,88,45398.25,62.0,88.9,2254,2022
Aminolevulinic Acid Hcl,Levulan,154,78265.63,121.0,202.7,5997,2023
Aminolevulinic Acid Hcl,Levulan,57,27688.33,40.0,72.5,2178,2024
Amiodarone Hcl,Amiodarone Hcl,2153843,61265206.35999999,649771.0,3841407.100000001,111557137,2019
Amiodarone Hcl,Amiodarone Hcl,2081863,63560770.70000002,637498.0,3907996.2,113670166,2020
Amiodarone Hcl,Amiodarone Hcl,2007444,65282902.53,654764.0,3874224.7000000007,112671219,2021
Amiodarone Hcl,Amiodarone Hcl,2135707,65362626.42999999,706249.0,4176791.599999999,121281526,2022
Amiodarone Hcl,Amiodarone Hcl,2273370,67807272.24,764899.0,4475826.9,129792087,2023
Amiodarone Hcl,Amiodarone Hcl,2498996,60534071.56999999,848623.0,4934155.500000002,142714790,2024
Amitriptyline Hcl,Amitriptyline Hcl,2994767,72711287.17000002,714166.0,4911276.600000001,145397808,2019
Amitriptyline Hcl,Amitriptyline Hcl,3065990,71262061.69000001,727904.0,5185276.8,153605764,2020
Amitriptyline Hcl,Amitriptyline Hcl,2982362,66448667.25999999,731388.0,5190031.699999998,153761988,2021
Amitriptyline Hcl,Amitriptyline Hcl,2901836,63077192.90000002,720107.0,5142266.1000000015,152269202,2022
Amitriptyline Hcl,Amitriptyline Hcl,2899088,57639136.93000001,725152.0,5202668.799999999,154014267,2023
Amitriptyline Hcl,Amitriptyline Hcl,2940108,42354190.370000005,733656.0,5377529.599999999,159078922,2024
Amitriptyline/Chlordiazepoxide,Chlordiazepoxide-Amitriptyline,2558,174711.42999999996,982.0,2678.6,77916,2019
Amitriptyline/Chlordiazepoxide,Chlordiazepoxide-Amitriptyline,1394,89410.91000000002,545.0,1464.3,43157,2020
Amitriptyline/Chlordiazepoxide,Chlordiazepoxide-Amitriptyline,1185,80776.68999999999,460.0,1237.0,36606,2021
Amitriptyline/Chlordiazepoxide,Chlordiazepoxide-Amitriptyline,1249,84778.93999999999,490.0,1296.0,38278,2022
Amitriptyline/Chlordiazepoxide,Chlordiazepoxide-Amitriptyline,1020,67162.26,400.0,1043.2,30555,2023
Amitriptyline/Chlordiazepoxide,Chlordiazepoxide-Amitriptyline,1087,69068.06000000001,435.0,1109.0,32488,2024
Amivantamab-Vmjw,Rybrevant,11,249197.04,5.0,11.0,308,2021
Amivantamab-Vmjw,Rybrevant,24,369126.6,10.0,24.0,497,2023
Amivantamab-Vmjw,Rybrevant,46,956824.43,20.0,46.0,1239,2024
Amlodipine Benzoate,Katerzia,479,289689.6,175.0,503.3,14313,2020
Amlodipine Benzoate,Katerzia,650,448110.57000000007,215.0,667.9000000000001,18294,2021
Amlodipine Benzoate,Katerzia,412,270582.6400000001,150.0,424.6,11295,2022
Amlodipine Benzoate,Katerzia,545,419828.5299999999,180.0,555.8000000000001,14780,2023
Amlodipine Benzoate,Katerzia,519,436489.97,195.0,530.8,14711,2024
Amlodipine Bes/Olmesartan Med,Amlodipine-Olmesartan,126354,13816167.410000002,33907.0,226119.6,6737791,2019
Amlodipine Bes/Olmesartan Med,Amlodipine-Olmesartan,97696,9673822.720000004,27905.0,192021.3,5732182,2020
Amlodipine Bes/Olmesartan Med,Amlodipine-Olmesartan,90001,8617691.14,26005.0,188881.4,5646386,2021
Amlodipine Bes/Olmesartan Med,Amlodipine-Olmesartan,103476,8328361.739999998,30084.0,223608.8,6680286,2022
Amlodipine Bes/Olmesartan Med,Amlodipine-Olmesartan,134638,10347443.240000002,39459.0,301638.1999999999,8996464,2023
Amlodipine Bes/Olmesartan Med,Amlodipine-Olmesartan,176867,8503810.51,51972.0,406382.79999999993,12117841,2024
Amlodipine Besylate,Amlodipine Besylate,41462181,309347096.00000006,11613907.0,89133181.3,2642599873,2019
Amlodipine Besylate,Amlodipine Besylate,42515071,306883236.3799999,12077024.0,96123925.4,2852406279,2020
Amlodipine Besylate,Amlodipine Besylate,43349540,308132480.64,12849846.0,100997398.29999998,2997694530,2021
Amlodipine Besylate,Amlodipine Besylate,44852631,340239063.66,13584532.0,106261757.4,3152828838,2022
Amlodipine Besylate,Amlodipine Besylate,46601898,402755302.21,14243749.0,111691473.19999996,3312770523,2023
Amlodipine Besylate,Amlodipine Besylate,49246040,312717900.54999995,15037429.0,118940878.9,3524913355,2024
Amlodipine Besylate/Benazepril,Amlodipine Besylate-Benazepril,1384294,42913096.31,347030.0,3060794.7,91393542,2019
Amlodipine Besylate/Benazepril,Amlodipine Besylate-Benazepril,1298466,32126060.57,331660.0,3052204.2000000007,91202786,2020
Amlodipine Besylate/Benazepril,Amlodipine Besylate-Benazepril,1239072,32139435.19,329823.0,3020487.9999999995,90284509,2021
Amlodipine Besylate/Benazepril,Amlodipine Besylate-Benazepril,1207752,28200822.95,325985.0,3009548.2,89938893,2022
Amlodipine Besylate/Benazepril,Amlodipine Besylate-Benazepril,1186649,30075302.81000001,324848.0,2987063.4999999995,89206932,2023
Amlodipine Besylate/Benazepril,Amlodipine Besylate-Benazepril,1207426,21884438.790000003,330872.0,3081024.700000001,92027704,2024
Amlodipine Besylate/Valsartan,Amlodipine-Valsartan,119969,7804872.290000001,34873.0,230565.60000000003,6871730,2019
Amlodipine Besylate/Valsartan,Amlodipine-Valsartan,119012,7480795.660000001,34574.0,241794.6,7207088,2020
Amlodipine Besylate/Valsartan,Amlodipine-Valsartan,134276,8671547.740000002,39420.0,292642.9,8742939,2021
Amlodipine Besylate/Valsartan,Amlodipine-Valsartan,151819,10290923.810000002,44516.0,344471.10000000003,10292419,2022
Amlodipine Besylate/Valsartan,Amlodipine-Valsartan,178232,13462385.15,52604.0,414622.4,12388322,2023
Amlodipine Besylate/Valsartan,Amlodipine-Valsartan,221612,11139255.48,65132.0,521587.70000000007,15579950,2024
Amlodipine/Atorvastatin,Amlodipine-Atorvastatin,24073,5538946.140000001,8013.0,41943.2,1240038,2019
Amlodipine/Atorvastatin,Amlodipine-Atorvastatin,23534,5118701.720000002,7871.0,42054.600000000006,1242267,2020
Amlodipine/Atorvastatin,Amlodipine-Atorvastatin,22292,4609228.160000001,6983.0,39883.0,1177928,2021
Amlodipine/Atorvastatin,Amlodipine-Atorvastatin,23271,4783320.459999999,7163.0,41936.2,1234003,2022
Amlodipine/Atorvastatin,Amlodipine-Atorvastatin,25047,5282133.129999999,7585.0,44905.8,1313355,2023
Amlodipine/Atorvastatin,Amlodipine-Atorvastatin,26302,3883993.840000001,8134.0,48310.49999999998,1420110,2024
Amlodipine/Valsartan/Hcthiazid,Amlodipine-Valsartan-Hctz,17745,2485493.1,5743.0,30654.500000000004,912302,2019
Amlodipine/Valsartan/Hcthiazid,Amlodipine-Valsartan-Hctz,17124,2413502.66,5473.0,32191.9,959498,2020
Amlodipine/Valsartan/Hcthiazid,Exforge Hct,1001,256069.78999999992,401.0,1342.6999999999998,39880,2021
Amlodipine/Valsartan/Hcthiazid,Exforge Hct,629,212215.22,235.0,693.0,20477,2022
Amlodipine/Valsartan/Hcthiazid,Amlodipine-Valsartan-Hctz,2425,823990.8199999998,874.0,3860.6,114207,2023
Amlodipine/Valsartan/Hcthiazid,Amlodipine-Valsartan-Hctz,5477,1860649.5300000005,1767.0,10446.899999999998,308549,2024
Ammonium Lactate,Ammonium Lactate,850479,21657407.43,343079.0,925179.1999999996,26001004,2019
Ammonium Lactate,Ammonium Lactate,788043,20733362.770000003,307607.0,871756.6,24937303,2020
Ammonium Lactate,Ammonium Lactate,872393,22152260.41,357678.0,962924.2,27683085,2021
Ammonium Lactate,Ammonium Lactate,926696,23970597.27,391626.0,1034303.2,29940715,2022
Ammonium Lactate,Ammonium Lactate,926206,23545266.32,401062.0,1061120.4,30911757,2023
Ammonium Lactate,Ammonium Lactate,1043565,22121385.579999994,453334.0,1214854.9999999995,35476436,2024
Amoxapine,Amoxapine,1518,85618.52999999997,464.0,1626.4,43583,2019
Amoxapine,Amoxapine,811,51338.24000000001,276.0,870.0,23776,2020
Amoxapine,Amoxapine,754,51800.46000000001,261.0,777.4000000000001,21935,2021
Amoxapine,Amoxapine,848,54919.39000000001,275.0,876.6,24172,2022
Amoxapine,Amoxapine,682,50710.61,235.0,734.5999999999999,20987,2023
Amoxapine,Amoxapine,776,54886.77000000002,251.0,838.6,24020,2024
Amoxicillin,Amoxicillin,6352994,26589866.64,4891212.0,6396272.5,46497978,2019
Amoxicillin,Amoxicillin,5553710,22052385.5,4231117.0,5600863.499999999,41029387,2020
Amoxicillin,Amoxicillin,6336794,23657785.87,4820667.0,6387503.600000001,45132042,2021
Amoxicillin,Amoxicillin,6931356,28237789.800000004,5305824.0,6987662.099999998,49433949,2022
Amoxicillin,Amoxicillin,7566479,28087912.9,5828754.0,7627536.199999999,53484605,2023
Amoxicillin,Amoxicillin,7967837,23992065.380000003,6134125.0,8039172.599999997,55751890,2024
Amoxicillin/Potassium Clav,Amoxicillin-Clavulanate Potass,3801645,47050371.47999999,3184221.0,3814066.8,35273208,2019
Amoxicillin/Potassium Clav,Amoxicillin-Clavulanate Potass,2927387,36872620.45999999,2359749.0,2941132.2,27327842,2020
Amoxicillin/Potassium Clav,Amoxicillin-Clavulanate Potass,3032530,37027188.29,2495802.0,3047242.0,28068449,2021
Amoxicillin/Potassium Clav,Amoxicillin-Clavulanate Potass,3989813,52288579.92999998,3368993.0,4006301.5,36198249,2022
Amoxicillin/Potassium Clav,Amoxicillin-Clavulanate Potass,4970506,56770802.19000001,4269618.0,4989532.8,44305768,2023
Amoxicillin/Potassium Clav,Amoxicillin-Clavulanate Potass,5804661,54326058.13,5025414.0,5827371.700000001,50771115,2024
Amphetamine,Adzenys Xr-Odt,467,194169.69,170.0,468.0,14040,2019
Amphetamine,Adzenys Xr-Odt,479,216685.99,170.0,491.0,14635,2020
Amphetamine,Adzenys Xr-Odt,540,285513.4000000001,205.0,570.0,17035,2021
Amphetamine,Adzenys Xr-Odt,458,247515.7,170.0,478.0,14284,2022
Amphetamine,Adzenys Xr-Odt,1025,567098.3599999999,355.0,1025.0,30598,2023
Amphetamine,Adzenys Xr-Odt,1504,777060.1900000001,525.0,1545.0,46118,2024
Amphetamine Sulfate,Evekeo,175,99225.58,70.0,175.3,5149,2019
Amphetamine Sulfate,Amphetamine Sulfate,212,96613.08999999998,85.0,216.4,6284,2020
Amphetamine Sulfate,Amphetamine Sulfate,253,102639.2,100.0,253.7,7206,2021
Amphetamine Sulfate,Amphetamine Sulfate,220,55038.69,85.0,221.5,6388,2022
Amphetamine Sulfate,Amphetamine Sulfate,297,133856.71000000002,115.0,303.0,8889,2023
Amphetamine Sulfate,Amphetamine Sulfate,389,69737.60999999999,145.0,407.0,12064,2024
Amphotericin B,Amphotericin B,202,14069.21,67.0,202.0,2424,2019
Amphotericin B,Amphotericin B,186,43381.45999999999,73.0,188.0,2899,2020
Amphotericin B,Amphotericin B,151,19684.250000000004,45.0,151.0,1890,2021
Amphotericin B,Amphotericin B,110,3297.17,30.0,110.0,983,2022
Amphotericin B,Amphotericin B,17,1249.5,5.0,17.0,119,2024
Amphotericin B Lipid Complex,Abelcet,573,446453.74,151.0,576.8,15202,2019
Amphotericin B Lipid Complex,Abelcet,624,438214.88,167.0,631.4,16967,2020
Amphotericin B Lipid Complex,Abelcet,513,389925.79999999993,148.0,525.2,13437,2021
Amphotericin B Lipid Complex,Abelcet,171,165686.4,42.0,175.8,4200,2022
Amphotericin B Liposome,Ambisome,290,480807.1499999999,85.0,293.9,3899,2019
Amphotericin B Liposome,Ambisome,300,625626.24,85.0,302.20000000000005,2968,2020
Amphotericin B Liposome,Ambisome,272,413772.52,70.0,272.0,4073,2021
Amphotericin B Liposome,Ambisome,308,741486.9300000002,85.0,308.0,3569,2022
Amphotericin B Liposome,Amphotericin B Liposome,229,415009.07,75.0,229.0,4713,2023
Amphotericin B Liposome,Amphotericin B Liposome,584,1009173.5,150.0,590.4000000000001,8392,2024
Ampicillin Sod/Sulbactam Sod,Ampicillin-Sulbactam,9431,1224059.95,2464.0,9431.0,27927,2022
Ampicillin Sod/Sulbactam Sod,Ampicillin-Sulbactam,9765,1253696.4900000002,2501.0,9765.0,29017,2023
Ampicillin Sod/Sulbactam Sod,Ampicillin-Sulbactam,10984,1297695.9100000004,2601.0,10984.5,31973,2024
Ampicillin Sodium,Ampicillin Sodium,8797,1557533.8500000003,2555.0,8797.0,25103,2019
Ampicillin Sodium,Ampicillin Sodium,9555,1746571.7199999995,2680.0,9555.6,27336,2020
Ampicillin Sodium,Ampicillin Sodium,11849,2095485.2600000005,3280.0,11857.0,33836,2021
Ampicillin Sodium,Ampicillin Sodium,10796,2043488.9500000004,3028.0,10800.7,33195,2022
Ampicillin Sodium,Ampicillin Sodium,10595,2065128.6,2893.0,10595.0,31672,2023
Ampicillin Sodium,Ampicillin Sodium,11955,2226243.1300000004,3230.0,11955.0,36094,2024
Ampicillin Sodium/Sulbactam Na,Ampicillin-Sulbactam,4178,515457.95,1141.0,4178.3,12097,2019
Ampicillin Sodium/Sulbactam Na,Ampicillin-Sulbactam,6927,901606.1699999998,1901.0,6927.3,21924,2020
Ampicillin Sodium/Sulbactam Na,Ampicillin-Sulbactam,8082,954833.87,2106.0,8082.0,24842,2021
Ampicillin Trihydrate,Ampicillin Trihydrate,33379,465666.8800000001,21391.0,34888.200000000004,406400,2019
Ampicillin Trihydrate,Ampicillin Trihydrate,28591,438296.9,17796.0,30193.500000000004,377930,2020
Ampicillin Trihydrate,Ampicillin Trihydrate,27957,415859.58,17780.0,29401.999999999996,348554,2021
Ampicillin Trihydrate,Ampicillin Trihydrate,26649,393086.8100000001,17227.0,28129.200000000008,331477,2022
Ampicillin Trihydrate,Ampicillin Trihydrate,24175,353240.2400000001,15833.0,25633.700000000004,300643,2023
Ampicillin Trihydrate,Ampicillin Trihydrate,24094,324635.3900000001,16001.0,25637.60000000001,301600,2024
Anagrelide Hcl,Anagrelide Hcl,18442,4696693.980000001,5186.0,25199.800000000007,714928,2019
Anagrelide Hcl,Anagrelide Hcl,11132,4801533.65,3312.0,15794.3,450436,2020
Anagrelide Hcl,Anagrelide Hcl,12191,4686886.72,3666.0,17388.100000000002,509851,2021
Anagrelide Hcl,Anagrelide Hcl,12185,3929290.53,3552.0,17506.6,510612,2022
Anagrelide Hcl,Anagrelide Hcl,12833,3100139.5000000005,3785.0,19231.399999999998,560150,2023
Anagrelide Hcl,Anagrelide Hcl,13274,1869984.63,3836.0,19753.1,577336,2024
Anakinra,Kineret,1861,9228229.72,605.0,1887.2,52379,2019
Anakinra,Kineret,2281,11516881.259999998,770.0,2312.0,63909,2020
Anakinra,Kineret,2353,12642473.309999997,805.0,2379.9000000000005,65443,2021
Anakinra,Kineret,2450,13930670.79,835.0,2460.7,67906,2022
Anakinra,Kineret,2604,15937102.69,880.0,2613.9,71852,2023
Anakinra,Kineret,2801,17386731.73999999,940.0,2826.3000000000006,77474,2024
Anastrozole,Anastrozole,1317872,30314634.78,366105.0,2729093.6,81280887,2019
Anastrozole,Anastrozole,1353900,34532011.169999994,383853.0,2962871.8,88330466,2020
Anastrozole,Anastrozole,1349951,37870649.26,402931.0,3049827.600000001,90898550,2021
Anastrozole,Anastrozole,1377086,36407157.23,420749.0,3164915.0000000005,94319005,2022
Anastrozole,Anastrozole,1412211,39658103.98,437236.0,3272797.7,97490209,2023
Anastrozole,Anastrozole,1495359,28925554.559999995,465962.0,3489245.100000001,103967373,2024
Anidulafungin,Eraxis (Water Diluent),125,108836.93,45.0,125.0,554,2019
Anidulafungin,Eraxis (Water Diluent),225,132100.67,60.0,225.0,705,2020
Anidulafungin,Eraxis (Water Diluent),177,207795.06000000003,45.0,177.0,988,2021
Anidulafungin,Eraxis (Water Diluent),134,64504.91999999999,20.0,134.0,311,2022
Anidulafungin,Eraxis,234,140921.62,50.0,234.0,630,2023
Anidulafungin,Eraxis,142,94770.9,35.0,142.0,498,2024
Anifrolumab-Fnia,Saphnelo,17,81576.57,5.0,17.0,476,2021
Anifrolumab-Fnia,Saphnelo,370,1756839.86,115.0,370.0,10366,2022
Anifrolumab-Fnia,Saphnelo,884,4537617.170000001,270.0,884.0,24748,2023
Anifrolumab-Fnia,Saphnelo,1605,8120271.459999999,460.0,1610.4,45133,2024
Apalutamide,Erleada,12265,147360732.18,3216.0,12443.3,372912,2019
Apalutamide,Erleada,27583,348262435.24,6335.0,27990.9,838848,2020
Apalutamide,Erleada,43671,580687859.85,9212.0,44425.100000000006,1330412,2021
Apalutamide,Erleada,50450,709900815.3600001,10464.0,51381.9,1537250,2022
Apalutamide,Erleada,57408,848132002.6500001,12170.0,58560.50000000001,1752333,2023
Apalutamide,Erleada,80841,1166878397.0200002,15433.0,83189.6,2492330,2024
Apixaban,Eliquis,11300167,6802143144.8,2480861.0,16489151.499999993,459417529,2019
Apixaban,Eliquis,13983290,9357622159.169996,3061023.0,21266420.0,596694597,2020
Apixaban,Eliquis,16087778,11899569359.35,3680341.0,25059758.5,704014722,2021
Apixaban,Eliquis,17993528,14443609917.289995,4189263.0,28483387.800000004,797309676,2022
Apixaban,Eliquis,20163420,17392162956.070004,4771977.0,32167831.19999999,897991546,2023
Apixaban,Eliquis,22996543,19876304796.020004,5459419.0,37151879.0,1037183089,2024
Apomorphine Hcl,Apokyn,2132,47792160.62,597.0,2205.2000000000003,61305,2019
Apomorphine Hcl,Apokyn,2357,56181686.29000001,676.0,2422.1,67854,2020
Apomorphine Hcl,Apokyn,2420,48072068.52,741.0,2443.7,65637,2021
Apomorphine Hcl,Apokyn,2088,31966619.35,637.0,2119.3,53311,2022
Apomorphine Hcl,Apokyn,996,27353270.58,330.0,1040.8000000000002,28057,2023
Apomorphine Hcl,Apokyn,1051,28938212.87,357.0,1140.0999999999997,31414,2024
Apraclonidine Hcl,Apraclonidine Hcl,2402,202965.23,758.0,3283.9,88069,2019
Apraclonidine Hcl,Apraclonidine Hcl,1797,182239.77,526.0,2534.4,68063,2020
Apraclonidine Hcl,Apraclonidine Hcl,1483,143771.06000000003,502.0,2218.5000000000005,61484,2021
Apraclonidine Hcl,Apraclonidine Hcl,1331,125620.01,468.0,2042.0,56479,2022
Apraclonidine Hcl,Apraclonidine Hcl,1018,96312.89,331.0,1670.7000000000005,47233,2023
Apraclonidine Hcl,Apraclonidine Hcl,1288,111815.8,462.0,2105.4,59169,2024
Apremilast,Otezla,77332,276493639.75999993,19476.0,82879.19999999998,2447689,2019
Apremilast,Otezla,89587,341174477.46000016,22039.0,97367.7,2876500,2020
Apremilast,Otezla,97575,405270693.8299999,24313.0,106076.60000000002,3135996,2021
Apremilast,Otezla,109645,497555720.14000016,27252.0,117447.1,3467704,2022
Apremilast,Otezla,132754,640426450.65,32009.0,139688.9,4109290,2023
Apremilast,Otezla,163042,789471953.3199997,38251.0,169505.90000000002,4995202,2024
Aprepitant,Aprepitant,5277,3753875.41,1678.0,5351.700000000001,59590,2019
Aprepitant,Aprepitant,4869,3800150.05,1458.0,4940.700000000001,58684,2020
Aprepitant,Aprepitant,5283,4013741.84,1636.0,5363.6,64277,2021
Aprepitant,Aprepitant,5158,4645936.610000002,1802.0,5267.300000000001,77273,2022
Aprepitant,Aprepitant,5400,4450556.99,2139.0,5531.1,78185,2023
Aprepitant,Aprepitant,7158,4549328.830000001,2541.0,7281.299999999999,106834,2024
Arformoterol Tartrate,Brovana,14271,8516096.319999997,3774.0,14277.000000000002,240982,2019
Arformoterol Tartrate,Brovana,8498,5265800.94,2315.0,8505.3,141773,2020
Arformoterol Tartrate,Brovana,3284,1936281.97,1001.0,3285.5,58244,2021
Arformoterol Tartrate,Arformoterol Tartrate,4298,1599559.92,1255.0,4299.5,79525,2022
Arformoterol Tartrate,Arformoterol Tartrate,5424,1779045.3900000008,1503.0,5426.1,97537,2023
Arformoterol Tartrate,Arformoterol Tartrate,10176,2493171.76,2858.0,10204.7,196722,2024
Aripiprazole,Aripiprazole,2937069,780150644.1300004,599160.0,3571209.299999999,102271122,2019
Aripiprazole,Aripiprazole,3097238,720621445.9,611592.0,3871741.5,111181917,2020
Aripiprazole,Aripiprazole,3173527,734077316.3100001,639490.0,4049114.100000001,116122544,2021
Aripiprazole,Aripiprazole,3248742,853551275.4000003,657514.0,4178635.900000001,119567932,2022
Aripiprazole,Aripiprazole,3380680,844314017.5800002,685346.0,4406326.599999999,125852787,2023
Aripiprazole,Aripiprazole,3538963,750159749.32,714527.0,4710835.900000001,134384957,2024
Aripiprazole Lauroxil,Aristada,47248,116638337.96999998,10659.0,53394.199999999975,1536542,2019
Aripiprazole Lauroxil,Aristada,55806,148111217.87000003,12370.0,64287.50000000001,1852325,2020
Aripiprazole Lauroxil,Aristada,60018,166903475.54,13395.0,69404.79999999999,1996615,2021
Aripiprazole Lauroxil,Aristada,64039,184727411.86000004,14144.0,73686.5,2117588,2022
Aripiprazole Lauroxil,Aristada,64941,194271828.0,14777.0,74877.7,2149680,2023
Aripiprazole Lauroxil,Aristada,63377,188089683.46999997,14614.0,72801.50000000001,2088219,2024
"Aripiprazole Lauroxil,submicr.",Aristada Initio,35,70373.49,35.0,35.0,499,2019
"Aripiprazole Lauroxil,submicr.",Aristada Initio,44,93830.21,43.0,44.0,214,2020
"Aripiprazole Lauroxil,submicr.",Aristada Initio,153,344374.02,137.0,153.0,1309,2021
"Aripiprazole Lauroxil,submicr.",Aristada Initio,81,188451.22,74.0,81.0,813,2022
"Aripiprazole Lauroxil,submicr.",Aristada Initio,58,143294.19,50.0,59.0,1432,2023
"Aripiprazole Lauroxil,submicr.",Aristada Initio,35,82452.56,21.0,35.0,892,2024
Armodafinil,Armodafinil,59988,10024789.89,17143.0,68584.1,2004875,2019
Armodafinil,Armodafinil,62075,8645853.459999999,17439.0,71746.09999999999,2100114,2020
Armodafinil,Armodafinil,59958,7065122.140000001,17124.0,70002.6,2053362,2021
Armodafinil,Armodafinil,61462,7116135.210000001,17276.0,71863.7,2108618,2022
Armodafinil,Armodafinil,63259,7041856.040000001,17836.0,75274.10000000002,2220781,2023
Armodafinil,Armodafinil,70176,5610750.35,19499.0,84663.19999999998,2496641,2024
Artemether/Lumefantrine,Coartem,198,36214.43,66.0,203.5,2759,2019
Artemether/Lumefantrine,Coartem,151,29539.65,45.0,157.5,1805,2020
Artemether/Lumefantrine,Coartem,82,12788.12,20.0,86.0,626,2021
Artemether/Lumefantrine,Coartem,94,28633.24,30.0,98.4,2068,2022
Artemether/Lumefantrine,Coartem,112,40036.22000000001,40.0,118.0,1966,2023
Artemether/Lumefantrine,Coartem,145,40724.06,45.0,156.5,2521,2024
Asciminib Hydrochloride,Scemblix,572,11804753.39,200.0,585.0,17193,2022
Asciminib Hydrochloride,Scemblix,2045,54378478.8,674.0,2086.2,62089,2023
Asciminib Hydrochloride,Scemblix,3987,96774378.48000003,1237.0,4058.3,120924,2024
Asenapine,Secuado,126,165532.55,45.0,134.0,4020,2020
Asenapine,Secuado,787,949164.8199999998,221.0,803.1,22585,2021
Asenapine,Secuado,1372,1723859.56,410.0,1387.0,38078,2022
Asenapine,Secuado,1623,2153655.0800000005,489.0,1633.0,45710,2023
Asenapine,Secuado,2260,2969665.1700000004,707.0,2266.4,61396,2024
Asenapine Maleate,Saphris,83917,78063804.3,19986.0,89279.59999999999,2484541,2019
Asenapine Maleate,Saphris,76858,72565883.36000001,18391.0,82614.4,2315064,2020
Asenapine Maleate,Saphris,50507,30819837.730000004,14025.0,54755.4,1547993,2021
Asenapine Maleate,Asenapine Maleate,50357,21439844.49,13262.0,55877.599999999984,1584387,2022
Asenapine Maleate,Saphris,47353,19279044.57,12866.0,52584.70000000002,1506973,2023
Asenapine Maleate,Asenapine Maleate,42727,12711408.76,11774.0,47895.80000000001,1384474,2024
Asfotase Alfa,Strensiq,805,79053341.36,195.0,814.0,22752,2019
Asfotase Alfa,Strensiq,1187,113858497.05,270.0,1199.8,32696,2020
Asfotase Alfa,Strensiq,1530,150293066.86,360.0,1546.1,43179,2021
Asfotase Alfa,Strensiq,1842,183776050.57000005,430.0,1860.2,50734,2022
Asfotase Alfa,Strensiq,2135,210539310.28,465.0,2143.7,59597,2023
Asfotase Alfa,Strensiq,2749,265657263.90000004,612.0,2773.2000000000003,75270,2024
Aspirin/Dipyridamole,Aspirin-Dipyridamole Er,118974,38775699.50000001,35652.0,145400.69999999998,4051948,2019
Aspirin/Dipyridamole,Aspirin-Dipyridamole Er,90240,24664710.410000004,27397.0,114318.19999999998,3186627,2020
Aspirin/Dipyridamole,Aspirin-Dipyridamole Er,61459,14631954.52,19293.0,78745.40000000004,2209934,2021
Aspirin/Dipyridamole,Aspirin-Dipyridamole Er,45575,10516929.250000002,14832.0,57672.600000000006,1622944,2022
Aspirin/Dipyridamole,Aspirin-Dipyridamole Er,35021,7113316.309999999,11663.0,43888.599999999984,1242719,2023
Aspirin/Dipyridamole,Aspirin-Dipyridamole Er,28958,3741452.93,9751.0,36179.3,1029637,2024
Aspirin/Omeprazole,Yosprala,127,14131.18,40.0,139.0,4170,2019
Aspirin/Omeprazole,Yosprala,12,815.92,5.0,12.0,360,2020
Atazanavir Sulfate,Atazanavir Sulfate,32002,17636637.849999998,7549.0,33508.6,985349,2019
Atazanavir Sulfate,Atazanavir Sulfate,22018,11688618.44,5653.0,24203.5,713674,2020
Atazanavir Sulfate,Atazanavir Sulfate,14866,7365086.120000001,4003.0,16951.1,498298,2021
Atazanavir Sulfate,Atazanavir Sulfate,11119,5435942.400000001,3145.0,12848.0,374281,2022
Atazanavir Sulfate,Atazanavir Sulfate,8500,4512895.22,2521.0,10066.8,294780,2023
Atazanavir Sulfate,Atazanavir Sulfate,6733,2610735.7800000003,2030.0,8091.3,237902,2024
Atazanavir Sulfate/Cobicistat,Evotaz,9550,15863592.21,2306.0,9755.0,289017,2019
Atazanavir Sulfate/Cobicistat,Evotaz,8264,14044164.889999991,2098.0,8589.1,255379,2020
Atazanavir Sulfate/Cobicistat,Evotaz,7002,11909499.57,1858.0,7137.5,213132,2021
Atazanavir Sulfate/Cobicistat,Evotaz,5675,9743954.029999996,1533.0,5796.7,172928,2022
Atazanavir Sulfate/Cobicistat,Evotaz,4580,7934284.669999997,1328.0,4693.0,139465,2023
Atazanavir Sulfate/Cobicistat,Evotaz,4146,6650131.679999999,1233.0,4222.0,124911,2024
Atenolol,Atenolol,7836699,75037794.53999996,2052956.0,18353397.1,546790620,2019
Atenolol,Atenolol,7523290,72334387.77000001,1955951.0,17818297.000000007,530907756,2020
Atenolol,Atenolol,7092942,68786377.92999999,1883280.0,17285165.500000004,515114701,2021
Atenolol,Atenolol,6503733,62119953.48999999,1781267.0,16347643.6,487045649,2022
Atenolol,Atenolol,6090618,64228470.29999999,1672003.0,15452972.500000004,460198581,2023
Atenolol,Atenolol,5822437,45232313.12000001,1588124.0,14869007.4,442651301,2024
Atenolol/Chlorthalidone,Atenolol-Chlorthalidone,262356,9121247.16,72848.0,551275.7999999999,16463594,2019
Atenolol/Chlorthalidone,Atenolol-Chlorthalidone,230940,8801413.89,65163.0,512057.0,15301460,2020
Atenolol/Chlorthalidone,Atenolol-Chlorthalidone,196598,7561566.72,57234.0,448303.5,13391498,2021
Atenolol/Chlorthalidone,Atenolol-Chlorthalidone,172797,6990368.44,50920.0,401482.00000000006,11991751,2022
Atenolol/Chlorthalidone,Atenolol-Chlorthalidone,151198,6001295.440000001,44929.0,356377.60000000003,10639549,2023
Atenolol/Chlorthalidone,Atenolol-Chlorthalidone,137561,3400381.11,41092.0,328135.20000000007,9793962,2024
Atezolizumab,Tecentriq,645,6121944.83,170.0,645.4,13886,2019
Atezolizumab,Tecentriq,775,7745928.6,230.0,775.0,16908,2020
Atezolizumab,Tecentriq,909,9251724.95,237.0,909.0,19641,2021
Atezolizumab,Tecentriq,1482,15715281.189999998,363.0,1483.8,31574,2022
Atezolizumab,Tecentriq,1821,20068662.81,445.0,1832.0,39136,2023
Atezolizumab,Tecentriq,1277,13553505.040000005,320.0,1277.0,27093,2024
Atogepant,Qulipta,102,102841.7,45.0,102.0,3030,2021
Atogepant,Qulipta,23950,27571846.79999999,6439.0,26616.599999999995,791346,2022
Atogepant,Qulipta,74129,91532247.46,18492.0,83545.7,2477517,2023
Atogepant,Qulipta,158395,191454805.76,36990.0,178981.69999999998,5304424,2024
Atomoxetine Hcl,Atomoxetine Hcl,102925,19472710.75,27722.0,116192.5,3326221,2019
Atomoxetine Hcl,Atomoxetine Hcl,114590,19538904.8,30179.0,130804.8,3766737,2020
Atomoxetine Hcl,Atomoxetine Hcl,120992,17592254.76,31761.0,139688.6,4022230,2021
Atomoxetine Hcl,Atomoxetine Hcl,136084,20904314.260000005,35448.0,157827.5,4529522,2022
Atomoxetine Hcl,Atomoxetine Hcl,159080,22413604.050000004,40986.0,186569.9,5351918,2023
Atomoxetine Hcl,Atomoxetine Hcl,184241,17394065.259999998,47290.0,220553.0,6354833,2024
Atorvastatin Calcium,Atorvastatin Calcium,53941582,926678181.0599998,15808275.0,122644489.00000006,3641414994,2019
Atorvastatin Calcium,Atorvastatin Calcium,57434322,853122856.9999999,16878587.0,135816283.1,4034051841,2020
Atorvastatin Calcium,Atorvastatin Calcium,60307126,832496098.2700002,18252467.0,145559849.29999995,4323259527,2021
Atorvastatin Calcium,Atorvastatin Calcium,63972233,842381424.5100001,19620926.0,156135983.8,4634677734,2022
Atorvastatin Calcium,Atorvastatin Calcium,67633912,993675781.9300004,20817428.0,166266169.6,4932858629,2023
Atorvastatin Calcium,Atorvastatin Calcium,72478232,751750949.9499999,22184851.0,178559448.90000007,5291818545,2024
Atovaquone,Atovaquone,23565,21221158.399999995,6574.0,24402.3,650310,2019
Atovaquone,Atovaquone,30388,25867205.579999994,8133.0,31922.6,855758,2020
Atovaquone,Atovaquone,31920,25607119.30000001,8672.0,33107.7,894383,2021
Atovaquone,Atovaquone,30918,27211730.97,8454.0,33001.40000000001,893084,2022
Atovaquone,Atovaquone,35123,27606754.95,9751.0,38080.100000000006,1030509,2023
Atovaquone,Atovaquone,44082,21645670.84,12300.0,49084.00000000002,1328730,2024
Atovaquone/Proguanil Hcl,Atovaquone-Proguanil Hcl,31950,2683464.82,29918.0,34091.50000000001,738069,2019
Atovaquone/Proguanil Hcl,Atovaquone-Proguanil Hcl,6008,706710.6999999998,5083.0,6579.400000000001,148282,2020
Atovaquone/Proguanil Hcl,Atovaquone-Proguanil Hcl,4884,638060.5,4124.0,5632.700000000001,137801,2021
Atovaquone/Proguanil Hcl,Atovaquone-Proguanil Hcl,18620,2038172.5500000005,17472.0,20715.9,474179,2022
Atovaquone/Proguanil Hcl,Atovaquone-Proguanil Hcl,29204,2660430.1500000004,27557.0,31713.4,709274,2023
Atovaquone/Proguanil Hcl,Atovaquone-Proguanil Hcl,37996,2498671.77,36046.0,41241.69999999999,920796,2024
Atropine Sulfate,Atropine Sulfate,54170,2710494.89,34085.0,69711.20000000001,1654565,2019
Atropine Sulfate,Atropine Sulfate,78708,4197676.0,46046.0,102333.00000000004,2388027,2020
Atropine Sulfate,Atropine Sulfate,86864,4778379.7700000005,52539.0,117465.3,2905377,2021
Atropine Sulfate,Atropine Sulfate,97736,4794604.55,56724.0,127403.3,3047531,2022
Atropine Sulfate,Atropine Sulfate,100593,4703269.3500000015,58710.0,131869.3,3128935,2023
Atropine Sulfate,Atropine Sulfate,122812,4843166.7,70034.0,162064.29999999996,3892037,2024
Atropine Sulfate/Pf,Atropine Sulfate,52,2344.31,10.0,52.0,162,2023
Atropine Sulfate/Pf,Atropine Sulfate,53,2355.83,15.0,53.4,594,2024
Auranofin,Ridaura,625,675826.32,205.0,709.4,19113,2019
Auranofin,Ridaura,606,630933.24,190.0,677.8000000000001,18083,2020
Auranofin,Ridaura,513,543589.35,170.0,552.8,15139,2021
Auranofin,Ridaura,525,569300.1699999999,165.0,569.7,15646,2022
Auranofin,Ridaura,455,585662.8,140.0,497.3,13688,2023
Auranofin,Ridaura,349,462574.12,110.0,387.3,11202,2024
Avacincaptad Pegol Sodium/Pf,Izervay,44,116251.2,16.0,44.0,1244,2023
Avacincaptad Pegol Sodium/Pf,Izervay,1094,3204256.3999999994,237.0,1171.9,33376,2024
Avacopan,Tavneos,261,3823389.84,95.0,261.0,7804,2022
Avacopan,Tavneos,753,11437644.079999998,270.0,757.0,22710,2023
Avacopan,Tavneos,2146,33870043.36,735.0,2160.0,64630,2024
Avalglucosidase Alfa-Ngpt,Nexviazyme,148,9726706.15,55.0,148.0,3836,2022
Avalglucosidase Alfa-Ngpt,Nexviazyme,278,15722239.97,80.0,278.0,5978,2023
Avalglucosidase Alfa-Ngpt,Nexviazyme,488,25738337.96,140.0,488.0,10442,2024
Avapritinib,Ayvakit,28,1276310.9,10.0,28.0,840,2020
Avapritinib,Ayvakit,26,893247.97,10.0,26.0,780,2021
Avapritinib,Ayvakit,325,11445854.49,120.0,325.0,9676,2022
Avapritinib,Ayvakit,516,20043820.86,180.0,516.0,15480,2023
Avapritinib,Ayvakit,2291,91089581.85000002,655.0,2293.0,68653,2024
Avatrombopag Maleate,Doptelet,129,1384902.5,61.0,129.0,1225,2019
Avatrombopag Maleate,Doptelet,445,5054394.140000001,130.0,447.8,12101,2020
Avatrombopag Maleate,Doptelet,929,11721759.77,295.0,949.2,27499,2021
Avatrombopag Maleate,Doptelet,1610,20912324.24000001,530.0,1630.8,47239,2022
Avatrombopag Maleate,Doptelet,2758,38888331.28,922.0,2815.2000000000003,82008,2023
Avatrombopag Maleate,Doptelet,5314,73525157.74,1640.0,5456.600000000002,158678,2024
Avelumab,Bavencio,13,170938.29,5.0,13.0,364,2020
Avelumab,Bavencio,49,657673.1,20.0,49.0,1372,2021
Avelumab,Bavencio,76,1020400.29,25.0,76.0,1946,2022
Avelumab,Bavencio,104,1143938.4300000002,35.0,104.0,2170,2023
Avelumab,Bavencio,71,728443.5599999999,20.0,71.0,1337,2024
Axitinib,Inlyta,4411,63753361.63000001,1227.0,4445.0,131100,2019
Axitinib,Inlyta,8255,125116373.21999995,2367.0,8294.5,244622,2020
Axitinib,Inlyta,12800,203259314.06000003,3554.0,12836.1,378966,2021
Axitinib,Inlyta,13328,223582236.8700001,3657.0,13366.9,395289,2022
Axitinib,Inlyta,14055,256923267.41,3882.0,14086.7,415044,2023
Axitinib,Inlyta,13853,240932040.93000004,3836.0,13916.7,410308,2024
Azacitidine,Azacitidine,606,2025965.0799999996,175.0,609.0,15247,2019
Azacitidine,Azacitidine,632,2322953.36,165.0,637.4,16207,2020
Azacitidine,Onureg,1244,15978300.54,375.0,1244.0,34146,2021
Azacitidine,Onureg,2173,27995994.819999997,567.0,2176.5,51468,2022
Azacitidine,Onureg,2204,25729400.68,555.0,2210.5,50179,2023
Azacitidine,Onureg,2943,45501359.91,800.0,2960.5999999999995,73992,2024
Azathioprine,Azathioprine,298673,19994604.979999997,74953.0,505274.2,14982503,2019
Azathioprine,Azathioprine,292000,20263445.919999994,74221.0,521098.6999999999,15460454,2020
Azathioprine,Azathioprine,275142,16747232.989999996,72379.0,509616.4,15128163,2021
Azathioprine,Azathioprine,263656,19990716.26,70771.0,502729.5999999999,14928435,2022
Azathioprine,Azathioprine,258331,17517193.200000003,69826.0,503368.2,14952732,2023
Azathioprine,Azathioprine,264785,12591251.19,71725.0,521054.60000000027,15464143,2024
Azathioprine Sodium,Azathioprine Sodium,91,56034.6,5.0,91.0,309,2024
Azelaic Acid,Azelaic Acid,7253,1787207.45,3251.0,8057.3,219160,2019
Azelaic Acid,Azelaic Acid,11068,2208398.1700000004,4727.0,12307.899999999998,340789,2020
Azelaic Acid,Azelaic Acid,15849,3015979.430000001,7015.0,17418.600000000002,488507,2021
Azelaic Acid,Azelaic Acid,18710,3420977.38,8119.0,20907.700000000004,604546,2022
Azelaic Acid,Azelaic Acid,23697,3825435.25,10568.0,27160.9,789493,2023
Azelaic Acid,Azelaic Acid,32988,3683046.23,14962.0,37868.3,1106596,2024
Azelastine Hcl,Azelastine Hcl,1474939,65371809.40999999,649649.0,1993906.7,57618536,2019
Azelastine Hcl,Azelastine Hcl,1614945,69057951.32,657221.0,2279333.5,65923211,2020
Azelastine Hcl,Azelastine Hcl,1786233,74774215.99,743464.0,2566341.100000001,74391874,2021
Azelastine Hcl,Azelastine Hcl,1989268,83844285.38000003,854709.0,2910180.5999999987,84654144,2022
Azelastine Hcl,Azelastine Hcl,2232579,81907573.94000001,959825.0,3322952.500000001,96758483,2023
Azelastine Hcl,Azelastine Hcl,2670346,69390514.80000001,1143055.0,4041973.5000000014,117795133,2024
Azelastine/Fluticasone,Dymista,38535,8964777.92,12886.0,48468.5,1438567,2019
Azelastine/Fluticasone,Azelastine-Fluticasone,22774,4932444.710000002,8467.0,29069.19999999999,862081,2020
Azelastine/Fluticasone,Azelastine-Fluticasone,35137,6687426.950000001,12363.0,44680.90000000001,1321663,2021
Azelastine/Fluticasone,Azelastine-Fluticasone,39671,7158052.739999999,14204.0,51040.49999999999,1494602,2022
Azelastine/Fluticasone,Azelastine-Fluticasone,43509,7416326.000000002,15808.0,55888.79999999999,1647918,2023
Azelastine/Fluticasone,Azelastine-Fluticasone,57678,7148522.069999999,21296.0,75088.4,2229449,2024
Azilsartan Med/Chlorthalidone,Edarbyclor,46804,12472562.689999998,11342.0,64238.9,1923092,2019
Azilsartan Med/Chlorthalidone,Edarbyclor,47806,13809713.410000004,11246.0,67744.70000000001,2029007,2020
Azilsartan Med/Chlorthalidone,Edarbyclor,45178,14141726.010000004,10741.0,66254.4,1984594,2021
Azilsartan Med/Chlorthalidone,Edarbyclor,40791,13519355.939999998,9670.0,60688.100000000006,1817855,2022
Azilsartan Med/Chlorthalidone,Edarbyclor,36134,12668573.98,8595.0,54314.79999999999,1626831,2023
Azilsartan Med/Chlorthalidone,Edarbyclor,32711,11523018.81,7692.0,48795.29999999999,1460639,2024
Azilsartan Medoxomil,Edarbi,56321,15868584.39,13867.0,79734.29999999999,2381922,2019
Azilsartan Medoxomil,Edarbi,57984,17678810.649999995,13999.0,84558.6,2529928,2020
Azilsartan Medoxomil,Edarbi,54996,18172241.780000005,13266.0,82680.0,2475954,2021
Azilsartan Medoxomil,Edarbi,52273,18333485.73,12255.0,79970.99999999999,2392876,2022
Azilsartan Medoxomil,Edarbi,48293,18117930.200000007,11682.0,75413.90000000001,2256544,2023
Azilsartan Medoxomil,Edarbi,44717,17014991.51,10842.0,69494.90000000001,2079897,2024
Azithromycin,Azithromycin,6751598,60877969.45999999,5391900.0,6931117.7,49174948,2019
Azithromycin,Azithromycin,4957912,47540380.03999999,3731400.0,5169139.800000001,42170201,2020
Azithromycin,Azithromycin,4616405,43713892.38999999,3544311.0,4844763.299999998,40694768,2021
Azithromycin,Azithromycin,6573895,60166780.45,5198832.0,6827500.100000001,51658560,2022
Azithromycin,Azithromycin,6703405,49317787.52,5331274.0,6989275.899999999,54039390,2023
Azithromycin,Azithromycin,7141457,38032034.43999998,5689926.0,7471944.300000003,58829107,2024
Aztreonam,Azactam,804,503691.88,258.0,812.6,4648,2019
Aztreonam,Aztreonam,873,554754.7599999998,261.0,887.7,5702,2020
Aztreonam,Aztreonam,1195,915145.4300000002,345.0,1209.9,7836,2021
Aztreonam,Aztreonam,848,686548.9699999999,250.0,870.9,6136,2022
Aztreonam,Azactam,780,654661.9500000001,223.0,801.2,6184,2023
Aztreonam,Aztreonam,803,492532.33,220.0,826.7,5939,2024
Aztreonam Lysine,Cayston,2092,19348124.12,561.0,2768.0,80740,2019
Aztreonam Lysine,Cayston,2202,21552727.68,597.0,2931.9,85552,2020
Aztreonam Lysine,Cayston,1789,18780507.63,497.0,2510.0000000000014,73639,2021
Aztreonam Lysine,Cayston,1351,15188854.28,387.0,1962.2,57790,2022
Aztreonam Lysine,Cayston,1240,15365346.359999996,358.0,1796.0999999999997,52844,2023
Aztreonam Lysine,Cayston,1354,16086667.830000006,399.0,2019.7,59602,2024
B Cmplx 4/Vit D3/C/Folic/Zinc,Vital-D Rx,11,187.17,5.0,15.0,450,2019
B Complex W-C No.20/Folic Acid,Virt-Caps,81,1749.39,30.0,113.0,3334,2019
B Complex W-C No.20/Folic Acid,Triphrocaps,162,3225.28,45.0,234.0,7010,2020
B Complex W-C No.20/Folic Acid,Virt-Caps,222,4420.51,68.0,318.0,9516,2021
B Complex W-C No.20/Folic Acid,Virt-Caps,250,5632.53,90.0,388.4,11568,2022
B Complex W-C No.20/Folic Acid,Virt-Caps,25,623.6,10.0,27.7,821,2023
B Complex W-C No.20/Folic Acid,Renal Caps,12,325.08,5.0,12.2,364,2024
Bacitracin,Bacitracin,37271,3599516.18,23273.0,38115.5,499883,2019
Bacitracin,Bacitracin,18295,1763532.0300000005,10789.0,18804.6,257709,2020
Bacitracin,Bacitracin,11458,1111212.83,7261.0,11793.499999999998,163171,2021
Bacitracin,Bacitracin,66,6838.92,26.0,66.3,1610,2022
Bacitracin,Bacitracin,2287,244332.54000000007,1511.0,2338.6,32033,2023
Bacitracin,Bacitracin,1790,156777.89,1138.0,1843.2000000000005,25659,2024
Bacitracin/Polymyxin B Sulfate,Bacitracin-Polymyxin,13244,216562.35,9459.0,13357.600000000004,159484,2019
Bacitracin/Polymyxin B Sulfate,Bacitracin-Polymyxin,12314,211247.16000000003,7639.0,12535.3,157313,2020
Bacitracin/Polymyxin B Sulfate,Bacitracin-Polymyxin,13234,202839.49999999997,8483.0,13479.1,171337,2021
Bacitracin/Polymyxin B Sulfate,Bacitracin-Polymyxin,15557,233084.38,9923.0,15918.000000000004,206646,2022
Bacitracin/Polymyxin B Sulfate,Bacitracin-Polymyxin,13575,203933.28999999995,8908.0,13834.9,175633,2023
Bacitracin/Polymyxin B Sulfate,Bacitracin-Polymyxin,14253,185995.58000000005,9522.0,14587.600000000006,188595,2024
Baclofen,Baclofen,4180970,104250251.78,1210862.0,5340168.399999999,145726015,2019
Baclofen,Baclofen,4197835,118689951.96999995,1168686.0,5442753.299999999,148934955,2020
Baclofen,Baclofen,4209919,121029225.64,1201888.0,5495974.600000001,150031675,2021
Baclofen,Baclofen,4176992,120721377.73999998,1213751.0,5496356.0,149762480,2022
Baclofen,Baclofen,4288521,99515404.91,1251351.0,5675216.500000002,154322383,2023
Baclofen,Baclofen,4472772,76449143.03,1304396.0,5964188.5,161686609,2024
Balanced Salt Irrig Soln No.2,Bss,88,1038.05,20.0,88.0,1157,2019
Balanced Salt Irrig Soln No.2,Bss,61,449.29,20.0,61.0,1061,2020
Balanced Salt Irrig Soln No.2,Bss,146,1782.33,45.0,146.0,2295,2021
Balanced Salt Irrig Soln No.2,Bss,124,2214.54,40.0,124.0,2601,2022
Balanced Salt Irrig Soln No.2,Bss,54,500.86,20.0,54.0,1620,2023
Baloxavir Marboxil,Xofluza,433,65954.54,387.0,434.0,3683,2019
Baloxavir Marboxil,Xofluza,1012,157998.24000000002,871.0,1015.7,10090,2020
Baloxavir Marboxil,Xofluza,372,65841.79999999999,342.0,377.0,2680,2021
Baloxavir Marboxil,Xofluza,1712,292671.47000000003,1620.0,1714.3,14404,2022
Baloxavir Marboxil,Xofluza,507,87123.91000000003,486.0,507.0,5874,2023
Baloxavir Marboxil,Xofluza,1046,178529.87,1018.0,1050.3,9187,2024
Balsalazide Disodium,Balsalazide Disodium,75327,14384952.529999996,19551.0,112881.19999999998,3301867,2019
Balsalazide Disodium,Balsalazide Disodium,76459,15878154.489999998,19956.0,121691.89999999994,3582749,2020
Balsalazide Disodium,Balsalazide Disodium,71609,14605101.779999996,19308.0,117701.5,3459947,2021
Balsalazide Disodium,Balsalazide Disodium,64525,13277619.019999998,17758.0,108967.80000000002,3195579,2022
Balsalazide Disodium,Balsalazide Disodium,59669,12042594.179999998,16520.0,100900.59999999998,2959125,2023
Balsalazide Disodium,Balsalazide Disodium,56768,9286548.750000004,15758.0,97367.9,2849806,2024
Baricitinib,Olumiant,2907,6836140.130000002,769.0,3108.3,93040,2019
Baricitinib,Olumiant,3965,9794028.249999998,1162.0,4224.2,126662,2020
Baricitinib,Olumiant,3818,10076566.78,1113.0,4075.0,122250,2021
Baricitinib,Olumiant,3724,10617757.000000002,1050.0,4053.0,121297,2022
Baricitinib,Olumiant,3864,12195370.140000002,1210.0,4133.2,123251,2023
Baricitinib,Olumiant,4892,16150207.86,1462.0,5240.6,156187,2024
Bcg Live,Bcg (Tice Strain),119,59549.57000000001,63.0,132.79999999999998,2961,2019
Bcg Live,Bcg (Tice Strain),157,100158.88,81.0,178.70000000000002,4610,2020
Bcg Live,Bcg (Tice Strain),180,112745.29,98.0,202.50000000000003,4975,2021
Bcg Live,Bcg (Tice Strain),314,198537.18,164.0,349.6,8359,2022
Bcg Live,Bcg (Tice Strain),520,311883.9099999999,244.0,588.0999999999999,13970,2023
Bcg Live,Bcg (Tice Strain),368,214758.06000000003,196.0,415.69999999999993,10131,2024
Becaplermin,Regranex,2627,3937910.680000001,1035.0,2898.6000000000004,79817,2019
Becaplermin,Regranex,1646,2515819.16,628.0,2023.3,56521,2020
Becaplermin,Regranex,137,184484.01,67.0,137.0,3737,2021
Becaplermin,Regranex,1046,1780386.0800000003,455.0,1124.5000000000002,30041,2022
Becaplermin,Regranex,1188,2005742.08,489.0,1319.9,32867,2023
Becaplermin,Regranex,118,198106.32,63.0,156.6,4627,2024
Beclomethasone Dipropionate,Qvar Redihaler,124186,29520216.390000004,49820.0,179605.30000000005,5346587,2019
Beclomethasone Dipropionate,Qvar Redihaler,87782,25602042.259999994,26773.0,117731.0,3503134,2020
Beclomethasone Dipropionate,Qvar Redihaler,68740,21090610.889999997,21146.0,92490.6,2754485,2021
Beclomethasone Dipropionate,Qvar Redihaler,57329,17874776.770000007,18114.0,78205.59999999999,2333996,2022
Beclomethasone Dipropionate,Qvar Redihaler,50518,16811413.85,16215.0,69679.70000000001,2079100,2023
Beclomethasone Dipropionate,Qvar Redihaler,74209,23997020.800000004,24719.0,105129.39999999998,3140364,2024
Bedaquiline Fumarate,Sirturo,95,390260.46,35.0,95.0,2665,2019
Bedaquiline Fumarate,Sirturo,109,450942.25,45.0,109.0,3038,2020
Bedaquiline Fumarate,Sirturo,196,909806.51,60.0,196.0,5474,2021
Bedaquiline Fumarate,Sirturo,160,644132.9400000001,60.0,160.0,4480,2022
Bedaquiline Fumarate,Sirturo,288,1261347.09,85.0,293.2,8204,2023
Bedaquiline Fumarate,Sirturo,291,1176369.19,95.0,291.0,8154,2024
Belantamab Mafodotin-Blmf,Blenrep,12,347406.59,5.0,12.0,252,2022
Belatacept,Nulojix,1731,3795568.39,371.0,1736.6,46403,2019
Belatacept,Nulojix,2274,5113379.930000001,492.0,2305.1000000000004,63670,2020
Belatacept,Nulojix,2588,5465571.4,548.0,2598.2000000000003,71855,2021
Belatacept,Nulojix,2186,4734919.260000003,486.0,2200.3,61336,2022
Belatacept,Nulojix,1913,4154477.4699999993,490.0,1920.2,53561,2023
Belatacept,Nulojix,1851,4067971.14,500.0,1869.0,51618,2024
Belimumab,Benlysta,14131,51177669.73000001,3143.0,14446.7,404215,2019
Belimumab,Benlysta,19055,73003590.26,4100.0,19682.7,551045,2020
Belimumab,Benlysta,22838,92683206.67,5109.0,23325.5,651600,2021
Belimumab,Benlysta,26356,114194710.21000004,5832.0,26843.6,750394,2022
Belimumab,Benlysta,30590,145158069.44,6828.0,31122.3,870395,2023
Belimumab,Benlysta,35996,170650112.99000007,7905.0,36998.60000000001,1036363,2024
Belumosudil Mesylate,Rezurock,242,5516046.29,75.0,242.0,7260,2021
Belumosudil Mesylate,Rezurock,2981,65021089.24,698.0,3023.0,90449,2022
Belumosudil Mesylate,Rezurock,4592,107144573.60999998,1091.0,4664.0,139411,2023
Belumosudil Mesylate,Rezurock,8245,197067949.48,1703.0,8381.4,251012,2024
Belzutifan,Welireg,17,466767.2,5.0,17.0,510,2021
Belzutifan,Welireg,395,10269631.62,115.0,395.0,11850,2022
Belzutifan,Welireg,1119,28572661.08,325.0,1119.0,33534,2023
Belzutifan,Welireg,3590,90272008.62999998,1021.0,3593.0,107379,2024
Bempedoic Acid,Nexletol,1457,665546.4400000002,518.0,1975.0,59227,2020
Bempedoic Acid,Nexletol,15708,7948825.160000001,4448.0,22455.0,671959,2021
Bempedoic Acid,Nexletol,22523,13229845.420000002,6168.0,33227.4,993484,2022
Bempedoic Acid,Nexletol,28857,18256001.75,7980.0,44323.80000000001,1325723,2023
Bempedoic Acid,Nexletol,48827,30657243.739999995,14074.0,78403.90000000001,2348737,2024
Bempedoic Acid/Ezetimibe,Nexlizet,481,238851.6,203.0,722.1,21578,2020
Bempedoic Acid/Ezetimibe,Nexlizet,13208,7175893.219999999,3894.0,20287.8,606685,2021
Bempedoic Acid/Ezetimibe,Nexlizet,25887,16211723.81,7051.0,40748.8,1218762,2022
Bempedoic Acid/Ezetimibe,Nexlizet,37199,24878468.4,9857.0,60098.5,1799030,2023
Bempedoic Acid/Ezetimibe,Nexlizet,57035,37996452.6,15614.0,97087.1,2906974,2024
Benazepril Hcl,Benazepril Hcl,2176009,23656452.1,556181.0,5051359.699999999,150356044,2019
Benazepril Hcl,Benazepril Hcl,2052461,21988890.06,524589.0,4961240.4,147757019,2020
Benazepril Hcl,Benazepril Hcl,1866638,20588560.319999997,490436.0,4618082.000000001,137592094,2021
Benazepril Hcl,Benazepril Hcl,1724921,21295454.870000005,461341.0,4322412.7,128750434,2022
Benazepril Hcl,Benazepril Hcl,1647705,27372136.67000001,443308.0,4168943.599999999,124178654,2023
Benazepril Hcl,Benazepril Hcl,1570778,16166576.990000004,422942.0,3994450.1,118974911,2024
Benazepril/Hydrochlorothiazide,Benazepril-Hydrochlorothiazide,140074,8824847.699999997,41127.0,289596.7,8586179,2019
Benazepril/Hydrochlorothiazide,Benazepril-Hydrochlorothiazide,121149,6819660.919999998,35780.0,265834.70000000007,7896124,2020
Benazepril/Hydrochlorothiazide,Benazepril-Hydrochlorothiazide,102790,4910732.91,30660.0,231515.6000000001,6879819,2021
Benazepril/Hydrochlorothiazide,Benazepril-Hydrochlorothiazide,91258,4155379.96,27464.0,208222.09999999992,6177248,2022
Benazepril/Hydrochlorothiazide,Benazepril-Hydrochlorothiazide,84070,3963062.32,25586.0,193052.5000000001,5720395,2023
Benazepril/Hydrochlorothiazide,Benazepril-Hydrochlorothiazide,77653,2360820.85,23789.0,178762.4,5306698,2024
Bendamustine Hcl,Treanda,185,1436050.78,50.0,185.0,4797,2019
Bendamustine Hcl,Bendeka,113,1029479.71,40.0,113.0,2881,2020
Bendamustine Hcl,Bendeka,147,1344570.38,45.0,147.0,4003,2021
Bendamustine Hcl,Treanda,116,1006823.91,40.0,116.0,2689,2022
Bendamustine Hcl,Treanda,126,1324833.69,40.0,126.0,3290,2023
Bendamustine Hcl,Treanda,158,1103626.52,43.0,158.0,4331,2024
Benralizumab,Fasenra,2067,10284615.27,651.0,3127.0,91477,2019
Benralizumab,Fasenra,3761,19400113.660000008,1182.0,5981.599999999999,177355,2020
Benralizumab,Fasenra Pen,8296,45190754.15,2482.0,13632.0,404752,2021
Benralizumab,Fasenra Pen,13986,78664024.02999999,4068.0,23443.7,697821,2022
Benralizumab,Fasenra Pen,19666,115300833.66,5563.0,33461.700000000004,995236,2023
Benralizumab,Fasenra Pen,28049,159751503.69000003,7444.0,47656.00000000001,1419522,2024
Benzonatate,Benzonatate,23880,169282.74,17852.0,23910.2,223815,2019
Benzonatate,Benzonatate,26138,257306.09000000003,17489.0,26216.9,271860,2020
Benzonatate,Benzonatate,26496,279908.52,18416.0,26608.6,291154,2021
Benzonatate,Benzonatate,45735,617730.6500000001,34534.0,45917.100000000006,495840,2022
Benzonatate,Benzonatate,78998,844203.7500000001,59329.0,79170.5,787563,2023
Benzonatate,Benzonatate,82852,1121129.3699999996,62571.0,83080.50000000001,835885,2024
Benzoyl Peroxide,Epsolay,59,31148.67,22.0,62.0,1860,2022
Benzoyl Peroxide,Epsolay,98,52986.96,39.0,100.0,3000,2023
Benzoyl Peroxide,Epsolay,77,39430.83,15.0,79.0,2355,2024
Benztropine Mesylate,Benztropine Mesylate,2066993,24104877.28000001,368919.0,2280522.3,63455465,2019
Benztropine Mesylate,Benztropine Mesylate,2007167,25240357.180000003,346670.0,2271952.3,63407493,2020
Benztropine Mesylate,Benztropine Mesylate,1927949,25404069.430000003,333897.0,2203518.4000000004,61237450,2021
Benztropine Mesylate,Benztropine Mesylate,1854543,24545828.630000006,320864.0,2118241.6999999997,58535552,2022
Benztropine Mesylate,Benztropine Mesylate,1780160,23828401.25,306858.0,2036818.5,56161850,2023
Benztropine Mesylate,Benztropine Mesylate,1732441,21019049.500000004,294806.0,1978812.4000000004,54169404,2024
Bepotastine Besilate,Bepreve,36868,11198962.6,12167.0,45415.80000000001,1237456,2019
Bepotastine Besilate,Bepreve,35215,11140613.320000004,10731.0,43044.9,1164541,2020
Bepotastine Besilate,Bepotastine Besilate,45760,14561803.65,15632.0,57154.2,1567854,2021
Bepotastine Besilate,Bepotastine Besilate,88630,24388003.46,26836.0,114750.40000000002,3216584,2022
Bepotastine Besilate,Bepotastine Besilate,50875,13169598.949999996,17061.0,64917.50000000001,1818522,2023
Bepotastine Besilate,Bepotastine Besilate,49349,8005945.000000003,13630.0,62728.20000000002,1754113,2024
Beremagene Geperpavec-Svdt,Vyjuvek,117,2921610.44,20.0,117.0,819,2023
Beremagene Geperpavec-Svdt,Vyjuvek,855,20885663.289999995,120.0,855.0,5973,2024
Berotralstat Hydrochloride,Orladeyo,328,12695434.53,120.0,328.0,9184,2021
Berotralstat Hydrochloride,Orladeyo,809,31354033.83,255.0,809.0,22652,2022
Berotralstat Hydrochloride,Orladeyo,920,37310305.56999999,310.0,920.0,25760,2023
Berotralstat Hydrochloride,Orladeyo,1204,51196093.03000001,405.0,1204.0,33712,2024
Besifloxacin Hcl,Besivance,170913,30034602.89999999,122704.0,180861.00000000003,4327954,2019
Besifloxacin Hcl,Besivance,84851,15813393.21,60431.0,90095.7,2164459,2020
Besifloxacin Hcl,Besivance,79430,15896984.69,56442.0,84696.29999999999,2073020,2021
Besifloxacin Hcl,Besivance,57721,12306240.94,39377.0,61679.3,1522101,2022
Besifloxacin Hcl,Besivance,39878,9141204.509999998,26699.0,42389.19999999999,1039416,2023
Besifloxacin Hcl,Besivance,25245,5605438.430000001,16633.0,27293.400000000005,673117,2024
Betaine,Cystadane,736,2371976.900000001,233.0,746.1,19522,2019
Betaine,Cystadane,758,2443645.13,232.0,762.3,19498,2020
Betaine,Cystadane,814,2768957.46,245.0,814.6,20918,2021
Betaine,Cystadane,733,2923375.97,220.0,742.3,19766,2022
Betaine,Cystadane,665,2242437.2700000005,210.0,673.5,17434,2023
Betaine,Betaine Anhydrous,733,1325281.7700000005,225.0,739.7,18964,2024
"Betamethasone Acetate,sod Phos",Betamethasone Sod Phos-Acetate,108,4749.56,80.0,108.2,1429,2019
"Betamethasone Acetate,sod Phos",Betamethasone Sod Phos-Acetate,72,3704.7,57.0,72.2,638,2020
"Betamethasone Acetate,sod Phos",Betamethasone Sod Phos-Acetate,55,2777.99,43.0,55.0,693,2021
"Betamethasone Acetate,sod Phos",Betamethasone Sod Phos-Acetate,85,3607.98,66.0,89.0,1493,2022
"Betamethasone Acetate,sod Phos",Betamethasone Sod Phos-Acetate,151,7336.419999999999,118.0,155.5,3239,2023
"Betamethasone Acetate,sod Phos",Betamethasone Sod Phos-Acetate,152,6526.280000000001,104.0,152.8,2495,2024
Betamethasone Dipropionate,Betamethasone Dipropionate,471924,34723381.22,243122.0,492297.0,11139879,2019
Betamethasone Dipropionate,Betamethasone Dipropionate,450557,30577189.06000001,227485.0,472881.1000000001,11098248,2020
Betamethasone Dipropionate,Betamethasone Dipropionate,450342,28807310.26999999,234623.0,472696.7,11349573,2021
Betamethasone Dipropionate,Betamethasone Dipropionate,436640,27160287.92000001,228289.0,461125.2999999999,11371759,2022
Betamethasone Dipropionate,Betamethasone Dipropionate,426379,24613335.96,222351.0,452568.8,11307737,2023
Betamethasone Dipropionate,Betamethasone Dipropionate,441016,19252284.890000004,233106.0,470149.8000000001,11878456,2024
Betamethasone Valerate,Betamethasone Valerate,121610,5359357.829999997,63296.0,128444.59999999996,2806712,2019
Betamethasone Valerate,Betamethasone Valerate,114095,4734844.78,57092.0,121036.99999999996,2717419,2020
Betamethasone Valerate,Betamethasone Valerate,119437,4659453.809999999,61481.0,126289.6,2869143,2021
Betamethasone Valerate,Betamethasone Valerate,115197,4529282.569999998,59080.0,122278.2,2843803,2022
Betamethasone Valerate,Betamethasone Valerate,115226,4262160.979999999,59394.0,122590.00000000004,2870416,2023
Betamethasone Valerate,Betamethasone Valerate,123855,3911369.649999999,63586.0,131907.5,3120823,2024
Betamethasone/Propylene Glyc,Betamethasone Diprop Augmented,265520,14850921.17,145428.0,279736.99999999994,6411035,2019
Betamethasone/Propylene Glyc,Betamethasone Diprop Augmented,276268,15926235.889999997,144097.0,292468.49999999994,6964585,2020
Betamethasone/Propylene Glyc,Betamethasone Diprop Augmented,265565,15423690.660000004,142210.0,281670.10000000003,6856535,2021
Betamethasone/Propylene Glyc,Betamethasone Diprop Augmented,247420,14294558.539999995,132547.0,263000.00000000006,6591422,2022
Betamethasone/Propylene Glyc,Betamethasone Diprop Augmented,233096,11340123.65,124348.0,248192.2,6295026,2023
Betamethasone/Propylene Glyc,Betamethasone Diprop Augmented,226005,8438376.869999997,122118.0,241716.3000000001,6172712,2024
Betaxolol Hcl,Betaxolol Hcl,16263,2556718.14,4977.0,27668.700000000008,811430,2019
Betaxolol Hcl,Betaxolol Hcl,17400,2468568.73,5560.0,30615.9,892555,2020
Betaxolol Hcl,Betaxolol Hcl,16641,2320273.42,5176.0,30210.300000000003,883992,2021
Betaxolol Hcl,Betoptic S,13193,1826903.29,4112.0,24717.3,726723,2022
Betaxolol Hcl,Betaxolol Hcl,12478,1605958.0599999998,3848.0,23513.400000000005,689779,2023
Betaxolol Hcl,Betaxolol Hcl,12621,1550609.0600000003,3957.0,24495.0,719150,2024
Bethanechol Chloride,Bethanechol Chloride,159680,11066761.240000004,42517.0,197094.4,5418947,2019
Bethanechol Chloride,Bethanechol Chloride,148422,11027619.900000002,39875.0,187666.2,5194462,2020
Bethanechol Chloride,Bethanechol Chloride,138573,9627411.539999995,38259.0,179371.80000000002,4942617,2021
Bethanechol Chloride,Bethanechol Chloride,131104,8289749.52,36270.0,174237.69999999995,4776110,2022
Bethanechol Chloride,Bethanechol Chloride,127649,7704727.820000001,35756.0,172762.00000000003,4738495,2023
Bethanechol Chloride,Bethanechol Chloride,130142,7200692.87,35845.0,178278.2,4863767,2024
Betrixaban Maleate,Bevyxxa,23,5198.23,5.0,23.0,322,2019
Bevacizumab,Avastin,2793,16193957.66,658.0,2793.9,66930,2019
Bevacizumab,Avastin,2799,14604877.29,640.0,2804.8,65255,2020
Bevacizumab,Avastin,2394,13669309.469999995,541.0,2395.6,53915,2021
Bevacizumab,Avastin,1609,9387403.410000002,380.0,1609.9,35304,2022
Bevacizumab,Avastin,1495,8529013.18,333.0,1498.3000000000002,33723,2023
Bevacizumab,Avastin,1169,5653428.199999998,274.0,1169.0,25476,2024
Bevacizumab-Adcd,Vegzelma,32,202314.59,10.0,32.0,728,2024
Bevacizumab-Awwb,Mvasi,154,1128345.67,40.0,154.1,3425,2020
Bevacizumab-Awwb,Mvasi,469,2432241.5300000003,90.0,469.1,10415,2021
Bevacizumab-Awwb,Mvasi,987,6264753.5,240.0,987.0,22648,2022
Bevacizumab-Awwb,Mvasi,1463,9119483.39,339.0,1466.1999999999998,34043,2023
Bevacizumab-Awwb,Mvasi,2311,11880281.409999996,499.0,2313.2,48794,2024
Bevacizumab-Bvzr,Zirabev,42,275651.85,15.0,42.0,882,2020
Bevacizumab-Bvzr,Zirabev,331,1779876.29,80.0,331.0,7051,2021
Bevacizumab-Bvzr,Zirabev,858,4513206.74,219.0,858.0,17721,2022
Bevacizumab-Bvzr,Zirabev,1099,5290436.869999999,263.0,1102.1,23731,2023
Bevacizumab-Bvzr,Zirabev,1079,5457756.7,308.0,1082.6,23637,2024
Bevacizumab-Maly,Alymsys,63,188401.65,15.0,63.0,1225,2023
Bevacizumab-Maly,Alymsys,248,1588884.64,50.0,248.0,5155,2024
Bexarotene,Bexarotene,2842,48112720.81999999,659.0,2938.8,85887,2019
Bexarotene,Bexarotene,2820,41007380.49999999,691.0,2969.0000000000005,87636,2020
Bexarotene,Targretin,2811,35363361.77,628.0,2945.0,87024,2021
Bexarotene,Bexarotene,3182,37894802.05,743.0,3305.3000000000006,97689,2022
Bexarotene,Bexarotene,4008,36564446.36000001,908.0,4133.5,122738,2023
Bexarotene,Bexarotene,4677,30494567.940000005,1019.0,4808.799999999999,142935,2024
Bicalutamide,Bicalutamide,227502,7370509.430000001,68752.0,360369.00000000006,10574880,2019
Bicalutamide,Bicalutamide,199869,7451503.479999999,61999.0,327319.9,9632637,2020
Bicalutamide,Bicalutamide,177874,6763648.749999998,58195.0,295765.50000000006,8686880,2021
Bicalutamide,Bicalutamide,162421,5857113.23,54653.0,272786.7,7987299,2022
Bicalutamide,Bicalutamide,143401,5126430.040000001,50720.0,246779.0000000001,7207110,2023
Bicalutamide,Bicalutamide,140559,4501531.56,51083.0,240721.3,7024416,2024
Bictegrav/Emtricit/Tenofov Ala,Biktarvy,319240,1044749809.2999998,50547.0,334977.7,10001795,2019
Bictegrav/Emtricit/Tenofov Ala,Biktarvy,471997,1670266850.9299998,68743.0,503249.6,15023722,2020
Bictegrav/Emtricit/Tenofov Ala,Biktarvy,558338,2063533618.6800003,82377.0,582850.2999999998,17396893,2021
Bictegrav/Emtricit/Tenofov Ala,Biktarvy,641231,2524806158.53,95692.0,670205.5,20010572,2022
Bictegrav/Emtricit/Tenofov Ala,Biktarvy,703775,2929480787.71,106083.0,735912.7999999999,22005921,2023
Bictegrav/Emtricit/Tenofov Ala,Biktarvy,781030,3202748091.09,115940.0,815534.2000000001,24408618,2024
Bimatoprost,Lumigan,1603875,547098522.5599998,413030.0,2502492.3000000003,70299200,2019
Bimatoprost,Lumigan,1579777,582125364.98,402326.0,2551505.2,72061933,2020
Bimatoprost,Lumigan,1542579,615173556.16,406847.0,2568728.4000000004,73270371,2021
Bimatoprost,Lumigan,1482360,644007068.5399997,387599.0,2510439.9999999995,71794666,2022
Bimatoprost,Lumigan,1362771,635783675.1999998,366209.0,2374401.6,68132834,2023
Bimatoprost,Bimatoprost,1302903,588661288.2400002,356415.0,2304270.1,66299842,2024
Bimekizumab-Bkzx,Bimzelx,14,220169.24,5.0,14.0,392,2023
Bimekizumab-Bkzx,Bimzelx Autoinjector,1589,23577246.32,475.0,1920.2000000000005,55239,2024
Binimetinib,Mektovi,926,9343074.510000002,255.0,930.1,27042,2019
Binimetinib,Mektovi,2196,22688312.029999997,601.0,2205.9,65138,2020
Binimetinib,Mektovi,3323,36734773.510000005,847.0,3328.5,99448,2021
Binimetinib,Mektovi,3533,41799745.38,941.0,3542.0,105953,2022
Binimetinib,Mektovi,2176,28062902.71000001,630.0,2180.4,65157,2023
Binimetinib,Mektovi,3981,51658851.21,1097.0,3993.0,119493,2024
Bismuth/Metronid/Tetracycline,Pylera,117,145457.65999999997,109.0,117.0,1654,2019
Bismuth/Metronid/Tetracycline,Pylera,41,39620.71,41.0,41.0,410,2020
Bismuth/Metronid/Tetracycline,Pylera,46,46801.50000000001,46.0,46.0,583,2021
Bismuth/Metronid/Tetracycline,Pylera,104,100885.3,96.0,104.0,1190,2022
Bismuth/Metronid/Tetracycline,Pylera,12,12112.44,11.0,12.0,120,2023
Bismuth/Metronid/Tetracycline,Bismuth-Metronidazole-Tetracyc,84,54453.03,76.0,84.0,966,2024
Bisoprolol Fumarate,Bisoprolol Fumarate,545009,20041503.6,152051.0,1136548.0000000002,33726087,2019
Bisoprolol Fumarate,Bisoprolol Fumarate,569962,23559682.610000003,161177.0,1264995.9000000006,37611233,2020
Bisoprolol Fumarate,Bisoprolol Fumarate,596579,25707306.63,176215.0,1379722.5,41065465,2021
Bisoprolol Fumarate,Bisoprolol Fumarate,631361,26411385.71,190492.0,1490996.1,44341215,2022
Bisoprolol Fumarate,Bisoprolol Fumarate,668643,27697279.14000001,204577.0,1604463.1,47708339,2023
Bisoprolol Fumarate,Bisoprolol Fumarate,728027,19718388.63,223687.0,1774521.8000000005,52763969,2024
Bisoprolol/Hydrochlorothiazide,Bisoprolol-Hydrochlorothiazide,461235,12491979.539999995,120982.0,1008333.4,30111213,2019
Bisoprolol/Hydrochlorothiazide,Bisoprolol-Hydrochlorothiazide,429370,15032075.740000002,114680.0,983329.9,29352299,2020
Bisoprolol/Hydrochlorothiazide,Bisoprolol-Hydrochlorothiazide,390181,13482933.529999996,107285.0,924759.3999999998,27605251,2021
Bisoprolol/Hydrochlorothiazide,Bisoprolol-Hydrochlorothiazide,358861,12886816.15,99375.0,867708.9,25894171,2022
Bisoprolol/Hydrochlorothiazide,Bisoprolol-Hydrochlorothiazide,329374,13190373.609999998,92724.0,807369.3999999996,24106769,2023
Bisoprolol/Hydrochlorothiazide,Bisoprolol-Hydrochlorothiazide,314711,8687471.49,88557.0,776470.1000000001,23159611,2024
Blinatumomab,Blincyto,19,463778.58,5.0,19.0,133,2019
Blinatumomab,Blincyto,34,727597.25,10.0,34.0,199,2020
Blinatumomab,Blincyto,27,639498.78,5.0,27.0,143,2021
Blinatumomab,Blincyto,18,360241.91,5.0,18.0,100,2022
Blinatumomab,Blincyto,32,661644.09,10.0,59.8,1219,2023
Blood-Glucose Sensor,Freestyle Libre 3 Sensor,32,5432.42,10.0,37.7,1080,2024
"Bolus Insulin Pump, 200 Unit",Cequr Simplicity,154,86737.46,45.0,228.7,6850,2021
"Bolus Insulin Pump, 200 Unit",Cequr Simplicity,870,502648.8299999999,275.0,1235.9,37028,2022
"Bolus Insulin Pump, 200 Unit",Cequr Simplicity,2768,1539262.83,888.0,3496.8,104245,2023
"Bolus Insulin Pump, 200 Unit",Cequr Simplicity,6094,3412991.7,1892.0,7662.3,226866,2024
Bortezomib,Velcade,1903,10242885.42,457.0,1915.6,48495,2019
Bortezomib,Bortezomib,2189,11276427.139999997,523.0,2195.4000000000005,53115,2020
Bortezomib,Velcade,1962,10039292.25,497.0,1964.0,47880,2021
Bortezomib,Velcade,1688,6535810.960000001,445.0,1696.2,41798,2022
Bortezomib,Bortezomib,1963,3686562.04,470.0,1966.3,46397,2023
Bortezomib,Bortezomib,3259,2710425.72,699.0,3272.0000000000005,68067,2024
Bosentan,Bosentan,6409,68853738.16,1663.0,6409.0,191204,2019
Bosentan,Bosentan,10013,68357467.57000001,2868.0,10024.0,298889,2020
Bosentan,Bosentan,8358,48771173.72,2397.0,8366.0,250076,2021
Bosentan,Bosentan,7159,37621531.28,2061.0,7161.2,213259,2022
Bosentan,Bosentan,6331,38696126.20000001,1856.0,6333.0,189109,2023
Bosentan,Bosentan,5650,26226472.320000004,1737.0,5652.0,168664,2024
Bosutinib,Bosulif,3792,43706955.91000001,1242.0,3820.6,113502,2019
Bosutinib,Bosulif,5366,67816365.34,1700.0,5439.1,162497,2020
Bosutinib,Bosulif,6489,84755791.04999998,2071.0,6521.799999999999,194813,2021
Bosutinib,Bosulif,6798,92417224.67999996,2132.0,6828.3,204254,2022
Bosutinib,Bosulif,7529,112920351.35999998,2370.0,7576.5,226356,2023
Bosutinib,Bosulif,8967,132465478.92,2730.0,9050.9,270438,2024
Brentuximab Vedotin,Adcetris,12,349143.41,5.0,12.0,252,2021
Brentuximab Vedotin,Adcetris,13,387036.0,5.0,13.0,273,2022
Brentuximab Vedotin,Adcetris,15,607542.92,5.0,15.0,315,2023
Brentuximab Vedotin,Adcetris,39,1213368.35,15.0,39.0,819,2024
Brexpiprazole,Rexulti,206853,248554997.45,43414.0,217150.2,6203959,2019
Brexpiprazole,Rexulti,227280,281792725.32,45783.0,242451.9,6951253,2020
Brexpiprazole,Rexulti,235324,311155481.3000001,47969.0,247709.39999999997,7088841,2021
Brexpiprazole,Rexulti,253088,366557781.24000007,52688.0,271225.4,7742340,2022
Brexpiprazole,Rexulti,305200,458040775.63,65303.0,326695.6000000001,9033054,2023
Brexpiprazole,Rexulti,460866,634758164.9799998,94499.0,491193.70000000007,12570985,2024
Brigatinib,Alunbrig,315,4776843.43,105.0,315.2,9405,2019
Brigatinib,Alunbrig,421,6471159.479999999,150.0,423.0,12641,2020
Brigatinib,Alunbrig,483,7524083.15,160.0,483.0,14425,2021
Brigatinib,Alunbrig,689,11644161.330000004,225.0,689.0,20580,2022
Brigatinib,Alunbrig,732,13390052.790000005,255.0,732.0,21872,2023
Brigatinib,Alunbrig,1033,19530305.14,380.0,1033.0,30899,2024
Brimonidine Tartrate,Alphagan P,2190605,271410983.08000004,604181.0,3510404.2,98867518,2019
Brimonidine Tartrate,Alphagan P,2133836,259352089.78000003,597612.0,3599907.8999999994,102146792,2020
Brimonidine Tartrate,Alphagan P,2120071,253313571.46999997,623999.0,3676931.8,105000156,2021
Brimonidine Tartrate,Alphagan P,2158051,243747960.8,651539.0,3831856.000000001,110250943,2022
Brimonidine Tartrate,Alphagan P,2256874,224568582.83000004,698640.0,4059600.7,117127899,2023
Brimonidine Tartrate,Alphagan P,2424834,155616492.36000004,748811.0,4461446.999999999,129186389,2024
Brimonidine Tartrate/Timolol,Combigan,1130254,323410419.4000001,292821.0,1663660.6,46164213,2019
Brimonidine Tartrate/Timolol,Combigan,1094970,339804022.81999993,279733.0,1665590.2999999996,46525969,2020
Brimonidine Tartrate/Timolol,Combigan,1032870,350071179.22,269991.0,1612964.6,45419690,2021
Brimonidine Tartrate/Timolol,Brimonidine Tartrate-Timolol,845452,296168150.66,250506.0,1335391.6999999995,37891718,2022
Brimonidine Tartrate/Timolol,Brimonidine Tartrate-Timolol,799035,271326054.95000005,219527.0,1282243.2,36466322,2023
Brimonidine Tartrate/Timolol,Brimonidine Tartrate-Timolol,798560,198733310.34000003,224136.0,1313658.2000000002,37494744,2024
Brinzolamide,Azopt,297953,120752708.05,84931.0,512937.00000000006,15227356,2019
Brinzolamide,Azopt,250614,111220390.82999995,69764.0,451715.4000000001,13427604,2020
Brinzolamide,Azopt,169175,73899555.61000001,55849.0,310859.2000000002,9259672,2021
Brinzolamide,Brinzolamide,145968,54415765.2,42753.0,269766.8000000001,8037321,2022
Brinzolamide,Azopt,133998,46963532.85,38086.0,251692.39999999997,7497107,2023
Brinzolamide,Brinzolamide,146622,32206454.980000004,45265.0,276199.20000000007,8229844,2024
Brinzolamide/Brimonidine Tart,Simbrinza,279614,57727177.039999984,68989.0,400058.8000000001,11536836,2019
Brinzolamide/Brimonidine Tart,Simbrinza,242649,54172439.6,59117.0,353807.3,10241773,2020
Brinzolamide/Brimonidine Tart,Simbrinza,201615,49165438.53999999,49911.0,299336.9,8672797,2021
Brinzolamide/Brimonidine Tart,Simbrinza,199376,51291332.320000015,51611.0,298555.8,8684904,2022
Brinzolamide/Brimonidine Tart,Simbrinza,212415,58028027.940000005,56620.0,321726.1999999999,9363537,2023
Brinzolamide/Brimonidine Tart,Simbrinza,234298,61291490.55,62920.0,359207.70000000007,10458037,2024
Brivaracetam,Briviact,44562,57381641.68000001,8671.0,47171.5,1322827,2019
Brivaracetam,Briviact,56733,78774568.76,10785.0,61859.19999999999,1749397,2020
Brivaracetam,Briviact,68144,96755244.6,12864.0,73017.0,2064569,2021
Brivaracetam,Briviact,80925,121892063.76,15284.0,87084.89999999998,2451668,2022
Brivaracetam,Briviact,92413,150236536.84000003,17438.0,100678.8,2849145,2023
Brivaracetam,Briviact,111759,179183679.96999994,20458.0,121368.0,3401978,2024
Brodalumab,Siliq,1061,3963278.01,351.0,1071.4,29549,2019
Brodalumab,Siliq,1416,5454543.530000001,411.0,1426.6,39617,2020
Brodalumab,Siliq,1320,5505849.55,383.0,1350.1,37779,2021
Brodalumab,Siliq,1291,6046418.06,391.0,1307.6,36572,2022
Brodalumab,Siliq,1321,6883098.640000001,400.0,1333.2,37232,2023
Brodalumab,Siliq,975,5110240.229999999,330.0,981.7,27489,2024
Brolucizumab-Dbll,Beovu,184,389718.34,40.0,238.49999999999997,6886,2020
Brolucizumab-Dbll,Beovu,134,295605.17,30.0,216.7,6452,2021
Brolucizumab-Dbll,Beovu,325,749148.6900000001,94.0,465.00000000000006,13719,2022
Brolucizumab-Dbll,Beovu,165,422136.94000000006,43.0,233.7,6845,2023
Brolucizumab-Dbll,Beovu,82,169149.95,15.0,114.4,3346,2024
Bromfenac Sodium,Bromsite,265980,73119809.92000002,164957.0,323774.5,8693922,2019
Bromfenac Sodium,Prolensa,218451,64000362.190000005,130035.0,267862.1,7232834,2020
Bromfenac Sodium,Prolensa,259891,80250919.74000001,157519.0,325306.0999999999,8926575,2021
Bromfenac Sodium,Prolensa,271610,88165773.90000004,162601.0,347520.8,9608070,2022
Bromfenac Sodium,Prolensa,271181,92261939.58999996,155723.0,345466.8,9472031,2023
Bromfenac Sodium,Bromfenac Sodium,214117,55942186.57,119160.0,269590.80000000005,7305182,2024
Bromocriptine Mesylate,Bromocriptine Mesylate,26076,6768314.73,7862.0,30907.2,824686,2019
Bromocriptine Mesylate,Bromocriptine Mesylate,23302,6030587.349999999,6819.0,27969.9,737184,2020
Bromocriptine Mesylate,Bromocriptine Mesylate,20217,5457515.700000001,5988.0,24695.4,652310,2021
Bromocriptine Mesylate,Bromocriptine Mesylate,18183,4879452.049999999,5432.0,21786.0,575689,2022
Bromocriptine Mesylate,Bromocriptine Mesylate,17408,4560782.970000002,5313.0,20846.7,551858,2023
Bromocriptine Mesylate,Bromocriptine Mesylate,16766,3542477.08,4907.0,20031.6,520182,2024
Brompheniramine/Pseudoephed/Dm,Brompheniramine-Pseudoephed-Dm,12,215.52,5.0,12.0,84,2021
Brompheniramine/Pseudoephed/Dm,Brompheniramine-Pseudoephed-Dm,11,268.84,11.0,11.0,51,2022
Brompheniramine/Pseudoephed/Dm,Brompheniramine-Pseudoephed-Dm,23,447.26,17.0,23.0,180,2023
Brompheniramine/Pseudoephed/Dm,Brompheniramine-Pseudoephed-Dm,148,3171.7899999999995,93.0,148.0,1358,2024
Budesonide,Budesonide,420368,137698113.65,107874.0,475260.4,11605306,2019
Budesonide,Budesonide Ec,385617,123928981.96999998,107434.0,471051.9000000001,12249849,2020
Budesonide,Budesonide Ec,300812,99440497.29999997,89483.0,378782.3,10113383,2021
Budesonide,Budesonide Ec,273830,77569473.5,82572.0,345919.3000000001,9100657,2022
Budesonide,Budesonide Dr,271932,77313723.70000002,81638.0,349574.2,9055120,2023
Budesonide,Budesonide Dr,310477,75624523.10000001,92670.0,401489.5000000002,10340303,2024
Budesonide/Formoterol Fumarate,Symbicort,3814265,1735203021.14,1008670.0,5196274.5,155335191,2019
Budesonide/Formoterol Fumarate,Symbicort,3594475,1740447177.39,975610.0,5023816.6,150331968,2020
Budesonide/Formoterol Fumarate,Budesonide-Formoterol Fumarate,3377648,1708096112.0199995,905021.0,4747597.499999999,142214527,2021
Budesonide/Formoterol Fumarate,Symbicort,3263847,1675972043.8500006,883949.0,4514718.8,135281408,2022
Budesonide/Formoterol Fumarate,Symbicort,3236078,1691865577.63,887971.0,4422116.7,132484241,2023
Budesonide/Formoterol Fumarate,Symbicort,2301446,616711047.65,698760.0,3150922.4999999986,94283532,2024
Budesonide/Glycopyr/Formoterol,Breztri Aerosphere,682,495358.42,367.0,840.0,24958,2020
Budesonide/Glycopyr/Formoterol,Breztri Aerosphere,165696,121965619.67,52308.0,202369.3,6033093,2021
Budesonide/Glycopyr/Formoterol,Breztri Aerosphere,442548,346553827.36999995,125142.0,550815.7999999999,16492519,2022
Budesonide/Glycopyr/Formoterol,Breztri Aerosphere,755979,623969765.11,210505.0,955374.3,28625160,2023
Budesonide/Glycopyr/Formoterol,Breztri Aerosphere,1165471,912446611.2600002,316538.0,1490571.6,44672459,2024
Bumetanide,Bumetanide,1436052,84790522.98000002,378238.0,2238346.500000001,62782533,2019
Bumetanide,Bumetanide,1505542,87464572.78,394169.0,2461212.0,69215950,2020
Bumetanide,Bumetanide,1493790,86675761.36999997,412259.0,2520090.2,71191413,2021
Bumetanide,Bumetanide,1530965,84110894.34000002,425055.0,2616392.5,74122835,2022
Bumetanide,Bumetanide,1649360,72599424.07000001,462636.0,2840171.4999999986,80389887,2023
Bumetanide,Bumetanide,1824544,59856252.07999998,512687.0,3150570.2,89136193,2024
Bupivacaine Hcl,Sensorcaine,65,1782.44,20.0,74.6,1710,2019
Bupivacaine Hcl,Bupivacaine Hcl,55,1756.36,25.0,63.900000000000006,1747,2020
Bupivacaine Hcl,Bupivacaine Hcl,50,980.97,15.0,53.8,1493,2021
Bupivacaine Hcl,Bupivacaine Hcl,37,393.22,15.0,39.5,753,2022
Bupivacaine Hcl,Bupivacaine Hcl,11,75.94,5.0,12.9,385,2023
Bupivacaine Hcl,Bupivacaine Hcl,26,1663.71,10.0,36.0,1073,2024
Bupivacaine Hcl/Pf,Bupivacaine Hcl,74,1800.34,51.0,80.3,1001,2019
Bupivacaine Hcl/Pf,Bupivacaine Hcl,129,2479.7900000000004,80.0,140.6,1998,2020
Bupivacaine Hcl/Pf,Bupivacaine Hcl,176,2895.69,113.0,178.2,1899,2021
Bupivacaine Hcl/Pf,Bupivacaine Hcl,89,2134.23,42.0,89.0,922,2022
Bupivacaine Hcl/Pf,Bupivacaine Hcl,70,1691.0000000000002,41.0,70.7,523,2023
Bupivacaine Hcl/Pf,Bupivacaine Hcl,146,2518.49,76.0,154.7,1428,2024
Buprenorphine,Buprenorphine,184514,77183419.80999999,56020.0,185896.0,5132381,2019
Buprenorphine,Buprenorphine,211067,85300749.16999999,60313.0,212397.8,5872417,2020
Buprenorphine,Buprenorphine,249509,95662880.41,72902.0,250824.0,6952831,2021
Buprenorphine,Buprenorphine,292454,115333240.98999998,84126.0,294005.0000000002,8174527,2022
Buprenorphine,Buprenorphine,347313,137623199.42999998,99475.0,348800.9,9692567,2023
Buprenorphine,Buprenorphine,422169,137105550.78,121129.0,423878.5999999998,11731202,2024
Buprenorphine Hcl,Buprenorphine Hcl,305026,78158033.08000003,70216.0,307050.4,7804066,2019
Buprenorphine Hcl,Belbuca,386657,113985177.87999997,84219.0,389249.3,10161985,2020
Buprenorphine Hcl,Buprenorphine Hcl,411503,127797753.1,89206.0,414254.0,10888906,2021
Buprenorphine Hcl,Buprenorphine Hcl,431278,141261217.13000005,93245.0,434534.0000000001,11526735,2022
Buprenorphine Hcl,Buprenorphine Hcl,456478,149905581.61,101789.0,459974.8000000001,12237121,2023
Buprenorphine Hcl,Belbuca,505217,156059609.45999998,115935.0,509359.5999999998,13658524,2024
Buprenorphine Hcl/Naloxone Hcl,Buprenorphine-Naloxone,1332853,337253954.1999999,241556.0,1337436.6000000003,24921924,2019
Buprenorphine Hcl/Naloxone Hcl,Buprenorphine-Naloxone,1486159,340972288.67,238853.0,1492112.6,29456187,2020
Buprenorphine Hcl/Naloxone Hcl,Buprenorphine-Naloxone,1545416,331778515.44999987,253886.0,1551771.9,31276443,2021
Buprenorphine Hcl/Naloxone Hcl,Buprenorphine-Naloxone,1604957,334560531.34000003,274414.0,1612162.3000000005,33282362,2022
Buprenorphine Hcl/Naloxone Hcl,Buprenorphine-Naloxone,1623131,314372498.33000004,296031.0,1631193.1,34961102,2023
Buprenorphine Hcl/Naloxone Hcl,Buprenorphine-Naloxone,1668902,258799331.52000004,312838.0,1677935.3000000005,37253508,2024
Bupropion Hbr,Aplenzin,1425,4803236.81,490.0,1488.5,44409,2019
Bupropion Hbr,Aplenzin,1877,6673953.500000001,645.0,1937.0,57846,2020
Bupropion Hbr,Aplenzin,1813,6879026.36,570.0,1906.0,56963,2021
Bupropion Hbr,Aplenzin,2076,8154138.72,670.0,2189.0,63933,2022
Bupropion Hbr,Aplenzin,2201,9013465.640000002,680.0,2275.3,66264,2023
Bupropion Hbr,Aplenzin,2242,9639514.700000005,700.0,2354.4,69349,2024
Bupropion Hcl,Bupropion Hcl,6419089,265570536.07,1489521.0,10426233.1,307637904,2019
Bupropion Hcl,Bupropion Hcl,6604111,278816553.46,1500396.0,11190214.1,330442691,2020
Bupropion Hcl,Bupropion Hcl,6720074,278014563.94000006,1573947.0,11716477.599999998,345859978,2021
Bupropion Hcl,Bupropion Hcl Sr,7024678,274467865.23,1668938.0,12558766.1,370656763,2022
Bupropion Hcl,Bupropion Hcl Sr,7462789,246317720.04000005,1788178.0,13673618.499999998,403390300,2023
Bupropion Hcl,Bupropion Hcl Sr,8139319,211195562.6,1964583.0,15337544.500000004,452235999,2024
Burosumab-Twza,Crysvita,204,3539817.41,65.0,204.0,5744,2019
Burosumab-Twza,Crysvita,744,15410897.72,185.0,744.0,20914,2020
Burosumab-Twza,Crysvita,1097,21941935.579999994,265.0,1100.6,30941,2021
Burosumab-Twza,Crysvita,1204,25104868.94999999,285.0,1211.2,34056,2022
Burosumab-Twza,Crysvita,1188,29077902.53,300.0,1204.2,33718,2023
Burosumab-Twza,Crysvita,1753,45165663.05,450.0,1804.6,50494,2024
Buspirone Hcl,Buspirone Hcl,4504896,95402064.34999996,1016722.0,5972113.899999999,170104046,2019
Buspirone Hcl,Buspirone Hcl,5049120,99823632.4,1122273.0,6984816.299999999,200120850,2020
Buspirone Hcl,Buspirone Hcl,5381950,101114157.08,1222385.0,7641178.700000002,219082223,2021
Buspirone Hcl,Buspirone Hcl,5894170,107409455.37000002,1349637.0,8519978.499999998,243975467,2022
Buspirone Hcl,Buspirone Hcl,6459819,120815761.68999998,1476611.0,9477329.6,270987544,2023
Buspirone Hcl,Buspirone Hcl,7170148,101452295.8,1626236.0,10675233.7,304148108,2024
Busulfan,Myleran,25,12292.97,10.0,25.0,574,2020
Butalb/Acetaminophen/Caffeine,Butalbital-Acetaminophen-Caffe,483009,28058286.239999995,122736.0,497216.8000000001,9526864,2019
Butalb/Acetaminophen/Caffeine,Butalbital-Acetaminophen-Caffe,533951,25430410.0,132867.0,551778.7,10623842,2020
Butalb/Acetaminophen/Caffeine,Butalbital-Acetaminophen-Caffe,512670,22922803.570000004,128721.0,530766.5000000001,10336520,2021
Butalb/Acetaminophen/Caffeine,Butalbital-Acetaminophen-Caffe,506391,21955459.840000004,126255.0,523731.5,10171883,2022
Butalb/Acetaminophen/Caffeine,Butalbital-Acetaminophen-Caffe,496057,19219524.760000005,124201.0,512553.3999999999,9993563,2023
Butalb/Acetaminophen/Caffeine,Butalbital-Acetaminophen-Caffe,500071,15281323.68,126326.0,517091.3000000001,10065039,2024
Butalbit/Acetamin/Caff/Codeine,Butalb-Caff-Acetaminoph-Codein,23559,2483377.45,7554.0,23637.0,490644,2019
Butalbit/Acetamin/Caff/Codeine,Butalb-Acetaminoph-Caff-Codein,23675,3014887.739999999,7652.0,23759.6,506649,2020
Butalbit/Acetamin/Caff/Codeine,Butalb-Acetaminoph-Caff-Codein,21304,2814650.64,6899.0,21371.300000000003,455705,2021
Butalbit/Acetamin/Caff/Codeine,Butalb-Acetaminoph-Caff-Codein,20169,2904189.22,6583.0,20232.9,423400,2022
Butalbit/Acetamin/Caff/Codeine,Butalb-Acetaminoph-Caff-Codein,19277,2701271.3000000003,6307.0,19331.4,404563,2023
Butalbit/Acetamin/Caff/Codeine,Butalb-Acetaminoph-Caff-Codein,18656,2104276.119999999,6070.0,18712.4,389050,2024
Butalbital/Acetaminophen,Butalbital-Acetaminophen,5742,768260.7000000001,1938.0,5820.099999999999,118257,2019
Butalbital/Acetaminophen,Butalbital-Acetaminophen,6449,1207315.39,2109.0,6534.2,138966,2020
Butalbital/Acetaminophen,Butalbital-Acetaminophen,6418,1376604.8400000003,2032.0,6584.9,138806,2021
Butalbital/Acetaminophen,Butalbital-Acetaminophen,6513,1562837.0,2000.0,6822.8,143664,2022
Butalbital/Acetaminophen,Butalbital-Acetaminophen,4781,1379908.3099999998,1472.0,5082.599999999999,107593,2023
Butalbital/Acetaminophen,Butalbital-Acetaminophen,4794,1387638.7299999995,1526.0,5152.5,113926,2024
Butalbital/Aspirin/Caffeine,Butalbital-Aspirin-Caffeine,23675,1760860.35,8081.0,23907.800000000003,459112,2019
Butalbital/Aspirin/Caffeine,Butalbital-Aspirin-Caffeine,21621,1587053.3499999996,7434.0,21834.2,422418,2020
Butalbital/Aspirin/Caffeine,Butalbital-Aspirin-Caffeine,18161,1294004.4399999997,6273.0,18340.599999999995,353493,2021
Butalbital/Aspirin/Caffeine,Butalbital-Aspirin-Caffeine,16260,1145879.13,5576.0,16429.200000000004,310032,2022
Butalbital/Aspirin/Caffeine,Butalbital-Aspirin-Caffeine,15202,1033783.7599999998,5264.0,15319.7,292638,2023
Butalbital/Aspirin/Caffeine,Butalbital-Aspirin-Caffeine,13512,733446.0000000001,4687.0,13596.999999999998,255541,2024
Butenafine Hcl,Mentax,82,21934.83,30.0,82.0,1731,2019
Butenafine Hcl,Mentax,49,14750.72,20.0,49.0,1325,2020
Butenafine Hcl,Mentax,41,11352.6,15.0,41.0,904,2021
Butenafine Hcl,Mentax,11,2212.69,5.0,11.0,330,2022
Butoconazole Nitrate,Gynazole 1,41,8502.07,15.0,44.0,525,2019
Butoconazole Nitrate,Gynazole 1,12,9791.47,5.0,12.0,302,2020
Butorphanol Tartrate,Butorphanol Tartrate,25466,2305763.45,6535.0,25592.6,496331,2019
Butorphanol Tartrate,Butorphanol Tartrate,23908,2409550.85,6026.0,24072.1,466602,2020
Butorphanol Tartrate,Butorphanol Tartrate,21356,2408445.6099999994,5578.0,21552.400000000005,438744,2021
Butorphanol Tartrate,Butorphanol Tartrate,18771,2022940.74,5043.0,18886.4,387993,2022
Butorphanol Tartrate,Butorphanol Tartrate,16294,1725964.74,4415.0,16379.499999999998,340845,2023
Butorphanol Tartrate,Butorphanol Tartrate,16311,1438838.7,4370.0,16365.8,330218,2024
C1 Esterase Inhibitor,Cinryze,2292,103038544.11999996,675.0,2292.3,59049,2019
C1 Esterase Inhibitor,Cinryze,2450,108889301.88000008,720.0,2452.1000000000004,64424,2020
C1 Esterase Inhibitor,Haegarda,2692,125868791.39000005,775.0,2692.5,71839,2021
C1 Esterase Inhibitor,Haegarda,2571,120906001.64000005,765.0,2571.0,69478,2022
C1 Esterase Inhibitor,Haegarda,2087,103673538.57000002,620.0,2087.4,57204,2023
C1 Esterase Inhibitor,Haegarda,2271,111235762.98,655.0,2271.3,58649,2024
"C1 Esterase Inhibitor, Recomb",Ruconest,212,22328420.6,60.0,212.0,3341,2019
"C1 Esterase Inhibitor, Recomb",Ruconest,301,25518489.4,60.0,301.0,3453,2020
"C1 Esterase Inhibitor, Recomb",Ruconest,315,29952350.18,80.0,315.0,5155,2021
"C1 Esterase Inhibitor, Recomb",Ruconest,262,22926799.870000005,70.0,262.0,3927,2022
"C1 Esterase Inhibitor, Recomb",Ruconest,241,26302928.750000004,70.0,241.4,4220,2023
"C1 Esterase Inhibitor, Recomb",Ruconest,292,31789537.32,85.0,293.8,5215,2024
Cabazitaxel,Jevtana,102,1264504.08,30.0,107.5,2352,2019
Cabazitaxel,Jevtana,95,1164138.28,30.0,95.0,2002,2020
Cabazitaxel,Jevtana,203,2546480.57,70.0,203.0,4317,2021
Cabazitaxel,Jevtana,152,2025942.3,50.0,152.0,3163,2022
Cabazitaxel,Jevtana,148,2086622.06,45.0,148.0,3108,2023
Cabazitaxel,Jevtana,197,2906917.9799999995,65.0,198.2,4284,2024
Cabergoline,Cabergoline,40068,5927218.999999998,10807.0,63988.9,1840094,2019
Cabergoline,Cabergoline,40175,5686460.700000001,10935.0,66992.7,1936963,2020
Cabergoline,Cabergoline,39853,4908287.229999999,11002.0,69488.90000000001,2011071,2021
Cabergoline,Cabergoline,40197,5087926.79,11150.0,71446.1,2068538,2022
Cabergoline,Cabergoline,41760,4403593.539999999,11577.0,75712.99999999997,2192324,2023
Cabergoline,Cabergoline,47785,3563748.28,13265.0,89075.70000000004,2593787,2024
Cabotegravir,Apretude,58,232338.79,20.0,78.30000000000001,2334,2022
Cabotegravir,Apretude,560,2280609.0500000003,180.0,887.3,26526,2023
Cabotegravir,Apretude,588,2236549.69,193.0,982.0,29334,2024
Cabotegravir/Rilpivirine,Cabenuva,867,4018301.090000001,239.0,885.4,25828,2021
Cabotegravir/Rilpivirine,Cabenuva,9250,53920420.70999999,2298.0,12446.3,368678,2022
Cabotegravir/Rilpivirine,Cabenuva,17268,112209267.34,4141.0,27465.79999999999,818640,2023
Cabotegravir/Rilpivirine,Cabenuva,23995,150114550.45999998,5717.0,40814.89999999998,1220112,2024
Cabozantinib S-Malate,Cabometyx,12429,234867649.67000005,3339.0,12485.5,369462,2019
Cabozantinib S-Malate,Cabometyx,9889,197709936.0599999,2743.0,9938.9,293260,2020
Cabozantinib S-Malate,Cabometyx,18056,384115660.44,4720.0,18118.1,536709,2021
Cabozantinib S-Malate,Cabometyx,24450,567624941.3000001,6266.0,24539.500000000004,727774,2022
Cabozantinib S-Malate,Cabometyx,26573,671560156.1799998,6707.0,26667.4,790759,2023
Cabozantinib S-Malate,Cabometyx,32442,769037445.6599998,7971.0,32604.3,967723,2024
Calcifediol,Rayaldee,29423,39290315.02999999,5959.0,33873.8,1002549,2019
Calcifediol,Rayaldee,39085,54040499.22999997,6912.0,45797.00000000001,1355842,2020
Calcifediol,Rayaldee,23018,31970965.05,4662.0,25230.0,744603,2021
Calcifediol,Rayaldee,20975,29063505.800000004,4182.0,22825.6,675173,2022
Calcifediol,Rayaldee,23867,33518313.73,4827.0,25874.6,760523,2023
Calcifediol,Rayaldee,25817,34992752.85,5279.0,27820.3,813842,2024
Calcipotriene,Calcipotriene,106743,41936445.97,43872.0,117022.79999999996,3137509,2019
Calcipotriene,Calcipotriene,74111,20649653.44,31789.0,82430.8,2236593,2020
Calcipotriene,Calcipotriene,70234,17904861.449999996,32790.0,75748.0,2078008,2021
Calcipotriene,Calcipotriene,63338,14597989.770000003,31036.0,68114.79999999999,1896540,2022
Calcipotriene,Calcipotriene,71769,17571102.859999996,36130.0,76879.1,2155727,2023
Calcipotriene,Calcipotriene,79221,12867220.8,41564.0,86018.90000000001,2410672,2024
Calcipotriene/Betamethasone,Enstilar,3305,4409874.539999999,1197.0,3748.4,102640,2019
Calcipotriene/Betamethasone,Enstilar,2399,2602912.810000001,819.0,2591.9000000000005,70637,2020
Calcipotriene/Betamethasone,Calcipotriene-Betamethasone Dp,3051,3611642.54,1158.0,3247.6000000000004,91814,2021
Calcipotriene/Betamethasone,Enstilar,2991,3466193.2,997.0,3141.8,89332,2022
Calcipotriene/Betamethasone,Enstilar,2604,3469888.99,867.0,2797.8000000000006,81091,2023
Calcipotriene/Betamethasone,Calcipotriene-Betamethasone,2299,2516643.19,694.0,2475.5,70745,2024
"Calcitonin,salmon,synthetic",Calcitonin-Salmon,107788,8775402.949999996,32733.0,133038.30000000002,3945654,2019
"Calcitonin,salmon,synthetic",Calcitonin-Salmon,90022,7105010.7,27557.0,113374.8,3363797,2020
"Calcitonin,salmon,synthetic",Calcitonin-Salmon,81607,6533535.869999999,25430.0,105075.4,3118720,2021
"Calcitonin,salmon,synthetic",Calcitonin-Salmon,70097,6646609.849999999,22399.0,91312.0,2712387,2022
"Calcitonin,salmon,synthetic",Calcitonin-Salmon,64919,5140308.36,21411.0,82899.3,2466861,2023
"Calcitonin,salmon,synthetic",Calcitonin-Salmon,63142,5597020.319999998,21156.0,79856.10000000002,2377848,2024
Calcitriol,Calcitriol,985990,28319475.24,268648.0,1839212.6000000008,53975826,2019
Calcitriol,Calcitriol,917578,27117264.370000005,254110.0,1806902.3000000005,53107602,2020
Calcitriol,Calcitriol,870258,25894012.09,252331.0,1771864.0,52122208,2021
Calcitriol,Calcitriol,884662,23368607.079999994,260558.0,1830816.1,53796194,2022
Calcitriol,Calcitriol,962282,23037970.28,280133.0,1983761.5,58246969,2023
Calcitriol,Calcitriol,1038712,19398112.83,301399.0,2190413.3,64278289,2024
Calcium Acetate,Calcium Acetate,433913,35619687.15,128930.0,617019.3,17559517,2019
Calcium Acetate,Calcium Acetate,378482,35182984.62,112060.0,554662.4,15662509,2020
Calcium Acetate,Calcium Acetate,339802,37538390.91,101566.0,510436.29999999993,14481077,2021
Calcium Acetate,Calcium Acetate,308645,32113851.97,92366.0,468091.0,13290813,2022
Calcium Acetate,Calcium Acetate,288643,27442860.41,87271.0,447490.3000000001,12658347,2023
Calcium Acetate,Calcium Acetate,282992,20912351.219999995,85637.0,440536.9000000001,12397332,2024
Calcium Chloride,Calcium Chloride,22,2497.13,5.0,22.0,158,2022
Calcium Gluconate,Calcium Gluconate,435,52539.19,95.0,435.0,2720,2019
Calcium Gluconate,Calcium Gluconate,352,32047.85,75.0,352.0,2472,2020
Calcium Gluconate,Calcium Gluconate,413,69130.62,85.0,413.0,3196,2021
Calcium Gluconate,Calcium Gluconate,399,64861.26,75.0,399.0,2718,2022
Calcium Gluconate,Calcium Gluconate,483,47678.4,85.0,483.0,3524,2023
Calcium Gluconate,Calcium Gluconate,521,41966.43000000001,95.0,521.0,2999,2024
Canagliflozin,Invokana,382495,290462782.00000006,101381.0,598579.6,17569388,2019
Canagliflozin,Invokana,409555,342539607.6399999,103820.0,675159.3999999999,19884565,2020
Canagliflozin,Invokana,273937,236597611.28000003,73855.0,446887.2,13123985,2021
Canagliflozin,Invokana,215224,198551824.54999995,59256.0,350939.7,10246255,2022
Canagliflozin,Invokana,147982,141402869.76999995,42332.0,238187.90000000005,6895289,2023
Canagliflozin,Invokana,116409,98621209.56000002,33863.0,182977.0,5252986,2024
Canagliflozin/Metformin Hcl,Invokamet,32130,20579548.260000005,9954.0,44424.09999999999,1312652,2019
Canagliflozin/Metformin Hcl,Invokamet Xr,32171,22226253.08,9666.0,46026.89999999998,1365767,2020
Canagliflozin/Metformin Hcl,Invokamet Xr,18394,12900769.690000003,5814.0,25678.700000000004,760284,2021
Canagliflozin/Metformin Hcl,Invokamet Xr,14484,10671432.95,4659.0,20014.4,591978,2022
Canagliflozin/Metformin Hcl,Invokamet Xr,8510,6537728.12,2908.0,11490.700000000004,339953,2023
Canagliflozin/Metformin Hcl,Invokamet Xr,6626,4583918.27,2342.0,8704.4,257264,2024
Canakinumab/Pf,Ilaris,252,6462358.779999999,100.0,276.79999999999995,7889,2019
Canakinumab/Pf,Ilaris,216,5771838.78,85.0,236.1,6627,2020
Canakinumab/Pf,Ilaris,396,10582420.85,150.0,428.2000000000001,11839,2021
Canakinumab/Pf,Ilaris,580,15922040.97,225.0,597.6999999999999,16565,2022
Canakinumab/Pf,Ilaris,679,19350192.09,240.0,704.1,19766,2023
Canakinumab/Pf,Ilaris,829,24906439.92,290.0,880.8000000000001,24718,2024
Candesartan Cilexetil,Candesartan Cilexetil,273593,29583680.34,76924.0,496241.0,14751119,2019
Candesartan Cilexetil,Candesartan Cilexetil,310779,33095169.270000003,82136.0,612446.3,18237325,2020
Candesartan Cilexetil,Candesartan Cilexetil,264029,29106364.76,70972.0,555813.6,16570017,2021
Candesartan Cilexetil,Candesartan Cilexetil,243908,28636819.71,67098.0,525558.2,15661315,2022
Candesartan Cilexetil,Candesartan Cilexetil,246613,27834431.509999994,68612.0,539542.7999999998,16072684,2023
Candesartan Cilexetil,Candesartan Cilexetil,267847,21556012.970000003,74727.0,593453.6000000002,17678719,2024
Candesartan/Hydrochlorothiazid,Candesartan-Hydrochlorothiazid,56841,8552033.07,17481.0,97693.19999999995,2918149,2019
Candesartan/Hydrochlorothiazid,Candesartan-Hydrochlorothiazid,84090,13111798.479999997,21031.0,151687.2,4532494,2020
Candesartan/Hydrochlorothiazid,Candesartan-Hydrochlorothiazid,67959,11112979.92,17327.0,130811.10000000002,3912287,2021
Candesartan/Hydrochlorothiazid,Candesartan-Hydrochlorothiazid,57622,9890631.89,15212.0,116299.70000000004,3477916,2022
Candesartan/Hydrochlorothiazid,Candesartan-Hydrochlorothiazid,52599,9029497.129999995,14161.0,109546.3,3275346,2023
Candesartan/Hydrochlorothiazid,Candesartan-Hydrochlorothiazid,50768,6335241.99,13619.0,106587.7,3186203,2024
Cannabidiol (Cbd),Epidiolex,14775,46222248.60000001,3051.0,14989.800000000005,437880,2019
Cannabidiol (Cbd),Epidiolex,25468,93794304.45,4757.0,25935.9,756068,2020
Cannabidiol (Cbd),Epidiolex,29319,121456347.44,5443.0,30272.3,876200,2021
Cannabidiol (Cbd),Epidiolex,32721,149088496.05,5919.0,34175.6,979818,2022
Cannabidiol (Cbd),Epidiolex,35256,169144085.03999996,6461.0,36929.70000000002,1055169,2023
Cannabidiol (Cbd),Epidiolex,37883,179075448.98,6885.0,40207.900000000016,1144575,2024
Capecitabine,Capecitabine,22,13344.19,10.0,22.0,602,2020
Capecitabine,Capecitabine,60,24981.56,20.0,60.0,1092,2021
Capecitabine,Capecitabine,106,16629.95,40.0,106.0,2604,2022
Capecitabine,Capecitabine,62,4436.02,20.0,62.0,1371,2023
Capecitabine,Capecitabine,12,420.38,5.0,12.0,200,2024
Capivasertib,Truqap,2165,46107035.16999999,731.0,2189.7,60795,2024
Caplacizumab-Yhdp,Cablivi,12,2646571.22,5.0,12.0,350,2022
Caplacizumab-Yhdp,Cablivi,23,5395026.96,10.0,23.0,690,2023
Caplacizumab-Yhdp,Cablivi,25,6138424.68,10.0,25.0,750,2024
Capmatinib Hydrochloride,Tabrecta,43,778358.34,15.0,43.0,1176,2020
Capmatinib Hydrochloride,Tabrecta,777,13576760.830000002,290.0,779.7,21593,2021
Capmatinib Hydrochloride,Tabrecta,1299,22882258.979999997,475.0,1315.5,36328,2022
Capmatinib Hydrochloride,Tabrecta,1800,32914193.320000004,630.0,1812.4,49539,2023
Capmatinib Hydrochloride,Tabrecta,2609,49422607.38999999,915.0,2624.7000000000003,72726,2024
Capsaicin/Skin Cleanser,Qutenza,37,103610.82,37.0,43.0,1280,2020
Capsaicin/Skin Cleanser,Qutenza,83,253336.36,37.0,165.0,4917,2021
Capsaicin/Skin Cleanser,Qutenza,216,765623.55,138.0,561.8,16740,2022
Capsaicin/Skin Cleanser,Qutenza,1094,4012092.600000001,642.0,2972.7,89118,2023
Capsaicin/Skin Cleanser,Qutenza,2813,9793754.750000002,1426.0,8014.8,240233,2024
Captopril,Captopril,48800,4410426.07,14545.0,69753.29999999999,2005946,2019
Captopril,Captopril,38618,3293477.9899999998,11500.0,55741.30000000001,1600269,2020
Captopril,Captopril,29114,2384794.76,8589.0,41912.7,1196546,2021
Captopril,Captopril,22601,1791985.0000000005,6676.0,32102.800000000003,907799,2022
Captopril,Captopril,20486,1545472.4600000004,6046.0,28996.300000000007,809492,2023
Captopril,Captopril,17957,940191.1100000002,5229.0,24766.200000000008,683791,2024
Captopril/Hydrochlorothiazide,Captopril-Hydrochlorothiazide,949,103325.01,371.0,1161.9,33568,2019
Captopril/Hydrochlorothiazide,Captopril-Hydrochlorothiazide,25,2924.21,10.0,29.0,870,2020
Captopril/Hydrochlorothiazide,Captopril-Hydrochlorothiazide,25,323.0,5.0,25.0,125,2024
Carbamazepine,Carbamazepine Er,1149552,119256854.02,256824.0,1438302.5999999996,40291431,2019
Carbamazepine,Carbamazepine Er,1074282,115450346.65999998,243745.0,1386439.6,39020399,2020
Carbamazepine,Carbamazepine Er,972418,105175583.96,223489.0,1276106.5,35862889,2021
Carbamazepine,Carbamazepine,917677,97249747.08,211241.0,1213565.4000000006,34002558,2022
Carbamazepine,Carbamazepine,871763,89786593.78999999,202462.0,1162287.8,32519056,2023
Carbamazepine,Carbamazepine,855051,71428102.33000001,199579.0,1155670.2,32346711,2024
Carbidopa,Carbidopa,9445,7496241.719999999,2690.0,12618.0,352144,2019
Carbidopa,Carbidopa,9562,6648841.750000002,2746.0,13218.000000000002,374188,2020
Carbidopa,Carbidopa,9615,5342542.99,2746.0,14412.6,412510,2021
Carbidopa,Carbidopa,9657,5548097.55,2766.0,15808.5,452441,2022
Carbidopa,Carbidopa,10283,4482162.159999999,2973.0,17326.699999999993,494915,2023
Carbidopa,Carbidopa,12367,3878441.42,3490.0,21566.199999999997,620851,2024
Carbidopa/Levodopa,Carbidopa-Levodopa,3093073,249498042.13,708610.0,4809640.3,137341468,2019
Carbidopa/Levodopa,Carbidopa-Levodopa,2981622,286448774.20000005,700239.0,4912803.5,140931262,2020
Carbidopa/Levodopa,Carbidopa-Levodopa,2889498,319511679.53,711572.0,4925473.800000002,141440069,2021
Carbidopa/Levodopa,Carbidopa-Levodopa,2971679,347770938.81,739988.0,5148156.599999999,147517042,2022
Carbidopa/Levodopa,Carbidopa-Levodopa,3074397,380816114.47,769448.0,5387113.100000001,154094370,2023
Carbidopa/Levodopa,Carbidopa-Levodopa,3308337,349925135.0,829274.0,5872274.8,167680141,2024
Carbidopa/Levodopa/Entacapone,Carbidopa-Levodopa-Entacapone,66983,19871745.03,15307.0,92303.7,2450054,2019
Carbidopa/Levodopa/Entacapone,Carbidopa-Levodopa-Entacapone,55559,16607212.639999997,12944.0,80284.90000000002,2154621,2020
Carbidopa/Levodopa/Entacapone,Carbidopa-Levodopa-Entacapone,44150,14089463.289999995,10829.0,66146.59999999998,1786751,2021
Carbidopa/Levodopa/Entacapone,Carbidopa-Levodopa-Entacapone,35675,10727776.35,9029.0,55595.1,1520357,2022
Carbidopa/Levodopa/Entacapone,Carbidopa-Levodopa-Entacapone,33221,9215217.45,8449.0,51931.99999999999,1424876,2023
Carbidopa/Levodopa/Entacapone,Carbidopa-Levodopa-Entacapone,32446,7145010.079999998,8188.0,50213.60000000001,1361024,2024
Carbinoxamine Maleate,Ryvent,1404,476960.4199999999,570.0,1730.9,44366,2019
Carbinoxamine Maleate,Ryvent,1351,461646.0899999999,539.0,1681.0,42979,2020
Carbinoxamine Maleate,Ryvent,1485,1147946.1900000002,466.0,1927.2,54155,2021
Carbinoxamine Maleate,Carbinoxamine Maleate,1688,1316798.6699999997,553.0,2099.6,57507,2022
Carbinoxamine Maleate,Carbinoxamine Maleate,1873,614931.63,652.0,2418.3,63930,2023
Carbinoxamine Maleate,Carbinoxamine Maleate,2513,601792.3700000002,988.0,3553.4999999999995,93841,2024
Carboplatin,Carboplatin,1577,97228.31,394.0,1581.8000000000002,35577,2019
Carboplatin,Carboplatin,1592,91464.41000000002,411.0,1595.3000000000002,33231,2020
Carboplatin,Carboplatin,2034,124989.14999999997,567.0,2047.9,44698,2021
Carboplatin,Carboplatin,2882,156112.18000000002,715.0,2895.5,61821,2022
Carboplatin,Carboplatin,1732,96090.74,504.0,1738.8,37391,2023
Carboplatin,Carboplatin,2431,129601.28,626.0,2443.8,51945,2024
Carfilzomib,Kyprolis,265,3115928.45,85.0,265.0,6902,2019
Carfilzomib,Kyprolis,204,2003869.56,60.0,204.0,4718,2020
Carfilzomib,Kyprolis,413,3470484.14,100.0,413.0,9026,2021
Carfilzomib,Kyprolis,838,6802117.430000001,145.0,838.0,14943,2022
Carfilzomib,Kyprolis,920,7754297.129999999,190.0,920.0,21229,2023
Carfilzomib,Kyprolis,1154,10057107.150000002,245.0,1154.9,24762,2024
Carglumic Acid,Carbaglu,12,2120875.56,5.0,12.0,360,2019
Carglumic Acid,Carbaglu,11,1308380.04,5.0,11.0,330,2020
Carglumic Acid,Carbaglu,12,2292467.16,5.0,12.0,360,2021
Carglumic Acid,Carbaglu,37,3935725.01,15.0,37.0,1110,2022
Carglumic Acid,Carbaglu,38,4574790.75,15.0,38.0,1140,2023
Carglumic Acid,Carbaglu,42,9276566.419999998,15.0,42.0,1260,2024
Cariprazine Hcl,Vraylar,191309,233143972.01000005,41294.0,198746.6,5592553,2019
Cariprazine Hcl,Vraylar,306289,390659392.83,60527.0,324434.80000000005,9197754,2020
Cariprazine Hcl,Vraylar,354148,464888211.12,70012.0,369146.5999999999,10444703,2021
Cariprazine Hcl,Vraylar,410852,562652094.07,81321.0,428480.6000000001,12124814,2022
Cariprazine Hcl,Vraylar,510260,741099757.53,102597.0,533641.2,15133486,2023
Cariprazine Hcl,Vraylar,620682,901672327.92,124057.0,650439.7000000002,18458812,2024
Carisoprodol,Carisoprodol,304928,4472964.140000001,74649.0,317553.9000000001,8905416,2019
Carisoprodol,Carisoprodol,303976,4506157.460000001,73114.0,317426.9,8965525,2020
Carisoprodol,Carisoprodol,286956,4505638.69,69728.0,299832.9,8463260,2021
Carisoprodol,Carisoprodol,263743,4681433.039999998,64814.0,276289.60000000003,7801930,2022
Carisoprodol,Carisoprodol,239793,4251097.739999997,59633.0,251141.00000000003,7063704,2023
Carisoprodol,Carisoprodol,235319,3376172.2500000005,59072.0,246849.10000000003,6943432,2024
Carisoprodol/Aspirin/Codeine,Carisoprodol-Aspirin-Codeine,25,7805.87,10.0,25.0,685,2019
Carisoprodol/Aspirin/Codeine,Carisoprodol-Aspirin-Codeine,13,4104.23,5.0,13.0,325,2020
Carmustine,Bicnu,14,26695.14,5.0,14.0,390,2019
Carteolol Hcl,Carteolol Hcl,11599,260573.33000000007,3502.0,20436.0,592343,2019
Carteolol Hcl,Carteolol Hcl,13762,324294.6900000001,4602.0,26457.9,773104,2020
Carteolol Hcl,Carteolol Hcl,13736,340698.86999999994,4318.0,27386.300000000003,803333,2021
Carteolol Hcl,Carteolol Hcl,12184,321737.99999999994,3748.0,24482.5,718763,2022
Carteolol Hcl,Carteolol Hcl,11773,296095.65,3685.0,23562.6,691056,2023
Carteolol Hcl,Carteolol Hcl,10660,239696.82,3281.0,21659.4,636307,2024
Carvedilol,Carvedilol,14302570,148166396.64999998,3870091.0,28754390.8,848125935,2019
Carvedilol,Carvedilol,14157921,144622925.20000002,3883778.0,30022825.000000004,886720874,2020
Carvedilol,Carvedilol,13935851,154845970.85999998,3989541.0,30445937.200000003,899518461,2021
Carvedilol,Carvedilol,14038473,160420544.16000003,4098142.0,31150929.7,919847286,2022
Carvedilol,Carvedilol,14325976,169220130.76000008,4211647.0,32123295.0,948251660,2023
Carvedilol,Carvedilol,14918248,128802867.17,4377365.0,33643987.0,992137250,2024
Carvedilol Phosphate,Carvedilol Er,33831,10926316.37,11211.0,50564.2,1475550,2019
Carvedilol Phosphate,Carvedilol Er,28834,9629709.1,9420.0,44905.1,1307481,2020
Carvedilol Phosphate,Carvedilol Er,25288,8660795.47,8269.0,40144.5,1166785,2021
Carvedilol Phosphate,Carvedilol Er,22787,7687289.29,7338.0,37375.7,1086512,2022
Carvedilol Phosphate,Carvedilol Er,21809,7861951.76,7084.0,35556.6,1026731,2023
Carvedilol Phosphate,Carvedilol Er,22627,6607805.990000001,7352.0,38756.2,1118574,2024
Casimersen,Amondys-45,47,1391196.86,10.0,47.0,329,2021
Casimersen,Amondys-45,150,9166781.45,25.0,150.0,2002,2022
Casimersen,Amondys-45,174,10652311.75,25.0,174.0,2331,2023
Casimersen,Amondys-45,184,14055010.91,40.0,184.0,3409,2024
Caspofungin Acetate,Caspofungin Acetate,334,501674.93,133.0,334.0,2886,2019
Caspofungin Acetate,Caspofungin Acetate,1846,826319.3099999999,624.0,1846.0,46387,2020
Caspofungin Acetate,Caspofungin Acetate,2531,898787.54,828.0,2531.0,66305,2021
Caspofungin Acetate,Caspofungin Acetate,2156,1122898.7499999998,646.0,2156.0,48019,2022
Caspofungin Acetate,Caspofungin Acetate,1852,840023.94,622.0,1852.0,38435,2023
Caspofungin Acetate,Caspofungin Acetate,2962,884137.23,1018.0,2962.0,78419,2024
Cefaclor,Cefaclor,4255,235605.95000000004,2471.0,4951.0,89966,2019
Cefaclor,Cefaclor,2675,179983.43999999994,1432.0,3397.9999999999995,72216,2020
Cefaclor,Cefaclor,2658,168537.56,1370.0,3274.3,72288,2021
Cefaclor,Cefaclor,2310,156582.7,1239.0,2817.7,60600,2022
Cefaclor,Cefaclor,2188,137214.4,1102.0,2709.4,59100,2023
Cefaclor,Cefaclor,2151,127908.64,989.0,2688.3,58590,2024
Cefadroxil,Cefadroxil,162579,1921569.98,127630.0,168796.0,1806465,2019
Cefadroxil,Cefadroxil,157416,2050155.87,119884.0,165349.3999999999,1895800,2020
Cefadroxil,Cefadroxil,191049,2426859.649999999,149376.0,200903.39999999997,2250415,2021
Cefadroxil,Cefadroxil,229962,3142943.030000001,183310.0,242518.49999999997,2704788,2022
Cefadroxil,Cefadroxil,278718,3960729.51,223535.0,294332.19999999995,3280082,2023
Cefadroxil,Cefadroxil,379209,4717645.91,309202.0,400870.2,4435839,2024
Cefazolin Sodium,Cefazolin Sodium,27275,1605929.7999999996,7074.0,27278.7,174013,2019
Cefazolin Sodium,Cefazolin Sodium,33530,2161332.62,8534.0,33534.3,215969,2020
Cefazolin Sodium,Cefazolin Sodium,37760,2348740.16,9424.0,37763.9,241230,2021
Cefazolin Sodium,Cefazolin Sodium,41195,2550504.5,10343.0,41196.100000000006,260855,2022
Cefazolin Sodium,Cefazolin Sodium,45777,2907837.940000001,11539.0,45778.5,294902,2023
Cefazolin Sodium,Cefazolin Sodium,47652,2464581.29,11981.0,47654.4,310267,2024
"Cefazolin Sodium/Dextrose,iso",Cefazolin Sodium-Dextrose,604,41711.48,185.0,604.0,1702,2019
"Cefazolin Sodium/Dextrose,iso",Cefazolin Sodium-Dextrose,392,36184.93,140.0,392.0,1268,2020
"Cefazolin Sodium/Dextrose,iso",Cefazolin Sodium-Dextrose,452,47341.73,160.0,452.0,1405,2021
"Cefazolin Sodium/Dextrose,iso",Cefazolin Sodium-Dextrose,263,21186.98,85.0,263.0,755,2022
"Cefazolin Sodium/Dextrose,iso",Cefazolin Sodium-Dextrose,301,29041.28,100.0,301.0,910,2023
"Cefazolin Sodium/Dextrose,iso",Cefazolin Sodium-Dextrose,530,47466.45999999999,140.0,530.0,1407,2024
Cefdinir,Cefdinir,1136772,26311377.32,974500.0,1139622.299999999,10220650,2019
Cefdinir,Cefdinir,897613,21470331.92,750539.0,901317.3,7933423,2020
Cefdinir,Cefdinir,969832,21090165.54,823723.0,973975.3,8488217,2021
Cefdinir,Cefdinir,1271203,26095901.82000001,1093586.0,1276375.7999999998,10981069,2022
Cefdinir,Cefdinir,1372695,28632746.600000005,1194410.0,1378625.4000000004,11601572,2023
Cefdinir,Cefdinir,1646124,25171135.84,1433792.0,1653816.1,13760647,2024
Cefepime Hcl,Cefepime Hcl,38403,7069118.010000001,11302.0,38412.9,218030,2019
Cefepime Hcl,Cefepime Hcl,42947,8219011.839999999,12431.0,42960.2,247667,2020
Cefepime Hcl,Cefepime Hcl,45224,8662726.569999998,12852.0,45242.5,265717,2021
Cefepime Hcl,Cefepime Hcl,48448,10207854.46,13444.0,48470.99999999999,283266,2022
Cefepime Hcl,Cefepime Hcl,52699,12131282.03,14899.0,52720.0,313327,2023
Cefepime Hcl,Cefepime Hcl,55332,10149307.170000002,16032.0,55343.2,331748,2024
Cefepime Hcl In Dextrose 5 %,Cefepime-Dextrose,527,74439.34999999999,156.0,527.0,1771,2019
Cefepime Hcl In Dextrose 5 %,Cefepime-Dextrose,441,151501.40999999997,126.0,441.0,1348,2020
Cefepime Hcl In Dextrose 5 %,Cefepime-Dextrose,325,62667.16,117.0,325.0,1212,2021
Cefepime Hcl In Dextrose 5 %,Cefepime-Dextrose,300,56275.93,106.0,300.0,1147,2022
Cefepime Hcl In Dextrose 5 %,Cefepime-Dextrose,548,117409.03,181.0,548.0,1953,2023
Cefepime Hcl In Dextrose 5 %,Cefepime-Dextrose,781,185057.5,256.0,781.0,2844,2024
Cefepime In Iso-Osm Dextrose,Cefepime,1431,348494.64,458.0,1431.0,4669,2019
Cefepime In Iso-Osm Dextrose,Cefepime,1509,406650.47,479.0,1509.0,5382,2020
Cefepime In Iso-Osm Dextrose,Cefepime,915,268106.15,275.0,915.0,3273,2021
Cefepime In Iso-Osm Dextrose,Cefepime,950,265616.78,319.0,950.0,3451,2022
Cefepime In Iso-Osm Dextrose,Cefepime,1096,300631.51,307.0,1096.0,4069,2023
Cefepime In Iso-Osm Dextrose,Cefepime,698,195069.41999999995,235.0,698.0,2347,2024
Cefiderocol Sulfate Tosylate,Fetroja,125,382597.17,25.0,125.0,434,2021
Cefiderocol Sulfate Tosylate,Fetroja,275,399546.15,50.0,275.0,376,2022
Cefiderocol Sulfate Tosylate,Fetroja,386,1112845.88,90.0,386.0,945,2023
Cefiderocol Sulfate Tosylate,Fetroja,764,1607724.0199999996,185.0,764.0,1225,2024
Cefixime,Suprax,1056,245932.29000000004,763.0,1057.0,9969,2019
Cefixime,Cefixime,1065,181624.93,670.0,1094.3000000000002,11760,2020
Cefixime,Cefixime,1453,240284.05,937.0,1490.1,15527,2021
Cefixime,Cefixime,532,122174.03,341.0,539.4,5595,2022
Cefixime,Cefixime,1483,165502.18000000002,1109.0,1491.0,9905,2023
Cefixime,Cefixime,2770,248554.05,1970.0,2783.5,20230,2024
Cefoxitin Sodium,Cefoxitin,870,219691.75,215.0,870.0,5310,2019
Cefoxitin Sodium,Cefoxitin,915,310459.13000000006,215.0,915.0,5253,2020
Cefoxitin Sodium,Cefoxitin,869,263050.61,185.0,869.0,4702,2021
Cefoxitin Sodium,Cefoxitin,707,200251.85,185.0,707.0,4339,2022
Cefoxitin Sodium,Cefoxitin,386,125437.56,130.0,386.0,2456,2023
Cefoxitin Sodium,Cefoxitin,703,155201.93000000002,180.0,703.0,4201,2024
"Cefoxitin Sodium/Dextrose,iso",Cefoxitin Sodium,11,1062.24,5.0,11.0,36,2019
"Cefoxitin Sodium/Dextrose,iso",Cefoxitin Sodium,45,6503.85,5.0,45.0,45,2021
"Cefoxitin Sodium/Dextrose,iso",Cefoxitin Sodium,12,1838.32,5.0,12.0,37,2024
Cefpodoxime Proxetil,Cefpodoxime Proxetil,82830,5866792.229999999,69049.0,83490.59999999999,642791,2019
Cefpodoxime Proxetil,Cefpodoxime Proxetil,76202,5192750.359999999,62506.0,76959.1,600309,2020
Cefpodoxime Proxetil,Cefpodoxime Proxetil,87597,5628637.739999999,73171.0,88677.90000000001,700089,2021
Cefpodoxime Proxetil,Cefpodoxime Proxetil,113985,7143809.849999999,97267.0,115181.9,888213,2022
Cefpodoxime Proxetil,Cefpodoxime Proxetil,161626,8940981.940000003,139787.0,163006.10000000003,1220783,2023
Cefpodoxime Proxetil,Cefpodoxime Proxetil,227615,10241742.849999998,200164.0,229426.20000000007,1691011,2024
Cefprozil,Cefprozil,28750,999215.47,23458.0,28775.7,277504,2019
Cefprozil,Cefprozil,16345,589735.9,12752.0,16382.300000000005,158908,2020
Cefprozil,Cefprozil,14667,504391.69,11731.0,14701.600000000002,145087,2021
Cefprozil,Cefprozil,15450,548492.1800000002,12359.0,15486.7,151479,2022
Cefprozil,Cefprozil,16752,511552.88000000006,13753.0,16799.0,163558,2023
Cefprozil,Cefprozil,15862,428428.07,12988.0,15914.6,154413,2024
Ceftaroline Fosamil Acetate,Teflaro,1486,2952980.51,435.0,1486.0,7450,2019
Ceftaroline Fosamil Acetate,Teflaro,1241,2494058.99,374.0,1241.0,6204,2020
Ceftaroline Fosamil Acetate,Teflaro,1143,1990527.23,340.0,1143.0,4710,2021
Ceftaroline Fosamil Acetate,Teflaro,1288,2835590.73,350.0,1288.0,5892,2022
Ceftaroline Fosamil Acetate,Teflaro,1289,3025320.41,360.0,1289.0,5525,2023
Ceftaroline Fosamil Acetate,Teflaro,1613,3308563.38,385.0,1613.0,6536,2024
Ceftazidime,Ceftazidime,3678,432044.16,1034.0,3705.9,23415,2019
Ceftazidime,Ceftazidime,3854,476612.78,1019.0,3895.3,26734,2020
Ceftazidime,Ceftazidime,4462,549478.55,1182.0,4503.0,31272,2021
Ceftazidime,Ceftazidime,4911,563035.5599999998,1285.0,4931.0,32712,2022
Ceftazidime,Ceftazidime,4924,591938.1099999999,1242.0,4946.299999999998,34060,2023
Ceftazidime,Ceftazidime,5892,673814.4100000003,1549.0,5934.599999999999,40462,2024
Ceftazidime In Dextrose5%water,Ceftazidime,26,2416.19,10.0,26.0,57,2019
Ceftazidime In Dextrose5%water,Ceftazidime,46,8938.94,10.0,46.0,156,2021
Ceftazidime In Dextrose5%water,Ceftazidime,48,10968.79,5.0,48.0,154,2022
Ceftazidime/Avibactam,Avycaz,651,2065601.2700000005,165.0,651.0,1990,2019
Ceftazidime/Avibactam,Avycaz,438,1043095.83,130.0,438.0,1036,2020
Ceftazidime/Avibactam,Avycaz,1461,4637455.42,345.0,1461.0,4842,2021
Ceftazidime/Avibactam,Avycaz,1048,2998854.21,290.0,1048.0,3032,2022
Ceftazidime/Avibactam,Avycaz,1184,4366410.649999999,340.0,1184.0,4009,2023
Ceftazidime/Avibactam,Avycaz,1379,5320693.12,345.0,1379.0,4973,2024
Ceftolozane/Tazobactam,Zerbaxa,899,1176535.0799999998,205.0,899.0,3957,2019
Ceftolozane/Tazobactam,Zerbaxa,1270,2986577.65,325.0,1270.0,7025,2020
Ceftolozane/Tazobactam,Zerbaxa,907,1955559.3,255.0,907.0,4270,2022
Ceftolozane/Tazobactam,Zerbaxa,1429,4387539.030000002,360.0,1429.0,7370,2023
Ceftolozane/Tazobactam,Zerbaxa,1917,7368297.920000001,475.0,1917.2,10353,2024
Ceftriaxone In Is-Osm Dextrose,Ceftriaxone,3337,297766.74999999994,1218.0,3337.0,11834,2019
Ceftriaxone In Is-Osm Dextrose,Ceftriaxone,3001,298321.42999999993,1067.0,3001.0,11446,2020
Ceftriaxone In Is-Osm Dextrose,Ceftriaxone,1993,218383.1400000001,724.0,1993.0,7653,2021
Ceftriaxone In Is-Osm Dextrose,Ceftriaxone,1760,190419.91,609.0,1760.0,6888,2022
Ceftriaxone In Is-Osm Dextrose,Ceftriaxone,1866,178038.99000000002,722.0,1866.0,6867,2023
Ceftriaxone In Is-Osm Dextrose,Ceftriaxone,2648,276351.05999999994,1258.0,2648.0,10433,2024
Ceftriaxone Sodium,Ceftriaxone,200613,11247458.27,97081.0,200655.8,907822,2019
Ceftriaxone Sodium,Ceftriaxone,213784,15200637.099999994,101306.0,213818.1,1011734,2020
Ceftriaxone Sodium,Ceftriaxone,183039,12266229.18,80289.0,183076.5,911716,2021
Ceftriaxone Sodium,Ceftriaxone,190685,12891019.279999996,82904.0,190725.1,942026,2022
Ceftriaxone Sodium,Ceftriaxone,214178,15500585.98,95239.0,214219.20000000004,1054836,2023
Ceftriaxone Sodium,Ceftriaxone,240082,14823680.45,107286.0,240137.5000000001,1153763,2024
Cefuroxime Axetil,Cefuroxime,858681,22267855.379999995,700880.0,865095.1000000003,7651192,2019
Cefuroxime Axetil,Cefuroxime,612286,15738362.05,487484.0,618829.9,5472003,2020
Cefuroxime Axetil,Cefuroxime,566886,13036643.489999998,459335.0,573468.5000000001,5039970,2021
Cefuroxime Axetil,Cefuroxime,647242,16098137.529999996,532848.0,654058.2000000002,5682167,2022
Cefuroxime Axetil,Cefuroxime,735591,13879136.100000003,612489.0,743209.9,6359921,2023
Cefuroxime Axetil,Cefuroxime,780011,11602000.879999995,655951.0,788721.0999999999,6665604,2024
Cefuroxime Sodium,Cefuroxime Sodium,60,5368.34,10.0,60.0,322,2021
Celecoxib,Celecoxib,3008785,184664512.35000008,933471.0,4802374.399999999,140509181,2019
Celecoxib,Celecoxib,3101960,165897066.75000006,963039.0,5081221.0,148896608,2020
Celecoxib,Celecoxib,3345987,168018268.53999996,1113448.0,5508921.299999999,161128242,2021
Celecoxib,Celecoxib,3731395,188625469.67999995,1271648.0,6022978.6,175794140,2022
Celecoxib,Celecoxib,4295142,171345726.26999998,1484923.0,6918757.8,201860729,2023
Celecoxib,Celecoxib,4993112,144433309.59,1741171.0,8092048.099999997,236017041,2024
Cemiplimab-Rwlc,Libtayo,132,1268313.8,50.0,132.0,2772,2019
Cemiplimab-Rwlc,Libtayo,73,697287.3700000001,25.0,73.0,1533,2020
Cemiplimab-Rwlc,Libtayo,117,1145915.13,35.0,117.0,2237,2021
Cemiplimab-Rwlc,Libtayo,152,1506123.27,50.0,152.0,3192,2022
Cemiplimab-Rwlc,Libtayo,326,3265300.06,100.0,326.0,6804,2023
Cemiplimab-Rwlc,Libtayo,773,7876761.019999999,240.0,773.0,16254,2024
Cenegermin-Bkbj,Oxervate,5172,84611692.64,1122.0,5172.0,42001,2019
Cenegermin-Bkbj,Oxervate,4059,119900779.68999998,1067.0,4059.0,55209,2020
Cenegermin-Bkbj,Oxervate,4985,153475836.20000002,1277.0,4985.0,71107,2021
Cenegermin-Bkbj,Oxervate,5628,194495585.71,1526.0,5628.0,78457,2022
Cenegermin-Bkbj,Oxervate,7205,265950488.02999997,1990.0,7206.6,100409,2023
Cenegermin-Bkbj,Oxervate,10391,407389196.59,2750.0,10391.0,144710,2024
Cenobamate,Xcopri,2030,2132319.4899999998,575.0,2217.4,63280,2020
Cenobamate,Xcopri,22750,26914452.220000003,4296.0,24366.300000000003,705046,2021
Cenobamate,Xcopri,46222,59418267.09,7954.0,49522.100000000006,1435421,2022
Cenobamate,Xcopri,73227,100267876.8,12212.0,78772.09999999998,2283743,2023
Cenobamate,Xcopri,103708,146754343.4,16736.0,112239.2,3247266,2024
Cephalexin,Cephalexin,4904588,36889218.13,3841043.0,5139028.7,53106704,2019
Cephalexin,Cephalexin,4522614,31719719.460000005,3466816.0,4788411.800000001,51339431,2020
Cephalexin,Cephalexin,4805303,35182719.5,3772621.0,5090155.5,53368061,2021
Cephalexin,Cephalexin,5020185,43584669.55999999,3982974.0,5325637.500000002,55300856,2022
Cephalexin,Cephalexin,5406721,48054087.7,4339691.0,5733952.399999999,58682135,2023
Cephalexin,Cephalexin,5743487,43365699.219999984,4628603.0,6111315.700000001,62497683,2024
Ceritinib,Zykadia,187,1913981.02,80.0,187.0,5512,2019
Ceritinib,Zykadia,266,2626602.66,110.0,266.0,7674,2020
Ceritinib,Zykadia,170,1800007.26,70.0,170.0,4886,2021
Ceritinib,Zykadia,161,1844532.72,65.0,161.8,4676,2022
Ceritinib,Zykadia,213,2443867.25,80.0,213.0,6160,2023
Ceritinib,Zykadia,212,2368238.06,80.0,212.0,6170,2024
Certolizumab Pegol,Cimzia,21077,110419809.89000002,5711.0,22609.59999999999,636953,2019
Certolizumab Pegol,Cimzia,21521,121074256.81,5849.0,23146.6,651682,2020
Certolizumab Pegol,Cimzia,23280,137797813.44999996,6319.0,24680.599999999995,694529,2021
Certolizumab Pegol,Cimzia,25341,159725539.08,6839.0,26972.6,760150,2022
Certolizumab Pegol,Cimzia,26490,177939618.76000002,7143.0,28217.6,795358,2023
Certolizumab Pegol,Cimzia (2 Pack),26688,173433669.6,7074.0,28418.9,800467,2024
Cetirizine Hcl,Cetirizine Hcl,7543,111436.85999999996,3386.0,7820.100000000001,185190,2019
Cetirizine Hcl,Cetirizine Hcl,11108,1343194.7299999995,4374.0,11973.200000000004,308229,2020
Cetirizine Hcl,Cetirizine Hcl,24750,7113008.249999999,7662.0,28420.90000000001,782459,2021
Cetirizine Hcl,Zerviate,12691,3647870.540000001,5300.0,14924.6,393310,2022
Cetirizine Hcl,Zerviate,20183,7399692.149999999,6184.0,23875.800000000003,642081,2023
Cetirizine Hcl,Cetirizine Hcl,11699,3273977.0300000007,4264.0,13150.100000000002,336799,2024
Cetuximab,Erbitux,281,2659372.87,90.0,281.0,6855,2019
Cetuximab,Erbitux,296,2488075.38,90.0,297.9,7077,2020
Cetuximab,Erbitux,274,2034277.2,80.0,275.6,5101,2021
Cetuximab,Erbitux,348,2521718.6300000004,75.0,348.0,6173,2022
Cetuximab,Erbitux,399,2980076.3400000003,85.0,399.3,7465,2023
Cetuximab,Erbitux,367,3150127.2099999995,95.0,367.0,7054,2024
Cevimeline Hcl,Cevimeline Hcl,41836,9472078.999999998,12284.0,63100.09999999998,1848348,2019
Cevimeline Hcl,Cevimeline Hcl,42564,9253120.98,12312.0,66912.9,1961227,2020
Cevimeline Hcl,Cevimeline Hcl,42924,8840065.87,12673.0,69681.7,2042781,2021
Cevimeline Hcl,Cevimeline Hcl,41692,9091729.22,12476.0,67717.3,1967266,2022
Cevimeline Hcl,Cevimeline Hcl,46922,9928622.160000002,13804.0,76820.5,2231664,2023
Cevimeline Hcl,Cevimeline Hcl,55174,8763009.320000002,16200.0,92975.4,2717745,2024
Chenodiol,Chenodal,262,12535961.94,100.0,262.0,7860,2019
Chenodiol,Chenodal,308,15762363.13,120.0,316.0,9480,2020
Chenodiol,Chenodal,277,14323780.419999998,100.0,277.0,8310,2021
Chenodiol,Chenodal,280,13142511.61,105.0,280.0,8400,2022
Chenodiol,Chenodal,243,10989228.83,90.0,243.0,7290,2023
Chenodiol,Chenodal,288,14326754.23,105.0,290.0,8700,2024
"Chikungunya Vaccine, Live/Pf",Ixchiq,150,59795.94,150.0,150.0,150,2024
Chlorambucil,Leukeran,2298,1712285.63,675.0,2375.3,54485,2019
Chlorambucil,Leukeran,1559,1210062.1499999997,457.0,1638.2,40708,2020
Chlorambucil,Leukeran,1196,1011897.29,350.0,1265.3,31275,2021
Chlorambucil,Leukeran,869,1427358.61,255.0,900.1999999999999,21171,2022
Chlorambucil,Leukeran,672,5190838.23,205.0,678.1,16224,2023
Chlorambucil,Leukeran,287,4239744.600000001,85.0,295.79999999999995,6616,2024
Chlordiazepoxide Hcl,Chlordiazepoxide Hcl,50029,461529.09,15100.0,51942.8,1438723,2019
Chlordiazepoxide Hcl,Chlordiazepoxide Hcl,60470,632457.54,17615.0,62430.6,1769029,2020
Chlordiazepoxide Hcl,Chlordiazepoxide Hcl,47863,495746.56,15148.0,49105.40000000001,1376719,2021
Chlordiazepoxide Hcl,Chlordiazepoxide Hcl,50071,522446.43,13886.0,51210.09999999999,1460644,2022
Chlordiazepoxide Hcl,Chlordiazepoxide Hcl,52945,559550.44,14284.0,54201.3,1550462,2023
Chlordiazepoxide Hcl,Chlordiazepoxide Hcl,54796,518882.71,14682.0,55714.29999999999,1598264,2024
Chlordiazepoxide/Clidinium Br,Chlordiazepoxide-Clidinium,1269,2140194.15,467.0,1344.6,35287,2019
Chlordiazepoxide/Clidinium Br,Chlordiazepoxide-Clidinium,5657,3656117.0400000014,1752.0,5830.0,158769,2020
Chlordiazepoxide/Clidinium Br,Chlordiazepoxide-Clidinium,3498,3153619.2700000005,1173.0,3861.1,106779,2021
Chlordiazepoxide/Clidinium Br,Chlordiazepoxide-Clidinium,4937,2662783.319999999,1693.0,5591.200000000001,154222,2022
Chlordiazepoxide/Clidinium Br,Chlordiazepoxide-Clidinium,5214,2324758.88,1739.0,5726.6,157032,2023
Chlordiazepoxide/Clidinium Br,Chlordiazepoxide-Clidinium,5037,2440529.8800000004,1630.0,5642.700000000001,156483,2024
Chlorhexidine Gluconate,Chlorhexidine Gluconate,1491153,9744502.829999998,905988.0,1530959.3,29664414,2019
Chlorhexidine Gluconate,Chlorhexidine Gluconate,1448337,8597428.069999998,861754.0,1489749.1999999995,28843066,2020
Chlorhexidine Gluconate,Chlorhexidine Gluconate,1704959,10119590.03,1071744.0,1748899.4,33075879,2021
Chlorhexidine Gluconate,Chlorhexidine Gluconate,1782189,11017264.62,1150083.0,1826072.1000000003,34116111,2022
Chlorhexidine Gluconate,Chlorhexidine Gluconate,1907877,11178709.730000002,1262833.0,1954052.9000000004,36009460,2023
Chlorhexidine Gluconate,Chlorhexidine Gluconate,2051145,10500260.989999998,1365648.0,2102346.7,38386023,2024
Chloroquine Phosphate,Chloroquine Phosphate,1691,210805.56,559.0,2300.2999999999997,67637,2019
Chloroquine Phosphate,Chloroquine Phosphate,1597,288020.1499999999,491.0,2171.8,62040,2020
Chloroquine Phosphate,Chloroquine Phosphate,1392,249804.86,367.0,2016.1,59380,2021
Chloroquine Phosphate,Chloroquine Phosphate,1065,183448.98,278.0,1603.0,47290,2022
Chloroquine Phosphate,Chloroquine Phosphate,1105,166685.94,340.0,1773.4999999999998,52023,2023
Chloroquine Phosphate,Chloroquine Phosphate,877,94775.25999999997,278.0,1444.2999999999995,43023,2024
Chlorothiazide,Chlorothiazide,2179,57658.47,788.0,3034.8000000000006,87040,2019
Chlorothiazide,Chlorothiazide,240,6314.23,91.0,277.70000000000005,6980,2020
Chlorothiazide,Diuril,155,7919.34,55.0,169.3,4240,2021
Chlorothiazide,Diuril,122,5845.740000000001,50.0,181.4,5284,2022
Chlorothiazide,Diuril,34,1286.3,16.0,61.1,1711,2023
Chlorothiazide,Diuril,44,3794.0,15.0,78.5,2323,2024
Chlorothiazide Sodium,Chlorothiazide Sodium,15,7227.46,5.0,15.0,214,2019
Chlorpromazine Hcl,Chlorpromazine Hcl,198985,81961155.68999998,39596.0,208881.59999999995,5475642,2019
Chlorpromazine Hcl,Chlorpromazine Hcl,195492,78891278.71,38428.0,206404.1,5491041,2020
Chlorpromazine Hcl,Chlorpromazine Hcl,188361,71334001.14,36574.0,198464.59999999995,5196956,2021
Chlorpromazine Hcl,Chlorpromazine Hcl,181424,64158903.320000015,34956.0,190778.5000000001,4930903,2022
Chlorpromazine Hcl,Chlorpromazine Hcl,177449,57627013.25000001,34349.0,186822.80000000008,4822373,2023
Chlorpromazine Hcl,Chlorpromazine Hcl,174886,39773330.14000001,33709.0,184148.6,4719582,2024
Chlorthalidone,Chlorthalidone,1796317,66644050.94,500019.0,3763565.1,112095792,2019
Chlorthalidone,Chlorthalidone,1905868,67747268.55,530511.0,4243447.1000000015,126467473,2020
Chlorthalidone,Chlorthalidone,1949974,56220073.06999997,563510.0,4496964.500000001,134077908,2021
Chlorthalidone,Chlorthalidone,2078622,54212755.17999999,607912.0,4888525.100000001,145748522,2022
Chlorthalidone,Chlorthalidone,2154162,48615405.060000025,629168.0,5162715.7,153916271,2023
Chlorthalidone,Chlorthalidone,2246636,36480905.73,653810.0,5450127.3,162406907,2024
Chlorzoxazone,Chlorzoxazone,46099,20370515.93,15567.0,48960.30000000001,1329248,2019
Chlorzoxazone,Chlorzoxazone,38892,18194967.65,12308.0,41753.8,1158514,2020
Chlorzoxazone,Chlorzoxazone,36316,14959956.570000002,11263.0,39310.69999999999,1091352,2021
Chlorzoxazone,Chlorzoxazone,33585,12140130.599999998,10553.0,36839.9,1015201,2022
Chlorzoxazone,Chlorzoxazone,32687,9442905.369999995,10688.0,36413.600000000006,994167,2023
Chlorzoxazone,Chlorzoxazone,34442,11672605.3,11502.0,38165.8,1047507,2024
Cholestyramine,Cholestyramine Light,48194,4020862.47,17615.0,61806.7,1700222,2024
Cholestyramine (With Sugar),Cholestyramine,218673,23454965.25,76865.0,280618.0,7852089,2019
Cholestyramine (With Sugar),Cholestyramine,214171,23722727.35000001,74354.0,285325.1,8034365,2020
Cholestyramine (With Sugar),Cholestyramine,219353,23439360.06000001,78581.0,301505.19999999995,8519070,2021
Cholestyramine (With Sugar),Cholestyramine,218361,22554414.99,78157.0,302815.80000000005,8557481,2022
Cholestyramine (With Sugar),Cholestyramine,216903,20143868.51,77135.0,300879.4,8494011,2023
Cholestyramine (With Sugar),Cholestyramine,235448,18157083.049999997,83278.0,330212.90000000014,9321039,2024
Cholestyramine/Aspartame,Cholestyramine Light,48171,4911383.96,16912.0,56708.4,1535494,2019
Cholestyramine/Aspartame,Cholestyramine Light,45214,4572768.91,15968.0,54207.7,1475606,2020
Cholestyramine/Aspartame,Prevalite,42666,4310668.08,15359.0,52140.4,1419627,2021
Cholestyramine/Aspartame,Cholestyramine Light,36885,3764633.8200000008,13587.0,46118.1,1259722,2022
Cholestyramine/Aspartame,Cholestyramine Light,39973,3999165.73,14822.0,50546.3,1390832,2023
Cholic Acid,Cholbam,28,1658281.04,10.0,28.0,840,2020
Cholic Acid,Cholbam,23,1744411.9,10.0,23.0,690,2021
Cholic Acid,Cholbam,36,3232430.9,15.0,36.0,1080,2022
Cholic Acid,Cholbam,38,3217965.35,15.0,38.0,1140,2023
Cholic Acid,Cholbam,63,5178968.01,25.0,63.0,1890,2024
Choriogonadotropin Alfa,Ovidrel,12,24985.52,5.0,12.0,336,2021
"Chorionic Gonadotropin, Human",Chorionic Gonadotropin,251,114504.84,105.0,258.2,6753,2019
"Chorionic Gonadotropin, Human",Chorionic Gonadotropin,262,145129.44,105.0,289.1,7566,2020
"Chorionic Gonadotropin, Human",Pregnyl,240,101059.92999999998,85.0,242.3,5698,2021
"Chorionic Gonadotropin, Human",Pregnyl,236,91051.74,90.0,263.0,6970,2022
"Chorionic Gonadotropin, Human",Pregnyl,331,165890.5,125.0,361.0,9694,2023
"Chorionic Gonadotropin, Human",Pregnyl,270,164050.6,100.0,286.1,7777,2024
Ciclesonide,Alvesco,120982,15325203.810000002,62110.0,214957.30000000005,6396860,2019
Ciclesonide,Alvesco,196093,25425433.089999992,81989.0,352356.9,10496410,2020
Ciclesonide,Alvesco,183993,26038020.82,76354.0,339439.69999999995,10113460,2021
Ciclesonide,Alvesco,191487,27230892.640000004,83463.0,350345.9,10432449,2022
Ciclesonide,Alvesco,193193,28422841.309999995,85217.0,347134.70000000007,10321954,2023
Ciclesonide,Alvesco,187862,27504089.140000004,81989.0,332124.5,9858753,2024
Ciclopirox,Ciclopirox,372904,16512144.430000002,173029.0,399221.5999999998,11001743,2019
Ciclopirox,Ciclopirox,328617,13849224.32,148846.0,354876.3,9921949,2020
Ciclopirox,Ciclopirox,375301,13523783.54,173314.0,406609.0000000001,11457445,2021
Ciclopirox,Ciclopirox,438766,16052401.939999996,203819.0,476516.00000000006,13530660,2022
Ciclopirox,Ciclopirox,516229,19163526.770000003,240799.0,561017.6000000002,16015210,2023
Ciclopirox,Ciclopirox,611839,18285697.97,286313.0,664725.8999999999,19061648,2024
Ciclopirox Olamine,Ciclopirox,278570,11438190.53,139341.0,298869.9000000001,7669160,2019
Ciclopirox Olamine,Ciclopirox,269168,9808559.750000004,130738.0,292536.1,7693198,2020
Ciclopirox Olamine,Ciclopirox,309440,9981918.36,152213.0,337181.6,8993679,2021
Ciclopirox Olamine,Ciclopirox,322895,11329356.48,160771.0,356888.0000000001,9623027,2022
Ciclopirox Olamine,Ciclopirox,355235,11859935.4,178326.0,399097.3000000001,10834140,2023
Ciclopirox Olamine,Ciclopirox,405961,10291584.2,201184.0,460494.6000000001,12622141,2024
Cidofovir,Cidofovir,18,11376.19,5.0,18.0,252,2019
Cidofovir,Cidofovir,68,51260.89,25.0,68.0,947,2020
Cidofovir,Cidofovir,58,53757.59,20.0,58.0,912,2021
Cidofovir,Cidofovir,11,7463.39,5.0,11.0,320,2022
Cilostazol,Cilostazol,613864,13317574.54,164292.0,980392.1999999996,28834069,2019
Cilostazol,Cilostazol,573818,13841497.340000002,154834.0,970343.8999999998,28574756,2020
Cilostazol,Cilostazol,537490,13556728.920000002,150294.0,938574.3,27658753,2021
Cilostazol,Cilostazol,521044,13371776.06,146955.0,926273.6,27264787,2022
Cilostazol,Cilostazol,514567,13996115.49,146994.0,930560.4,27342564,2023
Cilostazol,Cilostazol,527294,10870371.460000005,149368.0,955887.5,28060625,2024
Cimetidine,Cimetidine,5120,187580.05,1854.0,5860.2,143917,2019
Cimetidine,Cimetidine,79356,4125485.5500000007,24502.0,112878.49999999996,3229056,2020
Cimetidine,Cimetidine,72760,3758557.770000001,21664.0,102785.7,2950922,2021
Cimetidine,Cimetidine,51358,2709623.63,15613.0,71307.7,2024240,2022
Cimetidine,Cimetidine,47334,2527723.660000001,14318.0,62602.50000000001,1730894,2023
Cimetidine,Cimetidine,42352,2055078.22,12183.0,54360.49999999999,1451314,2024
Cimetidine Hcl,Cimetidine,340,15606.29,109.0,344.2,7477,2019
Cimetidine Hcl,Cimetidine,268,13919.05,95.0,275.9,6380,2020
Cimetidine Hcl,Cimetidine,260,21027.62,95.0,263.6,6971,2021
Cimetidine Hcl,Cimetidine,224,20429.93,90.0,230.8,6175,2022
Cimetidine Hcl,Cimetidine,11,821.48,5.0,11.0,264,2023
Cinacalcet Hcl,Sensipar,144183,150005652.81000003,37109.0,160477.3,4442141,2019
Cinacalcet Hcl,Cinacalcet Hcl,174214,138224764.03000003,40689.0,201026.69999999995,5747296,2020
Cinacalcet Hcl,Cinacalcet Hcl,154702,94972758.03999998,37506.0,211793.0,6121643,2021
Cinacalcet Hcl,Cinacalcet Hcl,157763,81706856.4,39211.0,232038.9,6713748,2022
Cinacalcet Hcl,Cinacalcet Hcl,173633,86026082.68000002,43940.0,270391.4,7844376,2023
Cinacalcet Hcl,Cinacalcet Hcl,200573,56013826.52,51509.0,331337.8,9600451,2024
Cipaglucosidase Alfa-Atga,Pombiliti,63,3213339.6500000004,25.0,63.0,1764,2024
Ciprofloxacin,Cipro,39,5802.889999999999,15.0,39.0,457,2019
Ciprofloxacin,Cipro,46,7304.42,15.0,46.0,460,2020
Ciprofloxacin,Cipro,50,8466.34,10.0,50.0,550,2021
Ciprofloxacin,Cipro,26,9134.71,10.0,27.2,428,2022
Ciprofloxacin,Cipro,54,12926.87,20.0,54.0,768,2023
Ciprofloxacin,Cipro,53,11173.79,20.0,53.0,774,2024
Ciprofloxacin Hcl,Ciprofloxacin Hcl,3859982,29620771.760000005,3039440.0,3902200.6,33664385,2019
Ciprofloxacin Hcl,Ciprofloxacin Hcl,3463613,23511081.84,2663850.0,3505721.4000000004,30708828,2020
Ciprofloxacin Hcl,Ciprofloxacin Hcl,3335820,21576431.75,2603289.0,3378006.8000000003,29816966,2021
Ciprofloxacin Hcl,Ciprofloxacin Hcl,3256959,25183259.770000003,2554115.0,3299357.1,29126269,2022
Ciprofloxacin Hcl,Ciprofloxacin Hcl,3350770,27007385.899999995,2640907.0,3396492.6,30181452,2023
Ciprofloxacin Hcl,Ciprofloxacin Hcl,3362534,22888290.750000004,2654133.0,3409491.4,30048461,2024
Ciprofloxacin Hcl/Dexameth,Ciprodex,85053,20928076.26,55325.0,86049.59999999998,1198229,2019
Ciprofloxacin Hcl/Dexameth,Ciprodex,53550,13695588.82,33224.0,54264.600000000006,768835,2020
Ciprofloxacin Hcl/Dexameth,Ciprofloxacin-Dexamethasone,69381,12517760.92,44458.0,70259.90000000001,957694,2021
Ciprofloxacin Hcl/Dexameth,Ciprofloxacin-Dexamethasone,71870,11986397.82,47052.0,72900.50000000001,1016544,2022
Ciprofloxacin Hcl/Dexameth,Ciprofloxacin-Dexamethasone,75545,11931670.980000002,50255.0,76558.9,1055572,2023
Ciprofloxacin Hcl/Dexameth,Ciprofloxacin-Dexamethasone,106245,12022292.84,72163.0,107835.29999999996,1486919,2024
Ciprofloxacin Hcl/Fluocinolone,Otovel,22,5598.34,5.0,22.0,154,2019
Ciprofloxacin Hcl/Fluocinolone,Otovel,15,3931.05,5.0,15.0,75,2022
Ciprofloxacin In 5 % Dextrose,Ciprofloxacin-D5w,507,18024.860000000004,186.0,507.0,2174,2019
Ciprofloxacin In 5 % Dextrose,Ciprofloxacin-D5w,366,12095.160000000003,122.0,366.0,1849,2020
Ciprofloxacin In 5 % Dextrose,Ciprofloxacin-D5w,354,10695.490000000003,133.0,354.0,2235,2021
Ciprofloxacin In 5 % Dextrose,Ciprofloxacin-D5w,362,9300.62,100.0,362.0,2147,2022
Ciprofloxacin In 5 % Dextrose,Ciprofloxacin-D5w,207,7079.26,80.0,207.0,1237,2023
Ciprofloxacin In 5 % Dextrose,Ciprofloxacin-D5w,235,7709.009999999998,89.0,235.0,880,2024
Ciprofloxacin/Hydrocortisone,Cipro Hc,114,37819.47,57.0,114.4,2221,2019
Ciprofloxacin/Hydrocortisone,Cipro Hc,70,23265.09,37.0,70.2,1540,2020
Ciprofloxacin/Hydrocortisone,Cipro Hc,116,38976.17,57.0,118.8,2303,2021
Ciprofloxacin/Hydrocortisone,Cipro Hc,113,38951.48,50.0,115.9,2545,2022
Ciprofloxacin/Hydrocortisone,Cipro Hc,45,17349.49,27.0,56.0,1358,2023
Ciprofloxacin/Hydrocortisone,Cipro Hc,30,10593.42,10.0,30.1,381,2024
Cisplatin,Cisplatin,150,8051.0999999999985,50.0,150.0,3445,2019
Cisplatin,Cisplatin,152,5964.84,50.0,152.0,3220,2020
Cisplatin,Cisplatin,209,10625.31,65.0,209.0,4660,2021
Cisplatin,Cisplatin,249,14398.200000000004,81.0,249.0,5000,2022
Cisplatin,Cisplatin,165,9230.19,45.0,165.4,3703,2023
Cisplatin,Cisplatin,315,14115.649999999998,100.0,317.4,6685,2024
Citalopram Hydrobromide,Citalopram Hbr,7784774,61399015.94999998,1774570.0,14049240.2,411960621,2019
Citalopram Hydrobromide,Citalopram Hbr,7339377,57662578.66000001,1663766.0,13835853.6,406317729,2020
Citalopram Hydrobromide,Citalopram Hbr,6844133,54609477.180000015,1600472.0,13294352.999999996,390645591,2021
Citalopram Hydrobromide,Citalopram Hbr,6511582,53843204.690000005,1537908.0,12889022.1,378419344,2022
Citalopram Hydrobromide,Citalopram Hbr,6227631,56552139.44000002,1472943.0,12522988.700000005,367330861,2023
Citalopram Hydrobromide,Citalopram Hbr,6061804,43926773.83,1426472.0,12394384.3,363232997,2024
Citric Ac/Gluconolact/Mag Carb,Renacidin,6981,1239237.8699999996,1766.0,7161.0,122135,2019
Citric Ac/Gluconolact/Mag Carb,Renacidin,8181,1556673.67,2152.0,8455.8,156542,2020
Citric Ac/Gluconolact/Mag Carb,Renacidin,7776,1412909.3200000003,1996.0,8017.700000000002,146877,2021
Citric Ac/Gluconolact/Mag Carb,Renacidin,7029,1407811.3499999996,1922.0,7294.2,142720,2022
Citric Ac/Gluconolact/Mag Carb,Renacidin,7231,1491784.06,1932.0,7534.9,143750,2023
Citric Ac/Gluconolact/Mag Carb,Renacidin,5281,1058833.84,1486.0,5528.4000000000015,110253,2024
Citric Acid/Sodium Citrate,Sodium Citrate-Citric Acid,551,18398.99,185.0,565.1,11503,2019
Citric Acid/Sodium Citrate,Oracit,433,18542.60000000001,160.0,437.2,10330,2020
Citric Acid/Sodium Citrate,Sodium Citrate-Citric Acid,568,22506.13,196.0,588.9999999999999,13388,2021
Citric Acid/Sodium Citrate,Oracit,435,20494.059999999998,155.0,446.1,9393,2022
Citric Acid/Sodium Citrate,Sodium Citrate-Citric Acid,514,23036.849999999995,170.0,530.1,11861,2023
Citric Acid/Sodium Citrate,Sodium Citrate-Citric Acid,344,10347.97,110.0,370.6,7306,2024
Cladribine,Mavenclad,33,1972402.94,18.0,41.0,1160,2019
Cladribine,Mavenclad,455,27921092.4,200.0,706.6,19013,2020
Cladribine,Mavenclad,706,46815200.39,327.0,1089.9,30225,2021
Cladribine,Mavenclad,433,30475284.200000003,180.0,660.8000000000001,17103,2022
Cladribine,Mavenclad,496,36686580.91,223.0,848.4000000000001,21758,2023
Cladribine,Mavenclad,650,48612212.35999999,293.0,1155.0,29861,2024
Clarithromycin,Clarithromycin,105919,4096906.72,82204.0,108080.49999999996,1406784,2019
Clarithromycin,Clarithromycin,59668,2536045.89,43039.0,61782.8,895734,2020
Clarithromycin,Clarithromycin,51307,2023083.87,39397.0,53100.3,785723,2021
Clarithromycin,Clarithromycin,54520,2071001.82,42568.0,55940.20000000001,767362,2022
Clarithromycin,Clarithromycin,53194,1661511.8699999992,42020.0,54437.8,726846,2023
Clarithromycin,Clarithromycin,52036,1458023.0399999998,40964.0,53230.69999999999,706434,2024
Clascoterone,Winlevi,44,25754.36,16.0,44.0,1320,2022
Clascoterone,Winlevi,183,114872.98,60.0,183.0,4617,2023
Clascoterone,Winlevi,244,139030.17,65.0,255.0,5994,2024
Clemastine Fumarate,Clemastine Fumarate,1383,91343.57,486.0,1679.4,46183,2019
Clemastine Fumarate,Clemastine Fumarate,798,54807.3,273.0,928.3,24086,2020
Clemastine Fumarate,Clemastine Fumarate,652,178380.7,218.0,788.9,21979,2021
Clemastine Fumarate,Clemastine Fumarate,3165,16091013.24,1020.0,3464.5000000000005,83551,2022
Clemastine Fumarate,Clemastine Fumarate,2850,14111390.869999995,959.0,3147.7,79497,2023
Clemastine Fumarate,Clemastine Fumarate,3660,12026403.979999997,992.0,4046.3,100919,2024
Clindamycin Hcl,Clindamycin Hcl,1185096,10598689.930000003,879534.0,1189794.4,8887182,2019
Clindamycin Hcl,Clindamycin Hcl,1063095,9100370.88,778847.0,1067785.1,8140362,2020
Clindamycin Hcl,Clindamycin Hcl,1167859,9982677.160000002,863062.0,1172647.7999999998,8634034,2021
Clindamycin Hcl,Clindamycin Hcl,1128720,11000420.46,837186.0,1133773.5,8313837,2022
Clindamycin Hcl,Clindamycin Hcl,1108598,9749777.6,824616.0,1113639.3,8057125,2023
Clindamycin Hcl,Clindamycin Hcl,1069311,7725046.329999997,793431.0,1074214.6999999995,7656800,2024
Clindamycin In 0.9 % Sod Chlor,Clindamycin-0.9% Nacl,17,1436.1,5.0,17.0,57,2019
Clindamycin In 0.9 % Sod Chlor,Clindamycin-0.9% Nacl,12,1697.61,5.0,12.0,51,2020
Clindamycin In 0.9 % Sod Chlor,Clindamycin-0.9% Nacl,13,1286.05,5.0,13.0,37,2021
Clindamycin In 0.9 % Sod Chlor,Clindamycin-0.9% Nacl,89,16389.199999999997,20.0,89.0,455,2023
Clindamycin In 0.9 % Sod Chlor,Clindamycin-0.9% Nacl,27,8735.19,5.0,27.0,223,2024
Clindamycin Palmitate Hcl,Clindamycin Pediatric,88,13151.510000000002,38.0,88.0,927,2019
Clindamycin Palmitate Hcl,Clindamycin (Pediatric),54,7565.989999999999,20.0,54.0,568,2020
Clindamycin Palmitate Hcl,Clindamycin (Pediatric),144,20382.06,40.0,144.0,1844,2021
Clindamycin Palmitate Hcl,Clindamycin (Pediatric),156,24997.36,40.0,156.0,1517,2022
Clindamycin Palmitate Hcl,Clindamycin (Pediatric),125,17367.600000000002,35.0,125.0,1304,2023
Clindamycin Palmitate Hcl,Clindamycin (Pediatric),82,10653.999999999998,27.0,82.0,962,2024
Clindamycin Phos/Benzoyl Perox,Clindamycin-Benzoyl Peroxide,3307,648860.6300000002,1295.0,3392.4999999999995,91178,2019
Clindamycin Phos/Benzoyl Perox,Clindamycin-Benzoyl Peroxide,2797,487505.3700000001,1127.0,2877.0,76067,2020
Clindamycin Phos/Benzoyl Perox,Clindamycin-Benzoyl Peroxide,2924,467039.9,1248.0,3014.0,81231,2021
Clindamycin Phos/Benzoyl Perox,Clindamycin-Benzoyl Peroxide,2987,375356.72,1222.0,3089.099999999999,84447,2022
Clindamycin Phos/Benzoyl Perox,Clindamycin Phos-Benzoyl Perox,3209,380933.68,1352.0,3378.4999999999995,93476,2023
Clindamycin Phos/Benzoyl Perox,Clindamycin-Benzoyl Peroxide,4209,318484.99000000005,1780.0,4380.000000000001,120406,2024
Clindamycin Phosphate,Clindamycin Phosphate,285497,29497499.13,141446.0,300398.7,7740030,2019
Clindamycin Phosphate,Clindamycin Phosphate,277393,18164542.47,129912.0,294094.1000000001,7762392,2020
Clindamycin Phosphate,Clindamycin Phosphate,295790,17741783.0,144331.0,313598.1,8464670,2021
Clindamycin Phosphate,Clindamycin Phosphate,317824,17783663.72,153584.0,342565.0,9516429,2022
Clindamycin Phosphate,Clindamycin Phosphate,362430,17070061.610000003,176326.0,392165.5,11014182,2023
Clindamycin Phosphate,Clindamycin Phosphate,439279,16185075.999999998,214365.0,476066.6,13526085,2024
Clindamycin Phosphate/D5w,Clindamycin Phosphate-D5w,191,19660.41,55.0,191.0,824,2019
Clindamycin Phosphate/D5w,Clindamycin Phosphate-D5w,143,15360.41,54.0,143.0,835,2020
Clindamycin Phosphate/D5w,Clindamycin Phosphate-D5w,46,3905.93,20.0,46.0,101,2021
Clindamycin Phosphate/D5w,Clindamycin Phosphate-D5w,82,7668.740000000001,25.0,82.0,241,2022
Clindamycin Phosphate/D5w,Clindamycin Phosphate-D5w,71,9675.26,25.0,71.0,238,2023
Clindamycin Phosphate/D5w,Clindamycin Phosphate-D5w,117,14084.670000000002,40.0,117.0,550,2024
Clindamycin/Tretinoin,Clindamycin Phos-Tretinoin,11,3574.12,5.0,11.0,230,2019
Clindamycin/Tretinoin,Clindamycin Phos-Tretinoin,12,6938.07,5.0,12.1,322,2021
Clindamycin/Tretinoin,Clindamycin Phos-Tretinoin,24,10255.25,10.0,24.0,720,2024
Clobazam,Clobazam,95703,59827280.81,19665.0,103690.40000000002,2926444,2019
Clobazam,Clobazam,107646,44579041.37000002,20988.0,120726.4,3463137,2020
Clobazam,Clobazam,115240,42819032.78000001,23218.0,131845.19999999998,3791946,2021
Clobazam,Clobazam,125220,49729760.70999999,25200.0,144520.1,4157741,2022
Clobazam,Clobazam,135270,46306682.110000014,27335.0,158835.4,4577006,2023
Clobazam,Clobazam,150448,39416024.82,30495.0,178945.90000000002,5152236,2024
Clobetasol Propionate,Clobetasol Propionate,952828,98552432.11999996,491323.0,1015728.7,24082737,2019
Clobetasol Propionate,Clobetasol Propionate,1041136,80408397.34,533254.0,1117850.3,27783567,2020
Clobetasol Propionate,Clobetasol Propionate,1306995,84995471.49000002,693712.0,1399312.3000000005,35683796,2021
Clobetasol Propionate,Clobetasol Propionate,1381855,97541033.59000003,734265.0,1484170.6999999995,38163337,2022
Clobetasol Propionate,Clobetasol Propionate,1683838,112840131.58999996,908921.0,1812192.3000000005,47199861,2023
Clobetasol Propionate,Clobetasol Propionate,2068536,97691421.02000004,1110688.0,2238202.8000000003,59546266,2024
Clobetasol Propionate/Emoll,Clobetasol Emollient,5412,681610.1300000002,2464.0,5630.0,128151,2019
Clobetasol Propionate/Emoll,Clobetasol Emollient,5003,635231.04,2256.0,5338.8,126800,2020
Clobetasol Propionate/Emoll,Clobetasol Emollient,6772,786001.14,2885.0,7094.299999999999,180156,2021
Clobetasol Propionate/Emoll,Clobetasol Emollient,7116,997069.72,2974.0,7463.900000000001,189953,2022
Clobetasol Propionate/Emoll,Clobetasol Emollient,8340,1126019.2800000005,3480.0,8840.4,228249,2023
Clobetasol Propionate/Emoll,Clobetasol Emollient,12993,1575507.1000000003,5312.0,14166.499999999998,373480,2024
Clocortolone Pivalate,Clocortolone Pivalate,151,70929.76000000001,79.0,159.5,4665,2019
Clocortolone Pivalate,Clocortolone Pivalate,203,69600.03,104.0,217.6,5977,2020
Clocortolone Pivalate,Clocortolone Pivalate,308,109486.22999999998,170.0,333.0,9616,2021
Clocortolone Pivalate,Clocortolone Pivalate,131,44398.4,82.0,141.2,4091,2022
Clocortolone Pivalate,Clocortolone Pivalate,43,13833.72,33.0,47.0,1363,2023
Clocortolone Pivalate,Clocortolone Pivalate,64,17565.92,40.0,68.0,1954,2024
Clomiphene Citrate,Clomiphene Citrate,854,48253.26,304.0,1195.3000000000002,35305,2020
Clomiphene Citrate,Clomiphene Citrate,880,56286.01,298.0,1283.9,37878,2021
Clomiphene Citrate,Clomiphene Citrate,511,27118.68,165.0,776.9,22902,2022
Clomiphene Citrate,Clomid,495,75790.61,178.0,733.7,21479,2023
Clomiphene Citrate,Clomid,1001,172653.32999999996,349.0,1403.4,41136,2024
Clomipramine Hcl,Clomipramine Hcl,86750,33464726.1,22027.0,94269.9,2601004,2019
Clomipramine Hcl,Clomipramine Hcl,84533,28588651.630000006,21510.0,92833.89999999998,2585409,2020
Clomipramine Hcl,Clomipramine Hcl,79224,23315957.290000003,20167.0,88158.5,2466848,2021
Clomipramine Hcl,Clomipramine Hcl,75584,19616355.630000003,19252.0,84048.09999999999,2346212,2022
Clomipramine Hcl,Clomipramine Hcl,76062,16218006.609999996,19401.0,84864.80000000003,2358731,2023
Clomipramine Hcl,Clomipramine Hcl,78450,8626136.730000002,19900.0,88625.70000000001,2450490,2024
Clonazepam,Clonazepam,9023193,75136120.92999999,1686307.0,9832838.2,278232558,2019
Clonazepam,Clonazepam,9025754,79752011.84,1641429.0,9873467.900000002,280708110,2020
Clonazepam,Clonazepam,8719777,75535549.49000001,1610471.0,9539767.100000003,271508864,2021
Clonazepam,Clonazepam,8499259,73692073.07999998,1586453.0,9294836.1,264502286,2022
Clonazepam,Clonazepam,8276010,77511462.39000003,1556336.0,9037219.3,256432996,2023
Clonazepam,Clonazepam,8263838,67724022.52,1547346.0,9044125.400000004,256741344,2024
Clonidine,Clonidine,305415,45853345.32,80423.0,391281.00000000006,11036181,2019
Clonidine,Clonidine,279834,39902285.10000001,74197.0,374549.2,10612639,2020
Clonidine,Clonidine,261182,39012360.05,70158.0,359746.70000000007,10223923,2021
Clonidine,Clonidine,244712,36978398.36,66043.0,342684.7999999999,9759251,2022
Clonidine,Clonidine,250946,37043545.77,67248.0,350456.40000000014,9975977,2023
Clonidine,Clonidine,258039,29921514.390000004,69229.0,368269.00000000006,10505615,2024
Clonidine Hcl,Clonidine Hcl,3331634,31777636.03,865889.0,5616342.599999999,162014983,2019
Clonidine Hcl,Clonidine Hcl,3170699,31686434.539999995,826155.0,5599552.3,162021595,2020
Clonidine Hcl,Clonidine Hcl,2984270,28869515.469999995,801887.0,5352286.899999999,154802285,2021
Clonidine Hcl,Clonidine Hcl,2845105,27940600.96,775682.0,5131254.899999999,148187945,2022
Clonidine Hcl,Clonidine Hcl,2784308,27476166.79,762260.0,4993457.999999999,143881886,2023
Clonidine Hcl,Clonidine Hcl,2723121,17879976.67,749167.0,4877513.600000001,140225147,2024
Clopidogrel Bisulfate,Clopidogrel,12978131,180214604.95,3504398.0,26292537.200000003,776410666,2019
Clopidogrel Bisulfate,Clopidogrel,12628794,176143902.8700001,3462589.0,26896941.40000001,794887460,2020
Clopidogrel Bisulfate,Clopidogrel,12124692,150546545.65000004,3487745.0,26543725.200000003,784359295,2021
Clopidogrel Bisulfate,Clopidogrel,11983500,189292598.81,3533999.0,26526789.800000004,783069926,2022
Clopidogrel Bisulfate,Clopidogrel,12148014,189623807.30999997,3638337.0,27070106.700000007,798342832,2023
Clopidogrel Bisulfate,Clopidogrel,12681186,145447151.01999995,3818002.0,28373642.8,835875305,2024
Clorazepate Dipotassium,Clorazepate Dipotassium,120068,12526941.310000002,34050.0,127541.70000000004,3593321,2019
Clorazepate Dipotassium,Clorazepate Dipotassium,114178,11792058.03,31891.0,120642.6,3428718,2020
Clorazepate Dipotassium,Clorazepate Dipotassium,101920,10644441.12,28709.0,107554.20000000006,3068088,2021
Clorazepate Dipotassium,Clorazepate Dipotassium,86234,9427543.6,24801.0,90714.8,2564194,2022
Clorazepate Dipotassium,Clorazepate Dipotassium,75404,8070025.320000001,22007.0,79199.69999999997,2229512,2023
Clorazepate Dipotassium,Clorazepate Dipotassium,66221,5619128.949999999,19660.0,69730.70000000001,1973795,2024
Clotrimazole,Clotrimazole,428061,14932900.77,184293.0,447394.9999999999,9908768,2019
Clotrimazole,Clotrimazole,395445,12640161.770000003,161442.0,417417.5999999999,9620573,2020
Clotrimazole,Clotrimazole,407719,12291618.230000002,171269.0,429296.9,10297753,2021
Clotrimazole,Clotrimazole,422115,13190448.859999996,178114.0,446127.4000000001,10950592,2022
Clotrimazole,Clotrimazole,448876,12901512.94,192683.0,477752.80000000016,11784082,2023
Clotrimazole,Clotrimazole,502509,11690358.229999997,218087.0,539086.6,13281173,2024
Clotrimazole/Betamethasone Dip,Clotrimazole-Betamethasone,1045495,31372097.08,531742.0,1087314.7,21716243,2019
Clotrimazole/Betamethasone Dip,Clotrimazole-Betamethasone,1095440,31226342.82,528025.0,1147555.1000000003,23748718,2020
Clotrimazole/Betamethasone Dip,Clotrimazole-Betamethasone,1095336,29958688.660000004,542503.0,1148290.9,25119831,2021
Clotrimazole/Betamethasone Dip,Clotrimazole-Betamethasone,1074430,32613115.980000008,530947.0,1131867.1999999993,25650154,2022
Clotrimazole/Betamethasone Dip,Clotrimazole-Betamethasone,1117697,32275788.770000003,559012.0,1178391.9,27115848,2023
Clotrimazole/Betamethasone Dip,Clotrimazole-Betamethasone,1206036,26757495.240000013,601483.0,1278283.8000000005,30342063,2024
Clozapine,Clozapine,1187557,117626081.21000002,119673.0,1190751.9,27272735,2019
Clozapine,Clozapine,1190088,114412352.89999998,116847.0,1195524.3,28047747,2020
Clozapine,Clozapine,1159804,115256282.98,116637.0,1165866.8,27544699,2021
Clozapine,Clozapine,1126165,116832516.21,119390.0,1130484.5,27078125,2022
Clozapine,Clozapine,1107362,106115207.33,119737.0,1111806.0000000002,27104194,2023
Clozapine,Clozapine,1108545,96853765.73999996,120531.0,1113110.6,27416196,2024
Coagulation Factor X,Coagadex,12,445574.35,5.0,12.0,154,2021
Cobicistat,Tybost,346,85645.11,130.0,346.0,10083,2019
Cobicistat,Tybost,363,98905.36,135.0,384.8,11166,2020
Cobicistat,Tybost,248,65460.49999999999,100.0,251.0,7482,2021
Cobicistat,Tybost,322,93358.01,125.0,330.0,9324,2022
Cobicistat,Tybost,294,97109.18,120.0,294.0,8783,2023
Cobicistat,Tybost,313,116815.16,125.0,342.5,10263,2024
Cobimetinib Fumarate,Cotellic,183,947159.61,60.0,183.3,4932,2019
Cobimetinib Fumarate,Cotellic,218,1152868.82,80.0,218.0,5999,2020
Cobimetinib Fumarate,Cotellic,261,1284068.21,95.0,267.3,7310,2021
Cobimetinib Fumarate,Cotellic,408,2125993.6,140.0,424.3,11484,2022
Cobimetinib Fumarate,Cotellic,433,2269003.0800000005,145.0,440.2,11822,2023
Cobimetinib Fumarate,Cotellic,604,2875136.96,207.0,611.2,16553,2024
Codeine Phosphate/Guaifenesin,Codeine-Guaifenesin,88,444.37,59.0,88.0,598,2024
Codeine Sulfate,Codeine Sulfate,6797,485909.36,2422.0,6821.8,166352,2019
Codeine Sulfate,Codeine Sulfate,5624,460366.9199999999,1960.0,5654.2,139548,2020
Codeine Sulfate,Codeine Sulfate,5696,545763.53,2006.0,5702.200000000001,143005,2021
Codeine Sulfate,Codeine Sulfate,5214,512844.96,1824.0,5219.9,133480,2022
Codeine Sulfate,Codeine Sulfate,4668,446844.9100000001,1564.0,4672.6,120986,2023
Codeine Sulfate,Codeine Sulfate,4467,357454.5199999999,1526.0,4468.6,115551,2024
Codeine/Butalbital/Asa/Caffein,Butalbital Compound-Codeine,14376,2337232.100000001,5090.0,14404.6,309510,2019
Codeine/Butalbital/Asa/Caffein,Asa-Butalb-Caffeine-Codeine,8493,1382855.3399999996,2975.0,8523.6,175786,2020
Codeine/Butalbital/Asa/Caffein,Asa-Butalb-Caffeine-Codeine,11432,1649044.1799999997,4105.0,11450.1,249827,2021
Codeine/Butalbital/Asa/Caffein,Butalbital Compound-Codeine,8806,1220755.98,3175.0,8824.199999999999,189553,2022
Codeine/Butalbital/Asa/Caffein,Asa-Butalb-Caffeine-Codeine,8756,1090078.84,3170.0,8764.9,191961,2023
Codeine/Butalbital/Asa/Caffein,Ascomp With Codeine,8283,861611.4099999999,2990.0,8301.5,184733,2024
Colchicine,Colchicine,633980,141265590.35999998,189789.0,798765.6,20299708,2019
Colchicine,Colchicine,611810,132496020.42,189368.0,794627.9999999999,20348283,2020
Colchicine,Colchicine,623616,85232130.61000001,204320.0,853270.3,22155590,2021
Colchicine,Colchicine,617391,74195764.21,204396.0,876847.7000000002,22845094,2022
Colchicine,Colchicine,703212,61705288.85000001,242242.0,1022583.8,26475429,2023
Colchicine,Colchicine,825465,46310164.66000001,287835.0,1229057.5,32035854,2024
Colesevelam Hcl,Colesevelam Hcl,162567,77479476.49000001,48674.0,226072.99999999997,6400260,2019
Colesevelam Hcl,Colesevelam Hcl,148826,62680127.32999999,44861.0,216130.1000000001,6158718,2020
Colesevelam Hcl,Colesevelam Hcl,127038,42689026.38,38831.0,190156.5,5442213,2021
Colesevelam Hcl,Colesevelam Hcl,114692,37052652.71,34950.0,175081.70000000004,5018406,2022
Colesevelam Hcl,Colesevelam Hcl,112866,32505942.87,34334.0,175687.39999999994,5040230,2023
Colesevelam Hcl,Colesevelam Hcl,125726,18868378.05,38332.0,200392.70000000004,5740695,2024
Colestipol Hcl,Colestipol Hcl,250242,23114800.82,77172.0,362758.5999999999,10415725,2019
Colestipol Hcl,Colestipol Hcl,250583,23905318.97,76801.0,377435.7,10809156,2020
Colestipol Hcl,Colestipol Hcl,256208,25297686.06,81537.0,397287.6999999999,11404793,2021
Colestipol Hcl,Colestipol Hcl,274703,25962225.459999997,88695.0,429730.3,12342359,2022
Colestipol Hcl,Colestipol Hcl,295766,27039010.51,96013.0,472941.70000000007,13598526,2023
Colestipol Hcl,Colestipol Hcl,351397,26883172.95,113622.0,569198.4,16410644,2024
Colistin (Colistimethate Na),Colistimethate,2072,1948389.43,659.0,2243.2,48201,2019
Colistin (Colistimethate Na),Colistimethate,1967,1651122.5499999998,533.0,2152.0,45593,2020
Colistin (Colistimethate Na),Colistimethate,1434,1119976.15,412.0,1589.9000000000003,35112,2021
Colistin (Colistimethate Na),Colistimethate,1483,1232387.9000000004,409.0,1639.0999999999997,38171,2022
Colistin (Colistimethate Na),Colistimethate,1613,1246919.39,451.0,1743.7,37585,2023
Colistin (Colistimethate Na),Colistimethate,1561,1005389.12,454.0,1699.3,38519,2024
Collagenase Clostridium Hist.,Santyl,227338,104737481.53000002,90966.0,231535.1,3202697,2019
Collagenase Clostridium Hist.,Santyl,204951,104316021.67999998,84119.0,211517.3,3227010,2020
Collagenase Clostridium Hist.,Santyl,178496,103920220.21999998,78033.0,186036.2,3164208,2021
Collagenase Clostridium Hist.,Santyl,166152,119159254.71,74164.0,173942.20000000007,3139386,2022
Collagenase Clostridium Hist.,Santyl,157887,140750407.92,72385.0,168743.3,3364936,2023
Collagenase Clostridium Hist.,Santyl,140988,133610799.36,65140.0,151253.7,3148927,2024
Copanlisib Di-Hcl,Aliqopa,29,347331.25,5.0,29.0,770,2023
Corticotropin,Acthar,6660,387711557.63000005,1719.0,7008.6,167824,2019
Corticotropin,Acthar,6252,378208864.31,1613.0,6573.500000000001,158856,2020
Corticotropin,Acthar,3838,224521061.89,1046.0,3987.9,93061,2021
Corticotropin,Acthar,3452,214549021.37,948.0,3617.7,85505,2022
Corticotropin,Acthar,3626,242261667.88999996,1079.0,3848.6,93561,2023
Corticotropin,Acthar,3871,251942896.93,1100.0,4119.700000000001,105968,2024
Cortisone Acetate,Cortisone Acetate,704,67926.54,245.0,715.4000000000001,18447,2019
Cortisone Acetate,Cortisone Acetate,561,59734.46,205.0,603.9,15831,2020
Cortisone Acetate,Cortisone Acetate,16,413.76,5.0,16.0,192,2021
Crisaborole,Eucrisa,5131,3579832.439999999,1864.0,5245.9,145177,2019
Crisaborole,Eucrisa,4305,3152193.97,1535.0,4444.1,126819,2020
Crisaborole,Eucrisa,3354,2595245.75,1205.0,3471.2,99592,2021
Crisaborole,Eucrisa,2424,1957061.3500000003,899.0,2496.9,71764,2022
Crisaborole,Eucrisa,2630,2297106.1700000004,925.0,2755.1,80432,2023
Crisaborole,Eucrisa,2525,2151382.0700000003,770.0,2605.8,76062,2024
Crizanlizumab-Tmca,Adakveo,295,3218274.25,69.0,295.4,7761,2020
Crizanlizumab-Tmca,Adakveo,287,3187509.2300000004,85.0,287.0,7977,2021
Crizanlizumab-Tmca,Adakveo,363,4170038.34,90.0,363.4,10021,2022
Crizanlizumab-Tmca,Adakveo,299,3524004.43,75.0,301.0,8382,2023
Crizanlizumab-Tmca,Adakveo,283,2959887.7499999995,85.0,283.0,7872,2024
Crizotinib,Xalkori,1743,26856205.290000003,645.0,1749.0,52147,2019
Crizotinib,Xalkori,1768,29050268.99000001,645.0,1777.0,53157,2020
Crizotinib,Xalkori,1342,23540948.62,475.0,1358.0,40347,2021
Crizotinib,Xalkori,1574,28876950.56000001,580.0,1574.0,46740,2022
Crizotinib,Xalkori,1135,22184016.98,410.0,1135.0,33392,2023
Crizotinib,Xalkori,1463,28283481.53,575.0,1463.0,43735,2024
Crofelemer,Mytesi,3108,2195817.0899999994,758.0,3252.8,96238,2019
Crofelemer,Mytesi,3168,5683158.67,798.0,3388.0,101108,2020
Crofelemer,Mytesi,2096,5112979.21,549.0,2308.0,69057,2021
Crofelemer,Mytesi,1616,4453160.430000001,425.0,1848.0,55368,2022
Crofelemer,Mytesi,1577,4556469.109999999,410.0,1806.0,54152,2023
Crofelemer,Mytesi,1674,4749287.64,451.0,1923.0,57316,2024
Cromolyn Sodium,Cromolyn Sodium,48264,3787032.9299999992,19686.0,61518.7,1682596,2019
Cromolyn Sodium,Cromolyn Sodium,53327,4977834.8100000005,20270.0,68764.40000000001,1866129,2020
Cromolyn Sodium,Cromolyn Sodium,47369,5428169.690000001,18505.0,61527.7,1690626,2021
Cromolyn Sodium,Cromolyn Sodium,53393,5639847.219999999,20879.0,70582.29999999997,1950918,2022
Cromolyn Sodium,Cromolyn Sodium,45752,4689954.150000002,18181.0,61301.59999999998,1697574,2023
Cromolyn Sodium,Cromolyn Sodium,47800,4543712.889999999,19324.0,64679.7,1793506,2024
Crotamiton,Crotan,511,838133.7699999999,267.0,537.0999999999999,16087,2022
Crotamiton,Crotan,4174,12099341.469999995,1949.0,4269.0,120585,2023
Crotamiton,Crotan,1162,2185435.24,675.0,1360.0,40125,2024
Cyanocobalamin (Vitamin B-12),Cyanocobalamin Injection,5013,93994.56,1495.0,8258.5,241598,2019
Cyanocobalamin (Vitamin B-12),Cyanocobalamin Injection,5422,89449.52000000003,1705.0,9223.7,269796,2020
Cyanocobalamin (Vitamin B-12),Cyanocobalamin Injection,60336,530674.91,20199.0,100197.0,2899743,2021
Cyanocobalamin (Vitamin B-12),Cyanocobalamin Injection,78960,746332.56,26474.0,142602.1,4156279,2022
Cyanocobalamin (Vitamin B-12),Cyanocobalamin Injection,104898,863772.35,34255.0,187520.6,5472125,2023
Cyanocobalamin (Vitamin B-12),Cyanocobalamin Injection,153278,1967592.6800000004,49100.0,272717.50000000006,7979749,2024
Cyclobenzaprine Hcl,Cyclobenzaprine Hcl,4413582,57674639.99000001,1481924.0,5132180.0,131365773,2019
Cyclobenzaprine Hcl,Cyclobenzaprine Hcl,4666972,65611080.37,1504448.0,5523379.0,142830676,2020
Cyclobenzaprine Hcl,Cyclobenzaprine Hcl,4961900,73886316.19999999,1708199.0,5942931.300000002,152573150,2021
Cyclobenzaprine Hcl,Cyclobenzaprine Hcl,5180059,79739046.50000001,1825851.0,6253803.300000002,160167688,2022
Cyclobenzaprine Hcl,Cyclobenzaprine Hcl,5783649,63506826.69000001,2107652.0,7009827.900000001,178063745,2023
Cyclobenzaprine Hcl,Cyclobenzaprine Hcl,6281618,55444543.81999999,2369773.0,7603781.199999999,191635732,2024
Cyclopentolate Hcl,Cyclopentolate Hcl,12238,139891.96,9338.0,14021.4,266595,2019
Cyclopentolate Hcl,Cyclopentolate Hcl,8378,94594.17,6474.0,9597.800000000005,180588,2020
Cyclopentolate Hcl,Cyclopentolate Hcl,4613,49889.88999999999,3838.0,5389.599999999999,104915,2021
Cyclopentolate Hcl,Cyclopentolate Hcl,8216,89230.65999999997,6613.0,9459.4,186464,2022
Cyclopentolate Hcl,Cyclopentolate Hcl,8646,90938.49,7045.0,9975.699999999995,193729,2023
Cyclopentolate Hcl,Cyclopentolate Hcl,5571,58697.85,4568.0,6436.600000000002,129712,2024
Cyclopentolate/Phenylephrine,Cyclomydril,12,2605.95,5.0,12.0,12,2024
Cyclophosphamide,Cyclophosphamide,1611,885929.12,544.0,1724.5,45262,2019
Cyclophosphamide,Cyclophosphamide,1546,849779.4099999997,522.0,1642.2,42055,2020
Cyclophosphamide,Cyclophosphamide,1319,734688.1499999998,429.0,1356.1,33701,2021
Cyclophosphamide,Cyclophosphamide,1822,1000755.4499999996,593.0,1902.1,48368,2022
Cyclophosphamide,Cyclophosphamide,1570,891792.4499999998,492.0,1633.9,39689,2023
Cyclophosphamide,Cyclophosphamide,1519,677527.5200000001,453.0,1546.2,36824,2024
Cycloserine,Cycloserine,29,87088.33,10.0,29.0,825,2019
Cycloserine,Cycloserine,23,49015.3,10.0,23.0,525,2021
Cycloserine,Cycloserine,25,91400.98,10.0,25.0,627,2022
Cycloserine,Cycloserine,12,101486.03,5.0,12.0,360,2023
Cyclosporine,Restasis,1483420,1224013759.61,539345.0,2273648.2,66278875,2019
Cyclosporine,Restasis,1432233,1294930324.2799995,503103.0,2278791.500000001,66795252,2020
Cyclosporine,Restasis,1551588,1494807965.95,560345.0,2477376.1,72935269,2021
Cyclosporine,Restasis,1568903,1569087611.12,578743.0,2513992.4000000004,74280712,2022
Cyclosporine,Restasis,1642296,1550673258.57,591200.0,2629937.3,77771735,2023
Cyclosporine,Restasis,1852153,1436284116.54,666685.0,2954615.4999999995,87371492,2024
"Cyclosporine, Modified",Cyclosporine Modified,31051,5834247.3,8382.0,42613.50000000001,1251599,2019
"Cyclosporine, Modified",Gengraf,29573,5787396.0699999975,7921.0,42732.4,1261574,2020
"Cyclosporine, Modified",Cyclosporine Modified,25958,4749355.200000001,7096.0,38625.20000000002,1137274,2021
"Cyclosporine, Modified",Cyclosporine Modified,23601,4149652.19,6413.0,35885.500000000015,1057403,2022
"Cyclosporine, Modified",Gengraf,22492,3840010.62,6144.0,34277.899999999994,1003898,2023
"Cyclosporine, Modified",Gengraf,23981,3607305.38,6506.0,37250.69999999999,1095364,2024
Cyproheptadine Hcl,Cyproheptadine Hcl,103415,3503071.5400000005,29839.0,116511.1,3122572,2019
Cyproheptadine Hcl,Cyproheptadine Hcl,111315,3801963.0700000008,32039.0,128780.29999999996,3463720,2020
Cyproheptadine Hcl,Cyproheptadine Hcl,110443,3404389.16,32760.0,129938.1,3522647,2021
Cyproheptadine Hcl,Cyproheptadine Hcl,115035,3359122.9,34617.0,141528.49999999997,3871440,2022
Cyproheptadine Hcl,Cyproheptadine Hcl,118960,3441060.57,35204.0,146924.8,4039286,2023
Cyproheptadine Hcl,Cyproheptadine Hcl,130958,2448426.87,38506.0,160563.5,4363784,2024
Cysteamine Bitartrate,Procysbi,333,20110615.8,100.0,333.0,9990,2019
Cysteamine Bitartrate,Procysbi,394,22292550.67,125.0,394.0,11752,2020
Cysteamine Bitartrate,Procysbi,363,22579787.87,105.0,363.0,10688,2021
Cysteamine Bitartrate,Procysbi,358,19986378.930000003,110.0,358.0,10736,2022
Cysteamine Bitartrate,Procysbi,357,22123652.149999995,110.0,361.0,10708,2023
Cysteamine Bitartrate,Procysbi,337,19656909.31,100.0,337.0,10075,2024
Cysteamine Hcl,Cystaran,250,1701414.9499999995,80.0,250.0,6996,2019
Cysteamine Hcl,Cystaran,92,567995.8500000001,30.0,92.0,2410,2020
Cysteamine Hcl,Cystadrops,209,1679010.38,70.0,212.6,5964,2021
Cysteamine Hcl,Cystadrops,161,1316071.12,55.0,161.0,4487,2022
Cysteamine Hcl,Cystadrops,295,2517229.74,100.0,295.0,8225,2023
Cysteamine Hcl,Cystaran,350,3128656.2800000003,120.0,350.0,9725,2024
Cytarabine,Cytarabine,12,492.19,5.0,12.3,370,2020
Cytarabine/Pf,Cytarabine,11,209.22,5.0,11.0,54,2019
Cytarabine/Pf,Cytarabine,16,370.85,5.0,16.0,88,2020
Cytarabine/Pf,Cytarabine,49,5100.08,20.0,49.0,666,2021
Cytarabine/Pf,Cytarabine,12,417.88,5.0,12.0,203,2022
Cytarabine/Pf,Cytarabine,24,325.31,10.0,24.0,365,2024
Cytomegalovirus Immune Globuln,Cytogam,27,143418.18,5.0,27.0,554,2019
Cytomegalovirus Immune Globuln,Cytogam,35,263645.58,5.0,35.0,897,2020
Cytomegalovirus Immune Globuln,Cytogam,29,176585.98,5.0,29.0,816,2022
Cytomegalovirus Immune Globuln,Cytogam,33,273959.7,5.0,33.0,924,2023
Dabigatran Etexilate Mesylate,Pradaxa,776004,437624136.0299999,200386.0,1274651.6,36937921,2019
Dabigatran Etexilate Mesylate,Pradaxa,681213,412848590.65,189099.0,1229506.8,35952196,2020
Dabigatran Etexilate Mesylate,Pradaxa,597293,384297965.44,180341.0,1176231.7000000004,34577706,2021
Dabigatran Etexilate Mesylate,Dabigatran Etexilate,542885,298527767.90000004,176297.0,1139221.6,33610816,2022
Dabigatran Etexilate Mesylate,Dabigatran Etexilate,502535,149913264.93,169334.0,1143896.6,34051293,2023
Dabigatran Etexilate Mesylate,Dabigatran Etexilate,548684,135630139.61,201697.0,1256320.3999999997,37460751,2024
Dabrafenib Mesylate,Tafinlar,3807,35982228.38999999,1252.0,3835.2,113984,2019
Dabrafenib Mesylate,Tafinlar,4505,43941311.45000001,1461.0,4527.8,134338,2020
Dabrafenib Mesylate,Tafinlar,5315,55808186.35999999,1683.0,5330.7,158597,2021
Dabrafenib Mesylate,Tafinlar,5779,63336378.82000002,1830.0,5797.4,173087,2022
Dabrafenib Mesylate,Tafinlar,5450,68680946.68,1743.0,5474.2,163481,2023
Dabrafenib Mesylate,Tafinlar,6719,84963998.05000003,2068.0,6851.7,204270,2024
Dacarbazine,Dacarbazine,13,795.99,5.0,13.0,364,2019
Daclatasvir Dihydrochloride,Daklinza,12,262818.84,5.0,12.0,336,2019
Dacomitinib,Vizimpro,35,455888.08,5.0,35.0,1050,2019
Dacomitinib,Vizimpro,73,1008689.08,20.0,73.0,2190,2020
Dacomitinib,Vizimpro,39,583372.0,10.0,39.0,1170,2021
Dacomitinib,Vizimpro,59,942976.11,10.0,59.0,1770,2022
Dacomitinib,Vizimpro,76,1328368.94,20.0,76.0,2280,2023
Dacomitinib,Vizimpro,65,954666.18,25.0,65.0,1950,2024
Dalbavancin Hcl,Dalvance,325,1455985.97,142.0,325.2,790,2019
Dalbavancin Hcl,Dalvance,710,2600204.54,228.0,711.3,3871,2020
Dalbavancin Hcl,Dalvance,652,2773969.08,229.0,652.4,3898,2021
Dalbavancin Hcl,Dalvance,885,3987827.15,293.0,886.5999999999999,6316,2022
Dalbavancin Hcl,Dalvance,1241,5975798.090000001,374.0,1241.2,10712,2023
Dalbavancin Hcl,Dalvance,1630,7664560.6499999985,515.0,1631.2,14103,2024
Dalfampridine,Dalfampridine Er,100323,146930850.32000002,19965.0,114176.5,3418340,2019
Dalfampridine,Dalfampridine Er,101628,123959759.23,19607.0,121103.90000000002,3614839,2020
Dalfampridine,Ampyra,99570,98450195.79000002,19879.0,120469.1,3578449,2021
Dalfampridine,Dalfampridine Er,100095,85069976.31,19968.0,124500.5,3681426,2022
Dalfampridine,Dalfampridine Er,93929,78047513.2,19412.0,121952.4,3603104,2023
Dalfampridine,Dalfampridine Er,96448,61625591.67999997,20050.0,128390.5,3782351,2024
"Dalteparin Sodium,porcine",Fragmin,466,1232813.1,165.0,475.3,12198,2019
"Dalteparin Sodium,porcine",Fragmin,360,1072200.05,125.0,360.0,9206,2020
"Dalteparin Sodium,porcine",Fragmin,287,835057.74,105.0,292.3,8226,2021
"Dalteparin Sodium,porcine",Fragmin,218,688380.01,80.0,218.0,5914,2022
"Dalteparin Sodium,porcine",Fragmin,195,640652.69,70.0,195.0,5248,2023
"Dalteparin Sodium,porcine",Fragmin,140,434280.84,50.0,144.0,3794,2024
Danazol,Danazol,3227,806077.9000000001,1039.0,3629.5,101969,2019
Danazol,Danazol,3032,873417.62,983.0,3492.1,97726,2020
Danazol,Danazol,2619,683277.87,808.0,3076.5999999999995,85658,2021
Danazol,Danazol,2635,749793.7300000001,852.0,3167.9,86666,2022
Danazol,Danazol,2234,647173.49,721.0,2702.3,74676,2023
Danazol,Danazol,1824,392873.81,615.0,2251.6,63508,2024
Danicopan,Voydeya,14,57798.6,5.0,14.0,420,2024
Dantrolene Sodium,Dantrolene Sodium,28585,2591979.33,8177.0,30313.800000000003,776992,2019
Dantrolene Sodium,Dantrolene Sodium,27991,2506746.0300000003,7973.0,29886.00000000001,765215,2020
Dantrolene Sodium,Dantrolene Sodium,26114,2178589.71,7459.0,28130.00000000001,729458,2021
Dantrolene Sodium,Dantrolene Sodium,24484,1976284.69,6799.0,26574.899999999998,680231,2022
Dantrolene Sodium,Dantrolene Sodium,24246,1910886.2800000005,6790.0,26521.7,656289,2023
Dantrolene Sodium,Dantrolene Sodium,25313,1813340.1700000004,6786.0,27839.4,677411,2024
Dapaglifloz Propaned/Metformin,Xigduo Xr,129564,120874150.12,32815.0,217049.5,6456246,2023
Dapaglifloz Propaned/Metformin,Xigduo Xr,146555,126526405.39,36892.0,241121.59999999995,7178714,2024
Dapagliflozin Propanediol,Farxiga,445108,323343327.3099998,109483.0,669211.7999999999,19664762,2019
Dapagliflozin Propanediol,Farxiga,619193,494386985.2900001,152704.0,975693.5,28733863,2020
Dapagliflozin Propanediol,Farxiga,1203593,1062589115.8399998,312683.0,1977631.4,58370255,2021
Dapagliflozin Propanediol,Farxiga,2217887,2089074035.0,566260.0,3743746.1000000015,110293031,2022
Dapagliflozin Propanediol,Farxiga,3755745,3719615328.450001,953082.0,6479634.400000003,190389196,2023
Dapagliflozin Propanediol,Farxiga,5200687,4739872154.829999,1323829.0,8851419.8,259475016,2024
Dapagliflozin/Metformin Hcl,Xigduo Xr,40653,26457460.049999997,10968.0,57645.80000000001,1710531,2019
Dapagliflozin/Metformin Hcl,Xigduo Xr,55134,39170309.45999999,14759.0,81318.29999999997,2418456,2020
Dapagliflozin/Metformin Hcl,Xigduo Xr,80545,64711785.97000001,21352.0,126821.9,3771722,2021
Dapagliflozin/Metformin Hcl,Xigduo Xr,103811,90793134.12,26795.0,168734.89999999997,5015859,2022
Dapagliflozin/Saxagliptin Hcl,Qtern,374,182525.92000000004,120.0,425.1,12351,2019
Dapagliflozin/Saxagliptin Hcl,Qtern,878,493069.46000000014,286.0,1048.4,30908,2020
Dapagliflozin/Saxagliptin Hcl,Qtern,885,523793.6100000001,275.0,1127.8000000000002,33292,2021
Dapagliflozin/Saxagliptin Hcl,Qtern,880,508778.01,262.0,1110.8,33254,2022
Dapagliflozin/Saxagliptin Hcl,Qtern,829,466663.27,222.0,1044.8000000000002,30954,2023
Dapagliflozin/Saxagliptin Hcl,Qtern,905,453091.79999999993,242.0,1097.5,32488,2024
Daprodustat,Jesduvroq,13,9379.24,5.0,13.0,390,2024
Dapsone,Dapsone,48776,4119009.969999999,14428.0,60620.8,1768146,2019
Dapsone,Dapsone,47650,3811693.459999999,14070.0,61361.600000000006,1792097,2020
Dapsone,Dapsone,41939,3414733.56,12620.0,55400.30000000001,1615133,2021
Dapsone,Dapsone,38228,3198738.6299999994,11588.0,51420.89999999999,1488580,2022
Dapsone,Dapsone,36756,3018429.91,11177.0,50272.99999999999,1460150,2023
Dapsone,Dapsone,37122,2409421.5700000003,11347.0,51668.9,1501526,2024
Daptomycin,Daptomycin,36579,90309057.26,8957.0,36579.8,208405,2019
Daptomycin,Daptomycin,46300,106783897.83,11705.0,46306.0,301132,2020
Daptomycin,Daptomycin,62895,98759703.62,15043.0,62908.00000000001,382583,2021
Daptomycin,Daptomycin,77027,92761722.83,18176.0,77028.2,469511,2022
Daptomycin,Daptomycin,90504,90243317.07,21708.0,90505.9,548323,2023
Daptomycin,Daptomycin,108740,84040842.14000002,26583.0,108756.5,668596,2024
Daptomycin In 0.9 % Sod Chlor,Daptomycin-0.9% Nacl,33,5361.66,10.0,33.0,116,2023
Daptomycin In 0.9 % Sod Chlor,Daptomycin-0.9% Nacl,323,51164.79999999999,120.0,323.0,1062,2024
Daratumumab,Darzalex,1133,9979967.54,251.0,1139.8,27234,2019
Daratumumab,Darzalex,1308,13248907.73,305.0,1317.1,32486,2020
Daratumumab,Darzalex,982,9083830.780000005,245.0,983.9,25100,2021
Daratumumab,Darzalex,1061,10159062.1,230.0,1062.1,26786,2022
Daratumumab,Darzalex,1108,11349142.52,205.0,1108.0,28333,2023
Daratumumab,Darzalex,1435,14190908.81,232.0,1435.0,33840,2024
Daratumumab-Hyaluronidase-Fihj,Darzalex Faspro,82,1212926.4300000002,20.0,83.8,2121,2020
Daratumumab-Hyaluronidase-Fihj,Darzalex Faspro,704,8960777.87,180.0,707.5999999999999,15665,2021
Daratumumab-Hyaluronidase-Fihj,Darzalex Faspro,1713,24331535.15,419.0,1714.0,42675,2022
Daratumumab-Hyaluronidase-Fihj,Darzalex Faspro,3490,51107626.13000002,745.0,3497.1000000000004,88151,2023
Daratumumab-Hyaluronidase-Fihj,Darzalex Faspro,6205,81858465.11999999,1128.0,6225.499999999999,151974,2024
Darbepoetin Alfa In Polysorbat,Aranesp,15714,28270413.389999997,4087.0,16186.900000000003,298242,2019
Darbepoetin Alfa In Polysorbat,Aranesp,13685,31545120.01,3569.0,14203.000000000004,296745,2020
Darbepoetin Alfa In Polysorbat,Aranesp,13007,32361671.96,3306.0,13567.4,292611,2021
Darbepoetin Alfa In Polysorbat,Aranesp,13818,37094784.96999999,3467.0,14333.999999999998,323532,2022
Darbepoetin Alfa In Polysorbat,Aranesp,15614,43726175.25000001,3910.0,16116.199999999995,357426,2023
Darbepoetin Alfa In Polysorbat,Aranesp,18619,47271138.89999999,4541.0,19281.9,429785,2024
Daridorexant Hcl,Quviviq,438,212732.76,158.0,453.0,13102,2022
Daridorexant Hcl,Quviviq,10030,5204655.720000001,3204.0,10349.7,301940,2023
Daridorexant Hcl,Quviviq,19726,9836103.050000004,6031.0,20384.2,594774,2024
Darifenacin Hydrobromide,Darifenacin Er,21934,4810541.61,7261.0,27979.9,804449,2019
Darifenacin Hydrobromide,Darifenacin Er,18534,3747031.14,6152.0,25784.700000000004,746858,2020
Darifenacin Hydrobromide,Darifenacin Er,17728,3455798.479999999,5848.0,25492.2,742360,2021
Darifenacin Hydrobromide,Darifenacin Er,16220,3197475.4600000004,5247.0,24372.800000000003,709186,2022
Darifenacin Hydrobromide,Darifenacin Er,14359,2543340.289999999,4774.0,22052.8,641492,2023
Darifenacin Hydrobromide,Darifenacin Er,14624,1802211.0500000005,4651.0,22387.2,636621,2024
Darolutamide,Nubeqa,98,1134106.12,30.0,98.0,2940,2019
Darolutamide,Nubeqa,5198,60311152.02000001,1231.0,5233.3,156315,2020
Darolutamide,Nubeqa,13749,165001189.63,3013.0,13823.3,413909,2021
Darolutamide,Nubeqa,19656,244138015.79000005,4205.0,19840.0,594156,2022
Darolutamide,Nubeqa,34064,446966468.1,7178.0,34387.9,1028565,2023
Darolutamide,Nubeqa,64907,828748991.2700001,13032.0,65444.4,1958450,2024
Darunavir,Prezista,51497,109155346.73000002,11429.0,53574.5,1560687,2023
Darunavir,Prezista,45742,46422353.56,10568.0,48258.2,1419966,2024
Darunavir Ethanolate,Prezista,132575,231417912.74,23099.0,138564.9,4031469,2019
Darunavir Ethanolate,Prezista,105719,197376302.9700001,18660.0,112503.1,3287989,2020
Darunavir Ethanolate,Prezista,89232,173207297.96999997,16460.0,93076.4,2717105,2021
Darunavir Ethanolate,Prezista,75581,157738689.39999998,14468.0,79164.40000000001,2310622,2022
Darunavir/Cob/Emtri/Tenof Alaf,Symtuza,48443,187016355.13,8704.0,49539.0,1478380,2019
Darunavir/Cob/Emtri/Tenof Alaf,Symtuza,71492,294193821.34,11837.0,74227.69999999998,2218322,2020
Darunavir/Cob/Emtri/Tenof Alaf,Symtuza,77447,334009582.76000005,13093.0,79422.7,2372800,2021
Darunavir/Cob/Emtri/Tenof Alaf,Symtuza,79753,366484732.61,13759.0,81919.79999999999,2450796,2022
Darunavir/Cob/Emtri/Tenof Alaf,Symtuza,80106,397354074.9800001,14229.0,82367.0,2465320,2023
Darunavir/Cob/Emtri/Tenof Alaf,Symtuza,76838,373028942.6199998,13934.0,80610.9,2413829,2024
Darunavir/Cobicistat,Prezcobix,117040,239965886.83,20100.0,123129.4,3647770,2019
Darunavir/Cobicistat,Prezcobix,107819,235995032.09000003,18248.0,115772.1,3430681,2020
Darunavir/Cobicistat,Prezcobix,99750,227063230.83,17056.0,104983.1,3112045,2021
Darunavir/Cobicistat,Prezcobix,93845,228756160.69,16623.0,99100.3,2926869,2022
Darunavir/Cobicistat,Prezcobix,88388,231965216.3100001,16043.0,93493.4,2763648,2023
Darunavir/Cobicistat,Prezcobix,85239,216510876.85000005,15284.0,90088.1,2665898,2024
Dasatinib,Sprycel,21467,230125436.12,6437.0,21878.900000000005,648822,2019
Dasatinib,Sprycel,23252,261462568.11999995,6781.0,23637.4,700444,2020
Dasatinib,Sprycel,23389,273286671.62000006,6711.0,23712.6,699889,2021
Dasatinib,Sprycel,25751,315684282.26000005,7331.0,26102.3,774129,2022
Dasatinib,Sprycel,24371,315004632.55,6821.0,24614.5,728356,2023
Dasatinib,Sprycel,23139,294956121.42,6507.0,23436.0,694704,2024
Dasiglucagon Hcl,Zegalogue Autoinjector,23,14576.7,10.0,25.0,440,2022
Dasiglucagon Hcl,Zegalogue Autoinjector,26,16064.32,10.0,28.0,351,2023
Dasiglucagon Hcl,Zegalogue Autoinjector,15,9066.16,5.0,15.0,105,2024
Decitabine,Decitabine,69,291723.51,20.0,69.0,1932,2019
Decitabine,Decitabine,91,299316.04,30.0,91.0,2460,2020
Decitabine,Decitabine,128,472238.0500000001,40.0,129.2,3568,2021
Decitabine,Decitabine,98,247518.8,35.0,98.0,2253,2022
Decitabine,Decitabine,99,202115.96,40.0,99.0,2686,2023
Decitabine,Decitabine,148,140617.96000000002,50.0,148.0,3662,2024
Decitabine/Cedazuridine,Inqovi,49,385196.65,15.0,49.0,1372,2020
Decitabine/Cedazuridine,Inqovi,2436,18564438.930000003,742.0,2455.9,66299,2021
Decitabine/Cedazuridine,Inqovi,3681,28950508.50000001,1100.0,3724.3,103111,2022
Decitabine/Cedazuridine,Inqovi,3769,31198549.680000003,1136.0,3815.3,105385,2023
Decitabine/Cedazuridine,Inqovi,5666,44439369.120000005,1643.0,5746.800000000001,158752,2024
Deferasirox,Jadenu,9532,105794785.66,2717.0,9636.3,286172,2019
Deferasirox,Deferasirox,8041,59454293.49,2487.0,8259.0,244411,2020
Deferasirox,Deferasirox,9029,40174107.70000001,2592.0,9163.6,272257,2021
Deferasirox,Jadenu,9334,32372557.899999995,2686.0,9552.1,283244,2022
Deferasirox,Deferasirox,9264,28739095.44,2622.0,9505.9,281265,2023
Deferasirox,Deferasirox,9471,17430053.140000004,2718.0,9867.0,292387,2024
Deferiprone,Ferriprox,736,10843696.38,203.0,736.0,22038,2019
Deferiprone,Ferriprox,558,9124653.319999998,150.0,564.0,16902,2020
Deferiprone,Ferriprox (2 Times A Day),590,10678406.250000004,165.0,591.8,17736,2021
Deferiprone,Ferriprox (2 Times A Day),944,17423725.389999997,285.0,953.0,28152,2022
Deferiprone,Ferriprox (2 Times A Day),957,20091531.07,260.0,961.7,28411,2023
Deferiprone,Deferiprone (3 Times A Day),1296,24678709.02,374.0,1312.5,38498,2024
Deferoxamine Mesylate,Deferoxamine Mesylate,438,92130.97,70.0,438.0,4019,2019
Deferoxamine Mesylate,Deferoxamine Mesylate,295,66221.26999999999,55.0,296.3,2447,2020
Deferoxamine Mesylate,Deferoxamine Mesylate,337,98616.22,65.0,337.0,2868,2021
Deferoxamine Mesylate,Deferoxamine Mesylate,234,76921.54999999999,50.0,234.0,1994,2022
Deferoxamine Mesylate,Deferoxamine Mesylate,208,78081.99,55.0,208.0,3534,2023
Deferoxamine Mesylate,Deferoxamine Mesylate,309,73597.71999999999,60.0,309.0,4168,2024
Deflazacort,Emflaza,411,2866961.96,105.0,411.0,12126,2019
Deflazacort,Emflaza,652,5053906.8100000005,170.0,654.0,19244,2020
Deflazacort,Emflaza,746,6640110.549999999,195.0,746.0,21987,2021
Deflazacort,Emflaza,895,9062228.05,225.0,895.0,26453,2022
Deflazacort,Emflaza,969,12023435.37,225.0,969.0,28805,2023
Deflazacort,Emflaza,855,11429471.939999998,191.0,870.1,25617,2024
Degarelix Acetate,Firmagon,1019,574989.5799999998,258.0,1035.3,28750,2019
Degarelix Acetate,Firmagon,1037,601110.5399999999,259.0,1042.6,29155,2020
Degarelix Acetate,Firmagon,1119,648888.23,295.0,1119.9,31247,2021
Degarelix Acetate,Firmagon,1145,678157.1999999998,302.0,1146.8,31706,2022
Degarelix Acetate,Firmagon,1223,731559.9299999999,261.0,1230.4,34317,2023
Degarelix Acetate,Firmagon,1499,810164.5700000002,344.0,1508.6,42172,2024
Delafloxacin Meglumine,Baxdela,398,900180.1900000001,210.0,409.4,6165,2019
Delafloxacin Meglumine,Baxdela,159,325475.26,74.0,159.0,2283,2020
Delafloxacin Meglumine,Baxdela,86,239949.39,32.0,86.0,1567,2021
Delafloxacin Meglumine,Baxdela,35,74097.76000000001,21.0,35.0,440,2022
Delafloxacin Meglumine,Baxdela,37,132767.09,15.0,37.3,756,2023
Delafloxacin Meglumine,Baxdela,22,64476.09,10.0,22.0,416,2024
Delavirdine Mesylate,Rescriptor,48,19238.24,20.0,48.0,1414,2019
Demeclocycline Hcl,Demeclocycline Hcl,9745,3571974.76,3062.0,10132.8,253630,2019
Demeclocycline Hcl,Demeclocycline Hcl,8063,3167555.2800000003,2397.0,8579.399999999998,212103,2020
Demeclocycline Hcl,Demeclocycline Hcl,7006,3083515.6800000006,2086.0,7544.299999999998,189459,2021
Demeclocycline Hcl,Demeclocycline Hcl,6136,2825646.48,1808.0,6625.799999999999,163348,2022
Demeclocycline Hcl,Demeclocycline Hcl,5284,2567636.6200000006,1620.0,5689.900000000001,144531,2023
Demeclocycline Hcl,Demeclocycline Hcl,4798,2075995.89,1491.0,5205.599999999999,131512,2024
Denosumab,Prolia,180997,233644664.76,106572.0,974468.9000000004,29191417,2019
Denosumab,Prolia,175698,237303310.54,103896.0,953271.0,28556926,2020
Denosumab,Xgeva,194559,282202840.92999995,115147.0,1084847.2999999998,32501549,2021
Denosumab,Prolia,227079,357023777.6599999,133066.0,1280870.2999999998,38383149,2022
Denosumab,Prolia,256048,444869751.3,150749.0,1457143.1,43686571,2023
Denosumab,Prolia,291226,517926086.15,171444.0,1650551.6000000003,49483608,2024
Desipramine Hcl,Desipramine Hcl,32074,3131369.77,10348.0,39707.3,1147103,2019
Desipramine Hcl,Desipramine Hcl,30047,2509830.66,9503.0,37427.1,1084364,2020
Desipramine Hcl,Desipramine Hcl,26734,1842126.2,8524.0,33909.700000000004,978278,2021
Desipramine Hcl,Desipramine Hcl,23562,1619063.8199999998,7500.0,29729.099999999995,846883,2022
Desipramine Hcl,Desipramine Hcl,22033,1428795.0200000005,7066.0,28212.500000000004,811203,2023
Desipramine Hcl,Desipramine Hcl,21508,961137.6799999996,7030.0,27649.4,792958,2024
Desloratadine,Desloratadine,58764,2780771.45,20520.0,83138.09999999999,2413139,2019
Desloratadine,Desloratadine,56165,2624055.26,18526.0,84386.99999999999,2461561,2020
Desloratadine,Desloratadine,45229,2291847.59,15017.0,69363.49999999999,2030966,2021
Desloratadine,Desloratadine,47673,2540924.47,16035.0,74125.9,2166552,2022
Desloratadine,Desloratadine,56981,2614858.2399999998,19968.0,90354.6,2636160,2023
Desloratadine,Desloratadine,68861,2467933.660000001,24549.0,113508.20000000004,3314471,2024
Desloratadine/Pseudoephedrine,Clarinex-D 12 Hour,391,123231.92,155.0,419.2,12421,2019
Desloratadine/Pseudoephedrine,Clarinex-D 12 Hour,294,87747.23,120.0,323.20000000000005,9269,2020
Desloratadine/Pseudoephedrine,Clarinex-D 12 Hour,216,62765.28999999999,90.0,250.5,7187,2021
Desloratadine/Pseudoephedrine,Clarinex-D 12 Hour,85,22500.2,35.0,93.0,2667,2022
Desloratadine/Pseudoephedrine,Clarinex-D 12 Hour,120,37986.39,50.0,132.0,3936,2023
Desloratadine/Pseudoephedrine,Clarinex-D 12 Hour,138,56204.4,55.0,169.0,4989,2024
Desmopressin (Nonrefrigerated),Desmopressin Acetate,7300,1591065.14,2535.0,8185.899999999998,197776,2019
Desmopressin (Nonrefrigerated),Desmopressin Acetate,7335,1609094.7500000005,2540.0,8453.599999999999,210198,2020
Desmopressin (Nonrefrigerated),Desmopressin Acetate,7155,1353504.470000001,2484.0,8092.9,201755,2021
Desmopressin (Nonrefrigerated),Desmopressin Acetate,6194,1296650.51,2155.0,7154.900000000001,176925,2022
Desmopressin (Nonrefrigerated),Desmopressin Acetate,5751,1162256.3199999998,2050.0,6765.9,169147,2023
Desmopressin (Nonrefrigerated),Desmopressin Acetate,5444,778734.7699999998,1909.0,6503.099999999999,163985,2024
Desmopressin Acetate,Desmopressin Acetate,127663,10613102.91,35854.0,164211.4,4562897,2019
Desmopressin Acetate,Desmopressin Acetate,124524,11050824.149999997,34867.0,166099.99999999994,4674004,2020
Desmopressin Acetate,Desmopressin Acetate,116956,10641401.189999996,33690.0,159168.5,4504909,2021
Desmopressin Acetate,Desmopressin Acetate,113729,11149840.1,32718.0,156598.0,4419339,2022
Desmopressin Acetate,Desmopressin Acetate,112029,10450157.31,32365.0,154416.39999999997,4331450,2023
Desmopressin Acetate,Desmopressin Acetate,116246,8099429.73,33224.0,163185.59999999995,4588229,2024
Desog-E.Estradiol/E.Estradiol,Desogestr-Eth Estrad Eth Estra,2196,69252.12999999998,855.0,2234.8,61196,2019
Desog-E.Estradiol/E.Estradiol,Desogestr-Eth Estrad Eth Estra,1955,66690.87000000001,750.0,2036.7,55485,2020
Desog-E.Estradiol/E.Estradiol,Kariva,1432,40284.55999999999,555.0,1459.9,40054,2021
Desog-E.Estradiol/E.Estradiol,Kariva,1381,39269.10999999999,530.0,1424.1999999999998,38859,2022
Desog-E.Estradiol/E.Estradiol,Kariva,1388,36990.640000000014,535.0,1419.6999999999998,38487,2023
Desog-E.Estradiol/E.Estradiol,Kariva,935,18968.3,360.0,953.2,26112,2024
Desogestrel-Ethinyl Estradiol,Apri,6393,124936.64,2405.0,6811.599999999999,185762,2019
Desogestrel-Ethinyl Estradiol,Isibloom,5632,108987.51,2130.0,5887.9,159900,2020
Desogestrel-Ethinyl Estradiol,Apri,5337,105734.86999999998,2010.0,5558.3,150338,2021
Desogestrel-Ethinyl Estradiol,Apri,4652,83574.89,1745.0,4835.400000000001,130119,2022
Desogestrel-Ethinyl Estradiol,Isibloom,4150,70572.30999999998,1555.0,4395.8,118849,2023
Desogestrel-Ethinyl Estradiol,Apri,3437,54189.83,1295.0,3676.3000000000006,100225,2024
Desonide,Desonide,61020,10454862.44,34584.0,63479.900000000016,1407848,2019
Desonide,Desonide,69013,19218870.290000007,36601.0,71263.9,1765697,2020
Desonide,Desonide,58467,6072646.600000002,34909.0,60723.09999999999,1444610,2021
Desonide,Desonide,53631,4920916.459999998,33186.0,55899.59999999999,1326274,2022
Desonide,Desonide,66254,4965778.670000001,42170.0,69102.9,1644153,2023
Desonide,Desonide,85914,4651533.0,55556.0,89819.1,2179791,2024
Desoximetasone,Desoximetasone,29694,3991395.63,13822.0,31237.400000000005,765808,2019
Desoximetasone,Desoximetasone,22467,3123032.220000001,9610.0,23817.2,606251,2020
Desoximetasone,Desoximetasone,20905,3732385.17,8782.0,22677.50000000001,604303,2021
Desoximetasone,Desoximetasone,17295,3105012.15,7565.0,19424.6,526757,2022
Desoximetasone,Desoximetasone,12603,2414401.0600000005,5621.0,14000.300000000005,380744,2023
Desoximetasone,Desoximetasone,10395,930394.4299999996,4630.0,11326.8,303706,2024
Desvenlafaxine,Desvenlafaxine Er,2460,323172.5599999999,760.0,2546.1,62566,2019
Desvenlafaxine,Desvenlafaxine Er,2763,374451.42,897.0,2912.6,73144,2020
Desvenlafaxine,Desvenlafaxine Er,2823,412466.1999999999,914.0,2993.8000000000006,79469,2021
Desvenlafaxine,Desvenlafaxine Er,2513,351885.5300000001,850.0,2650.5,67780,2022
Desvenlafaxine,Desvenlafaxine Er,1755,232119.22999999995,595.0,1858.8,44806,2023
Desvenlafaxine,Desvenlafaxine Er,1675,230666.65000000005,595.0,1833.2,47078,2024
Desvenlafaxine Succinate,Desvenlafaxine Succinate Er,442356,43520044.43000001,102516.0,590567.0000000001,17289883,2019
Desvenlafaxine Succinate,Desvenlafaxine Succinate Er,478045,45148684.25,108326.0,659507.3999999999,19357054,2020
Desvenlafaxine Succinate,Desvenlafaxine Succinate Er,494551,45068103.470000006,112713.0,710809.1000000001,20854250,2021
Desvenlafaxine Succinate,Desvenlafaxine Succinate Er,518707,52166013.5,118615.0,761185.1,22282310,2022
Desvenlafaxine Succinate,Desvenlafaxine Succinate Er,581990,47983950.26,132298.0,877228.6000000001,25648745,2023
Desvenlafaxine Succinate,Desvenlafaxine Succinate Er,672652,40725896.54,151891.0,1047536.7,30605688,2024
Deucravacitinib,Sotyktu,1352,9172762.490000002,470.0,1416.0,42480,2023
Deucravacitinib,Sotyktu,3494,23551835.82,1189.0,3619.0,108570,2024
Deutetrabenazine,Austedo,47134,254676564.74000007,10055.0,47922.59999999999,1273781,2019
Deutetrabenazine,Austedo,73765,420618993.0799998,15277.0,75323.40000000001,2032875,2020
Deutetrabenazine,Austedo,86260,519661888.67,18088.0,87063.5,2362326,2021
Deutetrabenazine,Austedo,107260,692515196.8399999,22650.0,108148.00000000004,2922689,2022
Deutetrabenazine,Austedo,135031,909547831.74,28770.0,136106.9,3628337,2023
Deutetrabenazine,Austedo,178660,1208369454.3400004,38754.0,180761.60000000003,4799690,2024
Dexamethasone,Dexamethasone,664909,13755221.019999998,345485.0,724493.4000000003,11761305,2019
Dexamethasone,Dexamethasone,785953,15643387.050000004,434319.0,854275.7000000001,13376115,2020
Dexamethasone,Dexamethasone,953816,16646364.02,590155.0,1023999.5,14518062,2021
Dexamethasone,Dexamethasone,1024708,17149876.240000002,646851.0,1097669.4,14926235,2022
Dexamethasone,Dexamethasone,951787,14502936.500000002,574245.0,1027721.6,14222235,2023
Dexamethasone,Dexamethasone,1017398,13665964.490000002,615691.0,1099978.0,14973066,2024
Dexamethasone Sodium Phosp/Pf,Dexamethasone Sodium Phosphate,1120,21423.31,399.0,1137.9,20222,2019
Dexamethasone Sodium Phosp/Pf,Dexamethasone Sodium Phosphate,1596,29405.67,579.0,1628.5,28370,2020
Dexamethasone Sodium Phosp/Pf,Dexamethasone Sodium Phosphate,1753,28715.860000000008,710.0,1774.5,28006,2021
Dexamethasone Sodium Phosp/Pf,Dexamethasone Sodium Phosphate,2019,27571.31,988.0,2041.8,28298,2022
Dexamethasone Sodium Phosp/Pf,Dexamethasone Sodium Phosphate,2594,36356.4,1276.0,2643.7,37254,2023
Dexamethasone Sodium Phosp/Pf,Dexamethasone Sodium Phosphate,3091,40878.68,1326.0,3136.6000000000004,49273,2024
Dexamethasone Sodium Phosphate,Dexamethasone Sodium Phosphate,65847,3042716.49,36530.0,74434.60000000002,1546881,2019
Dexamethasone Sodium Phosphate,Dexamethasone Sodium Phosphate,46393,1962836.1099999992,24043.0,53326.70000000001,1073246,2020
Dexamethasone Sodium Phosphate,Dexamethasone Sodium Phosphate,48212,1820779.11,25715.0,55340.2,1145397,2021
Dexamethasone Sodium Phosphate,Dexamethasone Sodium Phosphate,49329,1910507.7,27174.0,56932.89999999998,1190342,2022
Dexamethasone Sodium Phosphate,Dexamethasone Sodium Phosphate,53200,2009715.4400000009,28936.0,61053.50000000001,1242884,2023
Dexamethasone Sodium Phosphate,Dexamethasone Sodium Phosphate,51265,1635686.3899999997,28531.0,58667.20000000002,1164510,2024
Dexchlorpheniramine Maleate,Ryclora,34,53110.01,10.0,34.1,909,2019
Dexchlorpheniramine Maleate,Ryclora,22,10718.25,10.0,22.4,324,2020
Dexchlorpheniramine Maleate,Ryclora,27,11121.53,10.0,33.7,869,2022
Dexchlorpheniramine Maleate,Ryclora,26,16668.52,10.0,37.3,1061,2023
Dexchlorpheniramine Maleate,Ryclora,25,14940.42,10.0,34.9,777,2024
Dexlansoprazole,Dexilant,1115792,446517017.33,252074.0,1568874.6,45991762,2019
Dexlansoprazole,Dexilant,1074353,463329213.6700001,239473.0,1568552.2999999996,46086297,2020
Dexlansoprazole,Dexilant,984390,468654904.5599998,223454.0,1466384.5000000002,43138758,2021
Dexlansoprazole,Dexilant,704034,309168267.98999995,186405.0,1016975.2000000002,29934682,2022
Dexlansoprazole,Dexlansoprazole Dr,621114,221469233.9900001,157119.0,940545.3,27822504,2023
Dexlansoprazole,Dexlansoprazole Dr,571900,145389771.87000006,144206.0,889582.7000000001,26382686,2024
Dexmedetomidine Hcl,Igalmi,20,56874.75,12.0,20.0,520,2023
Dexmedetomidine Hcl,Igalmi,78,254967.48,41.0,79.0,2085,2024
Dexmethylphenidate Hcl,Dexmethylphenidate Hcl Er,20480,2957619.6,6818.0,20945.10000000001,612959,2019
Dexmethylphenidate Hcl,Dexmethylphenidate Hcl Er,24759,3095247.310000001,8278.0,25293.3,740124,2020
Dexmethylphenidate Hcl,Dexmethylphenidate Hcl Er,27373,3299511.2,9159.0,27976.000000000004,813606,2021
Dexmethylphenidate Hcl,Dexmethylphenidate Hcl Er,30415,3499156.659999999,10166.0,31246.3,912763,2022
Dexmethylphenidate Hcl,Dexmethylphenidate Hcl Er,32852,3540825.37,10649.0,33764.99999999999,969120,2023
Dexmethylphenidate Hcl,Dexmethylphenidate Hcl Er,30037,2502505.590000001,10036.0,30833.300000000003,897876,2024
Dexrazoxane Hcl,Dexrazoxane,12,7941.3,5.0,12.0,252,2024
Dextroamphetamine,Xelstrym,60,29236.44,25.0,60.0,1800,2024
Dextroamphetamine Sulfate,Dextroamphetamine Sulfate Er,48804,8729179.38,16138.0,50364.3,1468003,2019
Dextroamphetamine Sulfate,Dextroamphetamine Sulfate,50521,8412552.18,16782.0,52180.100000000006,1523736,2020
Dextroamphetamine Sulfate,Dextroamphetamine Sulfate,46553,7673505.79,15484.0,48394.4,1412685,2021
Dextroamphetamine Sulfate,Dextroamphetamine Sulfate Er,41558,6734796.82,13870.0,43358.49999999999,1260941,2022
Dextroamphetamine Sulfate,Dextroamphetamine Sulfate Er,38486,5697027.26,12662.0,39970.50000000001,1149208,2023
Dextroamphetamine Sulfate,Dextroamphetamine Sulfate Er,42649,4194792.100000001,14194.0,44060.10000000001,1287388,2024
Dextroamphetamine/Amphetamine,Dextroamphetamine-Amphet Er,1520189,95112832.1,316651.0,1570529.8999999997,46262426,2019
Dextroamphetamine/Amphetamine,Dextroamphetamine-Amphetamine,1662422,92200762.89,338585.0,1724684.9,50891672,2020
Dextroamphetamine/Amphetamine,Dextroamphetamine-Amphetamine,1688280,90750876.76,348903.0,1756278.3,51775049,2021
Dextroamphetamine/Amphetamine,Dextroamphetamine-Amphetamine,1717992,86512826.55000004,359267.0,1787801.7999999996,52524882,2022
Dextroamphetamine/Amphetamine,Dextroamphetamine-Amphetamine,1593491,86466686.43000002,345530.0,1646085.6999999995,48308358,2023
Dextroamphetamine/Amphetamine,Dextroamphetamine-Amphetamine,1939675,76948572.31,409165.0,2008575.1,59223803,2024
Dextromethorphan Hbr/Bupropion,Auvelity,51,49300.84,27.0,52.1,1511,2022
Dextromethorphan Hbr/Bupropion,Auvelity,17557,18187200.54,4671.0,18921.300000000003,544269,2023
Dextromethorphan Hbr/Bupropion,Auvelity,44742,46376003.99,11097.0,48237.4,1395597,2024
Dextromethorphan Hbr/Quinidine,Nuedexta,273641,183829775.25,41074.0,282393.9,4826786,2019
Dextromethorphan Hbr/Quinidine,Nuedexta,209295,161674458.58,34516.0,215890.1000000001,3912474,2020
Dextromethorphan Hbr/Quinidine,Nuedexta,158206,137037401.41000003,28447.0,163874.09999999995,3093891,2021
Dextromethorphan Hbr/Quinidine,Nuedexta,144086,132836428.65,26626.0,148138.09999999998,2796159,2022
Dextromethorphan Hbr/Quinidine,Nuedexta,132636,132204408.23,25059.0,136058.30000000002,2617371,2023
Dextromethorphan Hbr/Quinidine,Nuedexta,126336,128153985.96,23944.0,128765.6,2505790,2024
Dextrose 10 % And 0.45 % Nacl,Dextrose 10%-0.45% Nacl,64,2320.53,10.0,64.0,420,2019
Dextrose 10 % And 0.45 % Nacl,Dextrose 10%-0.45% Nacl,66,3431.5,10.0,66.0,442,2020
Dextrose 10 % And 0.45 % Nacl,Dextrose 10%-0.45% Nacl,33,1351.53,10.0,33.0,327,2021
Dextrose 10 % And 0.45 % Nacl,Dextrose 10%-0.45% Nacl,19,967.67,5.0,19.0,133,2022
Dextrose 10 % And 0.45 % Nacl,Dextrose 10%-0.45% Nacl,29,2075.94,5.0,29.0,243,2023
Dextrose 10 % And 0.45 % Nacl,Dextrose 10%-0.45% Nacl,73,5123.539999999999,25.0,73.0,752,2024
Dextrose 10 % In Water,Dextrose In Water,186,5303.279999999999,35.0,186.0,1375,2019
Dextrose 10 % In Water,Dextrose In Water,304,11300.1,55.0,304.0,2005,2020
Dextrose 10 % In Water,Dextrose In Water,523,21553.74,55.0,523.0,3097,2021
Dextrose 10 % In Water,Dextrose In Water,294,17451.67,55.0,294.0,2175,2022
Dextrose 10 % In Water,Dextrose In Water,217,13700.83,30.0,217.0,1541,2023
Dextrose 10 % In Water,Dextrose In Water,118,6545.72,10.0,118.0,817,2024
Dextrose 5 % And 0.9 % Nacl,Dextrose 5%-0.9% Nacl,2715,76311.24,942.0,2715.0,13355,2019
Dextrose 5 % And 0.9 % Nacl,Dextrose 5%-0.9% Nacl,3505,91225.79,1284.0,3505.0,15367,2020
Dextrose 5 % And 0.9 % Nacl,Dextrose 5%-0.9% Nacl,2825,80360.13000000002,1044.0,2825.6000000000004,14329,2021
Dextrose 5 % And 0.9 % Nacl,Dextrose 5%-0.9% Nacl,2315,79659.04000000002,808.0,2315.0,11589,2022
Dextrose 5 % And 0.9 % Nacl,Dextrose 5%-0.9% Nacl,2344,85547.49,905.0,2344.0,11751,2023
Dextrose 5 % And 0.9 % Nacl,Dextrose 5%-0.9% Nacl,1904,65986.84,759.0,1904.2,8488,2024
Dextrose 5 % In Water,Dextrose In Water,7825,138772.09999999998,2420.0,7834.400000000001,81770,2019
Dextrose 5 % In Water,Dextrose In Water,11465,216463.30000000008,3948.0,11465.8,87693,2020
Dextrose 5 % In Water,Dextrose In Water,7336,157715.48,2396.0,7336.0,59692,2021
Dextrose 5 % In Water,Dextrose In Water,5955,133191.70000000007,1927.0,5958.1,51564,2022
Dextrose 5 % In Water,Dextrose In Water,7735,188047.74000000005,2607.0,7740.900000000001,59021,2023
Dextrose 5 % In Water,Dextrose In Water,8392,194081.18,2999.0,8392.4,55147,2024
Dextrose 5 %-0.2 % Sod Chlorid,Dextrose 5%-0.2% Nacl,87,1943.09,25.0,87.0,487,2019
Dextrose 5 %-0.2 % Sod Chlorid,Dextrose 5%-0.2% Nacl,114,2057.09,25.0,114.0,224,2020
Dextrose 5 %-0.2 % Sod Chlorid,Dextrose 5%-0.2% Nacl,81,1661.5800000000002,28.0,81.0,448,2021
Dextrose 5 %-0.2 % Sod Chlorid,Dextrose 5%-0.2% Nacl,138,2442.36,30.0,138.0,1180,2022
Dextrose 5 %-0.2 % Sod Chlorid,Dextrose 5%-0.2% Nacl,53,1010.62,20.0,53.0,583,2023
Dextrose 5 %-0.2 % Sod Chlorid,Dextrose 5%-0.2% Nacl,27,603.38,11.0,27.0,43,2024
Dextrose 5 %-0.45 % Sod Chlord,Dextrose 5%-0.45% Nacl,16897,353835.43999999994,7508.0,16914.9,53913,2019
Dextrose 5 %-0.45 % Sod Chlord,Dextrose 5%-0.45% Nacl,22726,463866.3900000002,10608.0,22739.800000000003,64601,2020
Dextrose 5 %-0.45 % Sod Chlord,Dextrose 5%-0.45% Nacl,11986,296387.38,5139.0,11992.4,41009,2021
Dextrose 5 %-0.45 % Sod Chlord,Dextrose 5%-0.45% Nacl,10199,275055.96,4831.0,10234.3,38557,2022
Dextrose 5 %-0.45 % Sod Chlord,Dextrose 5%-0.45% Nacl,10621,281948.41000000003,5178.0,10624.2,36360,2023
Dextrose 5 %-0.45 % Sod Chlord,Dextrose 5%-0.45% Nacl,10539,251139.3200000001,5321.0,10544.7,35602,2024
Dextrose 5%-Lactated Ringers,Dextrose In Lactated Ringers,657,24897.16,348.0,657.0,4289,2019
Dextrose 5%-Lactated Ringers,Dextrose In Lactated Ringers,867,31545.32,395.0,867.2,5713,2020
Dextrose 5%-Lactated Ringers,Dextrose In Lactated Ringers,885,31398.33,346.0,885.0,6395,2021
Dextrose 5%-Lactated Ringers,Dextrose In Lactated Ringers,742,29979.570000000003,289.0,742.0,5294,2022
Dextrose 5%-Lactated Ringers,Dextrose In Lactated Ringers,914,48145.850000000006,332.0,914.0,5972,2023
Dextrose 5%-Lactated Ringers,Dextrose In Lactated Ringers,921,42429.92,364.0,921.0,6161,2024
Dextrose 50 % In Water,Dextrose In Water,47,1073.3,15.0,47.0,220,2019
Dextrose 50 % In Water,Dextrose In Water,74,6225.29,20.0,74.0,654,2020
Dextrose 50 % In Water,Dextrose In Water,36,1873.37,10.0,36.0,348,2021
Dextrose 50 % In Water,Dextrose In Water,29,117.29,5.0,29.0,223,2022
Dextrose 50 % In Water,Dextrose In Water,40,457.3,5.0,40.0,279,2023
Dextrose 50 % In Water,Dextrose In Water,61,875.7,16.0,61.0,358,2024
Dextrose 70 % In Water,Dextrose In Water,36284,1009020.1900000002,4209.0,36284.0,251803,2019
Dextrose 70 % In Water,Dextrose In Water,967,37422.30999999999,150.0,967.0,6091,2020
Dextrose 70 % In Water,Dextrose In Water,605,26346.55,100.0,605.0,3739,2021
Dextrose 70 % In Water,Dextrose In Water,125,2014.67,30.0,125.0,777,2022
Dextrose 70 % In Water,Dextrose In Water,209,10447.079999999998,40.0,209.0,1931,2023
Dextrose 70 % In Water,Dextrose In Water,344,16569.329999999998,70.0,344.0,2632,2024
"Diabetic Supplies,miscell",Cequr Simplicity Inserter,24,394.55,24.0,118.0,3580,2022
"Diabetic Supplies,miscell",Cequr Simplicity Inserter,11,182.27,5.0,11.0,330,2023
"Diabetic Supplies,miscell",Cequr Simplicity Inserter,110,1567.1,92.0,223.0,6523,2024
Diazepam,Diazepam,2687706,25905206.08000001,707341.0,2852702.5,72006008,2019
Diazepam,Diazepam,2535619,23946944.309999995,630406.0,2697667.1,69134815,2020
Diazepam,Diazepam,2402950,24029956.15000001,629487.0,2552491.2000000007,64323290,2021
Diazepam,Diazepam,2291881,23461858.610000003,618078.0,2430378.9999999995,60473535,2022
Diazepam,Diazepam,2215656,26638203.28,616760.0,2344325.9,57479884,2023
Diazepam,Diazepam,2239291,27809194.42,655207.0,2368690.3000000003,56584610,2024
Diazoxide,Proglycem,829,804063.6599999999,255.0,847.1999999999999,15270,2019
Diazoxide,Proglycem,707,557001.21,200.0,744.5000000000001,12624,2020
Diazoxide,Diazoxide,876,763187.5499999998,276.0,930.5,19735,2021
Diazoxide,Diazoxide,736,612912.18,231.0,758.4,14298,2022
Diazoxide,Diazoxide,791,644842.49,251.0,838.0,16899,2023
Diazoxide,Diazoxide,781,562845.66,253.0,866.8000000000002,17889,2024
Dichlorphenamide,Keveyis,361,5190869.899999999,150.0,361.0,10830,2019
Dichlorphenamide,Keveyis,394,6528244.860000001,160.0,394.0,11820,2020
Dichlorphenamide,Keveyis,434,8078229.599999999,180.0,434.0,13020,2021
Dichlorphenamide,Keveyis,370,8869128.239999998,155.0,370.0,11100,2022
Dichlorphenamide,Keveyis,426,11615544.800000004,180.0,426.0,12780,2023
Dichlorphenamide,Keveyis,444,13153149.770000003,185.0,444.0,13320,2024
Diclofenac Epolamine,Diclofenac Epolamine,50427,38457714.29,18733.0,61578.2,1799860,2019
Diclofenac Epolamine,Diclofenac Epolamine,132963,102357348.48,38011.0,164701.6,4873793,2020
Diclofenac Epolamine,Diclofenac Epolamine,173466,135618253.32,49809.0,216241.9,6412629,2021
Diclofenac Epolamine,Diclofenac Epolamine,203382,156133053.37999997,54663.0,243807.1,7226279,2022
Diclofenac Epolamine,Licart,146226,102560554.92000002,39351.0,168693.0,4976477,2023
Diclofenac Epolamine,Diclofenac Epolamine,163776,111175607.3,41257.0,186294.1,5474182,2024
Diclofenac Potassium,Diclofenac Potassium,35768,4482236.129999999,18213.0,37970.9,926926,2019
Diclofenac Potassium,Diclofenac Potassium,117539,8156187.720000001,50608.0,127170.1,3052012,2020
Diclofenac Potassium,Diclofenac Potassium,163350,11221678.829999998,73208.0,174234.3,4065842,2021
Diclofenac Potassium,Diclofenac Potassium,200071,32288869.04,91288.0,215496.79999999996,5019050,2022
Diclofenac Potassium,Diclofenac Potassium,215537,36174775.61000001,98803.0,233399.9,5408924,2023
Diclofenac Potassium,Diclofenac Potassium,246150,68150499.80999999,109717.0,268824.9,6325876,2024
Diclofenac Sodium,Diclofenac Sodium,6692932,421009584.6699999,2816112.0,8142315.600000001,199944968,2019
Diclofenac Sodium,Diclofenac Sodium,8160639,439633904.5299999,3185047.0,9844911.5,237646633,2020
Diclofenac Sodium,Diclofenac Sodium,7694520,423569832.2700001,2999545.0,9308048.8,227436212,2021
Diclofenac Sodium,Diclofenac Sodium,7605339,471437144.1700001,2910583.0,9253646.5,227716049,2022
Diclofenac Sodium,Diclofenac Sodium,7631609,476347545.2899998,3021432.0,9352082.8,232361148,2023
Diclofenac Sodium,Diclofenac Sodium,5925081,320639779.7600001,2315708.0,7484257.799999998,193823586,2024
Diclofenac Sodium/Misoprostol,Diclofenac Sodium-Misoprostol,12867,2015320.9699999995,4764.0,15726.3,451059,2019
Diclofenac Sodium/Misoprostol,Diclofenac Sodium-Misoprostol,11332,1793554.66,4194.0,13951.3,400425,2020
Diclofenac Sodium/Misoprostol,Diclofenac Sodium-Misoprostol,9887,1484563.46,3788.0,11754.6,335529,2021
Diclofenac Sodium/Misoprostol,Diclofenac Sodium-Misoprostol,9396,1438055.0899999994,3524.0,11160.1,314606,2022
Diclofenac Sodium/Misoprostol,Diclofenac Sodium-Misoprostol,8959,1357437.9500000002,3402.0,10612.1,299576,2023
Diclofenac Sodium/Misoprostol,Diclofenac Sodium-Misoprostol,9399,1159602.64,3571.0,11435.6,326806,2024
Diclofenac Submicronized,Zorvolex,1986,1014294.97,623.0,2194.1000000000004,62930,2019
Diclofenac Submicronized,Zorvolex,1728,1014882.84,530.0,1867.8,52735,2020
Diclofenac Submicronized,Zorvolex,847,443469.87,230.0,883.0,24817,2021
Diclofenac Submicronized,Zorvolex,203,105149.33,47.0,205.0,5256,2022
Diclofenac Submicronized,Zorvolex,11,2749.23,5.0,11.0,110,2023
Dicloxacillin Sodium,Dicloxacillin Sodium,15113,572819.77,9901.0,16273.100000000002,238074,2019
Dicloxacillin Sodium,Dicloxacillin Sodium,13258,586433.11,8200.0,14357.9,215602,2020
Dicloxacillin Sodium,Dicloxacillin Sodium,8743,348949.30000000005,5589.0,9441.8,135359,2021
Dicloxacillin Sodium,Dicloxacillin Sodium,4565,223046.58,2780.0,4916.0,76504,2022
Dicloxacillin Sodium,Dicloxacillin Sodium,3968,240312.30000000005,2194.0,4292.099999999999,75627,2023
Dicloxacillin Sodium,Dicloxacillin Sodium,4900,197096.31,2975.0,5315.599999999999,87407,2024
Dicyclomine Hcl,Dicyclomine Hcl,1547558,29599739.480000008,537516.0,1990437.2,51985926,2019
Dicyclomine Hcl,Dicyclomine Hcl,1597785,37894712.85,541673.0,2119558.2,55991528,2020
Dicyclomine Hcl,Dicyclomine Hcl,1660650,38527015.54,584109.0,2237152.600000001,59072163,2021
Dicyclomine Hcl,Dicyclomine Hcl,1606509,37741851.33999999,571682.0,2202197.7,58156806,2022
Dicyclomine Hcl,Dicyclomine Hcl,1676552,38901735.14999998,607702.0,2305391.600000001,60373393,2023
Dicyclomine Hcl,Dicyclomine Hcl,1667748,30979693.81,612104.0,2336079.299999999,61276821,2024
Didanosine,Didanosine,202,29008.29,65.0,202.0,4773,2019
Didanosine,Videx Ec,13,1808.62,5.0,13.0,186,2020
Difenoxin Hcl/Atropine Sulfate,Motofen,136,106941.86,50.0,140.0,2879,2019
Difenoxin Hcl/Atropine Sulfate,Motofen,345,236045.02,125.0,348.5,6153,2020
Difenoxin Hcl/Atropine Sulfate,Motofen,361,322198.8899999999,130.0,367.7,7890,2021
Difenoxin Hcl/Atropine Sulfate,Motofen,248,278961.57,85.0,256.3,6268,2022
Difenoxin Hcl/Atropine Sulfate,Motofen,204,210106.50000000003,75.0,204.0,4857,2023
Difenoxin Hcl/Atropine Sulfate,Motofen,177,126740.52,65.0,178.0,3977,2024
Diflorasone Diacetate,Diflorasone Diacetate,10346,15716328.29,4256.0,10483.2,295962,2019
Diflorasone Diacetate,Diflorasone Diacetate,20559,37810971.6,9926.0,21442.0,582056,2020
Diflorasone Diacetate,Diflorasone Diacetate,14503,13820322.42,6024.0,15038.6,420806,2021
Diflorasone Diacetate,Diflorasone Diacetate,16322,15282399.350000003,5617.0,17778.0,522038,2022
Diflorasone Diacetate,Diflorasone Diacetate,14587,11892071.48,5027.0,16642.1,492209,2023
Diflorasone Diacetate,Diflorasone Diacetate,23090,14935802.12,6662.0,25877.4,771831,2024
Diflorasone Diacetate/Emoll,Apexicon E,24,16858.04,10.0,24.0,333,2019
Diflorasone Diacetate/Emoll,Apexicon E,25,27500.84,10.0,25.0,602,2020
Diflunisal,Diflunisal,10272,843366.1999999998,4562.0,13028.0,325868,2019
Diflunisal,Diflunisal,6900,577412.1799999998,2963.0,8977.4,232219,2020
Diflunisal,Diflunisal,6345,530261.4699999999,2667.0,8446.699999999999,217021,2021
Diflunisal,Diflunisal,2762,230410.1,1216.0,3726.2,97159,2022
Diflunisal,Diflunisal,3300,252189.75000000003,1396.0,4510.599999999999,118866,2023
Diflunisal,Diflunisal,3326,251710.2500000001,1344.0,4679.599999999999,125602,2024
Difluprednate,Durezol,478664,96218923.22,300109.0,537775.4999999999,13323359,2019
Difluprednate,Durezol,265086,57445090.12000001,150832.0,303593.1000000001,7549375,2020
Difluprednate,Durezol,175856,40434458.820000015,98298.0,201923.1,5026806,2021
Difluprednate,Difluprednate,114962,21034852.37,62652.0,132252.7,3252515,2022
Difluprednate,Difluprednate,105760,15843882.869999995,52634.0,124189.19999999998,3030385,2023
Difluprednate,Difluprednate,94835,10211259.0,44275.0,113432.6,2792590,2024
Digoxin,Digoxin,1833188,63116075.92999999,486120.0,3285187.1999999997,95072774,2019
Digoxin,Digoxin,1718198,59697213.1,433246.0,3286560.2,95794678,2020
Digoxin,Digoxin,1521912,50706157.59,394985.0,3009060.3,87865759,2021
Digoxin,Digoxin,1365844,42425320.33,360339.0,2718481.4999999995,79222017,2022
Digoxin,Digoxin,1231837,35808860.00000001,326905.0,2468614.900000001,71811053,2023
Digoxin,Digoxin,1148061,26496596.01,306039.0,2306606.500000001,66908012,2024
Dihydroergotamine Mesylate,Dihydroergotamine Mesylate,7268,21371689.320000004,2093.0,7534.900000000001,210814,2019
Dihydroergotamine Mesylate,Dihydroergotamine Mesylate,10293,28760713.120000005,3281.0,10685.399999999998,301262,2020
Dihydroergotamine Mesylate,Dihydroergotamine Mesylate,12187,28572579.56,3238.0,12650.999999999998,364934,2021
Dihydroergotamine Mesylate,Trudhesa,12301,27928592.739999995,2632.0,12828.600000000002,373631,2022
Dihydroergotamine Mesylate,Dihydroergotamine Mesylate,12987,27705508.01,2526.0,13399.100000000002,392645,2023
Dihydroergotamine Mesylate,Dihydroergotamine Mesylate,13361,18808125.399999995,2598.0,13904.000000000002,410908,2024
Diltiazem Hcl,Diltiazem Hcl,5049294,217660695.92999992,1394763.0,9552540.999999998,279710715,2019
Diltiazem Hcl,Dilt-Xr,4742065,227897397.46000004,1312617.0,9515462.999999996,279108895,2020
Diltiazem Hcl,Diltiazem 24hr Er (Cd),4362421,199663549.03,1251604.0,9040933.6,265354188,2021
Diltiazem Hcl,Diltiazem 24hr Er (Cd),4343942,181842101.0,1212102.0,9285886.8,272549220,2022
Diltiazem Hcl,Diltiazem 24hr Er (Cd),4153827,170939579.74,1169135.0,8975706.799999999,262956975,2023
Diltiazem Hcl,Diltiazem 24hr Er (Cd),4093677,122475292.41000004,1186072.0,8854827.9,258807455,2024
Dimenhydrinate,Dimenhydrinate,18,8011.97,5.0,18.0,98,2019
Dimethyl Fumarate,Tecfidera,109718,990671860.51,19991.0,124020.1,3695748,2019
Dimethyl Fumarate,Tecfidera,94926,901273578.24,18015.0,107767.2,3202928,2020
Dimethyl Fumarate,Tecfidera,86025,581604627.8399997,19091.0,91605.7,2720886,2021
Dimethyl Fumarate,Dimethyl Fumarate,76161,362899990.63000005,17827.0,80491.29999999999,2386712,2022
Dimethyl Fumarate,Dimethyl Fumarate,66699,243401987.76,15715.0,70780.3,2097976,2023
Dimethyl Fumarate,Dimethyl Fumarate,56069,156122701.41000012,13435.0,63240.4,1876671,2024
Dimethyl Sulfoxide,Rimso-50,225,205990.31,80.0,240.7,5420,2019
Dimethyl Sulfoxide,Rimso-50,141,140997.38,50.0,152.5,2663,2020
Dimethyl Sulfoxide,Rimso-50,179,176494.29,65.0,185.1,4161,2021
Dimethyl Sulfoxide,Rimso-50,91,101564.23,35.0,91.8,1987,2022
Dimethyl Sulfoxide,Rimso-50,23,16433.98,10.0,23.0,690,2023
Dimethyl Sulfoxide,Rimso-50,51,34876.91,20.0,59.0,1297,2024
"Diph,pertus(Acel),tet,polio/Pf",Kinrix,11,618.31,5.0,11.0,11,2021
"Diph,pertuss(Acell),tet Ped/Pf",Daptacel Dtap,74,3311.8900000000003,68.0,74.0,103,2019
"Diph,pertuss(Acell),tet Ped/Pf",Infanrix Dtap,23,901.57,23.0,23.0,23,2020
"Diph,pertuss(Acell),tet Ped/Pf",Infanrix Dtap,130,4970.469999999999,82.0,130.0,217,2021
"Diph,pertuss(Acell),tet Ped/Pf",Infanrix Dtap,134,5582.239999999999,99.0,134.0,134,2022
"Diph,pertuss(Acell),tet Ped/Pf",Daptacel Dtap,201,7606.9,138.0,201.0,201,2023
"Diph,pertuss(Acell),tet Ped/Pf",Daptacel Dtap,275,10029.64,160.0,275.0,354,2024
"Diph,pertuss(Acell),tet Vac/Pf",Adacel Tdap,101635,6072018.890000001,101358.0,101819.0,352008,2019
"Diph,pertuss(Acell),tet Vac/Pf",Adacel Tdap,109393,6324785.369999998,109196.0,109448.0,240988,2020
"Diph,pertuss(Acell),tet Vac/Pf",Adacel Tdap,118580,6846582.040000003,118392.0,118602.0,235008,2021
"Diph,pertuss(Acell),tet Vac/Pf",Adacel Tdap,163151,9798122.96,162800.0,163216.0,294147,2022
"Diph,pertuss(Acell),tet Vac/Pf",Adacel Tdap,177661,11605465.82,177122.0,177726.0,379611,2023
"Diph,pertuss(Acell),tet Vac/Pf",Adacel Tdap,196471,11640237.519999998,195948.0,196497.0,553679,2024
Diphenhydramine Hcl,Diphenhydramine Hcl,24233,716379.97,6856.0,24709.599999999995,322412,2019
Diphenhydramine Hcl,Diphenhydramine Hcl,27786,952180.97,7701.0,28354.39999999999,390296,2020
Diphenhydramine Hcl,Diphenhydramine Hcl,27886,1009563.79,7610.0,28403.3,403103,2021
Diphenhydramine Hcl,Diphenhydramine Hcl,28732,1153903.980000001,7495.0,29219.7,431781,2022
Diphenhydramine Hcl,Diphenhydramine Hcl,32356,1095281.4900000002,9265.0,32995.49999999999,485745,2023
Diphenhydramine Hcl,Diphenhydramine Hcl,35464,937687.1100000005,10128.0,36652.29999999999,538767,2024
Diphenoxylate Hcl/Atropine,Diphenoxylate-Atropine,404085,14883506.970000004,147007.0,427070.4999999999,7965900,2019
Diphenoxylate Hcl/Atropine,Diphenoxylate-Atropine,385220,14387139.95,133302.0,407464.9,7840922,2020
Diphenoxylate Hcl/Atropine,Diphenoxylate-Atropine,374599,13676218.21,132110.0,397387.9,7638107,2021
Diphenoxylate Hcl/Atropine,Diphenoxylate-Atropine,371457,13130141.160000002,136252.0,393943.0999999999,7435980,2022
Diphenoxylate Hcl/Atropine,Diphenoxylate-Atropine,370538,10137005.61,136693.0,393545.9000000001,7425068,2023
Diphenoxylate Hcl/Atropine,Diphenoxylate-Atropine,372740,8085776.04,138072.0,397485.9,7488083,2024
"Dipht,pert(A),tet-Polio/Hib/Pf",Pentacel,111,10738.02,97.0,111.0,111,2020
"Dipht,pert(A),tet-Polio/Hib/Pf",Pentacel,113,11928.969999999998,67.0,113.0,113,2021
"Dipht,pert(A),tet-Polio/Hib/Pf",Pentacel,198,21784.86,131.0,198.0,228,2022
"Dipht,pert(A),tet-Polio/Hib/Pf",Pentacel,361,41563.82,209.0,361.0,361,2023
"Dipht,pert(A),tet-Polio/Hib/Pf",Pentacel,422,46498.78,247.0,422.0,423,2024
"Diphth,pertuss(Acell),tet Vac",Boostrix Tdap,384236,23025458.05,382880.0,389160.0,1315351,2019
"Diphth,pertuss(Acell),tet Vac",Boostrix Tdap,343260,21085827.010000005,342113.0,346268.7,702354,2020
"Diphth,pertuss(Acell),tet Vac",Boostrix Tdap,354615,22376772.57,353596.0,355364.9,565630,2021
"Diphth,pertuss(Acell),tet Vac",Boostrix Tdap,569119,36097707.16999999,567148.0,570225.4,822837,2022
"Diphth,pertuss(Acell),tet Vac",Boostrix Tdap,1037794,69171023.04,1033420.0,1039120.8,1486113,2023
"Diphth,pertuss(Acell),tet Vac",Boostrix Tdap,1297505,79852211.58000003,1291625.0,1298975.4,2127951,2024
Dipyridamole,Dipyridamole,10022,648901.6100000001,3485.0,11448.1,315836,2019
Dipyridamole,Dipyridamole,7636,703058.7899999999,2618.0,8707.200000000003,238009,2020
Dipyridamole,Dipyridamole,5735,627997.67,1963.0,6743.9000000000015,185095,2021
Dipyridamole,Dipyridamole,4676,466148.2400000001,1617.0,5458.4,148189,2022
Dipyridamole,Dipyridamole,3979,343004.6500000001,1398.0,4755.0,130032,2023
Dipyridamole,Dipyridamole,3131,232274.50000000003,1099.0,3810.8,103757,2024
Diroximel Fumarate,Vumerity,718,6105917.9,225.0,837.5000000000001,25064,2020
Diroximel Fumarate,Vumerity,7323,64364185.75999998,1722.0,8261.6,247390,2021
Diroximel Fumarate,Vumerity,9287,82535291.39000002,2406.0,10132.5,302225,2022
Diroximel Fumarate,Vumerity,11944,107657761.21000004,3013.0,12380.300000000005,370310,2023
Diroximel Fumarate,Vumerity,16143,143286818.51999998,3923.0,16784.600000000006,500771,2024
Disopyramide Phosphate,Disopyramide Phosphate,5782,1486130.9799999995,1846.0,8124.4,234335,2019
Disopyramide Phosphate,Disopyramide Phosphate,4789,1271171.6699999997,1545.0,6930.099999999999,201181,2020
Disopyramide Phosphate,Disopyramide Phosphate,4631,1094235.6000000006,1518.0,7093.200000000001,205875,2021
Disopyramide Phosphate,Disopyramide Phosphate,4396,1174809.5300000005,1428.0,6880.099999999999,197170,2022
Disopyramide Phosphate,Disopyramide Phosphate,3820,1063246.18,1190.0,5809.3,166928,2023
Disopyramide Phosphate,Disopyramide Phosphate,3724,886154.1399999999,1194.0,5844.099999999999,168044,2024
Disulfiram,Disulfiram,5583,385798.15,2003.0,6111.800000000001,165978,2019
Disulfiram,Disulfiram,3327,269261.15,1193.0,3806.8000000000006,105601,2020
Disulfiram,Disulfiram,5064,371999.73999999993,1748.0,5637.1,154556,2021
Disulfiram,Disulfiram,5337,419775.17,1823.0,5761.000000000001,159749,2022
Disulfiram,Disulfiram,5618,435083.3000000001,1889.0,5996.900000000001,162299,2023
Disulfiram,Disulfiram,3123,254780.72,1027.0,3343.6,88580,2024
Divalproex Sodium,Divalproex Sodium,4644999,269280463.5,817200.0,5263963.9,142153048,2019
Divalproex Sodium,Divalproex Sodium,4480490,246282942.53999996,780852.0,5202867.9,140805423,2020
Divalproex Sodium,Divalproex Sodium,4273311,256159487.64,750985.0,5003453.4,134818633,2021
Divalproex Sodium,Divalproex Sodium,4251693,265085570.15000013,747489.0,4974456.5,133122639,2022
Divalproex Sodium,Divalproex Sodium,4290850,231747648.26000005,752828.0,5019355.4,133384202,2023
Divalproex Sodium,Divalproex Sodium Er,4418428,194602809.30000004,767627.0,5165389.500000001,136119085,2024
Dobutamine Hcl,Dobutamine Hcl,406,40099.67,70.0,406.0,2793,2019
Dobutamine Hcl,Dobutamine Hcl,157,14809.52,25.0,157.0,1032,2020
Dobutamine Hcl,Dobutamine Hcl,16,393.32,5.0,16.0,99,2021
Dobutamine Hcl,Dobutamine Hcl,67,6536.1,15.0,67.0,474,2022
Dobutamine Hcl,Dobutamine Hcl,174,9903.48,20.0,174.0,694,2023
Dobutamine Hcl,Dobutamine Hcl,89,8128.23,15.0,89.0,368,2024
Dobutamine Hcl In Dextrose 5 %,Dobutamine Hcl In Dextrose,261,28380.14,55.0,261.0,1598,2019
Dobutamine Hcl In Dextrose 5 %,Dobutamine Hcl-D5w,64,6611.21,10.0,64.0,447,2020
Dobutamine Hcl In Dextrose 5 %,Dobutamine Hcl-D5w,60,6682.31,15.0,60.0,382,2021
Dobutamine Hcl In Dextrose 5 %,Dobutamine Hcl-D5w,123,15012.64,25.0,123.0,735,2022
Dobutamine Hcl In Dextrose 5 %,Dobutamine Hcl-D5w,107,13822.09,20.0,107.0,712,2023
Dobutamine Hcl In Dextrose 5 %,Dobutamine Hcl-D5w,96,11915.58,25.0,96.0,402,2024
Docetaxel,Docetaxel,675,481051.6400000001,175.0,694.8,15612,2019
Docetaxel,Docetaxel,691,563748.79,210.0,704.4,15495,2020
Docetaxel,Docetaxel,902,651003.4299999998,220.0,914.4,19653,2021
Docetaxel,Docetaxel,1049,987252.64,254.0,1093.5,23516,2022
Docetaxel,Docetaxel,1273,863565.0499999998,347.0,1308.8,28894,2023
Docetaxel,Docetaxel,1498,741935.1799999997,404.0,1521.3000000000002,32807,2024
Dofetilide,Dofetilide,217730,99782322.35,54534.0,369744.1,10943543,2019
Dofetilide,Dofetilide,216000,75739514.35999998,55244.0,407279.1000000001,12101568,2020
Dofetilide,Dofetilide,207292,62800039.52999998,56692.0,410821.9,12219655,2021
Dofetilide,Dofetilide,204882,59948482.00999999,58958.0,416679.5000000002,12390362,2022
Dofetilide,Dofetilide,221054,59643250.42000002,64994.0,444833.9,13179423,2023
Dofetilide,Dofetilide,254175,50266854.99,75789.0,532537.1999999998,15816526,2024
Dolutegravir Sodium,Tivicay,304124,592951447.2399999,47286.0,317373.3999999999,9306693,2019
Dolutegravir Sodium,Tivicay,286590,600949645.1399999,43438.0,304836.80000000005,8971912,2020
Dolutegravir Sodium,Tivicay,270962,590492408.4699998,41330.0,281314.7,8267061,2021
Dolutegravir Sodium,Tivicay,254612,587440402.8399999,39564.0,264799.30000000005,7762805,2022
Dolutegravir Sodium,Tivicay,238489,586777443.57,37546.0,248291.5,7264733,2023
Dolutegravir Sodium,Tivicay,228372,559756909.46,36397.0,237329.4,6971583,2024
Dolutegravir Sodium/Lamivudine,Dovato,4133,10059104.540000005,1075.0,4301.0,128584,2019
Dolutegravir Sodium/Lamivudine,Dovato,29678,77039405.71,5447.0,31033.5,928483,2020
Dolutegravir Sodium/Lamivudine,Dovato,60070,163487507.42,10407.0,61611.6,1843235,2021
Dolutegravir Sodium/Lamivudine,Dovato,94843,273938062.03000003,15422.0,97727.0,2922507,2022
Dolutegravir Sodium/Lamivudine,Dovato,127035,386788259.11,20188.0,130877.5,3911434,2023
Dolutegravir Sodium/Lamivudine,Dovato,159927,485647727.91999984,24536.0,165169.4,4934923,2024
Dolutegravir/Rilpivirine,Juluca,52722,151195100.64000002,9498.0,55083.1,1641955,2019
Dolutegravir/Rilpivirine,Juluca,70878,217442255.42000008,12169.0,75211.90000000001,2242554,2020
Dolutegravir/Rilpivirine,Juluca,79955,256031565.38000005,13655.0,83132.1,2478288,2021
Dolutegravir/Rilpivirine,Juluca,87329,296954531.34,15017.0,91279.7,2722906,2022
Dolutegravir/Rilpivirine,Juluca,91801,335035361.23,15957.0,96321.5,2876900,2023
Dolutegravir/Rilpivirine,Juluca,97084,353946122.4999999,16870.0,102076.5,3051163,2024
Donepezil Hcl,Donepezil Hcl,7512883,117128482.41000009,1586282.0,11234536.599999996,319226940,2019
Donepezil Hcl,Donepezil Hcl,7093514,108064905.12999998,1527650.0,11181784.1,318873920,2020
Donepezil Hcl,Donepezil Hcl,6870268,102576839.6,1555293.0,11187616.1,319450998,2021
Donepezil Hcl,Donepezil Hcl,6941010,105386092.25,1595827.0,11447660.999999998,326231278,2022
Donepezil Hcl,Donepezil Hcl,7068757,111947841.96,1636242.0,11787084.500000006,335108413,2023
Donepezil Hcl,Donepezil Hcl,7511975,93253985.59,1745072.0,12660746.799999995,358905469,2024
Doravirine,Pifeltro,6327,9156131.420000002,1439.0,6558.0,193862,2019
Doravirine,Pifeltro,16444,25500275.08000001,3443.0,17249.8,509234,2020
Doravirine,Pifeltro,22980,37746086.2,4555.0,23823.1,706618,2021
Doravirine,Pifeltro,27257,47449374.57000001,5338.0,28216.5,838729,2022
Doravirine,Pifeltro,31221,57079198.47999999,6102.0,32445.0,967018,2023
Doravirine,Pifeltro,34892,63786127.37999999,6678.0,36701.4,1097240,2024
Doravirine/Lamivu/Tenofov Diso,Delstrigo,510,1087018.1499999997,145.0,513.0,15341,2019
Doravirine/Lamivu/Tenofov Diso,Delstrigo,1661,3809461.57,465.0,1679.0,50272,2020
Doravirine/Lamivu/Tenofov Diso,Delstrigo,2019,4940545.580000001,567.0,2043.0,61222,2021
Doravirine/Lamivu/Tenofov Diso,Delstrigo,2842,7351764.380000001,798.0,2869.0,85992,2022
Doravirine/Lamivu/Tenofov Diso,Delstrigo,3682,10003040.039999995,1009.0,3749.0,112086,2023
Doravirine/Lamivu/Tenofov Diso,Delstrigo,4488,12023075.29,1229.0,4545.0,135968,2024
Dornase Alfa,Pulmozyme,175,864515.56,65.0,175.0,4290,2019
Dornase Alfa,Pulmozyme,145,820745.7300000001,60.0,145.0,3967,2020
Dornase Alfa,Pulmozyme,160,836035.1900000001,60.0,160.0,4105,2021
Dornase Alfa,Pulmozyme,146,863776.11,45.0,146.0,3837,2022
Dornase Alfa,Pulmozyme,127,762177.69,45.0,127.0,3558,2023
Dornase Alfa,Pulmozyme,156,711446.68,55.0,162.0,4413,2024
Dorzolamide Hcl,Dorzolamide Hcl,848961,27708433.84,258304.0,1571447.5,46777315,2019
Dorzolamide Hcl,Dorzolamide Hcl,817320,28869697.12999999,247254.0,1587904.3,47306412,2020
Dorzolamide Hcl,Dorzolamide Hcl,814683,28275277.260000005,254410.0,1615106.7999999998,48151190,2021
Dorzolamide Hcl,Dorzolamide Hcl,862109,26431633.63,265588.0,1698884.6,50671351,2022
Dorzolamide Hcl,Dorzolamide Hcl,923587,27654924.17,277905.0,1816267.7,54143402,2023
Dorzolamide Hcl,Dorzolamide Hcl,902858,18254086.49,287075.0,1799908.8999999997,53695748,2024
Dorzolamide Hcl/Timolol Maleat,Dorzolamide-Timolol,1651397,80558790.96000001,514247.0,3272547.5000000014,97719926,2019
Dorzolamide Hcl/Timolol Maleat,Dorzolamide-Timolol,1843688,85417787.61,560704.0,3770270.1,112623339,2020
Dorzolamide Hcl/Timolol Maleat,Dorzolamide-Timolol,2001162,76005238.30000001,623741.0,4176461.4,124840144,2021
Dorzolamide Hcl/Timolol Maleat,Dorzolamide-Timolol,2222528,72934492.10000001,690804.0,4637662.4,138690655,2022
Dorzolamide Hcl/Timolol Maleat,Dorzolamide-Timolol,2484075,75562010.85999998,762935.0,5198719.0,155456315,2023
Dorzolamide Hcl/Timolol Maleat,Dorzolamide-Timolol,2757691,51291871.59000002,848990.0,5850698.7,175091894,2024
Dorzolamide/Timolol/Pf,Cosopt Pf,62244,12179607.429999996,17900.0,87693.8,2580474,2019
Dorzolamide/Timolol/Pf,Cosopt Pf,67317,12990478.099999998,18620.0,99401.7,2950454,2020
Dorzolamide/Timolol/Pf,Cosopt Pf,73445,14141129.650000002,20376.0,111597.49999999996,3321885,2021
Dorzolamide/Timolol/Pf,Dorzolamide-Timolol,79485,14776570.070000002,22426.0,122149.5,3626820,2022
Dorzolamide/Timolol/Pf,Cosopt Pf,86370,15802931.5,24260.0,133787.1,3965078,2023
Dorzolamide/Timolol/Pf,Dorzolamide-Timolol,98872,16096781.629999995,27904.0,159057.00000000003,4721082,2024
Dostarlimab-Gxly,Jemperli,16,185846.6,5.0,16.0,336,2022
Dostarlimab-Gxly,Jemperli,32,375292.61,5.0,32.0,672,2023
Dostarlimab-Gxly,Jemperli,125,1566283.15,30.0,131.4,2961,2024
Doxazosin Mesylate,Doxazosin Mesylate,1967781,59365110.13,491678.0,4009949.499999999,118864929,2019
Doxazosin Mesylate,Doxazosin Mesylate,1872431,54563991.92000002,476967.0,4012182.2999999993,118972785,2020
Doxazosin Mesylate,Doxazosin Mesylate,1761874,41533864.51000001,464607.0,3878574.6,114986637,2021
Doxazosin Mesylate,Doxazosin Mesylate,1685164,36046029.60000001,449786.0,3760174.1,111345440,2022
Doxazosin Mesylate,Doxazosin Mesylate,1630349,35261877.57000001,438368.0,3655307.2,108055283,2023
Doxazosin Mesylate,Doxazosin Mesylate,1646696,26659398.55,441502.0,3702775.500000001,109341216,2024
Doxepin Hcl,Doxepin Hcl,757875,64003768.00000001,193293.0,959669.7000000004,27813938,2019
Doxepin Hcl,Doxepin Hcl,793189,46685242.540000014,195894.0,1025960.7000000004,29824998,2020
Doxepin Hcl,Doxepin Hcl,785921,44190380.190000005,195015.0,1039932.4999999998,30299607,2021
Doxepin Hcl,Doxepin Hcl,795987,48404729.69,200927.0,1066624.0,31047112,2022
Doxepin Hcl,Doxepin Hcl,837684,51701206.52999998,208079.0,1135131.4000000004,33017630,2023
Doxepin Hcl,Doxepin Hcl,870008,42137822.17000001,215449.0,1204751.7000000002,35030060,2024
Doxercalciferol,Doxercalciferol,2149,891567.4400000001,665.0,3231.4999999999995,92947,2019
Doxercalciferol,Doxercalciferol,1047,420474.5000000001,304.0,1559.6999999999998,43347,2020
Doxercalciferol,Doxercalciferol,506,262921.92000000004,161.0,716.8,20005,2021
Doxercalciferol,Doxercalciferol,577,306715.69,174.0,906.1,25953,2022
Doxercalciferol,Doxercalciferol,403,194026.54,137.0,643.3999999999999,18265,2023
Doxercalciferol,Doxercalciferol,534,240477.47,168.0,859.6999999999999,24148,2024
Doxorubicin Hcl,Doxorubicin Hcl,147,9537.42,50.0,147.0,3276,2019
Doxorubicin Hcl,Doxorubicin Hcl,57,2600.1600000000003,20.0,57.0,1155,2020
Doxorubicin Hcl,Doxorubicin Hcl,122,5657.35,45.0,122.0,2560,2021
Doxorubicin Hcl,Doxorubicin Hcl,162,10135.83,55.0,163.6,3605,2022
Doxorubicin Hcl,Doxorubicin Hcl,203,10888.26,60.0,203.0,4340,2023
Doxorubicin Hcl,Doxorubicin Hcl,265,14374.99,75.0,265.0,5783,2024
Doxorubicin Hcl Peg-Liposomal,Doxorubicin Hcl Liposome,54,185844.91,20.0,54.0,1309,2019
Doxorubicin Hcl Peg-Liposomal,Doxorubicin Hcl Liposome,42,97649.23,15.0,44.8,1057,2020
Doxorubicin Hcl Peg-Liposomal,Doxorubicin Hcl Liposome,87,165376.83000000002,30.0,87.4,2086,2021
Doxorubicin Hcl Peg-Liposomal,Doxorubicin Hcl Liposome,40,78269.56,15.0,40.0,1099,2022
Doxorubicin Hcl Peg-Liposomal,Doxorubicin Hcl Liposome,112,254158.06000000003,35.0,112.0,2856,2023
Doxorubicin Hcl Peg-Liposomal,Doxorubicin Hcl Liposome,11,15884.54,5.0,11.0,308,2024
Doxycycline Calcium,Vibramycin,200,17583.03,88.0,229.1,5452,2019
Doxycycline Calcium,Vibramycin,133,17282.219999999998,63.0,152.8,3999,2020
Doxycycline Calcium,Vibramycin,61,2397.1,15.0,61.0,1295,2021
Doxycycline Calcium,Vibramycin,32,1473.98,10.0,40.1,759,2022
Doxycycline Hyclate,Doxycycline Hyclate,3560551,103818917.36999996,2612850.0,3833961.8,55668378,2019
Doxycycline Hyclate,Doxycycline Hyclate,3047288,88880537.93,2107776.0,3338702.0000000005,51592981,2020
Doxycycline Hyclate,Doxycycline Hyclate,3104509,79993690.96000002,2211600.0,3398819.399999999,51950143,2021
Doxycycline Hyclate,Doxycycline Hyclate,3844583,91924330.62,2870563.0,4164676.1999999993,59471393,2022
Doxycycline Hyclate,Doxycycline Hyclate,4539991,90914391.32000002,3463235.0,4905827.500000001,67806358,2023
Doxycycline Hyclate,Doxycycline Hyclate,5222616,64715572.88999999,4016798.0,5662070.899999999,77458204,2024
Doxycycline Monohydrate,Doxycycline Monohydrate,892392,21377938.15,676099.0,966995.7999999998,14208075,2019
Doxycycline Monohydrate,Doxycycline Monohydrate,730339,20242807.85,511183.0,809408.2999999999,13052546,2020
Doxycycline Monohydrate,Doxycycline Monohydrate,784029,20108146.19999999,555512.0,871713.2000000003,14138993,2021
Doxycycline Monohydrate,Doxycycline Monohydrate,984663,24814895.44,735550.0,1083810.8,16286863,2022
Doxycycline Monohydrate,Doxycycline Monohydrate,1159741,25905171.37,893090.0,1273207.3000000005,18313870,2023
Doxycycline Monohydrate,Doxycycline Monohydrate,1302585,23755238.619999997,1010221.0,1433898.7999999998,20506456,2024
Doxylamine Succinate/Vit B6,Doxylamine Succ-Pyridoxine Hcl,11,1763.89,5.0,11.0,294,2020
Doxylamine Succinate/Vit B6,Doxylamine Succ-Pyridoxine Hcl,11,1958.19,5.0,11.0,220,2022
Dronabinol,Dronabinol,59632,15062719.8,17429.0,60427.09999999999,1536884,2019
Dronabinol,Dronabinol,58751,11928734.159999996,17501.0,59640.69999999999,1515573,2020
Dronabinol,Dronabinol,49969,9759267.609999994,15242.0,50792.3,1309618,2021
Dronabinol,Dronabinol,43777,9526223.48,13698.0,44518.50000000001,1137248,2022
Dronabinol,Dronabinol,38939,7254172.499999996,12214.0,39527.0,951542,2023
Dronabinol,Dronabinol,6688,1265524.15,2326.0,6788.300000000001,166744,2024
Dronedarone Hcl,Multaq,250418,232104716.8500001,61370.0,375322.00000000006,10821332,2019
Dronedarone Hcl,Multaq,240378,236444789.45,59089.0,379444.20000000007,11030821,2020
Dronedarone Hcl,Multaq,228776,243162101.96000004,58979.0,371651.8,10830158,2021
Dronedarone Hcl,Multaq,221067,259892984.76,58291.0,368334.8,10733269,2022
Dronedarone Hcl,Multaq,219971,276557391.62,58604.0,370868.8000000001,10838036,2023
Dronedarone Hcl,Multaq,226664,281769276.9600001,60244.0,384079.4,11228793,2024
Droperidol,Droperidol,22,161.44,5.0,22.0,79,2024
Drospir/Eth Estra/Levomefol Ca,Drospirenone-Eth Estra-Levomef,123,16966.269999999997,45.0,123.0,3279,2019
Drospir/Eth Estra/Levomefol Ca,Drospirenone-Eth Estra-Levomef,46,7853.51,15.0,46.0,1141,2020
Drospir/Eth Estra/Levomefol Ca,Drospirenone-Eth Estra-Levomef,34,4724.5,15.0,35.8,1008,2021
Drospir/Eth Estra/Levomefol Ca,Drospirenone-Eth Estra-Levomef,24,4268.4800000000005,10.0,24.0,694,2022
Drospir/Eth Estra/Levomefol Ca,Safyral,47,5621.259999999999,20.0,50.6,1353,2023
Drospir/Eth Estra/Levomefol Ca,Safyral,41,5308.16,15.0,41.0,1029,2024
Drospirenone,Slynd,94,21483.77,40.0,106.6,2947,2020
Drospirenone,Slynd,305,69714.39,120.0,339.20000000000005,9604,2021
Drospirenone,Slynd,576,138045.85000000003,220.0,661.5000000000001,18757,2022
Drospirenone,Slynd,1397,323679.32000000007,535.0,1543.9999999999998,43221,2023
Drospirenone,Slynd,1388,298888.94,530.0,1527.2,42732,2024
Drospirenone/Estetrol,Nextstellis,12,2420.52,5.0,12.0,336,2022
Drospirenone/Estetrol,Nextstellis,12,2948.34,5.0,13.8,368,2023
Drospirenone/Estetrol,Nextstellis,24,5162.8,10.0,24.0,672,2024
Drospirenone/Estradiol,Angeliq,174,35388.590000000004,70.0,186.6,5282,2019
Drospirenone/Estradiol,Angeliq,215,43062.76,90.0,225.8,6358,2020
Drospirenone/Estradiol,Angeliq,121,28019.82,50.0,146.1,4172,2021
Drospirenone/Estradiol,Angeliq,110,27980.980000000003,45.0,137.8,3948,2022
Drospirenone/Estradiol,Angeliq,152,32995.31,65.0,166.4,4704,2023
Drospirenone/Estradiol,Angeliq,177,33229.54,75.0,178.8,5012,2024
Droxidopa,Northera,13403,141167234.04,3510.0,14312.2,421242,2019
Droxidopa,Northera,15039,163038862.45999998,3963.0,16221.9,478618,2020
Droxidopa,Droxidopa,10763,70393082.80000001,3065.0,11868.900000000003,346514,2021
Droxidopa,Droxidopa,18847,59092129.54,4872.0,20693.3,597828,2022
Droxidopa,Droxidopa,20154,51471429.260000005,5285.0,22316.2,641784,2023
Droxidopa,Droxidopa,21706,36206060.3,5567.0,25209.1,728047,2024
Dulaglutide,Trulicity,1849035,1934557985.32,395080.0,2503107.2,71717540,2019
Dulaglutide,Trulicity,2486752,2849897422.8700004,518167.0,3493569.000000001,100372991,2020
Dulaglutide,Trulicity,3313160,4156252166.099999,699126.0,4718870.600000001,135636479,2021
Dulaglutide,Trulicity,4174280,5581472135.650002,895871.0,5968630.600000002,171391611,2022
Dulaglutide,Trulicity,4851616,6666365125.900001,1018826.0,6779381.400000001,193878678,2023
Dulaglutide,Trulicity,3816376,4786817612.429999,827507.0,5055403.500000001,143343077,2024
Duloxetine Hcl,Duloxetine Hcl,9666326,417224244.3,2172297.0,15556934.000000004,455608529,2019
Duloxetine Hcl,Duloxetine Hcl,10082402,384855107.38,2239892.0,17040392.200000003,500033127,2020
Duloxetine Hcl,Duloxetine Hcl,10333713,393029007.06,2399221.0,18070424.0,530345922,2021
Duloxetine Hcl,Duloxetine Hcl,10746503,470996222.54000014,2547833.0,19220013.4,563875777,2022
Duloxetine Hcl,Duloxetine Hcl,11444110,375083684.41,2753788.0,20867095.200000003,611864443,2023
Duloxetine Hcl,Duloxetine Hcl,12298888,292821461.44,2981548.0,22935772.3,671985956,2024
Dupilumab,Dupixent,58070,186713157.47,14263.0,60077.2,1630534,2019
Dupilumab,Dupixent Syringe,109853,366042272.86,24837.0,114711.7,3165047,2020
Dupilumab,Dupixent Pen,157401,540520169.67,37206.0,163025.69999999998,4517351,2021
Dupilumab,Dupixent Pen,223545,815870279.34,52504.0,231315.30000000005,6399545,2022
Dupilumab,Dupixent Pen,350986,1368118588.69,77113.0,360944.2999999999,9956968,2023
Dupilumab,Dupixent Pen,522353,2067920188.6600003,106171.0,541161.3999999998,14959730,2024
Durvalumab,Imfinzi,615,4565626.050000001,165.0,615.0,15005,2019
Durvalumab,Imfinzi,717,4783985.99,160.0,717.0,15579,2020
Durvalumab,Imfinzi,559,5226422.469999999,135.0,559.0,14044,2021
Durvalumab,Imfinzi,648,6059591.06,155.0,648.0,13901,2022
Durvalumab,Imfinzi,1327,14780917.81,305.0,1327.3,29613,2023
Durvalumab,Imfinzi,1482,16450240.239999998,414.0,1483.0,35762,2024
Dutasteride,Dutasteride,613661,35612018.37,163150.0,1182132.9,35147579,2019
Dutasteride,Dutasteride,589592,32615381.89,158802.0,1192654.5,35489550,2020
Dutasteride,Dutasteride,555538,29952910.739999995,155779.0,1180015.9000000004,35118302,2021
Dutasteride,Dutasteride,563771,30665279.83,161711.0,1234962.9,36746350,2022
Dutasteride,Dutasteride,600269,27809739.780000005,175568.0,1353136.799999999,40248409,2023
Dutasteride,Dutasteride,672355,22245101.06000001,198330.0,1553065.2999999996,46208993,2024
Dutasteride/Tamsulosin Hcl,Dutasteride-Tamsulosin,31515,5787814.59,9590.0,54822.79999999999,1630408,2019
Dutasteride/Tamsulosin Hcl,Dutasteride-Tamsulosin,24310,4429090.93,7515.0,43039.7,1280890,2020
Dutasteride/Tamsulosin Hcl,Dutasteride-Tamsulosin,19636,3691258.309999999,6141.0,35732.700000000004,1065041,2021
Dutasteride/Tamsulosin Hcl,Dutasteride-Tamsulosin,17681,3360613.8800000004,5458.0,32125.800000000003,952274,2022
Dutasteride/Tamsulosin Hcl,Dutasteride-Tamsulosin,16444,3071631.4100000006,5257.0,30437.4,903187,2023
Dutasteride/Tamsulosin Hcl,Dutasteride-Tamsulosin,16222,2504806.17,5103.0,30963.0,915917,2024
Duvelisib,Copiktra,116,1438027.48,40.0,116.0,3248,2019
Duvelisib,Copiktra,303,3984915.77,115.0,308.4,8638,2020
Duvelisib,Copiktra,334,5127167.5200000005,125.0,334.0,9354,2021
Duvelisib,Copiktra,442,8119747.8999999985,160.0,442.0,12352,2022
Duvelisib,Copiktra,255,6780555.619999999,95.0,255.0,7035,2023
Duvelisib,Copiktra,287,10012525.55,90.0,287.0,8036,2024
Ecallantide,Kalbitor,213,12477473.78,30.0,213.0,825,2019
Ecallantide,Kalbitor,168,11079464.61,25.0,168.0,597,2020
Ecallantide,Kalbitor,260,15637409.509999998,50.0,260.0,793,2021
Ecallantide,Kalbitor,341,20470906.99,55.0,341.0,1337,2022
Ecallantide,Kalbitor,289,21041865.89,55.0,289.0,1624,2023
Ecallantide,Kalbitor,189,15389380.639999997,30.0,189.0,1068,2024
Echothiophate Iodide,Phospholine Iodide,2183,212681.29,428.0,2478.6000000000004,67255,2019
Echothiophate Iodide,Phospholine Iodide,109,9784.0,46.0,117.9,3247,2020
Echothiophate Iodide,Phospholine Iodide,106,10551.15,33.0,114.3,2967,2021
Echothiophate Iodide,Phospholine Iodide,91,150821.76,30.0,95.2,2613,2022
Echothiophate Iodide,Phospholine Iodide,260,663959.29,61.0,260.0,7004,2023
Echothiophate Iodide,Phospholine Iodide,384,986384.41,89.0,384.0,10389,2024
Econazole Nitrate,Econazole Nitrate,107496,11619190.040000005,51133.0,114078.19999999995,2850923,2019
Econazole Nitrate,Econazole Nitrate,93184,8422183.029999997,43565.0,100230.69999999995,2611645,2020
Econazole Nitrate,Econazole Nitrate,77458,4480416.909999999,36756.0,82826.09999999999,2171152,2021
Econazole Nitrate,Econazole Nitrate,67320,3948653.69,32674.0,72312.7,1910332,2022
Econazole Nitrate,Econazole Nitrate,73336,3950315.210000001,37457.0,79860.50000000001,2100974,2023
Econazole Nitrate,Econazole Nitrate,80295,2702742.0000000005,41845.0,88073.99999999999,2349459,2024
Eculizumab,Soliris,2200,87960668.01,555.0,2202.6,44667,2019
Eculizumab,Soliris,4189,172260158.80000004,1020.0,4190.8,88826,2020
Eculizumab,Soliris,4850,203118136.39,1180.0,4852.6,104859,2021
Eculizumab,Soliris,5047,210886288.56,1265.0,5050.900000000001,108455,2022
Eculizumab,Soliris,4126,175341836.48999998,1085.0,4133.2,90230,2023
Eculizumab,Soliris,3580,148715855.64000002,1045.0,3580.0,79922,2024
Edaravone,Radicava,5235,57497524.040000014,974.0,5235.0,120204,2019
Edaravone,Radicava,5095,57200640.040000014,995.0,5095.9,122144,2020
Edaravone,Radicava,4721,54777639.93,967.0,4721.0,114856,2021
Edaravone,Radicava,7667,101613520.86,1829.0,7667.0,202142,2022
Edaravone,Radicava Ors,20039,279059830.6,3308.0,20068.000000000004,559418,2023
Edaravone,Radicava Ors,25184,352735101.6400001,4005.0,25219.4,703397,2024
Edoxaban Tosylate,Savaysa,6014,2486740.18,2049.0,7133.9,203413,2019
Edoxaban Tosylate,Savaysa,4766,2043200.53,1628.0,5630.5,155959,2020
Edoxaban Tosylate,Savaysa,3882,1671206.5100000002,1392.0,4489.599999999999,126073,2021
Edoxaban Tosylate,Savaysa,3167,1321525.07,1125.0,3584.2,98791,2022
Edoxaban Tosylate,Savaysa,2450,992336.4700000004,890.0,2658.4,71391,2023
Edoxaban Tosylate,Savaysa,2286,964276.6599999996,840.0,2497.8,68461,2024
Efavirenz,Efavirenz,21742,15845211.700000005,6078.0,23056.7,683330,2019
Efavirenz,Efavirenz,16435,11345928.99,4645.0,17983.7,532927,2020
Efavirenz,Sustiva,12221,6677142.670000001,3616.0,13750.000000000002,409174,2021
Efavirenz,Efavirenz,8929,4429073.419999998,2718.0,10324.2,307656,2022
Efavirenz,Efavirenz,7338,3488473.05,2248.0,8586.2,256443,2023
Efavirenz,Efavirenz,6336,1961540.5999999992,1906.0,7426.099999999999,219152,2024
Efavirenz/Emtricit/Tenofovr Df,Atripla,53906,163015228.64000002,11769.0,56600.8,1690840,2019
Efavirenz/Emtricit/Tenofovr Df,Atripla,30793,99710545.26999998,7519.0,32771.4,978667,2020
Efavirenz/Emtricit/Tenofovr Df,Efavirenz-Emtric-Tenofov Disop,23388,50374998.95,6892.0,24038.1,717660,2021
Efavirenz/Emtricit/Tenofovr Df,Efavirenz-Emtric-Tenofov Disop,22183,22595483.86,6092.0,23252.800000000003,693351,2022
Efavirenz/Emtricit/Tenofovr Df,Efavirenz-Emtric-Tenofov Disop,18149,16939504.63,5125.0,19763.2,590724,2023
Efavirenz/Emtricit/Tenofovr Df,Efavirenz-Emtric-Tenofov Disop,15543,10115651.009999998,4477.0,17413.2,521131,2024
Efavirenz/Lamivu/Tenofov Disop,Symfi,872,2594190.560000001,257.0,1554.0,46620,2019
Efavirenz/Lamivu/Tenofov Disop,Symfi,796,2256225.09,248.0,1385.0,41550,2020
Efavirenz/Lamivu/Tenofov Disop,Efavirenz-Lamivu-Tenofov Disop,664,1411167.38,222.0,1183.0,35464,2021
Efavirenz/Lamivu/Tenofov Disop,Efavirenz-Lamivu-Tenofov Disop,549,1038379.2900000002,190.0,851.0,25484,2022
Efavirenz/Lamivu/Tenofov Disop,Efavirenz-Lamivu-Tenofov Disop,433,819089.7900000003,145.0,617.0,18500,2023
Efavirenz/Lamivu/Tenofov Disop,Efavirenz-Lamivu-Tenofov Disop,403,594067.66,150.0,465.0,13950,2024
Efgartigimod Alfa-Fcab,Vyvgart,633,24405872.629999995,196.0,655.7,11498,2022
Efgartigimod Alfa-Fcab,Vyvgart,2132,94207257.55,545.0,2304.0000000000005,47064,2023
Efgartigimod Alfa-Fcab,Vyvgart,2461,109701339.47,615.0,2759.4999999999995,61885,2024
Efgartigimod-Hyaluronidas-Qvfc,Vyvgart Hytrulo,847,38564066.04000001,237.0,933.4,20384,2024
Efinaconazole,Jublia,14219,13358068.290000005,4520.0,15686.999999999998,457341,2019
Efinaconazole,Jublia,13859,13176901.85,4505.0,15503.600000000002,453307,2020
Efinaconazole,Jublia,17906,18534329.8,5531.0,19969.599999999995,586319,2021
Efinaconazole,Jublia,23672,26463841.09,7193.0,26213.400000000005,770816,2022
Efinaconazole,Jublia,35345,44337701.680000015,10617.0,38829.70000000001,1144286,2023
Efinaconazole,Jublia,52039,60865267.27,14954.0,56838.7,1675884,2024
Eflapegrastim-Xnst,Rolvedon,39,189767.95,10.0,39.0,819,2023
Eflapegrastim-Xnst,Rolvedon,250,1139501.71,62.0,250.0,5432,2024
Elacestrant Hcl,Orserdu,865,19030738.89,295.0,865.0,25757,2023
Elacestrant Hcl,Orserdu,3591,81533720.48999998,1230.0,3596.0,107675,2024
Elafibranor,Iqirvo,97,1187809.39,30.0,103.0,3090,2024
Elagolix Sodium,Orilissa,296,249409.78000000003,120.0,301.4,7981,2019
Elagolix Sodium,Orilissa,805,757792.75,320.0,813.0,22401,2020
Elagolix Sodium,Orilissa,754,785414.6,305.0,764.8000000000001,21074,2021
Elagolix Sodium,Orilissa,913,1016399.5200000004,350.0,922.0,25092,2022
Elagolix Sodium,Orilissa,752,871701.9699999997,290.0,773.8000000000001,20712,2023
Elagolix Sodium,Orilissa,580,659568.46,235.0,586.3,16156,2024
Elagolix/Estradiol/Norethindrn,Oriahnn,36,35912.31,15.0,36.0,1008,2021
Elagolix/Estradiol/Norethindrn,Oriahnn,99,102766.87,40.0,99.0,2772,2022
Elagolix/Estradiol/Norethindrn,Oriahnn,134,149786.76,55.0,134.0,3784,2023
Elagolix/Estradiol/Norethindrn,Oriahnn,70,79714.77,30.0,71.7,2028,2024
Elapegademase-Lvlr,Revcovi,50,14555158.989999998,20.0,50.0,1400,2020
Elapegademase-Lvlr,Revcovi,43,13229125.41,15.0,51.7,1484,2021
Elapegademase-Lvlr,Revcovi,66,22066176.25,25.0,66.0,1848,2022
Elapegademase-Lvlr,Revcovi,69,25778037.48,25.0,69.0,1932,2023
Elapegademase-Lvlr,Revcovi,65,26460854.97,25.0,65.0,1799,2024
Elbasvir/Grazoprevir,Zepatier,83,607629.89,32.0,83.0,2324,2019
Elbasvir/Grazoprevir,Zepatier,11,41851.26,5.0,11.0,154,2020
Electrolyte-A Solution,Plasma-Lyte A Ph 7.4,47,7013.07,5.0,47.0,317,2019
Electrolyte-A Solution,Plasma-Lyte A Ph 7.4,13,1605.24,5.0,13.0,273,2020
Electrolyte-A Solution,Plasma-Lyte A Ph 7.4,41,3257.51,15.0,41.0,451,2021
Electrolyte-A Solution,Plasma-Lyte A Ph 7.4,20,1777.9,5.0,20.0,240,2022
Electrolyte-A Solution,Plasma-Lyte A Ph 7.4,99,19513.49,30.0,99.0,1156,2023
Electrolyte-A Solution,Plasma-Lyte A Ph 7.4,96,10459.25,15.0,96.0,714,2024
Eletriptan Hydrobromide,Eletriptan Hbr,19780,3652819.89,6258.0,20653.099999999995,425905,2019
Eletriptan Hydrobromide,Eletriptan Hbr,23124,4315719.299999999,7217.0,24200.900000000005,558461,2020
Eletriptan Hydrobromide,Eletriptan Hbr,19792,4006496.13,6174.0,20838.8,468319,2021
Eletriptan Hydrobromide,Eletriptan Hbr,19582,3936179.38,6090.0,20789.6,477258,2022
Eletriptan Hydrobromide,Eletriptan Hbr,22334,3373029.45,6884.0,23835.0,577044,2023
Eletriptan Hydrobromide,Eletriptan Hbr,27610,2983677.9600000004,8468.0,29670.499999999996,736054,2024
Elexacaftor/Tezacaftor/Ivacaft,Trikafta,1013,24942586.04,389.0,1038.9,29112,2019
Elexacaftor/Tezacaftor/Ivacaft,Trikafta,18244,465647087.27,2470.0,18769.3,527125,2020
Elexacaftor/Tezacaftor/Ivacaft,Trikafta,21565,550390745.7000002,2918.0,21970.499999999996,616437,2021
Elexacaftor/Tezacaftor/Ivacaft,Trikafta,23049,621915629.64,3215.0,23547.000000000004,660868,2022
Elexacaftor/Tezacaftor/Ivacaft,Trikafta,23578,644768118.1200002,3289.0,24183.5,679155,2023
Elexacaftor/Tezacaftor/Ivacaft,Trikafta,26306,697556362.73,3651.0,27228.9,766050,2024
Eliglustat Tartrate,Cerdelga,728,19460498.720000003,204.0,755.5,21252,2019
Eliglustat Tartrate,Cerdelga,841,22773960.75,234.0,859.5,24108,2020
Eliglustat Tartrate,Cerdelga,876,25237987.63,229.0,901.1,25326,2021
Eliglustat Tartrate,Cerdelga,923,27769798.28,229.0,934.6,26226,2022
Eliglustat Tartrate,Cerdelga,968,29271352.55,265.0,974.5,27262,2023
Eliglustat Tartrate,Cerdelga,1139,33836669.470000006,272.0,1157.9,32500,2024
Elosulfase Alfa,Vimizim,147,13618734.25,50.0,147.2,4077,2019
Elosulfase Alfa,Vimizim,109,9334398.37,35.0,109.0,3038,2020
Elosulfase Alfa,Vimizim,128,12048443.02,40.0,128.0,3545,2021
Elosulfase Alfa,Vimizim,110,11202206.06,40.0,110.0,3120,2022
Elosulfase Alfa,Vimizim,139,14071865.34,50.0,139.0,3854,2023
Elosulfase Alfa,Vimizim,124,12228686.760000002,45.0,124.0,3458,2024
Elotuzumab,Empliciti,352,3234776.3,80.0,352.0,8540,2019
Elotuzumab,Empliciti,452,4422909.8,108.0,452.0,11439,2020
Elotuzumab,Empliciti,359,3197095.65,72.0,359.0,9576,2021
Elotuzumab,Empliciti,222,2274149.6,57.0,223.7,6020,2022
Elotuzumab,Empliciti,136,1319289.34,35.0,136.0,3192,2023
Elotuzumab,Empliciti,170,1439002.02,20.0,170.0,3787,2024
Eltrombopag Choline,Alvaiz,790,4737928.11,194.0,805.1999999999999,23759,2024
Eltrombopag Olamine,Promacta,19093,178851370.54999998,5529.0,19582.500000000004,579509,2019
Eltrombopag Olamine,Promacta,19556,203865663.2,5665.0,20057.2,593992,2020
Eltrombopag Olamine,Promacta,19535,221495087.31,5604.0,19916.599999999995,588786,2021
Eltrombopag Olamine,Promacta,22215,271117011.08,6429.0,22644.800000000003,672259,2022
Eltrombopag Olamine,Promacta,24242,323929537.4599998,6869.0,24799.999999999996,737939,2023
Eltrombopag Olamine,Promacta,28251,398308379.46,7910.0,28901.8,860571,2024
Eluxadoline,Viberzi,16663,20497581.130000003,5443.0,18395.3,513555,2019
Eluxadoline,Viberzi,17900,22909187.11,5981.0,19348.500000000004,548435,2020
Eluxadoline,Viberzi,16093,21485947.340000004,5381.0,17200.1,489268,2021
Eluxadoline,Viberzi,15916,22705942.88,5332.0,17101.1,488003,2022
Eluxadoline,Viberzi,14362,21664748.46,4820.0,15325.999999999996,440244,2023
Eluxadoline,Viberzi,14438,22114969.57,4762.0,15617.399999999998,449039,2024
Elviteg/Cob/Emtri/Tenof Alafen,Genvoya,220400,722619898.4800001,34472.0,232262.70000000004,6941801,2019
Elviteg/Cob/Emtri/Tenof Alafen,Genvoya,190737,675045043.7800001,29739.0,204696.6,6121483,2020
Elviteg/Cob/Emtri/Tenof Alafen,Genvoya,168888,619118107.12,27220.0,176256.9,5272223,2021
Elviteg/Cob/Emtri/Tenof Alafen,Genvoya,149253,582571577.4100001,25089.0,155932.9,4663157,2022
Elviteg/Cob/Emtri/Tenof Alafen,Genvoya,127543,534328975.19,22305.0,133868.5,4006156,2023
Elviteg/Cob/Emtri/Tenof Alafen,Genvoya,112011,466011898.79000014,20245.0,117972.1,3533797,2024
Elviteg/Cob/Emtri/Tenofo Disop,Stribild,13451,45659611.04,3536.0,13943.0,416149,2019
Elviteg/Cob/Emtri/Tenofo Disop,Stribild,8314,30280872.320000004,2505.0,8762.5,260465,2020
Elviteg/Cob/Emtri/Tenofo Disop,Stribild,6126,23067087.93,1960.0,6261.5,186137,2021
Elviteg/Cob/Emtri/Tenofo Disop,Stribild,4647,18848871.559999995,1470.0,4775.0,142098,2022
Elviteg/Cob/Emtri/Tenofo Disop,Stribild,3700,16006842.269999996,1225.0,3768.9,112601,2023
Elviteg/Cob/Emtri/Tenofo Disop,Stribild,2818,11775250.250000002,935.0,2862.0,85645,2024
Empaglifloz/Linaglip/Metformin,Trijardy Xr,281,190242.59,112.0,370.2,11050,2020
Empaglifloz/Linaglip/Metformin,Trijardy Xr,10850,7909925.419999999,3035.0,14808.800000000005,439750,2021
Empaglifloz/Linaglip/Metformin,Trijardy Xr,31469,25248069.850000005,8128.0,44824.09999999999,1334368,2022
Empaglifloz/Linaglip/Metformin,Trijardy Xr,57980,50325760.93999999,14184.0,85617.09999999996,2555600,2023
Empaglifloz/Linaglip/Metformin,Trijardy Xr,85911,69976423.61999999,19251.0,122626.3,3662603,2024
Empagliflozin,Jardiance,1487767,1157627580.11,360535.0,2389486.9,70678907,2019
Empagliflozin,Jardiance,2271339,1971090760.25,536733.0,3833123.6000000015,113423621,2020
Empagliflozin,Jardiance,3316184,3186646441.7900004,814550.0,5844740.8,172877185,2021
Empagliflozin,Jardiance,5027481,5148228313.540003,1272574.0,9105237.400000002,268284093,2022
Empagliflozin,Jardiance,7460553,8031744087.31,1920264.0,13778580.9,404134859,2023
Empagliflozin,Jardiance,10654599,10678957371.719995,2731340.0,19763777.3,577841170,2024
Empagliflozin/Linagliptin,Glyxambi,30644,23338870.11,8878.0,43200.8,1277425,2019
Empagliflozin/Linagliptin,Glyxambi,43006,33858094.36,11888.0,62713.8,1859485,2020
Empagliflozin/Linagliptin,Glyxambi,53248,43537502.28999999,14186.0,78462.50000000001,2324156,2021
Empagliflozin/Linagliptin,Glyxambi,65620,58029699.00999999,17180.0,99429.8,2944368,2022
Empagliflozin/Linagliptin,Glyxambi,74960,72134728.51,19431.0,118106.9,3498411,2023
Empagliflozin/Linagliptin,Glyxambi,85355,77173754.48999996,21230.0,133164.99999999994,3945092,2024
Empagliflozin/Metformin Hcl,Synjardy Xr,70548,47966143.77,19392.0,102341.9,3040504,2019
Empagliflozin/Metformin Hcl,Synjardy Xr,113749,86194206.12,29980.0,172695.10000000003,5128341,2020
Empagliflozin/Metformin Hcl,Synjardy Xr,159194,134379802.32999998,42013.0,251765.20000000004,7476369,2021
Empagliflozin/Metformin Hcl,Synjardy,208885,192613076.04,54892.0,343179.8,10193020,2022
Empagliflozin/Metformin Hcl,Synjardy Xr,261711,260254751.42000005,68658.0,446304.1,13262422,2023
Empagliflozin/Metformin Hcl,Synjardy Xr,324848,301379605.01,84170.0,553839.3000000003,16462762,2024
Emtricita/Rilpivirine/Tenof Df,Complera,11646,33781147.47,3109.0,11975.4,356201,2019
Emtricita/Rilpivirine/Tenof Df,Complera,7117,22168378.27,2067.0,7412.0,219550,2020
Emtricita/Rilpivirine/Tenof Df,Complera,5898,19218714.89,1873.0,6029.0,178885,2021
Emtricita/Rilpivirine/Tenof Df,Complera,4759,16514087.86,1540.0,4852.0,144191,2022
Emtricita/Rilpivirine/Tenof Df,Complera,3892,14558423.670000006,1310.0,3985.0,119296,2023
Emtricita/Rilpivirine/Tenof Df,Complera,3509,12868902.0,1220.0,3576.0,107157,2024
Emtricitab/Rilpiviri/Tenof Ala,Odefsey,99385,297362645.84,16488.0,105396.5,3147077,2019
Emtricitab/Rilpiviri/Tenof Ala,Odefsey,97937,314978193.0299999,16475.0,105468.8,3150035,2020
Emtricitab/Rilpiviri/Tenof Ala,Odefsey,92995,312442245.94,15924.0,98411.9,2942695,2021
Emtricitab/Rilpiviri/Tenof Ala,Odefsey,89358,319724786.14,16033.0,94921.9,2835523,2022
Emtricitab/Rilpiviri/Tenof Ala,Odefsey,84438,323975236.5599999,15317.0,89839.6,2687958,2023
Emtricitab/Rilpiviri/Tenof Ala,Odefsey,82689,315804894.59000003,15289.0,88510.9,2649602,2024
Emtricitabine,Emtriva,9446,4221149.800000002,2769.0,10167.3,293941,2019
Emtricitabine,Emtriva,5913,2616993.9499999997,1712.0,6389.9000000000015,183278,2020
Emtricitabine,Emtricitabine,4850,1840207.49,1575.0,5264.799999999999,150249,2021
Emtricitabine,Emtricitabine,4270,1635316.04,1396.0,4602.9,132991,2022
Emtricitabine,Emtricitabine,3627,1356780.5599999998,1206.0,3994.500000000001,117167,2023
Emtricitabine,Emtricitabine,2475,803136.0499999999,841.0,2711.9,79644,2024
Emtricitabine/Tenofov Alafenam,Descovy,261827,482439775.11,41879.0,274602.8,8184406,2019
Emtricitabine/Tenofov Alafenam,Descovy,253806,505818256.24000007,39662.0,271623.3,8101121,2020
Emtricitabine/Tenofov Alafenam,Descovy,242502,500738836.5599999,38944.0,252782.3,7530530,2021
Emtricitabine/Tenofov Alafenam,Descovy,230020,505851224.38000005,38041.0,239666.8,7146823,2022
Emtricitabine/Tenofov Alafenam,Descovy,217876,511609931.08,37451.0,227006.80000000005,6779130,2023
Emtricitabine/Tenofov Alafenam,Descovy,206851,466486128.4700001,37403.0,216360.1,6474838,2024
Emtricitabine/Tenofovir (Tdf),Truvada,93125,171866761.44000003,21301.0,98417.0,2919111,2019
Emtricitabine/Tenofovir (Tdf),Truvada,46482,91943996.13,12288.0,50099.2,1482707,2020
Emtricitabine/Tenofovir (Tdf),Emtricitabine-Tenofovir Disop,37719,43157676.96,11433.0,40520.2,1202022,2021
Emtricitabine/Tenofovir (Tdf),Emtricitabine-Tenofovir Disop,42724,18051116.83,12862.0,46478.8,1382989,2022
Emtricitabine/Tenofovir (Tdf),Emtricitabine-Tenofovir Disop,39339,15169796.159999996,11816.0,46366.3,1382935,2023
Emtricitabine/Tenofovir (Tdf),Emtricitabine-Tenofovir Disop,31512,8517557.309999999,9682.0,40732.600000000006,1217881,2024
Enalapril Maleate,Enalapril Maleate,2329672,72559340.97000001,572904.0,4826176.100000001,142916652,2019
Enalapril Maleate,Enalapril Maleate,2090645,55931664.28000001,522936.0,4568137.8,135588317,2020
Enalapril Maleate,Enalapril Maleate,1830656,43739794.5,472834.0,4122781.700000001,122467031,2021
Enalapril Maleate,Enalapril Maleate,1646305,38092013.99999999,433166.0,3782100.500000001,112333147,2022
Enalapril Maleate,Enalapril Maleate,1499762,38684791.41,400476.0,3506675.999999998,104163213,2023
Enalapril Maleate,Enalapril Maleate,1439449,25150985.030000005,382547.0,3387730.8000000003,100596682,2024
Enalapril/Hydrochlorothiazide,Enalapril-Hydrochlorothiazide,62379,1291588.6100000003,18323.0,114131.20000000004,3388948,2019
Enalapril/Hydrochlorothiazide,Enalapril-Hydrochlorothiazide,49666,1009296.2499999998,14725.0,96758.1,2884898,2020
Enalapril/Hydrochlorothiazide,Enalapril-Hydrochlorothiazide,41183,755916.5600000002,12378.0,82050.70000000001,2445789,2021
Enalapril/Hydrochlorothiazide,Enalapril-Hydrochlorothiazide,34853,799075.5599999997,10697.0,70531.5,2100702,2022
Enalapril/Hydrochlorothiazide,Enalapril-Hydrochlorothiazide,24869,675506.0799999997,7830.0,50338.09999999999,1492976,2023
Enalapril/Hydrochlorothiazide,Enalapril-Hydrochlorothiazide,9504,188868.12,3152.0,18180.7,538983,2024
Enalaprilat Dihydrate,Enalaprilat,11,1800.52,5.0,11.0,78,2019
Enalaprilat Dihydrate,Enalaprilat,29,7483.07,5.0,29.0,196,2024
Enasidenib Mesylate,Idhifa,735,20098852.23,255.0,735.0,21955,2019
Enasidenib Mesylate,Idhifa,912,25618210.15,320.0,915.0,27395,2020
Enasidenib Mesylate,Idhifa,894,26044214.779999997,340.0,895.0,26820,2021
Enasidenib Mesylate,Idhifa,998,30409078.67,335.0,1001.3,30020,2022
Enasidenib Mesylate,Idhifa,1239,40210441.12,416.0,1239.0,37139,2023
Enasidenib Mesylate,Idhifa,2492,83547460.13,810.0,2509.0,75241,2024
Encorafenib,Braftovi,932,9503092.09,255.0,940.5,27236,2019
Encorafenib,Braftovi,2235,25222509.42,610.0,2256.3,66106,2020
Encorafenib,Braftovi,3508,42678743.05999999,907.0,3541.0,105250,2021
Encorafenib,Braftovi,3836,50481259.6,1050.0,3869.5,115634,2022
Encorafenib,Braftovi,2478,35746687.54999999,725.0,2498.1000000000004,74223,2023
Encorafenib,Braftovi,4290,62212180.95000001,1221.0,4340.8,129259,2024
Enfortumab Vedotin-Ejfv,Padcev,11,455534.13,5.0,11.0,308,2022
Enfortumab Vedotin-Ejfv,Padcev,29,1184871.16,10.0,29.0,784,2023
Enfortumab Vedotin-Ejfv,Padcev,181,4310820.28,45.0,181.0,3054,2024
Enfuvirtide,Fuzeon,499,1852382.78,185.0,499.0,14970,2019
Enfuvirtide,Fuzeon,296,1101414.5799999998,115.0,298.0,8938,2020
Enfuvirtide,Fuzeon,187,697883.86,75.0,187.0,5610,2021
Enfuvirtide,Fuzeon,138,524997.51,55.0,138.0,4130,2022
Enfuvirtide,Fuzeon,115,439679.97,45.0,115.0,3448,2023
Enfuvirtide,Fuzeon,61,209088.56,25.0,61.0,1830,2024
Enoxaparin Sodium,Enoxaparin Sodium,285522,58940616.74999999,120485.0,288721.2,3658506,2019
Enoxaparin Sodium,Enoxaparin Sodium,266523,51862204.83,113223.0,269520.1,3424508,2020
Enoxaparin Sodium,Enoxaparin Sodium,244356,38755128.79,105620.0,247402.5000000001,3114972,2021
Enoxaparin Sodium,Enoxaparin Sodium,230347,34651177.91,101616.0,233311.1,2921232,2022
Enoxaparin Sodium,Enoxaparin Sodium,212067,32613350.31,93491.0,215033.1,2707935,2023
Enoxaparin Sodium,Enoxaparin Sodium,210307,27976178.24,92273.0,213655.4,2701037,2024
Entacapone,Entacapone,101951,22590883.980000008,25472.0,140541.1,3804515,2019
Entacapone,Entacapone,93029,20589699.48,23732.0,137014.70000000004,3777063,2020
Entacapone,Entacapone,85027,17982881.909999996,22779.0,131340.30000000002,3693630,2021
Entacapone,Entacapone,84706,18968966.92,22609.0,132278.69999999995,3713296,2022
Entacapone,Entacapone,85115,18635307.01,22801.0,134685.99999999997,3781906,2023
Entacapone,Entacapone,92140,14048891.269999998,24648.0,148474.60000000003,4179370,2024
Entecavir,Entecavir,75199,26655899.55,17970.0,97861.70000000004,2910783,2019
Entecavir,Entecavir,73026,23010887.11,17852.0,106291.70000000004,3165932,2020
Entecavir,Entecavir,71693,23436822.34,17785.0,110515.79999999996,3293594,2021
Entecavir,Entecavir,74964,24997390.54,19035.0,120394.5,3590681,2022
Entecavir,Entecavir,76457,21857755.78,19500.0,126201.4,3760541,2023
Entecavir,Entecavir,81911,16408860.95,20945.0,138821.89999999997,4138021,2024
Entrectinib,Rozlytrek,35,621740.11,15.0,35.0,1050,2020
Entrectinib,Rozlytrek,138,2211890.8000000003,55.0,138.0,4140,2021
Entrectinib,Rozlytrek,136,2003428.26,55.0,138.0,4140,2022
Entrectinib,Rozlytrek,233,3504330.66,95.0,235.0,6962,2023
Entrectinib,Rozlytrek,341,5610203.23,135.0,341.0,10205,2024
Enzalutamide,Xtandi,100868,1136000263.74,22106.0,101914.7,3045298,2019
Enzalutamide,Xtandi,143005,1669779426.2500002,28731.0,144855.9,4328435,2020
Enzalutamide,Xtandi,172611,2093533835.2800004,32985.0,174272.30000000002,5209641,2021
Enzalutamide,Xtandi,164282,2111997541.28,31639.0,166220.9,4965457,2022
Enzalutamide,Xtandi,165326,2240072642.96,31932.0,167052.7,4985885,2023
Enzalutamide,Xtandi,227932,3030169345.65,40861.0,230632.4,6891356,2024
Ephedrine Sulfate,Ephedrine Sulfate,12,250.88,12.0,12.0,12,2024
Epinastine Hcl,Epinastine Hcl,16708,1028506.84,6276.0,20047.800000000003,520042,2019
Epinastine Hcl,Epinastine Hcl,12698,834428.0899999997,4371.0,15495.1,405522,2020
Epinastine Hcl,Epinastine Hcl,7835,588269.16,2975.0,10051.2,266783,2021
Epinastine Hcl,Epinastine Hcl,7989,667638.3600000001,2861.0,10268.299999999996,273136,2022
Epinastine Hcl,Epinastine Hcl,8714,735400.8400000002,3326.0,11511.3,309798,2023
Epinastine Hcl,Epinastine Hcl,10292,741074.6900000001,4018.0,13852.1,372290,2024
Epinephrine,Epinephrine,52159,15531918.89,43577.0,55318.0,902635,2019
Epinephrine,Epinephrine,63921,18282185.15,50937.0,67976.8,1117343,2020
Epinephrine,Epinephrine,95391,25800746.280000005,74406.0,102167.7,1959654,2021
Epinephrine,Epinephrine,87742,24130884.7,67348.0,94829.9,1899607,2022
Epinephrine,Epinephrine,118797,30319007.06,88261.0,128360.5,2630161,2023
Epinephrine,Epinephrine,139114,28449489.56,101035.0,150062.49999999997,3015726,2024
Eplerenone,Eplerenone,109578,14501222.27,30240.0,194397.1,5752348,2019
Eplerenone,Eplerenone,110532,14105029.139999997,30980.0,205256.8,6103147,2020
Eplerenone,Eplerenone,106416,14155890.069999998,30601.0,214300.8,6376657,2021
Eplerenone,Eplerenone,115106,15340483.089999992,34070.0,241788.9,7196128,2022
Eplerenone,Eplerenone,130228,13883227.35,38520.0,280180.8000000001,8337876,2023
Eplerenone,Eplerenone,172453,13421062.79,50932.0,377790.3999999999,11220895,2024
Eplontersen Sodium,Wainua,738,31322745.110000003,185.0,750.9999999999999,21684,2024
Epoetin Alfa,Procrit,92561,129872705.08,22968.0,96746.7,1936443,2019
Epoetin Alfa,Procrit,76086,107897314.71999998,19236.0,79924.49999999999,1697741,2020
Epoetin Alfa,Procrit,64768,96904397.13000004,16670.0,68326.8,1526180,2021
Epoetin Alfa,Epogen,64918,101108014.75000004,17070.0,68465.20000000001,1530327,2022
Epoetin Alfa,Epogen,81030,125164344.99000002,20927.0,85230.99999999997,1869026,2023
Epoetin Alfa,Epogen,87015,122974223.69000004,21942.0,90977.99999999996,2010601,2024
Epoetin Alfa-Epbx,Retacrit,6409,3253546.06,1895.0,6494.999999999999,114200,2019
Epoetin Alfa-Epbx,Retacrit,24727,13816576.96,6562.0,25740.2,504817,2020
Epoetin Alfa-Epbx,Retacrit,36436,20552658.620000005,9487.0,38168.6,778138,2021
Epoetin Alfa-Epbx,Retacrit,35525,20935511.500000007,9419.0,37325.100000000006,786340,2022
Epoetin Alfa-Epbx,Retacrit,24326,14232529.620000005,7147.0,25627.9,544303,2023
Epoetin Alfa-Epbx,Retacrit,29854,17208619.650000002,8491.0,31263.89999999999,616455,2024
Epoprostenol Sodium,Veletri,24,110463.08,10.0,24.0,720,2020
Epoprostenol Sodium,Veletri,163,263131.79,30.0,163.0,1902,2021
Epoprostenol Sodium,Veletri,153,419991.1,35.0,153.0,2141,2022
Epoprostenol Sodium,Veletri,156,345880.48,30.0,156.0,1866,2023
Epoprostenol Sodium,Veletri,143,322285.49,25.0,143.0,1767,2024
Epoprostenol Sodium (Arginine),Veletri,72,406908.45,25.0,72.0,2160,2019
Epoprostenol Sodium (Glycine),Flolan,24,64822.83,10.0,24.0,660,2019
Epoprostenol Sodium (Glycine),Flolan,24,141779.7,10.0,24.0,720,2021
Epoprostenol Sodium (Glycine),Flolan,12,60500.5,5.0,12.0,360,2022
Epoprostenol Sodium (Glycine),Flolan,41,389994.09,15.0,41.0,1050,2023
Eptinezumab-Jjmr,Vyepti,14,24473.78,5.0,38.6,1158,2020
Eptinezumab-Jjmr,Vyepti,160,409527.09,64.0,448.2,13444,2021
Eptinezumab-Jjmr,Vyepti,310,1040565.2299999996,120.0,827.8,24640,2022
Eptinezumab-Jjmr,Vyepti,539,2079183.31,191.0,1539.0,46147,2023
Eptinezumab-Jjmr,Vyepti,869,3716731.88,294.0,2387.9,71515,2024
Eravacycline Di-Hydrochloride,Xerava,43,33587.41,16.0,43.0,251,2019
Eravacycline Di-Hydrochloride,Xerava,80,49457.02999999999,20.0,80.0,520,2020
Eravacycline Di-Hydrochloride,Xerava,241,113359.63,65.0,241.0,1010,2021
Eravacycline Di-Hydrochloride,Xerava,283,200857.68,82.0,283.0,1248,2022
Eravacycline Di-Hydrochloride,Xerava,322,268825.21,105.0,322.0,1592,2023
Eravacycline Di-Hydrochloride,Xerava,298,203956.42,70.0,298.0,1424,2024
Erdafitinib,Balversa,22,339677.68,10.0,22.0,602,2019
Erdafitinib,Balversa,94,1615516.2099999995,40.0,94.0,2632,2020
Erdafitinib,Balversa,84,1358639.29,35.0,86.9,2294,2021
Erdafitinib,Balversa,90,1565087.87,25.0,90.0,2381,2022
Erdafitinib,Balversa,63,1127820.1,25.0,63.0,1632,2023
Erdafitinib,Balversa,131,2122086.32,55.0,131.9,3793,2024
Erenumab-Aooe,Aimovig Autoinjector,138756,95933446.98000003,31390.0,151576.30000000002,4450389,2019
Erenumab-Aooe,Aimovig Autoinjector,239296,169529284.51000002,47082.0,265460.80000000005,7815308,2020
Erenumab-Aooe,Aimovig Autoinjector,276511,211275908.3700001,54169.0,310871.1,9180179,2021
Erenumab-Aooe,Aimovig Autoinjector,263016,236243766.44,53517.0,320484.99999999994,9505923,2022
Erenumab-Aooe,Aimovig Autoinjector,267981,253409340.76,54781.0,323812.0,9603393,2023
Erenumab-Aooe,Aimovig Autoinjector,272021,236593818.20999995,55633.0,323646.3,9560957,2024
Ergocalciferol (Vitamin D2),Vitamin D2,188564,485319.15,46953.0,245816.3,7208679,2019
Ergocalciferol (Vitamin D2),Vitamin D2,295010,1058819.12,77610.0,411923.0,12070866,2020
Ergocalciferol (Vitamin D2),Vitamin D2,771638,4351896.899999999,243836.0,1452974.3,42793325,2021
Ergocalciferol (Vitamin D2),Vitamin D2,882663,5480895.32,284176.0,1807762.7,53355485,2022
Ergocalciferol (Vitamin D2),Vitamin D2,1183684,7037407.760000002,388348.0,2416767.7,71314389,2023
Ergocalciferol (Vitamin D2),Vitamin D2,1336939,9599170.59,443303.0,2745270.5,81051151,2024
Ergoloid Mesylates,Ergoloid Mesylates,100,99626.66,40.0,102.0,2776,2019
Ergoloid Mesylates,Ergoloid Mesylates,24,21017.17,10.0,24.0,633,2020
Ergoloid Mesylates,Ergoloid Mesylates,35,27804.48,15.0,35.0,1050,2021
Ergotamine Tartrate,Ergomar,33,95935.09,10.0,33.0,834,2019
Ergotamine Tartrate,Ergomar,13,9148.66,5.0,14.0,319,2022
Ergotamine Tartrate,Ergomar,19,13454.54,5.0,19.2,423,2023
Ergotamine Tartrate,Ergomar,49,87323.81,15.0,65.0,1810,2024
Ergotamine Tartrate/Caffeine,Ergotamine-Caffeine,1431,1798368.5399999996,399.0,1488.2,33450,2019
Ergotamine Tartrate/Caffeine,Ergotamine-Caffeine,1928,2015087.4100000004,789.0,1987.9,41445,2020
Ergotamine Tartrate/Caffeine,Migergot,5926,5251379.219999999,2190.0,6058.0,159295,2021
Ergotamine Tartrate/Caffeine,Ergotamine-Caffeine,3150,3342634.9399999995,1303.0,3234.7000000000003,84729,2022
Ergotamine Tartrate/Caffeine,Ergotamine-Caffeine,4054,3161523.1900000004,1547.0,4142.1,105109,2023
Ergotamine Tartrate/Caffeine,Ergotamine-Caffeine,4081,2943690.7100000004,1359.0,4132.5,107521,2024
Eribulin Mesylate,Halaven,42,366551.86,15.0,42.0,959,2019
Eribulin Mesylate,Halaven,84,529872.0700000001,25.0,84.0,1743,2020
Eribulin Mesylate,Halaven,17,132846.58,5.0,17.0,357,2021
Eribulin Mesylate,Halaven,49,357949.38,15.0,49.0,1029,2022
Eribulin Mesylate,Halaven,11,82189.01,5.0,11.0,231,2023
Erlotinib Hcl,Tarceva,4266,31108029.350000005,1307.0,4319.0,128534,2019
Erlotinib Hcl,Erlotinib Hcl,4431,18645003.489999995,1510.0,4478.4,133289,2020
Erlotinib Hcl,Erlotinib Hcl,3792,10398765.429999996,1285.0,3826.3,114236,2021
Erlotinib Hcl,Erlotinib Hcl,3330,7040527.180000002,1130.0,3356.0,100001,2022
Erlotinib Hcl,Erlotinib Hcl,3047,5019650.620000001,1030.0,3071.3,91709,2023
Erlotinib Hcl,Erlotinib Hcl,2884,2819793.2,945.0,2914.2,87150,2024
Ertapenem Sodium,Ertapenem,51711,30543134.570000008,17255.0,51717.100000000006,275206,2019
Ertapenem Sodium,Ertapenem,58401,35489549.97,19131.0,58417.9,319837,2020
Ertapenem Sodium,Ertapenem,62754,36381823.27,20132.0,62777.60000000001,347549,2021
Ertapenem Sodium,Ertapenem,69153,37244362.48999999,22123.0,69160.40000000001,383828,2022
Ertapenem Sodium,Ertapenem,82696,43372422.42999999,27483.0,82703.2,461035,2023
Ertapenem Sodium,Ertapenem,103253,42591572.82999998,35881.0,103281.6,573301,2024
Ertugliflozin Pidolate,Steglatro,3657,1172489.1900000002,1261.0,4233.1,125019,2019
Ertugliflozin Pidolate,Steglatro,8340,3047174.850000001,2709.0,10529.1,308925,2020
Ertugliflozin Pidolate,Steglatro,10743,4263904.7,3345.0,14250.9,414128,2021
Ertugliflozin Pidolate,Steglatro,11670,4722435.65,3552.0,15112.500000000002,432235,2022
Ertugliflozin Pidolate,Steglatro,12568,5072087.529999999,3879.0,16017.2,433265,2023
Ertugliflozin Pidolate,Steglatro,14315,4674272.67,4273.0,16835.2,392001,2024
Ertugliflozin/Metformin,Segluromet,104,27570.52,35.0,104.1,3069,2019
Ertugliflozin/Metformin,Segluromet,320,112113.12999999998,105.0,393.5,11509,2020
Ertugliflozin/Metformin,Segluromet,438,152839.17000000004,153.0,518.0,15515,2021
Ertugliflozin/Metformin,Segluromet,476,180765.66,156.0,580.7,16918,2022
Ertugliflozin/Metformin,Segluromet,599,254090.53,207.0,769.6,22655,2023
Ertugliflozin/Metformin,Segluromet,504,220085.04000000004,170.0,678.4000000000001,20010,2024
Ertugliflozin/Sitagliptin,Steglujan,35,23258.17,15.0,41.0,1230,2019
Ertugliflozin/Sitagliptin,Steglujan,280,182428.5,100.0,321.0,9580,2020
Ertugliflozin/Sitagliptin,Steglujan,380,262299.77,147.0,479.8,14344,2021
Ertugliflozin/Sitagliptin Phos,Steglujan,456,310433.25999999995,169.0,551.4,16454,2022
Ertugliflozin/Sitagliptin Phos,Steglujan,387,252667.62,150.0,442.2,13213,2023
Ertugliflozin/Sitagliptin Phos,Steglujan,306,188208.05,115.0,357.0,10658,2024
Erythromycin Base,Erythromycin,710294,15365804.400000002,441262.0,731121.2000000001,9395726,2019
Erythromycin Base,Erythromycin,743121,16352164.609999998,448005.0,768832.6999999998,10284929,2020
Erythromycin Base,Erythromycin,794306,16405557.569999998,489795.0,822754.1000000001,11250814,2021
Erythromycin Base,Erythromycin,848779,16296666.75,524092.0,878810.0999999999,12623881,2022
Erythromycin Base,Erythromycin,883073,16131740.489999996,552518.0,912297.0,13855659,2023
Erythromycin Base,Erythromycin,956364,15018552.8,604967.0,987038.4,14705511,2024
Erythromycin Base In Ethanol,Erythromycin,7854,1360747.8600000006,3600.0,8134.8,209037,2019
Erythromycin Base In Ethanol,Erythromycin,7262,1016039.5499999998,3292.0,7535.2,197287,2020
Erythromycin Base In Ethanol,Erythromycin,6278,301063.62999999995,2838.0,6546.299999999999,178156,2021
Erythromycin Base In Ethanol,Erythromycin,6210,263468.73,2850.0,6541.5,181628,2022
Erythromycin Base In Ethanol,Erythromycin,6178,246560.89000000004,2856.0,6503.7,180191,2023
Erythromycin Base In Ethanol,Erythromycin,6714,204273.37000000005,2964.0,7117.599999999999,199620,2024
Erythromycin Ethylsuccinate,Erythromycin Ethylsuccinate,5584,3420249.55,1190.0,5606.499999999999,67766,2019
Erythromycin Ethylsuccinate,Erythromycin Ethylsuccinate,4550,2410182.0899999994,1020.0,4590.699999999999,57793,2020
Erythromycin Ethylsuccinate,Erythromycin Ethylsuccinate,4439,2143418.2,982.0,4475.199999999999,55857,2021
Erythromycin Ethylsuccinate,Erythromycin Ethylsuccinate,3738,2137054.819999999,891.0,3818.1,58171,2022
Erythromycin Ethylsuccinate,Erythromycin Ethylsuccinate,3295,1997736.4300000004,828.0,3382.1000000000004,55042,2023
Erythromycin Ethylsuccinate,Erythromycin Ethylsuccinate,3587,1817490.52,906.0,3713.299999999999,62157,2024
Erythromycin Lactobionate,Erythrocin Lactobionate,13,20266.25,5.0,13.0,86,2019
Erythromycin Lactobionate,Erythrocin Lactobionate,18,8610.29,5.0,18.0,127,2020
Erythromycin Lactobionate,Erythrocin Lactobionate,22,10216.26,5.0,22.0,149,2021
Erythromycin Lactobionate,Erythrocin Lactobionate,29,7610.44,5.0,29.0,181,2022
Erythromycin Lactobionate,Erythrocin Lactobionate,13,26574.6,5.0,13.0,93,2023
Erythromycin Lactobionate,Erythrocin Lactobionate,21,33389.41,5.0,21.0,128,2024
Erythromycin Stearate,Erythrocin Stearate,632,316772.9200000001,190.0,665.0999999999999,15005,2019
Erythromycin Stearate,Erythrocin Stearate,331,139041.52000000002,110.0,336.7,7315,2020
Erythromycin Stearate,Erythrocin Stearate,58,15058.57,20.0,58.400000000000006,1030,2021
Erythromycin/Benzoyl Peroxide,Erythromycin-Benzoyl Peroxide,2628,497651.86,1081.0,2658.5999999999995,65716,2019
Erythromycin/Benzoyl Peroxide,Erythromycin-Benzoyl Peroxide,2085,336753.8100000001,806.0,2117.0,53761,2020
Erythromycin/Benzoyl Peroxide,Erythromycin-Benzoyl Peroxide,1438,198046.9,530.0,1471.7,39057,2021
Erythromycin/Benzoyl Peroxide,Erythromycin-Benzoyl Peroxide,1247,191857.41999999995,486.0,1270.7,34344,2022
Erythromycin/Benzoyl Peroxide,Erythromycin-Benzoyl Peroxide,1177,168496.5700000001,451.0,1192.3,31485,2023
Erythromycin/Benzoyl Peroxide,Erythromycin-Benzoyl Peroxide,1062,107489.75,435.0,1074.4,29086,2024
Escitalopram Oxalate,Escitalopram Oxalate,9214926,149423717.92999998,2131390.0,15446738.499999996,450291059,2019
Escitalopram Oxalate,Escitalopram Oxalate,9623599,136326800.5,2223529.0,16923030.400000002,494701727,2020
Escitalopram Oxalate,Escitalopram Oxalate,9934046,146075223.67999995,2395615.0,18062768.1,528576308,2021
Escitalopram Oxalate,Escitalopram Oxalate,10455708,157910572.15999997,2570955.0,19475579.399999995,569484994,2022
Escitalopram Oxalate,Escitalopram Oxalate,11090501,164168681.24,2745646.0,21009383.2,613817380,2023
Escitalopram Oxalate,Escitalopram Oxalate,11938670,135688950.33999997,2967627.0,23099685.1,674345222,2024
Esketamine Hcl,Spravato,5085,5747401.879999999,968.0,5085.9,27753,2019
Esketamine Hcl,Spravato,15737,19281410.35,1879.0,15739.4,99680,2020
Esketamine Hcl,Spravato,22457,29586052.24000001,2590.0,22465.0,141612,2021
Esketamine Hcl,Spravato,34438,46155856.24000002,3663.0,34446.700000000004,227404,2022
Esketamine Hcl,Spravato,53245,74832798.02000001,5295.0,53265.40000000001,356672,2023
Esketamine Hcl,Spravato,80669,120604476.78,7655.0,80699.5,566265,2024
Eslicarbazepine Acetate,Aptiom,69557,82879167.80999999,12611.0,73935.0,1820755,2019
Eslicarbazepine Acetate,Aptiom,75356,95939707.49000002,13494.0,81450.30000000002,2018709,2020
Eslicarbazepine Acetate,Aptiom,71548,97987584.04,12978.0,76903.09999999999,1923735,2021
Eslicarbazepine Acetate,Aptiom,70216,103156607.69,13454.0,75676.90000000002,1912612,2022
Eslicarbazepine Acetate,Aptiom,68999,109424474.51,13351.0,74343.09999999998,1892501,2023
Eslicarbazepine Acetate,Aptiom,68101,110556377.94000006,13331.0,73757.29999999999,1887832,2024
Esomeprazole Magnesium,Esomeprazole Magnesium,3048724,334865772.53,733249.0,5294668.600000001,156427761,2019
Esomeprazole Magnesium,Esomeprazole Magnesium,2467353,258307596.2400001,631811.0,4538548.6000000015,134436120,2020
Esomeprazole Magnesium,Esomeprazole Magnesium,2219475,220667345.10000008,564687.0,4318529.6,128072129,2021
Esomeprazole Magnesium,Esomeprazole Magnesium,2071875,200054329.9400001,540103.0,4155553.7999999993,123178557,2022
Esomeprazole Magnesium,Esomeprazole Magnesium,2157897,149461205.62,566082.0,4384884.400000001,129848869,2023
Esomeprazole Magnesium,Esomeprazole Magnesium,2335279,108588815.28,618857.0,4828891.1,142959352,2024
Esomeprazole Sodium,Esomeprazole Sodium,364,104821.96000000002,75.0,364.0,3013,2019
Esomeprazole Sodium,Esomeprazole Sodium,172,72561.63,35.0,172.0,1457,2020
Esomeprazole Sodium,Esomeprazole Sodium,229,63288.51,40.0,229.0,1785,2021
Esomeprazole Sodium,Esomeprazole Sodium,131,52353.240000000005,20.0,131.0,1196,2022
Esomeprazole Sodium,Esomeprazole Sodium,132,36140.89,25.0,132.0,1479,2023
Esomeprazole Sodium,Esomeprazole Sodium,103,16446.21,20.0,103.0,978,2024
Esomeprazole Strontium,Esomeprazole Strontium,32,18144.21,10.0,58.0,1740,2019
Estazolam,Estazolam,77307,2652000.4299999992,15779.0,78234.99999999999,2317629,2019
Estazolam,Estazolam,76172,3312600.539999999,14150.0,77150.9,2292849,2020
Estazolam,Estazolam,75559,3793619.929999999,14054.0,76506.9,2273551,2021
Estazolam,Estazolam,76796,4352123.8,13629.0,77413.1,2303046,2022
Estazolam,Estazolam,76543,4225811.629999999,13489.0,77250.0,2300128,2023
Estazolam,Estazolam,55862,3224731.540000001,10454.0,56209.7,1671958,2024
Estradiol,Estradiol,2580142,248844425.4700001,824781.0,5183923.700000001,153992666,2019
Estradiol,Estradiol,2484013,230062330.05,816290.0,5352347.000000001,159260555,2020
Estradiol,Estradiol,2724256,234592118.34,967042.0,6139198.999999999,182802954,2021
Estradiol,Estradiol,2874392,238874827.7199999,1060760.0,6630356.399999999,197536778,2022
Estradiol,Estradiol,3166307,259482531.41000003,1216398.0,7497261.8,223468973,2023
Estradiol,Estradiol,3876477,249490559.96,1564568.0,9502622.6,283394272,2024
Estradiol Acetate,Femring,1171,557288.21,361.0,3339.0999999999995,100156,2019
Estradiol Acetate,Femring,1109,594455.9999999999,344.0,3168.2000000000007,95008,2020
Estradiol Acetate,Femring,1077,655868.43,318.0,3110.4,93302,2021
Estradiol Acetate,Femring,1039,699873.4500000001,327.0,2934.1000000000004,87963,2022
Estradiol Acetate,Femring,950,705686.16,298.0,2712.3,81323,2023
Estradiol Acetate,Femring,951,718599.7600000004,320.0,2715.399999999999,81394,2024
Estradiol Cypionate,Depo-Estradiol,1625,197458.89999999997,647.0,3598.5999999999995,106554,2019
Estradiol Cypionate,Depo-Estradiol,1625,226048.2,634.0,3431.8,101511,2020
Estradiol Cypionate,Depo-Estradiol,1569,221835.68,597.0,3297.900000000002,97411,2021
Estradiol Cypionate,Depo-Estradiol,307,48079.51999999999,153.0,749.2,22153,2022
Estradiol Cypionate,Depo-Estradiol,199,36460.55,100.0,458.2000000000001,13579,2023
Estradiol Cypionate,Depo-Estradiol,210,43565.45,108.0,483.2000000000001,14163,2024
Estradiol Valerate,Estradiol Valerate,951,156281.68999999997,325.0,1701.6,50172,2019
Estradiol Valerate,Estradiol Valerate,1429,213343.8,458.0,2584.0000000000005,75891,2020
Estradiol Valerate,Estradiol Valerate,1502,208606.91000000003,467.0,2504.7999999999997,72662,2021
Estradiol Valerate,Estradiol Valerate,2486,380165.42,782.0,4165.9,121049,2022
Estradiol Valerate,Estradiol Valerate,3718,540824.4500000001,1185.0,6040.300000000002,175639,2023
Estradiol Valerate,Estradiol Valerate,4795,612680.77,1569.0,7910.199999999998,230603,2024
Estradiol Valerate/Dienogest,Natazia,82,20214.01,30.0,92.2,2618,2019
Estradiol Valerate/Dienogest,Natazia,108,27174.69,40.0,115.3,3255,2020
Estradiol Valerate/Dienogest,Natazia,95,25477.84,35.0,104.1,2947,2021
Estradiol Valerate/Dienogest,Natazia,26,6520.41,10.0,26.0,714,2022
Estradiol Valerate/Dienogest,Natazia,52,13206.96,20.0,52.0,1456,2023
Estradiol Valerate/Dienogest,Natazia,71,17681.02,30.0,71.0,2004,2024
Estradiol/Levonorgestrel,Climara Pro,2291,583503.52,848.0,2622.7,74573,2019
Estradiol/Levonorgestrel,Climara Pro,2165,586312.16,796.0,2528.7000000000003,71828,2020
Estradiol/Levonorgestrel,Climara Pro,2145,605463.8600000001,810.0,2482.6000000000004,70609,2021
Estradiol/Levonorgestrel,Climara Pro,2159,625327.04,801.0,2489.1000000000004,70939,2022
Estradiol/Levonorgestrel,Climara Pro,1783,525351.86,662.0,2022.1,57559,2023
Estradiol/Levonorgestrel,Climara Pro,1541,442079.36,579.0,1725.1,48895,2024
Estradiol/Norethindrone Acet,Combipatch,19504,2364955.7700000005,6551.0,26643.399999999998,768309,2019
Estradiol/Norethindrone Acet,Estradiol-Norethindrone Acetat,16896,2141670.830000001,5597.0,24181.8,699695,2020
Estradiol/Norethindrone Acet,Estradiol-Norethindrone Acetat,18375,2332284.04,6031.0,27546.10000000001,799429,2021
Estradiol/Norethindrone Acet,Combipatch,17496,2289989.4500000007,5704.0,28102.7,819961,2022
Estradiol/Norethindrone Acet,Estradiol-Norethindrone Acetat,17706,2126055.56,5841.0,28974.300000000003,846550,2023
Estradiol/Norethindrone Acet,Estradiol-Norethindrone Acetat,19262,1943646.32,6264.0,33887.2,994286,2024
Estradiol/Norgestimate,Prefest,95,13315.22,40.0,95.0,2850,2019
Estradiol/Norgestimate,Prefest,119,18743.46,50.0,123.0,3690,2020
Estradiol/Norgestimate,Prefest,57,9925.29,25.0,59.0,1770,2021
Estradiol/Norgestimate,Prefest,25,4699.469999999999,10.0,25.0,750,2022
Estradiol/Norgestimate,Prefest,57,11670.67,25.0,57.0,1710,2023
Estradiol/Progesterone,Bijuva,166,41714.89000000001,65.0,192.0,5760,2020
Estradiol/Progesterone,Bijuva,379,92404.48,145.0,401.0,12030,2021
Estradiol/Progesterone,Bijuva,284,75061.17,110.0,302.0,9060,2022
Estradiol/Progesterone,Bijuva,290,92777.55,95.0,360.0,10800,2023
Estradiol/Progesterone,Bijuva,274,75172.68,95.0,310.0,9300,2024
Estramustine Phosphate Sodium,Emcyt,59,63972.53,15.0,61.7,1698,2019
Estramustine Phosphate Sodium,Emcyt,68,68363.6,22.0,71.8,1867,2020
Estramustine Phosphate Sodium,Emcyt,83,106781.12,20.0,96.9,2658,2021
Estramustine Phosphate Sodium,Emcyt,54,56185.47,15.0,60.0,1778,2022
Estramustine Phosphate Sodium,Emcyt,17,5408.68,5.0,17.0,494,2023
Estramustine Phosphate Sodium,Emcyt,14,5371.84,5.0,14.0,414,2024
"Estrogen,con/M-Progest Acet",Prempro,47148,11953311.58,15771.0,60936.2,1746299,2019
"Estrogen,con/M-Progest Acet",Prempro,42254,11608330.740000002,14205.0,56219.3,1615832,2020
"Estrogen,con/M-Progest Acet",Prempro,37586,11066794.71,12799.0,49883.30000000002,1433723,2021
"Estrogen,con/M-Progest Acet",Prempro,32582,10210017.099999998,11241.0,43331.1,1245754,2022
"Estrogen,con/M-Progest Acet",Prempro,29439,9706619.570000002,10181.0,38831.89999999999,1116025,2023
"Estrogen,con/M-Progest Acet",Prempro,28572,9019254.649999997,9915.0,38157.4,1098040,2024
"Estrogens, Conjugated",Premarin,508216,164240345.88999996,184632.0,893645.9999999997,26390147,2019
"Estrogens, Conjugated",Premarin,444733,152799137.19000006,159464.0,813367.3,24079724,2020
"Estrogens, Conjugated",Premarin,381640,138886045.88000005,140282.0,712024.2999999998,21083772,2021
"Estrogens, Conjugated",Premarin,332921,126390319.75000004,121308.0,626507.8999999999,18545256,2022
"Estrogens, Conjugated",Premarin,291026,116025602.87000002,106257.0,556178.2000000001,16469466,2023
"Estrogens, Conjugated",Premarin,261101,98612632.75,94228.0,528295.1,15638575,2024
"Estrogens,conj/Bazedoxifene",Duavee,4188,1001808.48,1189.0,5580.0,167309,2019
"Estrogens,conj/Bazedoxifene",Duavee,956,258084.84000000003,291.0,1378.0,41340,2020
"Estrogens,conj/Bazedoxifene",Duavee,14,2610.3,5.0,14.0,420,2022
"Estrogens,conj/Bazedoxifene",Duavee,237,86289.49,90.0,422.7,12680,2023
"Estrogens,conj/Bazedoxifene",Duavee,1256,368068.78,351.0,1920.7,57620,2024
"Estrogens,esterified",Menest,1765,145080.22999999998,682.0,1960.8,57000,2019
"Estrogens,esterified",Menest,1800,150114.18000000005,710.0,2036.6,59165,2020
"Estrogens,esterified",Menest,1452,127437.32,586.0,1660.1,48515,2021
"Estrogens,esterified",Menest,1192,104242.05999999995,455.0,1358.1,38141,2022
"Estrogens,esterified",Menest,664,60556.31,270.0,744.5,21240,2023
"Estrogens,esterified",Menest,818,73915.68,330.0,890.2,25881,2024
Estropipate,Estropipate,11,263.86,5.0,11.5,195,2019
Eszopiclone,Eszopiclone,287114,14415224.049999995,82318.0,330381.30000000005,9719100,2019
Eszopiclone,Eszopiclone,313908,12597817.56,89105.0,364586.3000000001,10749146,2020
Eszopiclone,Eszopiclone,366622,14093465.389999997,102802.0,430998.00000000006,12707637,2021
Eszopiclone,Eszopiclone,395747,16829038.72,110332.0,465296.5,13698145,2022
Eszopiclone,Eszopiclone,390754,17007958.020000003,109311.0,455354.00000000006,13371917,2023
Eszopiclone,Eszopiclone,553455,13054301.63,149084.0,662499.2000000001,19489603,2024
Etanercept,Enbrel,284402,1685603567.9699996,52542.0,319363.59999999986,9005008,2019
Etanercept,Enbrel Sureclick,285146,1801002202.8300004,52327.0,319658.5,9025079,2020
Etanercept,Enbrel,303243,1998734907.24,55177.0,328858.4,9266783,2021
Etanercept,Enbrel Sureclick,318284,2269646646.92,57223.0,342260.1,9640294,2022
Etanercept,Enbrel Sureclick,332317,2552950971.3,58898.0,352268.1000000001,9906288,2023
Etanercept,Enbrel Sureclick,362373,2826294709.379999,63272.0,387144.5,10900561,2024
Etelcalcetide Hydrochloride,Parsabiv,12,40377.2,5.0,12.0,336,2020
Eteplirsen,Exondys-51,182,8881461.18,25.0,182.0,2375,2019
Eteplirsen,Exondys-51,221,14782248.4,35.0,221.0,3892,2020
Eteplirsen,Exondys-51,264,18000823.2,40.0,264.0,5208,2021
Eteplirsen,Exondys-51,383,24089447.28,65.0,383.0,8664,2022
Eteplirsen,Exondys-51,356,22134876.789999995,70.0,356.0,8750,2023
Eteplirsen,Exondys-51,410,25643033.87,75.0,410.0,9851,2024
Ethacrynate Sodium,Ethacrynate Sodium,13,193023.55,5.0,13.0,364,2019
Ethacrynate Sodium,Ethacrynate Sodium,12,185504.42,5.0,12.4,350,2020
Ethacrynate Sodium,Ethacrynate Sodium,13,192989.47,5.0,13.0,350,2021
Ethacrynate Sodium,Ethacrynate Sodium,15,200628.18,5.0,15.0,364,2022
Ethacrynate Sodium,Ethacrynate Sodium,13,200668.85,5.0,13.0,364,2023
Ethacrynate Sodium,Ethacrynate Sodium,12,182217.6,5.0,12.0,336,2024
Ethacrynic Acid,Ethacrynic Acid,4960,3607447.600000001,1760.0,5306.4,136609,2019
Ethacrynic Acid,Ethacrynic Acid,4924,3123429.54,1780.0,5320.999999999999,141264,2020
Ethacrynic Acid,Ethacrynic Acid,3274,1868356.33,1215.0,3669.399999999999,97757,2021
Ethacrynic Acid,Ethacrynic Acid,3235,1879859.83,1160.0,3644.7,93384,2022
Ethacrynic Acid,Ethacrynic Acid,2956,1347076.4600000004,1025.0,3358.5999999999995,86653,2023
Ethacrynic Acid,Ethacrynic Acid,2807,1024672.8100000004,990.0,3281.1,84021,2024
Ethambutol Hcl,Ethambutol Hcl,40464,2274420.56,10118.0,50360.19999999998,1453472,2019
Ethambutol Hcl,Ethambutol Hcl,39013,1969205.7900000005,9735.0,49182.59999999999,1408424,2020
Ethambutol Hcl,Ethambutol Hcl,36621,2028530.14,9239.0,47289.00000000001,1368341,2021
Ethambutol Hcl,Ethambutol Hcl,40207,2279210.22,9893.0,52412.69999999998,1516531,2022
Ethambutol Hcl,Ethambutol Hcl,44810,2567926.44,11030.0,59527.600000000006,1722685,2023
Ethambutol Hcl,Ethambutol Hcl,50246,2465214.069999999,12260.0,68356.19999999998,1988752,2024
Ethinyl Estradiol/Drospirenone,Ocella,5452,221164.9100000001,2115.0,5658.9000000000015,154308,2019
Ethinyl Estradiol/Drospirenone,Drospirenone-Ethinyl Estradiol,5273,216182.02,2015.0,5543.0,151531,2020
Ethinyl Estradiol/Drospirenone,Drospirenone-Ethinyl Estradiol,4738,178073.97999999998,1830.0,4973.5,136020,2021
Ethinyl Estradiol/Drospirenone,Drospirenone-Ethinyl Estradiol,4660,173223.48999999993,1805.0,4867.200000000001,132802,2022
Ethinyl Estradiol/Drospirenone,Drospirenone-Ethinyl Estradiol,4707,156538.14999999997,1815.0,5013.600000000001,136946,2023
Ethinyl Estradiol/Drospirenone,Drospirenone-Ethinyl Estradiol,4632,137393.76,1765.0,4916.300000000001,134895,2024
Ethosuximide,Ethosuximide,8123,1157072.4699999995,2840.0,8684.9,242528,2019
Ethosuximide,Ethosuximide,7886,1119976.8099999998,2740.0,8578.2,240171,2020
Ethosuximide,Ethosuximide,7295,1002355.2700000004,2565.0,8072.500000000002,225582,2021
Ethosuximide,Ethosuximide,7190,861449.93,2490.0,7924.499999999996,219358,2022
Ethosuximide,Ethosuximide,7095,792931.2500000002,2370.0,7785.399999999998,213791,2023
Ethosuximide,Ethosuximide,7420,566330.3400000001,2525.0,8136.799999999999,221821,2024
Ethotoin,Peganone,272,125179.29,85.0,281.9,7328,2019
Ethotoin,Peganone,165,72606.7,55.0,177.3,4615,2020
Ethynodiol D-Ethinyl Estradiol,Zovia 1-35e,1949,43205.2,745.0,2000.2,53892,2019
Ethynodiol D-Ethinyl Estradiol,Kelnor 1-35,2006,42972.07000000001,750.0,2058.5,55396,2020
Ethynodiol D-Ethinyl Estradiol,Kelnor 1-35,1647,35484.829999999994,600.0,1734.6,46555,2021
Ethynodiol D-Ethinyl Estradiol,Kelnor 1-35,1360,30390.469999999998,510.0,1434.1999999999998,38869,2022
Ethynodiol D-Ethinyl Estradiol,Ethynodiol-Ethinyl Estradiol,1307,29014.35,490.0,1405.9,38348,2023
Ethynodiol D-Ethinyl Estradiol,Kelnor 1-35,1175,24232.080000000005,450.0,1241.3,33554,2024
Etidronate Disodium,Etidronate Disodium,19,1520.98,15.0,26.8,562,2019
Etodolac,Etodolac,194920,10478194.47,81686.0,241476.9,6403233,2019
Etodolac,Etodolac,183257,10454038.830000004,70384.0,228015.4,6137505,2020
Etodolac,Etodolac,177882,9349440.88,71661.0,217709.9,5753761,2021
Etodolac,Etodolac,166081,9091794.1,68253.0,202844.4,5313536,2022
Etodolac,Etodolac,166692,8220830.05,69572.0,199260.1,5174879,2023
Etodolac,Etodolac,153359,5193791.480000001,68186.0,185267.3,4720923,2024
Etonogestrel/Ethinyl Estradiol,Nuvaring,2008,370532.14,785.0,2168.0999999999995,59612,2019
Etonogestrel/Ethinyl Estradiol,Etonogestrel-Ethinyl Estradiol,761,105531.73,305.0,790.7999999999998,21579,2020
Etonogestrel/Ethinyl Estradiol,Nuvaring,764,102832.44,315.0,823.5999999999999,22855,2021
Etonogestrel/Ethinyl Estradiol,Eluryng,543,70790.12999999998,215.0,586.1999999999999,16157,2022
Etonogestrel/Ethinyl Estradiol,Eluryng,640,75312.77000000002,260.0,665.4,18095,2023
Etonogestrel/Ethinyl Estradiol,Eluryng,530,55556.47000000001,210.0,582.1,15975,2024
Etoposide,Etoposide,81,2967.9600000000005,25.0,81.0,1185,2019
Etoposide,Etoposide,30,1194.58,10.0,30.0,630,2020
Etoposide,Etoposide,137,6143.16,40.0,137.0,2398,2021
Etoposide,Etoposide,101,4721.66,35.0,101.0,2110,2022
Etoposide,Etoposide,103,5581.46,35.0,103.0,2257,2023
Etoposide,Etoposide,60,2486.32,20.0,60.0,1332,2024
Etoposide Phosphate,Etopophos,13,11490.82,5.0,13.0,58,2023
Etrasimod Arginine,Velsipity,23,133106.25,10.0,23.0,690,2024
Etravirine,Intelence,43641,64007882.48000001,9152.0,46535.2,1386792,2019
Etravirine,Intelence,34834,53242734.78,7621.0,37888.0,1129469,2020
Etravirine,Etravirine,23043,34808179.92000001,5606.0,24249.2,723363,2021
Etravirine,Etravirine,21185,27189642.34,5611.0,22362.3,666956,2022
Etravirine,Etravirine,18663,21779537.24000001,5010.0,19827.1,591432,2023
Etravirine,Etravirine,16393,17363910.870000005,4380.0,17423.0,521230,2024
Everolimus,Zortress,17326,221692665.23,5108.0,18146.3,514239,2019
Everolimus,Afinitor,15129,176002726.98000002,4639.0,15886.9,449909,2020
Everolimus,Afinitor,15095,144948679.09000003,4653.0,15841.2,452683,2021
Everolimus,Afinitor,17319,140525988.01,5099.0,18325.300000000007,527611,2022
Everolimus,Everolimus,20035,126356244.52000004,5690.0,20991.1,606967,2023
Everolimus,Everolimus,23484,83398612.22999999,6547.0,25367.799999999992,736605,2024
Evinacumab-Dgnb,Evkeeza,18,439876.09,5.0,18.0,504,2021
Evinacumab-Dgnb,Evkeeza,36,1024806.98,10.0,36.0,1008,2022
Evinacumab-Dgnb,Evkeeza,116,4819944.46,40.0,116.0,3248,2023
Evinacumab-Dgnb,Evkeeza,166,7229139.569999999,55.0,166.0,4662,2024
Evolocumab,Repatha Sureclick,281835,228621604.23,63222.0,314019.5999999999,8927845,2019
Evolocumab,Repatha Sureclick,499198,295469974.25,105723.0,622550.7000000001,17886189,2020
Evolocumab,Repatha Sureclick,725583,485182101.15,150612.0,970265.0999999996,28023585,2021
Evolocumab,Repatha Sureclick,903437,703060560.2899998,193166.0,1293322.4,37517778,2022
Evolocumab,Repatha Sureclick,1187888,1031069707.36,258971.0,1746679.100000001,50742044,2023
Evolocumab,Repatha Syringe,1883534,1616984122.2000003,422888.0,2905091.4999999995,84560416,2024
Exemestane,Exemestane,164519,49876204.43,41641.0,285415.5000000001,8484956,2019
Exemestane,Exemestane,161070,45104583.90999999,41718.0,296939.19999999995,8841055,2020
Exemestane,Exemestane,152563,38035311.72,41451.0,291533.19999999995,8681696,2021
Exemestane,Exemestane,146374,37358241.32000001,40915.0,288188.8999999999,8580114,2022
Exemestane,Exemestane,149289,32674383.73,42654.0,300378.7,8938957,2023
Exemestane,Exemestane,165249,24582394.050000004,47901.0,337797.9,10058662,2024
Exenatide,Byetta,15483,13674138.680000003,5611.0,18719.7,558970,2019
Exenatide,Byetta,11261,9799398.4,4183.0,13187.999999999998,393767,2020
Exenatide,Byetta,7293,6817498.5,2845.0,8456.0,252334,2021
Exenatide,Byetta,3549,3316688.939999999,1415.0,3982.3,119213,2022
Exenatide,Byetta,2699,2453400.99,1095.0,2882.2,86224,2023
Exenatide,Byetta,1865,1651417.47,746.0,2023.8,60469,2024
Exenatide Microspheres,Bydureon Bcise,300808,273546342.39,82098.0,383307.3000000001,11033345,2019
Exenatide Microspheres,Bydureon Bcise,283432,276229009.25000006,78065.0,370674.5000000001,10678530,2020
Exenatide Microspheres,Bydureon Bcise,186870,208517458.07,50178.0,264670.8999999999,7632686,2021
Exenatide Microspheres,Bydureon Bcise,160802,184348490.09,44856.0,224504.2,6463250,2022
Exenatide Microspheres,Bydureon Bcise,109771,128348778.43,32395.0,152042.69999999998,4361811,2023
Exenatide Microspheres,Bydureon Bcise,85420,89277848.66,25636.0,111998.0,3173448,2024
Ezetimibe,Ezetimibe,3440968,230021752.72000003,900109.0,7319394.099999999,218318565,2019
Ezetimibe,Ezetimibe,3934703,247601193.27000007,1064567.0,8938655.099999998,266757574,2020
Ezetimibe,Ezetimibe,4456964,253091174.9,1268710.0,10533134.9,314366784,2021
Ezetimibe,Ezetimibe,5222660,297454416.62,1526718.0,12648233.900000002,377365188,2022
Ezetimibe,Ezetimibe,6372346,264260810.88000005,1910184.0,15724468.2,469019735,2023
Ezetimibe,Ezetimibe,8112620,194134730.72,2472385.0,20311651.9,605612099,2024
Ezetimibe/Rosuvastatin Calcium,Rosuvastatin-Ezetimibe,203,11604.0,87.0,287.0,8326,2022
Ezetimibe/Simvastatin,Ezetimibe-Simvastatin,104412,22024979.16,32415.0,203662.20000000007,6063710,2019
Ezetimibe/Simvastatin,Ezetimibe-Simvastatin,92460,18436095.27,29220.0,192922.80000000008,5750412,2020
Ezetimibe/Simvastatin,Ezetimibe-Simvastatin,84130,14256210.020000003,26736.0,184606.8,5504229,2021
Ezetimibe/Simvastatin,Ezetimibe-Simvastatin,81442,12672266.62,26000.0,182327.0,5426368,2022
Ezetimibe/Simvastatin,Ezetimibe-Simvastatin,80269,11094354.310000002,25699.0,181275.4,5386755,2023
Ezetimibe/Simvastatin,Ezetimibe-Simvastatin,84801,7110494.120000001,27136.0,194795.7,5789712,2024
Fam-Trastuzumab Deruxtecn-Nxki,Enhertu,74,611779.01,20.0,74.0,1503,2020
Fam-Trastuzumab Deruxtecn-Nxki,Enhertu,188,1834779.82,60.0,188.0,3835,2021
Fam-Trastuzumab Deruxtecn-Nxki,Enhertu,170,1528419.43,50.0,170.0,3698,2022
Fam-Trastuzumab Deruxtecn-Nxki,Enhertu,577,6020616.509999999,160.0,577.0,12334,2023
Fam-Trastuzumab Deruxtecn-Nxki,Enhertu,579,5950757.48,175.0,579.1,12286,2024
Famciclovir,Famciclovir,41373,2341384.66,16480.0,47773.8,997051,2019
Famciclovir,Famciclovir,38279,2512076.6799999992,14667.0,45752.79999999999,969148,2020
Famciclovir,Famciclovir,34943,2092117.3500000008,13613.0,41810.0,882529,2021
Famciclovir,Famciclovir,33782,2201164.49,13101.0,40593.70000000001,862821,2022
Famciclovir,Famciclovir,32571,1852254.89,12817.0,39962.4,863908,2023
Famciclovir,Famciclovir,31263,1640116.08,12142.0,39712.09999999999,912112,2024
Famotidine,Famotidine,5180788,64191450.94,1610700.0,8420768.2,239654521,2019
Famotidine,Famotidine,7808271,130044082.73,2393617.0,13356286.4,386074681,2020
Famotidine,Famotidine,9698052,185539330.82,2896190.0,17590916.500000004,512095925,2021
Famotidine,Famotidine,10710682,168289785.50999993,3258933.0,20107713.0,585818562,2022
Famotidine,Famotidine,11747802,188376389.31,3588594.0,22427260.4,653341223,2023
Famotidine,Famotidine,13009220,167582071.94000006,3972375.0,25312401.0,737405224,2024
"Famotidine In Nacl,iso-Osm/Pf",Famotidine,27,359.32,10.0,27.0,85,2019
"Famotidine In Nacl,iso-Osm/Pf",Famotidine,37,661.6500000000001,21.0,46.0,674,2020
"Famotidine In Nacl,iso-Osm/Pf",Famotidine,13,331.73,5.0,13.0,45,2021
"Famotidine In Nacl,iso-Osm/Pf",Famotidine,24,189.6,10.0,24.0,48,2024
Famotidine/Pf,Famotidine,4051,31078.17,948.0,4076.9,61288,2019
Famotidine/Pf,Famotidine,5214,48777.95,1201.0,5268.4,79382,2020
Famotidine/Pf,Famotidine,7090,63132.38999999999,1651.0,7135.499999999999,102196,2021
Famotidine/Pf,Famotidine,7299,58753.49,1667.0,7334.0,114009,2022
Famotidine/Pf,Famotidine,7558,56494.26000000002,1628.0,7616.900000000001,123106,2023
Famotidine/Pf,Famotidine,7928,59712.91000000001,1634.0,7985.9,119518,2024
Faricimab-Svoa,Vabysmo,1010,2828663.88,272.0,1042.8000000000002,29403,2022
Faricimab-Svoa,Vabysmo,4772,13438137.38,1098.0,5020.099999999999,141976,2023
Faricimab-Svoa,Vabysmo,7656,21399978.75,1883.0,8321.2,236601,2024
Fat Emul/Soy/Mct/Oliv/Fish Oil,Smoflipid,602,126752.02,82.0,602.0,4041,2019
Fat Emul/Soy/Mct/Oliv/Fish Oil,Smoflipid,755,161135.3,100.0,755.0,4544,2020
Fat Emul/Soy/Mct/Oliv/Fish Oil,Smoflipid,629,114551.96,110.0,629.0,3887,2021
Fat Emul/Soy/Mct/Oliv/Fish Oil,Smoflipid,354,53446.32,60.0,354.0,2157,2022
Fat Emul/Soy/Mct/Oliv/Fish Oil,Smoflipid,168,15265.9,30.0,168.0,1129,2023
Fat Emul/Soy/Mct/Oliv/Fish Oil,Smoflipid,165,11844.89,35.0,165.0,862,2024
Fat Emulsion/Olive/Soy/Phospho,Clinolipid,11606,3198739.7099999986,2306.0,11606.0,80272,2020
Fat Emulsion/Olive/Soy/Phospho,Clinolipid,32598,8947902.18,3899.0,32598.4,225508,2021
Fat Emulsion/Olive/Soy/Phospho,Clinolipid,29176,8236746.06,3465.0,29176.0,202036,2022
Fat Emulsion/Olive/Soy/Phospho,Clinolipid,26175,7384683.23,3260.0,26175.0,181637,2023
Fat Emulsion/Olive/Soy/Phospho,Clinolipid,22705,6351698.660000002,2965.0,22705.0,157483,2024
Fat Emulsions,Intralipid,29259,7398668.789999998,3610.0,29259.0,203602,2019
Fat Emulsions,Intralipid,20498,5214530.499999999,3046.0,20498.0,142050,2020
Fat Emulsions,Intralipid,672,184006.97999999992,175.0,672.0,4048,2021
Fat Emulsions,Intralipid,108,19181.64,40.0,108.0,535,2022
Fat Emulsions,Intralipid,153,121191.08,45.0,153.0,1440,2023
Fat Emulsions,Intralipid,335,174096.18000000005,65.0,335.0,2437,2024
Fatty Acid6/Fish Oil/Gly/P-Lip,Omegaven,38,33817.34,5.0,38.0,224,2019
Fatty Acid6/Fish Oil/Gly/P-Lip,Omegaven,21,83795.97,5.0,21.0,141,2022
Febuxostat,Uloric,266533,110216470.08000004,75202.0,376892.7999999999,10779286,2019
Febuxostat,Febuxostat,226947,61097485.49999999,61349.0,352998.00000000006,10384507,2020
Febuxostat,Febuxostat,185999,36142921.74,50677.0,305375.60000000003,9008220,2021
Febuxostat,Febuxostat,154233,27877296.51,42684.0,258755.3000000001,7633999,2022
Febuxostat,Febuxostat,149764,25868328.829999994,41486.0,254009.3,7479815,2023
Febuxostat,Febuxostat,163160,16260290.179999994,45373.0,280601.9,8268814,2024
Fedratinib Dihydrochloride,Inrebic,63,1045617.81,24.0,63.0,1890,2019
Fedratinib Dihydrochloride,Inrebic,941,16608253.96,260.0,944.0,28264,2020
Fedratinib Dihydrochloride,Inrebic,1098,20093122.059999995,323.0,1101.1,32654,2021
Fedratinib Dihydrochloride,Inrebic,1139,22005646.26,337.0,1142.0,34092,2022
Fedratinib Dihydrochloride,Inrebic,1000,19657596.63,309.0,1000.0,29615,2023
Fedratinib Dihydrochloride,Inrebic,1141,22630851.57,367.0,1142.0,33617,2024
Felbamate,Felbamate,20248,15640699.989999996,5287.0,22885.599999999995,636488,2019
Felbamate,Felbatol,19876,15020889.970000004,5122.0,23266.400000000005,649833,2020
Felbamate,Felbatol,19102,14407296.52,4949.0,22492.1,629891,2021
Felbamate,Felbamate,18438,12995593.63,4711.0,21792.2,612000,2022
Felbamate,Felbamate,17363,10363489.31,4452.0,20871.9,584207,2023
Felbamate,Felbamate,17161,7915010.24,4398.0,20931.400000000005,586716,2024
Felodipine,Felodipine Er,238769,8564899.790000003,65190.0,466534.19999999984,13841836,2019
Felodipine,Felodipine Er,205752,7719596.189999999,57134.0,431709.3999999999,12819978,2020
Felodipine,Felodipine Er,178498,6581441.220000001,50830.0,389384.3,11569559,2021
Felodipine,Felodipine Er,162683,5471861.320000001,46685.0,362931.6,10769119,2022
Felodipine,Felodipine Er,146493,5343326.310000001,42614.0,326679.3,9669437,2023
Felodipine,Felodipine Er,142297,3865709.329999999,41391.0,325023.00000000006,9621329,2024
Fenfluramine Hcl,Fintepla,102,1198611.5100000002,35.0,102.0,3057,2021
Fenfluramine Hcl,Fintepla,245,3484878.46,80.0,245.0,7350,2022
Fenfluramine Hcl,Fintepla,817,12590102.410000002,245.0,817.0,24503,2023
Fenfluramine Hcl,Fintepla,1805,30117896.56,501.0,1805.0,54132,2024
Fenofibrate,Fenofibrate,1736840,86866752.62999997,439870.0,3702250.100000001,110230841,2019
Fenofibrate,Fenofibrate,1632186,82501964.20999998,420683.0,3629643.400000001,108051047,2020
Fenofibrate,Fenofibrate,1525045,71472373.08999997,404356.0,3486640.0999999987,103765496,2021
Fenofibrate,Fenofibrate,1498285,61199590.92000001,403730.0,3484747.8999999994,103609673,2022
Fenofibrate,Fenofibrate,1490662,54080183.92999999,403082.0,3504556.2,104123761,2023
Fenofibrate,Fenofibrate,1536152,42719839.82000001,414227.0,3625992.5,107680111,2024
Fenofibrate Nanocrystallized,Fenofibrate,1390046,71464397.98,331559.0,2615691.5,77180042,2019
Fenofibrate Nanocrystallized,Fenofibrate,1317885,65721056.61999999,322072.0,2611221.1,77146609,2020
Fenofibrate Nanocrystallized,Fenofibrate,1288190,62784969.02,324469.0,2635060.4000000004,77842277,2021
Fenofibrate Nanocrystallized,Fenofibrate,1307890,61119806.82000001,333499.0,2730594.8,80564163,2022
Fenofibrate Nanocrystallized,Fenofibrate,1340176,51512539.76000001,341962.0,2852670.5000000005,84109096,2023
Fenofibrate Nanocrystallized,Fenofibrate,1430397,37929712.46,366220.0,3104003.100000001,91505938,2024
"Fenofibrate,micronized",Fenofibrate,386643,21836944.69,99764.0,685186.8,20253675,2019
"Fenofibrate,micronized",Fenofibrate,347497,17960284.469999995,91580.0,650274.2000000003,19219216,2020
"Fenofibrate,micronized",Fenofibrate,319043,15337034.439999996,86258.0,613854.6999999998,18116237,2021
"Fenofibrate,micronized",Fenofibrate,303670,13230619.929999998,82894.0,592342.4999999998,17448655,2022
"Fenofibrate,micronized",Fenofibrate,299882,11405026.800000004,82395.0,594303.6,17477297,2023
"Fenofibrate,micronized",Fenofibrate,311078,8015159.859999999,85462.0,623106.4000000001,18290058,2024
Fenofibric Acid,Fenofibric Acid,269,11786.22,95.0,289.3,6439,2019
Fenofibric Acid (Choline),Fenofibric Acid,109031,13326140.95,31598.0,188460.80000000005,5577136,2019
Fenofibric Acid (Choline),Fenofibric Acid,89795,9923559.39,26171.0,163861.40000000002,4854964,2020
Fenofibric Acid (Choline),Fenofibric Acid,72306,7603190.530000001,21382.0,136333.69999999998,4043689,2021
Fenofibric Acid (Choline),Fenofibric Acid,63616,5717291.250000001,19136.0,122558.7,3638725,2022
Fenofibric Acid (Choline),Fenofibric Acid,58966,3927853.46,17569.0,114292.7,3392461,2023
Fenofibric Acid (Choline),Fenofibric Acid,58542,2769864.6,17547.0,115603.80000000002,3423101,2024
Fenoprofen Calcium,Fenoprofen Calcium,2112,530665.8099999999,676.0,2287.8,67543,2019
Fenoprofen Calcium,Fenoprofen Calcium,1563,417435.75,538.0,1705.3,50143,2020
Fenoprofen Calcium,Fenoprofen Calcium,1025,279189.84,372.0,1146.8,34154,2021
Fenoprofen Calcium,Fenoprofen Calcium,333,92456.84,123.0,380.0,11321,2022
Fenoprofen Calcium,Nalfon,230,68632.69,80.0,280.8,8263,2023
Fenoprofen Calcium,Fenoprofen Calcium,24,6176.129999999999,10.0,24.0,720,2024
Fentanyl,Fentanyl,1424031,158819953.70999998,284816.0,1428884.9999999995,38754969,2019
Fentanyl,Fentanyl,1179712,119181988.39999998,236631.0,1183479.8,32360566,2020
Fentanyl,Fentanyl,994656,107456442.61,204021.0,997531.3999999998,27373875,2021
Fentanyl,Fentanyl,841059,95179824.29,176675.0,843198.7,23139161,2022
Fentanyl,Fentanyl,722609,80682701.03999999,155661.0,724023.0,19672662,2023
Fentanyl,Fentanyl,657037,75243166.41,143296.0,658347.6,17958252,2024
Fentanyl Citrate,Fentanyl Citrate,1612,10692881.430000002,495.0,1612.0,40919,2019
Fentanyl Citrate,Fentanyl Citrate,1356,8578636.29,425.0,1356.1,35566,2020
Fentanyl Citrate,Fentanyl Citrate,811,4988424.75,255.0,811.0,21544,2021
Fentanyl Citrate,Fentanyl Citrate,681,4929030.9,215.0,681.0,18285,2022
Fentanyl Citrate,Fentanyl Citrate,456,2576739.3000000003,170.0,456.0,12740,2023
Fentanyl Citrate,Fentanyl Citrate,240,856283.1,85.0,240.0,6514,2024
Fentanyl Citrate/Pf,Fentanyl Citrate,4663,21078.7,4178.0,4663.0,5127,2019
Fentanyl Citrate/Pf,Fentanyl Citrate,2925,12052.57,2596.0,2925.0,3026,2020
Fentanyl Citrate/Pf,Fentanyl Citrate,9385,37053.06999999999,8406.0,9385.0,9679,2021
Fentanyl Citrate/Pf,Fentanyl Citrate,16938,63531.22,15063.0,16938.0,17540,2022
Fentanyl Citrate/Pf,Fentanyl Citrate,19049,70922.22000000002,16807.0,19049.0,19624,2023
Fentanyl Citrate/Pf,Fentanyl Citrate,15119,51240.490000000005,13377.0,15119.0,15560,2024
Ferric Citrate,Auryxia,93262,118251034.62,22763.0,111813.2,3215949,2019
Ferric Citrate,Auryxia,114304,164545584.68000004,26662.0,142933.30000000002,4144530,2020
Ferric Citrate,Auryxia,106489,163455600.32999998,25430.0,131584.89999999997,3817171,2021
Ferric Citrate,Auryxia,89631,155369906.87000006,21231.0,111608.8,3247710,2022
Ferric Citrate,Auryxia,76184,142276532.06000003,18542.0,94723.79999999996,2742974,2023
Ferric Citrate,Auryxia,53294,95505404.01,13650.0,69710.4,2017565,2024
Fesoterodine Fumarate,Toviaz,228659,96837943.15,60010.0,305899.1,8632920,2019
Fesoterodine Fumarate,Toviaz,221670,102009910.33,58534.0,303585.6999999998,8579019,2020
Fesoterodine Fumarate,Toviaz,176317,85222743.71,47188.0,243331.8,6866537,2021
Fesoterodine Fumarate,Fesoterodine Fumarate Er,101606,45480958.62999998,29630.0,136569.40000000002,3777488,2022
Fesoterodine Fumarate,Fesoterodine Fumarate Er,91207,14755854.28,27399.0,131509.5,3797723,2023
Fesoterodine Fumarate,Fesoterodine Fumarate Er,86039,8469812.01,25535.0,123880.0,3581535,2024
Fezolinetant,Veozah,90,52970.19,35.0,102.0,2783,2023
Fezolinetant,Veozah,14393,8748780.749999998,5074.0,16487.7,489421,2024
Fidaxomicin,Dificid,286,1316575.47,111.0,286.0,3737,2019
Fidaxomicin,Dificid,692,3066159.06,140.0,692.0,7684,2020
Fidaxomicin,Dificid,912,4203030.87,186.0,913.1,10469,2021
Fidaxomicin,Dificid,252,1249457.38,119.0,257.7,3729,2022
Fidaxomicin,Dificid,440,2414603.44,169.0,440.9,6122,2023
Fidaxomicin,Dificid,463,2590077.61,198.0,469.4,6590,2024
Filgrastim,Neupogen,4362,11014007.779999996,1470.0,4384.5,76577,2019
Filgrastim,Neupogen,2692,7024890.73,866.0,2723.2000000000003,55198,2020
Filgrastim,Neupogen,1746,4179271.19,554.0,1771.5,36870,2021
Filgrastim,Neupogen,1480,3738107.42,449.0,1495.5,29832,2022
Filgrastim,Neupogen,1063,2675416.31,315.0,1076.3,21216,2023
Filgrastim,Neupogen,834,1787441.42,264.0,842.5,15728,2024
Filgrastim-Aafi,Nivestym,28,33741.14,10.0,28.0,574,2019
Filgrastim-Aafi,Nivestym,92,319666.58,35.0,92.0,1847,2020
Filgrastim-Aafi,Nivestym,448,780567.38,149.0,448.0,7061,2021
Filgrastim-Aafi,Nivestym,4059,3597070.559999999,1293.0,4078.6,33709,2022
Filgrastim-Aafi,Nivestym,11042,9653174.060000004,3253.0,11077.799999999996,84700,2023
Filgrastim-Aafi,Nivestym,9150,9445322.150000002,2898.0,9152.5,81141,2024
Filgrastim-Ayow,Releuko,34,15328.0,5.0,34.0,228,2024
Filgrastim-Sndz,Zarxio,9276,19383077.259999994,3045.0,9312.999999999996,105050,2019
Filgrastim-Sndz,Zarxio,12264,24836929.16,3967.0,12324.0,140722,2020
Filgrastim-Sndz,Zarxio,14612,24785251.34,4825.0,14723.999999999996,178447,2021
Filgrastim-Sndz,Zarxio,12118,22332691.27,4175.0,12166.4,169510,2022
Filgrastim-Sndz,Zarxio,9396,20019781.609999992,3180.0,9432.6,152026,2023
Filgrastim-Sndz,Zarxio,11674,21814885.49,3915.0,11707.2,197843,2024
Finasteride,Finasteride,5845703,111666036.35999994,1549813.0,12776138.100000003,379008746,2019
Finasteride,Finasteride,5893769,109051901.17999998,1586784.0,13415552.700000005,398158892,2020
Finasteride,Finasteride,5876606,110993356.82999998,1639254.0,13700763.000000002,406583721,2021
Finasteride,Finasteride,6044512,101591934.34,1709882.0,14242319.6,422265232,2022
Finasteride,Finasteride,6242654,100804524.96999998,1783420.0,14733258.100000003,436211521,2023
Finasteride,Finasteride,6706842,87871173.81,1914238.0,15964701.6,472470294,2024
Finerenone,Kerendia,1468,1113593.67,643.0,1898.0,56722,2021
Finerenone,Kerendia,59010,50207297.81000002,15942.0,82212.6,2442409,2022
Finerenone,Kerendia,218073,210044304.13000005,52119.0,321168.4,9545922,2023
Finerenone,Kerendia,329040,311390177.84,77154.0,498510.3,14811685,2024
Fingolimod Hcl,Gilenya,43537,387693721.3899999,8933.0,46978.99999999999,1394846,2019
Fingolimod Hcl,Gilenya,38643,365672897.4400001,8254.0,42202.3,1245157,2020
Fingolimod Hcl,Gilenya,34301,327567618.7199999,7367.0,35755.5,1051926,2021
Fingolimod Hcl,Gilenya,26171,267159339.8400001,5767.0,27636.9,812393,2022
Fingolimod Hcl,Fingolimod,24580,162466606.12000003,6412.0,25646.3,755352,2023
Fingolimod Hcl,Fingolimod,22150,65343199.71999999,5631.0,24026.0,707876,2024
Fingolimod Lauryl Sulfate,Tascenso Odt,93,1068262.24,35.0,105.0,3150,2024
Flavoxate Hcl,Flavoxate Hcl,3790,258114.54999999996,1285.0,4132.7,95605,2019
Flavoxate Hcl,Flavoxate Hcl,3272,236777.0700000001,1082.0,3529.099999999999,81816,2020
Flavoxate Hcl,Flavoxate Hcl,2889,206068.68999999997,951.0,3155.7,72050,2021
Flavoxate Hcl,Flavoxate Hcl,2922,210648.37999999992,973.0,3122.2,70860,2022
Flavoxate Hcl,Flavoxate Hcl,1881,140662.30000000002,592.0,2029.6,46655,2023
Flavoxate Hcl,Flavoxate Hcl,1527,90383.13000000002,481.0,1625.0,34691,2024
Flecainide Acetate,Flecainide Acetate,797160,56278942.46,218657.0,1603887.8000000005,47642114,2019
Flecainide Acetate,Flecainide Acetate,815691,69081560.07000001,229212.0,1743997.5000000002,51856860,2020
Flecainide Acetate,Flecainide Acetate,838633,63452958.99000001,247629.0,1852017.8,55072980,2021
Flecainide Acetate,Flecainide Acetate,874240,61988350.10999999,265922.0,1970252.1000000008,58570876,2022
Flecainide Acetate,Flecainide Acetate,943178,57936651.27000001,291482.0,2159904.3,64196520,2023
Flecainide Acetate,Flecainide Acetate,1045744,43373927.04,325588.0,2429766.3,72194607,2024
Fluconazole,Fluconazole,1830026,25929622.469999995,1019111.0,1925037.6000000003,18365093,2019
Fluconazole,Fluconazole,1813506,27789056.350000005,976498.0,1920255.5000000005,18801606,2020
Fluconazole,Fluconazole,1820504,26243696.610000003,1007721.0,1940423.2,19587971,2021
Fluconazole,Fluconazole,1943619,28497011.59,1098042.0,2077922.1,21017633,2022
Fluconazole,Fluconazole,2115709,26233118.300000004,1220271.0,2263712.3,22788327,2023
Fluconazole,Fluconazole,2308172,24209798.059999995,1357263.0,2483322.1,25351141,2024
"Fluconazole In Nacl,iso-Osm",Fluconazole-Nacl,303,10031.16,80.0,303.0,1386,2019
"Fluconazole In Nacl,iso-Osm",Fluconazole-Nacl,436,22409.76,140.0,436.0,2748,2020
"Fluconazole In Nacl,iso-Osm",Fluconazole-Nacl,396,20966.97,95.0,396.0,2348,2021
"Fluconazole In Nacl,iso-Osm",Fluconazole-Nacl,470,29638.98,105.0,470.0,3365,2022
"Fluconazole In Nacl,iso-Osm",Fluconazole-Nacl,346,20747.49,100.0,346.0,2233,2023
"Fluconazole In Nacl,iso-Osm",Fluconazole-Nacl,361,16191.27,105.0,361.0,2408,2024
Flucytosine,Ancobon,75,1098649.2,25.0,79.0,2325,2019
Flucytosine,Flucytosine,41,606872.46,15.0,41.0,824,2020
Flucytosine,Flucytosine,12,73879.2,5.0,12.0,305,2021
Flucytosine,Flucytosine,1122,4367258.710000001,520.0,1155.0,33744,2022
Flucytosine,Flucytosine,1767,6631204.170000002,850.0,1801.0,53041,2023
Flucytosine,Flucytosine,1016,2816812.5400000005,499.0,1016.0,29403,2024
Fludarabine Phosphate,Fludarabine Phosphate,12,15010.03,5.0,12.4,336,2019
Fludrocortisone Acetate,Fludrocortisone Acetate,237161,5858555.69,66110.0,334778.3000000001,9479650,2019
Fludrocortisone Acetate,Fludrocortisone Acetate,230550,6028371.62,65047.0,342115.9,9719014,2020
Fludrocortisone Acetate,Fludrocortisone Acetate,215947,5449108.740000001,61604.0,326803.9999999998,9279955,2021
Fludrocortisone Acetate,Fludrocortisone Acetate,221276,5566400.06,62189.0,331251.1,9358879,2022
Fludrocortisone Acetate,Fludrocortisone Acetate,232372,5824754.8900000015,65020.0,349040.8999999999,9833947,2023
Fludrocortisone Acetate,Fludrocortisone Acetate,252735,5552143.509999999,69562.0,385459.3999999999,10802569,2024
Flumazenil,Flumazenil,2472,26193.89,2300.0,2472.0,3062,2019
Flumazenil,Flumazenil,1588,16105.64,1436.0,1588.0,1814,2020
Flumazenil,Flumazenil,3557,41829.43,3245.0,3557.0,4190,2021
Flumazenil,Flumazenil,6365,56239.12,5633.0,6365.0,7179,2022
Flumazenil,Flumazenil,6964,61779.95,6188.0,6964.0,7708,2023
Flumazenil,Flumazenil,5824,49699.07000000001,5092.0,5824.0,7048,2024
Flunisolide,Flunisolide,30993,2058309.81,11667.0,37788.600000000006,1083537,2019
Flunisolide,Flunisolide,18289,1202109.2600000002,6695.0,22650.000000000004,651432,2020
Flunisolide,Flunisolide,19482,1329000.8099999998,7202.0,24600.200000000004,705568,2021
Flunisolide,Flunisolide,19194,1323586.0699999998,7396.0,24478.6,699664,2022
Flunisolide,Flunisolide,18371,1193483.16,7330.0,23393.8,663142,2023
Flunisolide,Flunisolide,13261,684289.1000000002,5354.0,17885.0,511568,2024
Fluocinolone Acetonide,Fluocinolone Acetonide,47506,7293338.980000003,24139.0,49936.60000000001,1282920,2019
Fluocinolone Acetonide,Fluocinolone Acetonide,52989,5766205.149999999,24957.0,55803.70000000001,1459731,2020
Fluocinolone Acetonide,Fluocinolone Acetonide,55147,4169629.36,28529.0,58647.70000000001,1543232,2021
Fluocinolone Acetonide,Fluocinolone Acetonide,50030,3947970.539999999,25746.0,53154.49999999998,1421099,2022
Fluocinolone Acetonide,Fluocinolone Acetonide,52297,3862729.66,27859.0,55737.599999999984,1499043,2023
Fluocinolone Acetonide,Fluocinolone Acetonide,56448,2775969.44,31128.0,60521.000000000015,1663740,2024
Fluocinolone Acetonide Oil,Fluocinolone Acetonide Oil,32956,3575536.269999999,21695.0,39886.0,945684,2019
Fluocinolone Acetonide Oil,Fluocinolone Acetonide Oil,34958,2818394.06,23342.0,42890.4,1022794,2020
Fluocinolone Acetonide Oil,Fluocinolone Acetonide Oil,48193,3281870.33,33743.0,59136.90000000001,1414834,2021
Fluocinolone Acetonide Oil,Fluocinolone Acetonide Oil,55525,4049986.1600000006,38415.0,70423.2,1730336,2022
Fluocinolone Acetonide Oil,Fluocinolone Acetonide Oil,87615,6959296.069999999,59534.0,113206.9,2849183,2023
Fluocinolone Acetonide Oil,Fluocinolone Acetonide Oil,114309,4977659.11,78260.0,152247.99999999997,3852823,2024
Fluocinolone/Shower Cap,Fluocinolone Acetonide,13833,1620563.56,6532.0,14837.399999999998,387523,2019
Fluocinolone/Shower Cap,Fluocinolone Acetonide,14936,1379235.7100000002,6799.0,16133.699999999992,427297,2020
Fluocinolone/Shower Cap,Fluocinolone Acetonide,17423,1446358.73,8363.0,18894.300000000003,508131,2021
Fluocinolone/Shower Cap,Fluocinolone Acetonide,18386,1565810.9899999998,8858.0,19806.500000000004,544959,2022
Fluocinolone/Shower Cap,Fluocinolone Acetonide,24152,1933469.8399999996,11488.0,25866.299999999992,721328,2023
Fluocinolone/Shower Cap,Fluocinolone Acetonide,33814,1839570.3700000008,15696.0,36569.20000000001,1035182,2024
Fluocinonide,Fluocinonide,552031,51837267.86999999,299427.0,579120.9,14382435,2019
Fluocinonide,Fluocinonide,503649,44192604.87,262581.0,533210.8999999999,13808345,2020
Fluocinonide,Fluocinonide,509478,49336917.91000001,262060.0,538632.6,14085815,2021
Fluocinonide,Fluocinonide,489907,52007098.84999999,249479.0,522485.70000000007,14207241,2022
Fluocinonide,Fluocinonide,472585,34106814.370000005,248551.0,504645.79999999993,13795620,2023
Fluocinonide,Fluocinonide,506150,22299089.82,269888.0,543313.9999999999,15093737,2024
Fluocinonide/Emollient Base,Fluocinonide-E,4610,451234.0400000001,2355.0,4754.599999999999,116192,2019
Fluocinonide/Emollient Base,Fluocinonide-E,4492,500545.0700000001,2083.0,4699.7,119854,2020
Fluocinonide/Emollient Base,Fluocinonide-E,6383,926808.28,2889.0,6586.2,180551,2021
Fluocinonide/Emollient Base,Fluocinonide-E,3472,344116.3000000001,1673.0,3609.1,98255,2022
Fluocinonide/Emollient Base,Fluocinonide-E,3474,329812.47000000003,1687.0,3599.6,99423,2023
Fluocinonide/Emollient Base,Fluocinonide-E,4653,415141.81999999983,2036.0,5172.5,146699,2024
Fluoride (Sodium),Sf 5000 Plus,61054,678580.0900000001,24503.0,72134.69999999998,1955870,2019
Fluoride (Sodium),Dentagel,53874,628936.43,21138.0,65221.10000000001,1778215,2020
Fluoride (Sodium),Prevident,69760,1065557.76,30603.0,91082.5,2578733,2021
Fluoride (Sodium),Sodium Fluoride,87411,1408939.17,37098.0,117875.20000000004,3372384,2022
Fluoride (Sodium),Sodium Fluoride 5000 Plus,105626,1640616.1099999996,44555.0,141243.90000000005,4064720,2023
Fluoride (Sodium),Sodium Fluoride,126118,1646833.5,53080.0,167471.90000000002,4808384,2024
Fluorometholone,Fluorometholone,255221,21075244.840000007,124108.0,347490.60000000003,9021257,2019
Fluorometholone,Fluorometholone,229734,18706252.01,105468.0,322652.50000000006,8492389,2020
Fluorometholone,Fluorometholone,247501,20315247.67,117463.0,347447.19999999995,9118871,2021
Fluorometholone,Fluorometholone,253364,20937671.19,121482.0,359978.50000000006,9501722,2022
Fluorometholone,Fluorometholone,263789,22254716.21,129653.0,376035.6000000001,9925827,2023
Fluorometholone,Fml Forte,314500,24708296.7,156858.0,443740.5999999999,11604451,2024
Fluorometholone Acetate,Flarex,3720,370690.0,2022.0,4216.799999999999,102117,2019
Fluorometholone Acetate,Flarex,6581,711476.1200000001,3558.0,7598.8,184858,2020
Fluorometholone Acetate,Flarex,10285,1411055.34,5546.0,11530.6,275102,2021
Fluorometholone Acetate,Flarex,16276,2293059.34,9103.0,18200.8,430545,2022
Fluorometholone Acetate,Flarex,18884,2705833.14,10198.0,21118.0,495097,2023
Fluorometholone Acetate,Flarex,11982,1599174.6199999996,6246.0,13762.6,325557,2024
Fluorouracil,Fluorouracil,387766,48638712.85,336571.0,403187.8000000001,9025720,2019
Fluorouracil,Fluorouracil,371512,42914023.6,322786.0,384881.4,9292730,2020
Fluorouracil,Fluorouracil,430746,42713585.90999998,377267.0,445174.4,10797581,2021
Fluorouracil,Fluorouracil,428790,44297832.04000002,376729.0,444580.5999999999,11525834,2022
Fluorouracil,Fluorouracil,487769,43393262.79000001,428907.0,507783.50000000006,13737234,2023
Fluorouracil,Fluorouracil,586754,38868625.72000001,510933.0,611710.5999999999,16924401,2024
Fluoxetine Hcl,Fluoxetine Hcl,6244588,99078252.46,1374073.0,10822498.300000004,318493630,2019
Fluoxetine Hcl,Fluoxetine Hcl,6317530,101925564.44,1363607.0,11327742.700000005,333610657,2020
Fluoxetine Hcl,Fluoxetine Hcl,6282296,95291560.19,1392490.0,11538713.399999997,339785575,2021
Fluoxetine Hcl,Fluoxetine Hcl,6357662,97777914.93999995,1425863.0,11843567.899999997,348467821,2022
Fluoxetine Hcl,Fluoxetine Hcl,6495496,98928141.97000004,1457227.0,12249294.9,360076719,2023
Fluoxetine Hcl,Fluoxetine Hcl,6775117,77003539.63,1516185.0,12953887.6,380132695,2024
Fluphenazine Decanoate,Fluphenazine Decanoate,60596,6714520.149999999,13203.0,68536.9,1812419,2019
Fluphenazine Decanoate,Fluphenazine Decanoate,59272,6536561.990000001,12894.0,66605.5,1757699,2020
Fluphenazine Decanoate,Fluphenazine Decanoate,56324,6159180.259999999,12418.0,62350.89999999999,1635473,2021
Fluphenazine Decanoate,Fluphenazine Decanoate,54176,6207230.07,12119.0,59467.49999999999,1554925,2022
Fluphenazine Decanoate,Fluphenazine Decanoate,53491,6170833.700000001,12164.0,57978.400000000016,1491564,2023
Fluphenazine Decanoate,Fluphenazine Decanoate,54161,5484502.369999999,12416.0,58371.099999999984,1494210,2024
Fluphenazine Hcl,Fluphenazine Hcl,192338,53455308.80999998,39651.0,205902.2,5549118,2019
Fluphenazine Hcl,Fluphenazine Hcl,186694,69881573.97999999,38091.0,199897.00000000003,5440058,2020
Fluphenazine Hcl,Fluphenazine Hcl,178236,59343910.58999998,36829.0,190569.70000000004,5172245,2021
Fluphenazine Hcl,Fluphenazine Hcl,169837,47851035.82,35502.0,180894.8,4885226,2022
Fluphenazine Hcl,Fluphenazine Hcl,164698,36682316.23,34554.0,175247.8,4699271,2023
Fluphenazine Hcl,Fluphenazine Hcl,165705,20598230.540000003,33786.0,175797.39999999997,4614882,2024
Flurandrenolide,Cordran,4183,2367456.4400000004,1985.0,4236.7,105315,2019
Flurandrenolide,Cordran,1365,997202.5999999996,610.0,1401.8,38049,2020
Flurandrenolide,Cordran,1296,960013.74,624.0,1348.1,35451,2021
Flurandrenolide,Cordran,724,670823.4800000001,326.0,753.8,20539,2022
Flurandrenolide,Cordran,518,454900.75,220.0,538.0,15076,2023
Flurandrenolide,Cordran,532,556928.0499999998,205.0,543.1,15024,2024
Flurazepam Hcl,Flurazepam Hcl,3741,82046.23999999999,1473.0,3777.6,108783,2019
Flurazepam Hcl,Flurazepam Hcl,1146,26063.83,430.0,1178.3,34807,2020
Flurazepam Hcl,Flurazepam Hcl,2083,44876.38999999999,716.0,2138.0,63283,2021
Flurazepam Hcl,Flurazepam Hcl,652,13262.81,206.0,677.3,19269,2022
Flurazepam Hcl,Flurazepam Hcl,32,11143.0,10.0,32.0,960,2024
Flurbiprofen,Flurbiprofen,12243,334436.24999999994,5969.0,14907.3,352593,2019
Flurbiprofen,Flurbiprofen,10934,326352.6099999999,5270.0,13371.3,311636,2020
Flurbiprofen,Flurbiprofen,9864,274302.25999999995,5150.0,11578.5,253086,2021
Flurbiprofen,Flurbiprofen,9392,242811.24,5028.0,10862.9,231010,2022
Flurbiprofen,Flurbiprofen,9120,326812.9600000001,4770.0,10498.6,228635,2023
Flurbiprofen,Flurbiprofen,8152,236893.3,4137.0,9535.5,208330,2024
Flurbiprofen Sodium,Flurbiprofen Sodium,12278,391768.8500000001,6152.0,12803.8,225465,2019
Flurbiprofen Sodium,Flurbiprofen Sodium,9143,386997.48999999993,5221.0,9553.600000000002,182341,2020
Flurbiprofen Sodium,Flurbiprofen Sodium,11908,542571.53,6787.0,12697.699999999995,257896,2021
Flurbiprofen Sodium,Flurbiprofen Sodium,11460,552758.6900000001,6692.0,12395.799999999996,257612,2022
Flurbiprofen Sodium,Flurbiprofen Sodium,12245,579105.4200000002,7130.0,13413.800000000005,279445,2023
Flurbiprofen Sodium,Flurbiprofen Sodium,14833,571999.1900000001,8316.0,16080.200000000004,330137,2024
Flutamide,Flutamide,2068,245827.24,656.0,2580.3,71117,2019
Flutamide,Flutamide,1409,155755.78,481.0,1778.6,50526,2020
Flutamide,Flutamide,643,50508.63999999999,201.0,850.8,23658,2021
Flutamide,Eulexin,12,67790.76,5.0,12.0,360,2024
Fluticasone Furoate,Arnuity Ellipta,163634,40503040.24999999,43259.0,201239.00000000003,6012297,2019
Fluticasone Furoate,Arnuity Ellipta,194306,50298517.870000005,49726.0,243255.2,7279452,2020
Fluticasone Furoate,Arnuity Ellipta,185288,50585611.71999999,49080.0,235338.9,7037731,2021
Fluticasone Furoate,Arnuity Ellipta,171744,50020359.05999997,46207.0,219049.9,6547620,2022
Fluticasone Furoate,Arnuity Ellipta,165062,52128759.26999999,46070.0,211534.3,6324732,2023
Fluticasone Furoate,Arnuity Ellipta,388728,112256095.73,108939.0,503965.0,15082806,2024
Fluticasone Propion/Salmeterol,Wixela Inhub,2972855,1400756261.08,855019.0,4098105.7000000016,122347879,2019
Fluticasone Propion/Salmeterol,Wixela Inhub,3129690,1303264827.8300004,853793.0,4316983.199999999,129124684,2020
Fluticasone Propion/Salmeterol,Advair Diskus,2911479,1214760600.4699998,825192.0,4138836.4,123935026,2021
Fluticasone Propion/Salmeterol,Advair Diskus,2890901,1189596332.93,833199.0,4105581.3,122989952,2022
Fluticasone Propion/Salmeterol,Advair Diskus,2882959,1169817281.4699998,845017.0,4107467.600000001,123080669,2023
Fluticasone Propion/Salmeterol,Fluticasone-Salmeterol,3270503,625851243.23,977422.0,4753194.2,142528106,2024
Fluticasone Propionate,Fluticasone Propionate,11816873,433184572.37,4884233.0,17905816.900000006,534755038,2019
Fluticasone Propionate,Fluticasone Propionate,11806075,487067352.8299999,4509059.0,19063640.000000004,569804370,2020
Fluticasone Propionate,Fluticasone Propionate,11259143,472479839.81000006,4400966.0,18656066.2,557503006,2021
Fluticasone Propionate,Fluticasone Propionate,11674239,456205888.7300001,4803344.0,19429818.100000005,580500890,2022
Fluticasone Propionate,Fluticasone Propionate,11946980,418370615.45,5044049.0,19885567.9,594402988,2023
Fluticasone Propionate,Fluticasone Propionate,12140541,215709259.51999995,5176325.0,20320464.0,607380866,2024
Fluticasone/Umeclidin/Vilanter,Trelegy Ellipta,1002980,686838277.1999998,260104.0,1252024.8999999997,37416438,2019
Fluticasone/Umeclidin/Vilanter,Trelegy Ellipta,1726452,1281163685.09,409370.0,2214338.0,66228942,2020
Fluticasone/Umeclidin/Vilanter,Trelegy Ellipta,2621894,2100960348.63,643340.0,3418810.100000001,102255818,2021
Fluticasone/Umeclidin/Vilanter,Trelegy Ellipta,3515422,2971640378.18,857170.0,4625732.9,138369836,2022
Fluticasone/Umeclidin/Vilanter,Trelegy Ellipta,4532469,4011731369.58,1097862.0,6016805.0,179985363,2023
Fluticasone/Umeclidin/Vilanter,Trelegy Ellipta,5725949,4832494642.930001,1355099.0,7693444.100000001,230286340,2024
Fluticasone/Vilanterol,Breo Ellipta,2631087,1134182571.44,642778.0,3259304.8000000007,96020362,2019
Fluticasone/Vilanterol,Breo Ellipta,2788754,1278560191.8300002,646095.0,3540510.9,104825221,2020
Fluticasone/Vilanterol,Breo Ellipta,2596284,1267970141.9900002,619055.0,3351055.0,99356340,2021
Fluticasone/Vilanterol,Breo Ellipta,2238940,1155777113.0099998,555452.0,2925121.7,86953396,2022
Fluticasone/Vilanterol,Breo Ellipta,2016549,1091902924.66,505569.0,2650643.5,79148016,2023
Fluticasone/Vilanterol,Breo Ellipta,2144335,1088316632.36,535910.0,2808744.6,84071121,2024
Fluvastatin Sodium,Fluvastatin Er,6062,1268598.56,2212.0,8720.999999999998,255193,2019
Fluvastatin Sodium,Fluvastatin Er,6353,1289536.5,2222.0,9777.7,287306,2020
Fluvastatin Sodium,Fluvastatin Er,6001,1246302.4,2111.0,9957.9,291610,2021
Fluvastatin Sodium,Fluvastatin Er,6185,1275270.71,2111.0,10431.4,303782,2022
Fluvastatin Sodium,Fluvastatin Er,6321,1220373.0799999998,2124.0,11143.100000000002,325355,2023
Fluvastatin Sodium,Fluvastatin Sodium,7108,1025920.7999999996,2404.0,13262.5,391377,2024
Fluvoxamine Maleate,Fluvoxamine Maleate,262879,11950988.649999997,55778.0,293847.0,8024135,2019
Fluvoxamine Maleate,Fluvoxamine Maleate,266333,12977939.47,56452.0,301662.1999999999,8265490,2020
Fluvoxamine Maleate,Fluvoxamine Maleate,269964,14990698.61,59393.0,307238.8,8317105,2021
Fluvoxamine Maleate,Fluvoxamine Maleate,280426,15712300.430000002,62185.0,320425.69999999995,8588508,2022
Fluvoxamine Maleate,Fluvoxamine Maleate,282617,14584185.750000004,59374.0,324705.6000000001,8732680,2023
Fluvoxamine Maleate,Fluvoxamine Maleate,296124,13299572.620000005,61239.0,343745.0,9198269,2024
Folic Acid,Folic Acid,209920,581953.94,55070.0,358733.10000000003,10713985,2019
Folic Acid,Folic Acid,196507,623184.9800000001,48076.0,341620.2,10198809,2020
Folic Acid,Folic Acid,436141,1760848.4599999995,127174.0,854409.9000000001,25377377,2021
Folic Acid,Folic Acid,513093,2477919.7500000005,151041.0,1052235.4,31177925,2022
Folic Acid,Folic Acid,631622,2579252.96,184703.0,1308617.7000000004,38733861,2023
Folic Acid,Folic Acid,699956,4341230.14,208429.0,1455909.1,43033814,2024
Folic Acid/B Cplx/C/Selen/Zinc,Dialyvite 3000,17,167.4,5.0,19.0,565,2021
Folic Acid/B Cplx/C/Selen/Zinc,Dialyvite 3000,20,185.59,5.0,20.0,600,2022
Fondaparinux Sodium,Fondaparinux Sodium,7723,10139592.450000005,2519.0,7827.899999999999,167533,2019
Fondaparinux Sodium,Fondaparinux Sodium,6770,9470324.56,2139.0,6907.499999999999,158912,2020
Fondaparinux Sodium,Fondaparinux Sodium,6329,7824247.959999999,2081.0,6482.0,149424,2021
Fondaparinux Sodium,Fondaparinux Sodium,5922,8241559.480000002,1886.0,6054.7,140897,2022
Fondaparinux Sodium,Fondaparinux Sodium,5519,8027021.129999998,1795.0,5700.1,139937,2023
Fondaparinux Sodium,Fondaparinux Sodium,5691,6499849.98,1903.0,5896.1,148034,2024
Formoterol Fumarate,Perforomist,8922,5587212.869999998,2283.0,8932.899999999998,160620,2019
Formoterol Fumarate,Perforomist,6706,4307459.33,1787.0,6710.5,118562,2020
Formoterol Fumarate,Perforomist,3109,1966792.7200000004,935.0,3115.7,53393,2021
Formoterol Fumarate,Perforomist,3974,2066019.19,1190.0,3979.9,73763,2022
Formoterol Fumarate,Formoterol Fumarate,5639,2565873.550000001,1620.0,5646.5,102758,2023
Formoterol Fumarate,Formoterol Fumarate,6045,2646184.2800000003,1777.0,6050.400000000001,112841,2024
Fosamprenavir Calcium,Fosamprenavir Calcium,2799,3351201.4600000004,901.0,2889.7,84553,2019
Fosamprenavir Calcium,Fosamprenavir Calcium,2079,2477167.3,710.0,2148.8,63667,2020
Fosamprenavir Calcium,Fosamprenavir Calcium,1557,1871075.7600000007,550.0,1571.0,47100,2021
Fosamprenavir Calcium,Fosamprenavir Calcium,1248,1508438.3800000006,455.0,1258.0,37665,2022
Fosamprenavir Calcium,Fosamprenavir Calcium,792,943307.14,290.0,816.0,24450,2023
Fosamprenavir Calcium,Fosamprenavir Calcium,703,706573.9900000001,265.0,735.0,21994,2024
Fosaprepitant Dimeglumine,Emend,794,405259.19,176.0,803.0000000000001,18560,2019
Fosaprepitant Dimeglumine,Fosaprepitant Dimeglumine,905,277498.68,238.0,906.2,19648,2020
Fosaprepitant Dimeglumine,Fosaprepitant Dimeglumine,1078,266623.08,281.0,1083.8,23323,2021
Fosaprepitant Dimeglumine,Fosaprepitant Dimeglumine,1534,326306.20000000007,395.0,1534.4,32886,2022
Fosaprepitant Dimeglumine,Fosaprepitant Dimeglumine,1917,446119.93000000005,515.0,1918.8,42899,2023
Fosaprepitant Dimeglumine,Fosaprepitant Dimeglumine,2030,424342.31000000006,511.0,2036.8,42078,2024
Foscarnet Sodium,Foscarnet Sodium,22,13626.76,5.0,22.0,47,2021
Fosfomycin Tromethamine,Monurol,16041,4298760.98,6054.0,17046.399999999998,248627,2019
Fosfomycin Tromethamine,Monurol,15007,4443731.289999999,5368.0,16108.599999999997,251372,2020
Fosfomycin Tromethamine,Fosfomycin Tromethamine,16013,3835804.750000001,6202.0,17444.0,286121,2021
Fosfomycin Tromethamine,Fosfomycin Tromethamine,22174,4830767.45,8932.0,24216.000000000004,382992,2022
Fosfomycin Tromethamine,Fosfomycin Tromethamine,30115,6491189.790000002,11971.0,33273.90000000001,552059,2023
Fosfomycin Tromethamine,Fosfomycin Tromethamine,42163,8121242.690000001,17055.0,46961.9,775971,2024
Fosinopril Sodium,Fosinopril Sodium,119595,2264315.7100000004,35138.0,235302.6,6970928,2019
Fosinopril Sodium,Fosinopril Sodium,102351,1812204.29,30370.0,211573.69999999995,6273368,2020
Fosinopril Sodium,Fosinopril Sodium,83367,1690072.7300000002,25185.0,175803.10000000003,5212594,2021
Fosinopril Sodium,Fosinopril Sodium,71880,1445706.7700000007,22002.0,153122.7,4533941,2022
Fosinopril Sodium,Fosinopril Sodium,62200,1501136.9799999993,19248.0,134330.7,3976424,2023
Fosinopril Sodium,Fosinopril Sodium,57128,974997.8500000004,17553.0,121984.10000000002,3603952,2024
Fosinopril/Hydrochlorothiazide,Fosinopril-Hydrochlorothiazide,2752,136972.79000000004,1003.0,4127.8,122700,2019
Fosinopril/Hydrochlorothiazide,Fosinopril-Hydrochlorothiazide,2568,127350.99,945.0,3827.500000000001,113515,2020
Fosinopril/Hydrochlorothiazide,Fosinopril-Hydrochlorothiazide,2029,96932.35,724.0,3076.8,90702,2021
Fosinopril/Hydrochlorothiazide,Fosinopril-Hydrochlorothiazide,1627,72177.31999999998,553.0,2467.7000000000003,72016,2022
Fosinopril/Hydrochlorothiazide,Fosinopril-Hydrochlorothiazide,1470,62849.17999999999,524.0,2277.1,66438,2023
Fosinopril/Hydrochlorothiazide,Fosinopril-Hydrochlorothiazide,1388,50520.13999999999,496.0,2141.3,61562,2024
Fosnetupitant/Palonosetron,Akynzeo,179,144393.4,60.0,179.0,3918,2019
Fosnetupitant/Palonosetron,Akynzeo,374,305474.54,66.0,374.0,6738,2020
Fosnetupitant/Palonosetron,Akynzeo,169,147986.74000000002,30.0,169.0,3211,2021
Fosnetupitant/Palonosetron,Akynzeo,1829,2155683.4900000007,479.0,1831.8,42788,2022
Fosnetupitant/Palonosetron,Akynzeo,3609,4248705.430000001,905.0,3617.400000000001,85655,2023
Fosnetupitant/Palonosetron,Akynzeo,4152,4531624.17,1011.0,4162.8,98604,2024
Fosphenytoin Sodium,Fosphenytoin Sodium,49,6984.01,10.0,49.0,278,2019
Fosphenytoin Sodium,Fosphenytoin Sodium,65,24297.69,15.0,65.0,501,2020
Fosphenytoin Sodium,Fosphenytoin Sodium,105,61974.08,25.0,105.0,726,2021
Fosphenytoin Sodium,Cerebyx,74,65985.0,10.0,74.0,647,2022
Fosphenytoin Sodium,Cerebyx,60,39796.45,10.0,60.0,369,2023
Fosphenytoin Sodium,Cerebyx,94,46343.82,10.0,94.0,605,2024
Fostamatinib Disodium,Tavalisse,490,4830856.92,195.0,492.0,14678,2019
Fostamatinib Disodium,Tavalisse,729,8347875.469999999,285.0,742.0,22245,2020
Fostamatinib Disodium,Tavalisse,732,8723156.239999998,295.0,735.0,22035,2021
Fostamatinib Disodium,Tavalisse,945,11811487.499999998,365.0,946.0,28378,2022
Fostamatinib Disodium,Tavalisse,1278,16986888.54,500.0,1297.6,38897,2023
Fostamatinib Disodium,Tavalisse,1371,18481053.000000004,535.0,1373.9,41147,2024
Fostemsavir Tromethamine,Rukobia,104,779722.4400000001,30.0,106.0,3137,2020
Fostemsavir Tromethamine,Rukobia,2849,22741620.02,725.0,2889.0,86130,2021
Fostemsavir Tromethamine,Rukobia,4888,41519438.330000006,1236.0,4973.0,148449,2022
Fostemsavir Tromethamine,Rukobia,7144,64392597.98,1818.0,7231.0,215342,2023
Fostemsavir Tromethamine,Rukobia,9327,82681953.26,2306.0,9437.0,280444,2024
Fremanezumab-Vfrm,Ajovy Syringe,28894,19170511.11,6869.0,32466.800000000007,960639,2019
Fremanezumab-Vfrm,Ajovy Syringe,32432,23092392.1,8276.0,36917.69999999999,1093396,2020
Fremanezumab-Vfrm,Ajovy Autoinjector,42225,31701709.16,11366.0,48523.30000000002,1435873,2021
Fremanezumab-Vfrm,Ajovy Autoinjector,54855,44167778.1,14234.0,65073.100000000006,1921431,2022
Fremanezumab-Vfrm,Ajovy Autoinjector,64585,53814932.58999999,16232.0,76955.50000000001,2273956,2023
Fremanezumab-Vfrm,Ajovy Autoinjector,79571,66251478.280000016,19380.0,97099.50000000004,2863274,2024
Frovatriptan Succinate,Frovatriptan Succinate,2795,1432717.8700000003,950.0,2942.0999999999995,63659,2019
Frovatriptan Succinate,Frovatriptan Succinate,2862,1408899.8199999998,961.0,3013.7000000000003,68095,2020
Frovatriptan Succinate,Frovatriptan Succinate,2864,1311247.36,946.0,3005.5,69927,2021
Frovatriptan Succinate,Frovatriptan Succinate,2601,1241346.91,887.0,2710.4,64651,2022
Frovatriptan Succinate,Frovatriptan Succinate,2467,953813.6,823.0,2576.1,59991,2023
Frovatriptan Succinate,Frovatriptan Succinate,2445,624648.4900000001,815.0,2538.5,59124,2024
Fruquintinib,Fruzaqla,1094,25446559.48999999,375.0,1094.0,30333,2024
Fulvestrant,Fulvestrant,2077,4290358.16,549.0,2083.7,57717,2019
Fulvestrant,Fulvestrant,2310,3638197.29,636.0,2319.7000000000003,64781,2020
Fulvestrant,Faslodex,3039,4064253.500000001,788.0,3063.7000000000003,85300,2021
Fulvestrant,Fulvestrant,4078,5197003.71,904.0,4103.5,114977,2022
Fulvestrant,Fulvestrant,4886,5507100.279999999,1051.0,4923.3,137952,2023
Fulvestrant,Fulvestrant,5159,3663224.8000000007,1154.0,5212.099999999999,144835,2024
Furosemide,Furosemide,25009298,151083641.64,6947523.0,43054865.400000006,1204864639,2019
Furosemide,Furosemide,23942889,142861019.03,6755987.0,43523932.5,1231079339,2020
Furosemide,Furosemide,22490651,135458898.29,6822812.0,42375908.2,1212543018,2021
Furosemide,Furosemide,21895127,134829834.76999995,6786626.0,41813859.500000015,1197138825,2022
Furosemide,Furosemide,22000367,139952166.82999998,6865813.0,41833548.9,1195698128,2023
Furosemide,Furosemide,22501895,121338077.99,7059929.0,42941393.99999999,1225923647,2024
Futibatinib,Lytgobi,199,4660051.930000001,80.0,199.0,5461,2024
Gabapentin,Gabapentin,30510466,642775665.9600003,7989011.0,45262118.9,1314398891,2019
Gabapentin,Gabapentin,31278646,628837463.55,8099725.0,47842534.39999999,1392532110,2020
Gabapentin,Gabapentin,31918211,620893813.1800001,8572234.0,49079746.4,1428790440,2021
Gabapentin,Gabapentin,33098365,690712097.6199998,9029262.0,51281313.90000002,1491568670,2022
Gabapentin,Gabapentin,33913654,651205397.5199999,9401345.0,53022915.49999999,1540565773,2023
Gabapentin,Gabapentin,35529509,537771943.6400001,9918654.0,56045671.1,1625808618,2024
Gabapentin Enacarbil,Horizant,18562,12962245.709999995,5061.0,21494.0,630567,2019
Gabapentin Enacarbil,Horizant,19570,14897308.500000004,5337.0,23016.1,676860,2020
Gabapentin Enacarbil,Horizant,19294,15868767.5,5389.0,23029.899999999998,680415,2021
Gabapentin Enacarbil,Horizant,18669,15993519.480000004,5015.0,22149.4,655825,2022
Gabapentin Enacarbil,Horizant,16741,15172919.779999996,4611.0,20199.700000000004,594529,2023
Gabapentin Enacarbil,Horizant,14647,13360547.98,4069.0,17769.199999999997,525179,2024
Galantamine Hbr,Galantamine Er,162380,15975734.49,41221.0,212729.40000000005,5904579,2019
Galantamine Hbr,Galantamine Hbr,147444,14603312.769999996,37903.0,200729.5,5659750,2020
Galantamine Hbr,Galantamine Hbr,140197,13720061.690000003,36672.0,199004.8,5649707,2021
Galantamine Hbr,Galantamine Hbr,150043,14429224.519999998,38729.0,216259.4,6125273,2022
Galantamine Hbr,Galantamine Hbr,165527,14716291.589999998,42523.0,238651.30000000005,6703081,2023
Galantamine Hbr,Galantamine Hbr,189232,14973506.74,47800.0,275531.7,7744367,2024
Galcanezumab-Gnlm,Emgality Pen,38320,26416276.68999999,9690.0,41289.30000000002,1208640,2019
Galcanezumab-Gnlm,Emgality Pen,128980,94397345.07,28559.0,141498.60000000003,4161936,2020
Galcanezumab-Gnlm,Emgality Pen,162534,125970804.35,34996.0,180923.6000000001,5323411,2021
Galcanezumab-Gnlm,Emgality Pen,190828,157411793.06,40979.0,215119.9,6334287,2022
Galcanezumab-Gnlm,Emgality Pen,232105,199744335.0,49566.0,264770.80000000005,7804213,2023
Galcanezumab-Gnlm,Emgality Pen,274363,228377999.37,56906.0,316038.10000000003,9310051,2024
Galsulfase,Naglazyme,103,5585549.32,25.0,103.0,1764,2019
Galsulfase,Naglazyme,95,6018284.73,20.0,95.0,1694,2020
Galsulfase,Naglazyme,62,5640903.039999999,20.0,62.0,1736,2021
Galsulfase,Naglazyme,58,5468736.86,20.0,58.0,1624,2022
Galsulfase,Naglazyme,35,3803658.8,15.0,35.0,980,2023
Ganaxolone,Ztalmy,12,153997.2,5.0,12.0,319,2023
Ganaxolone,Ztalmy,64,1224428.41,25.0,64.0,1784,2024
Ganciclovir,Zirgan,5179,2040894.4,1758.0,5527.600000000001,103538,2019
Ganciclovir,Zirgan,3880,1658983.0899999994,1326.0,4294.3,83339,2020
Ganciclovir,Zirgan,4308,1974022.21,1539.0,4747.599999999998,90268,2021
Ganciclovir,Zirgan,3974,1922993.5,1376.0,4343.9000000000015,87255,2022
Ganciclovir,Zirgan,4097,2133459.78,1423.0,4490.200000000001,90641,2023
Ganciclovir,Zirgan,4373,2272717.5300000003,1563.0,4874.299999999998,101354,2024
Ganciclovir Sodium,Ganciclovir Sodium,11,7753.01,5.0,11.0,63,2019
Ganciclovir Sodium,Ganciclovir Sodium,85,40110.15,30.0,85.0,573,2020
Ganciclovir Sodium,Ganciclovir Sodium,57,48441.78,20.0,57.0,661,2021
Ganciclovir Sodium,Ganciclovir Sodium,77,74301.18,20.0,77.0,665,2022
Ganciclovir Sodium,Ganciclovir Sodium,11,4214.6,5.0,11.0,330,2023
Ganciclovir Sodium,Ganciclovir Sodium,41,20325.75,15.0,41.0,554,2024
Gatifloxacin,Gatifloxacin,69536,5846209.289999999,47050.0,70281.9,1067461,2019
Gatifloxacin,Gatifloxacin,48436,3591783.9500000007,32737.0,49035.29999999998,752328,2020
Gatifloxacin,Gatifloxacin,54130,3592076.8399999994,35632.0,54801.7,855642,2021
Gatifloxacin,Gatifloxacin,47585,2946538.37,31233.0,48056.40000000001,740389,2022
Gatifloxacin,Gatifloxacin,34916,2036749.7299999995,22992.0,35290.899999999994,539035,2023
Gatifloxacin,Gatifloxacin,24318,1103395.68,15769.0,24591.300000000003,382982,2024
Gauze Bandage,Sterile Pads,149,1173.75,49.0,158.2,4579,2019
Gauze Bandage,Sterile Pads,411,1772.8000000000002,320.0,427.5,9326,2020
Gauze Bandage,Gauze Pads,507,2529.630000000001,370.0,521.6,11229,2021
Gauze Bandage,Curity,439,2591.64,335.0,450.3,8175,2022
Gauze Bandage,Band-Aid Gauze Pads,526,2826.26,403.0,526.2,10355,2023
Gauze Bandage,Gauze Pad,82,477.3200000000001,50.0,82.0,2143,2024
Gefitinib,Iressa,953,7343135.699999999,345.0,956.3,28263,2019
Gefitinib,Iressa,620,4874849.350000001,235.0,621.0,18511,2020
Gefitinib,Iressa,377,2994787.3,140.0,377.0,11240,2021
Gefitinib,Iressa,414,3241648.6100000003,140.0,414.0,12339,2022
Gefitinib,Iressa,125,984073.46,45.0,125.0,3750,2023
Gefitinib,Gefitinib,397,1739186.3999999997,155.0,397.0,11910,2024
Gemcitabine Hcl,Gemcitabine Hcl,1093,242471.24,323.0,1128.6999999999998,27008,2019
Gemcitabine Hcl,Gemcitabine Hcl,1259,189723.98,359.0,1292.3,29406,2020
Gemcitabine Hcl,Gemcitabine Hcl,1403,259594.17,362.0,1422.2,32681,2021
Gemcitabine Hcl,Gemcitabine Hcl,1385,275049.42000000004,361.0,1438.5,33342,2022
Gemcitabine Hcl,Gemcitabine Hcl,1605,388702.6900000001,488.0,1657.0,39032,2023
Gemcitabine Hcl,Gemcitabine Hcl,1916,288304.70000000007,612.0,1981.6000000000004,43527,2024
Gemcitabine Hcl In 0.9 % Nacl,Infugem,13,19321.02,5.0,13.0,301,2021
Gemcitabine Hcl In 0.9 % Nacl,Infugem,12,16209.18,5.0,12.0,266,2022
Gemfibrozil,Gemfibrozil,818074,16721759.879999995,208487.0,1538917.9,45542345,2019
Gemfibrozil,Gemfibrozil,712094,15875206.92,183170.0,1398733.9999999998,41431531,2020
Gemfibrozil,Gemfibrozil,609805,13819539.880000005,160363.0,1222524.2999999998,36179901,2021
Gemfibrozil,Gemfibrozil,530246,11434304.349999998,141362.0,1067465.6,31532117,2022
Gemfibrozil,Gemfibrozil,469936,11008222.1,126217.0,949636.3,28014204,2023
Gemfibrozil,Gemfibrozil,429519,7510571.59,115710.0,866987.9000000004,25519870,2024
"Gentamicin In Nacl, Iso-Osm",Gentamicin Sulfate In Ns,228,7115.389999999999,86.0,230.4,1759,2019
"Gentamicin In Nacl, Iso-Osm",Gentamicin Sulfate In Ns,263,8919.640000000001,89.0,267.0,2872,2020
"Gentamicin In Nacl, Iso-Osm",Gentamicin Sulfate In Ns,263,9408.5,73.0,272.0,3069,2021
"Gentamicin In Nacl, Iso-Osm",Gentamicin Sulfate In Ns,391,11065.850000000002,114.0,395.7,4581,2022
"Gentamicin In Nacl, Iso-Osm",Gentamicin Sulfate In Ns,431,12540.73,103.0,447.4,5368,2023
"Gentamicin In Nacl, Iso-Osm",Gentamicin Sulfate In Ns,417,8257.17,110.0,440.4,7285,2024
Gentamicin Sulf/Prednisolone,Pred-G,11,1647.06,5.0,11.0,216,2019
Gentamicin Sulf/Prednisolone,Pred-G,11,1821.16,5.0,11.0,154,2020
Gentamicin Sulfate,Gentamicin Sulfate,224191,12414055.590000002,131011.0,228780.60000000003,3573577,2019
Gentamicin Sulfate,Gentamicin Sulfate,207189,18440535.019999992,116620.0,212087.90000000008,3531905,2020
Gentamicin Sulfate,Gentamicin Sulfate,205330,8620241.599999996,117609.0,210648.19999999995,3671987,2021
Gentamicin Sulfate,Gentamicin Sulfate,190994,8064547.499999997,112688.0,196715.8,3662899,2022
Gentamicin Sulfate,Gentamicin Sulfate,217912,7918161.880000004,130968.0,224281.5,4169305,2023
Gentamicin Sulfate,Gentamicin Sulfate,234172,7825543.750000001,139940.0,241876.7,4730537,2024
Gentamicin Sulfate/Pf,Gentamicin Sulfate,177,8954.54,50.0,179.1,2412,2019
Gentamicin Sulfate/Pf,Gentamicin Sulfate,210,8303.16,45.0,210.0,2654,2020
Gentamicin Sulfate/Pf,Gentamicin Sulfate,63,2930.4300000000003,20.0,63.0,888,2021
Gentamicin Sulfate/Pf,Gentamicin Sulfate,353,8101.45,55.0,353.0,1905,2022
Gentamicin Sulfate/Pf,Gentamicin Sulfate,438,15450.369999999995,35.0,439.0,2320,2023
Gentamicin Sulfate/Pf,Gentamicin Sulfate,582,24192.74,55.0,583.5,3788,2024
Gilteritinib Fumarate,Xospata,275,6204659.02,95.0,275.5,8265,2019
Gilteritinib Fumarate,Xospata,809,18415055.8,265.0,813.6,24260,2020
Gilteritinib Fumarate,Xospata,892,19708733.329999994,275.0,892.5,26582,2021
Gilteritinib Fumarate,Xospata,1044,24666232.279999997,332.0,1051.0,31292,2022
Gilteritinib Fumarate,Xospata,1332,30434523.58000001,415.0,1344.5,40014,2023
Gilteritinib Fumarate,Xospata,1846,39817119.87000001,558.0,1864.0,55483,2024
Givosiran Sodium,Givlaari,31,1235765.8199999998,10.0,31.0,916,2020
Givosiran Sodium,Givlaari,70,2884581.82,30.0,70.0,2072,2021
Givosiran Sodium,Givlaari,116,5162526.32,45.0,116.0,3424,2022
Givosiran Sodium,Givlaari,111,5267251.39,45.0,111.0,3170,2023
Givosiran Sodium,Givlaari,196,11526729.42,80.0,196.0,5358,2024
Glasdegib Maleate,Daurismo,12,205967.4,5.0,12.0,338,2019
Glasdegib Maleate,Daurismo,14,255266.24,5.0,14.0,420,2020
Glasdegib Maleate,Daurismo,11,223675.86,5.0,11.0,330,2021
Glasdegib Maleate,Daurismo,13,230869.37,5.0,13.0,346,2024
Glatiramer Acetate,Copaxone,169563,933942895.14,34879.0,180339.6,5030235,2019
Glatiramer Acetate,Copaxone,150469,822537863.93,31412.0,161890.7,4499197,2020
Glatiramer Acetate,Copaxone,126391,659022114.7400004,28264.0,134424.9,3718756,2021
Glatiramer Acetate,Copaxone,103956,537645802.5899999,24025.0,110433.5,3058603,2022
Glatiramer Acetate,Copaxone,90775,447002288.96,21464.0,95696.5,2646989,2023
Glatiramer Acetate,Glatiramer Acetate,76592,297193453.18999994,18870.0,80982.00000000001,2242031,2024
Glecaprevir/Pibrentasvir,Mavyret,14862,201074455.23000008,5835.0,14901.299999999996,416163,2019
Glecaprevir/Pibrentasvir,Mavyret,4889,66326511.56,1998.0,4904.200000000001,137230,2020
Glecaprevir/Pibrentasvir,Mavyret,3520,48227426.50000001,1470.0,3529.9000000000005,98809,2021
Glecaprevir/Pibrentasvir,Mavyret,2667,36837163.48,1132.0,2670.5,74794,2022
Glecaprevir/Pibrentasvir,Mavyret,2301,31937349.56000001,1007.0,2310.7,64694,2023
Glecaprevir/Pibrentasvir,Mavyret,1239,16103254.670000004,523.0,1239.9,34722,2024
Glimepiride,Glimepiride,5471540,75261362.76999998,1411164.0,12081544.1,359895554,2019
Glimepiride,Glimepiride,5215588,66075489.63,1370326.0,12040833.700000005,358928563,2020
Glimepiride,Glimepiride,4882859,60545361.56,1328049.0,11584527.7,345433049,2021
Glimepiride,Glimepiride,4519316,54565414.96,1248020.0,10872058.999999996,324044155,2022
Glimepiride,Glimepiride,4214846,56389807.78000001,1174080.0,10257002.8,305672540,2023
Glimepiride,Glimepiride,4104456,37046460.70999999,1141163.0,10025196.899999997,298695906,2024
Glipizide,Glipizide,6948139,97375345.85000002,1844962.0,14963376.4,444260427,2019
Glipizide,Glipizide,6937216,88044174.32000001,1864428.0,15655458.800000004,465249673,2020
Glipizide,Glipizide Er,6843530,88202677.69000003,1892664.0,15871466.6,471783775,2021
Glipizide,Glipizide,6750116,89511465.46,1897347.0,15913103.799999991,472965160,2022
Glipizide,Glipizide,6621024,105162508.81,1879495.0,15798268.400000004,469422176,2023
Glipizide,Glipizide,6701877,77749211.82,1900568.0,16070851.699999996,477364819,2024
Glipizide/Metformin Hcl,Glipizide-Metformin,185155,13247695.27,48926.0,369304.3,11005478,2019
Glipizide/Metformin Hcl,Glipizide-Metformin,164521,9760132.97,44111.0,345423.2,10297061,2020
Glipizide/Metformin Hcl,Glipizide-Metformin,149399,8843151.780000003,41120.0,321359.9,9582214,2021
Glipizide/Metformin Hcl,Glipizide-Metformin,136659,8900699.149999999,38018.0,300497.3999999999,8957252,2022
Glipizide/Metformin Hcl,Glipizide-Metformin,126293,8918387.320000002,36028.0,282684.5,8428137,2023
Glipizide/Metformin Hcl,Glipizide-Metformin,120960,6126322.089999999,34541.0,271535.60000000003,8094840,2024
Glucagon,Baqsimi,239,105218.28,162.0,257.7,3946,2019
Glucagon,Baqsimi,6793,3505975.040000001,4608.0,7360.799999999999,121467,2020
Glucagon,Baqsimi,40399,17975717.499999993,22154.0,42501.10000000002,480955,2021
Glucagon,Baqsimi,50916,24626618.62,28099.0,53847.09999999999,705494,2022
Glucagon,Gvoke Hypopen 2-Pack,71611,37381060.86,41006.0,75932.0,1073673,2023
Glucagon,Gvoke Hypopen 1-Pack,84427,42487118.45,49368.0,89704.1,1231189,2024
Glucagon Hcl,Glucagon Emergency Kit,140,51729.93,61.0,140.0,218,2020
Glucagon Hcl,Glucagon Emergency Kit,655,208804.34999999992,275.0,655.0,2071,2021
Glucagon Hcl,Glucagon Emergency Kit,885,275114.04000000004,293.0,885.0,11016,2022
Glucagon Hcl,Glucagon Emergency Kit,877,264366.17000000004,277.0,877.0,22702,2023
Glucagon Hcl,Glucagon Emergency Kit,1217,371477.3199999999,418.0,1217.0,24817,2024
"Glucagon,human Recombinant",Glucagon Emergency Kit,57294,20682887.95,26160.0,58505.80000000001,329707,2019
"Glucagon,human Recombinant",Glucagon Emergency Kit,44013,16522008.54,19943.0,45146.8,283457,2020
Glutamine,Endari,1003,2910764.42,286.0,1009.0,30056,2019
Glutamine,Endari,1254,3867575.81,289.0,1267.0,37947,2020
Glutamine,Endari,1040,3364370.0500000003,265.0,1054.0,31461,2021
Glutamine,Endari,945,3092569.8200000003,299.0,955.3,28306,2022
Glutamine,Endari,1122,4101249.310000001,309.0,1168.5,34271,2023
Glutamine,Endari,613,2052285.91,179.0,617.0,18167,2024
Glyburide,Glyburide,102565,2147527.6900000004,31381.0,177479.4,5206138,2019
Glyburide,Glyburide,97491,2047410.37,29743.0,175854.80000000002,5178863,2020
Glyburide,Glyburide,81525,1624793.22,24887.0,149213.79999999996,4389607,2021
Glyburide,Glyburide,73493,1488555.59,22341.0,136002.00000000003,3991414,2022
Glyburide,Glyburide,62682,1195196.5399999998,19271.0,116863.80000000002,3428442,2023
Glyburide,Glyburide,57693,738002.8,17940.0,109532.1,3217365,2024
"Glyburide,micronized",Glyburide Micronized,3326,40204.57,1071.0,5295.099999999999,156776,2019
"Glyburide,micronized",Glyburide Micronized,2694,41647.920000000006,878.0,4431.500000000001,130489,2020
"Glyburide,micronized",Glyburide Micronized,2199,37769.19000000001,679.0,3635.3,105594,2021
"Glyburide,micronized",Glyburide Micronized,1894,33227.19999999999,572.0,3249.2,95799,2022
"Glyburide,micronized",Glyburide Micronized,1634,31310.87000000001,498.0,2854.1,84179,2023
"Glyburide,micronized",Glyburide Micronized,1330,25462.139999999992,438.0,2287.8,68214,2024
Glyburide/Metformin Hcl,Glyburide-Metformin Hcl,25147,422533.3799999999,7961.0,41199.00000000001,1224436,2019
Glyburide/Metformin Hcl,Glyburide-Metformin Hcl,23219,450254.7299999999,7298.0,39416.7,1174119,2020
Glyburide/Metformin Hcl,Glyburide-Metformin Hcl,17603,309897.5000000001,5512.0,30863.000000000004,916026,2021
Glyburide/Metformin Hcl,Glyburide-Metformin Hcl,14609,280500.82,4709.0,26008.500000000004,775518,2022
Glyburide/Metformin Hcl,Glyburide-Metformin Hcl,12063,248576.72999999995,3900.0,21791.8,649349,2023
Glyburide/Metformin Hcl,Glyburide-Metformin Hcl,10775,171703.69,3516.0,19675.699999999997,582872,2024
Glycerol Phenylbutyrate,Ravicti,444,36434500.150000006,135.0,453.4,13149,2019
Glycerol Phenylbutyrate,Ravicti,451,39686438.52,140.0,458.3,13295,2020
Glycerol Phenylbutyrate,Ravicti,512,44670778.70999999,160.0,521.3,15006,2021
Glycerol Phenylbutyrate,Ravicti,529,46492609.74,140.0,537.4,15467,2022
Glycerol Phenylbutyrate,Ravicti,601,56919977.26999999,155.0,610.6,17545,2023
Glycerol Phenylbutyrate,Ravicti,719,61060146.06,185.0,731.2,21226,2024
Glycopyrrol/Nebulizer/Accessor,Lonhala Magnair Starter,1266,1507407.9900000002,792.0,1299.2,38617,2019
Glycopyrrol/Nebulizer/Accessor,Lonhala Magnair Starter,480,564293.66,200.0,480.0,14331,2020
Glycopyrrol/Nebulizer/Accessor,Lonhala Magnair Starter,325,409368.51,115.0,327.0,9810,2021
Glycopyrrol/Nebulizer/Accessor,Lonhala Magnair Starter,94,125853.97,35.0,94.0,2820,2022
Glycopyrrol/Nebulizer/Accessor,Lonhala Magnair Starter,12,16020.72,5.0,12.0,360,2023
Glycopyrrolate,Glycopyrrolate,130311,6412584.460000002,35627.0,142811.4,3701638,2019
Glycopyrrolate,Glycopyrrolate,130650,6128447.919999999,35365.0,144082.9,3743078,2020
Glycopyrrolate,Glycopyrrolate,127868,5052707.23,35274.0,142617.60000000003,3716152,2021
Glycopyrrolate,Glycopyrrolate,127114,4956782.730000002,34841.0,143510.49999999997,3727976,2022
Glycopyrrolate,Glycopyrrolate,131152,6221014.609999999,35583.0,148474.5,3831214,2023
Glycopyrrolate,Glycopyrrolate,133879,5814828.899999996,36081.0,152763.40000000002,3945043,2024
Glycopyrrolate/Formoterol Fum,Bevespi Aerosphere,93078,39599700.14,26134.0,109115.59999999998,3240775,2019
Glycopyrrolate/Formoterol Fum,Bevespi Aerosphere,94910,42315052.48,25464.0,112819.8,3343495,2020
Glycopyrrolate/Formoterol Fum,Bevespi Aerosphere,81386,40014995.6,22457.0,98025.6,2925501,2021
Glycopyrrolate/Formoterol Fum,Bevespi Aerosphere,63105,32157902.40000001,18231.0,75495.3,2258137,2022
Glycopyrrolate/Formoterol Fum,Bevespi Aerosphere,55228,29061556.739999995,16255.0,65801.9,1971204,2023
Glycopyrrolate/Formoterol Fum,Bevespi Aerosphere,59678,28994624.83,17430.0,70981.79999999999,2126849,2024
Glycopyrrolate/Neb.Accessories,Lonhala Magnair Refill,9217,11272010.37,2438.0,9697.0,289977,2019
Glycopyrrolate/Neb.Accessories,Lonhala Magnair Refill,11009,13270682.190000003,2808.0,11333.0,339146,2020
Glycopyrrolate/Neb.Accessories,Lonhala Magnair Refill,6971,8814557.639999999,1780.0,7071.0,211936,2021
Glycopyrrolate/Neb.Accessories,Lonhala Magnair Refill,3342,4559858.199999999,1022.0,3418.0,102138,2022
Glycopyrrolate/Neb.Accessories,Lonhala Magnair Refill,183,255057.72000000003,60.0,189.0,5670,2023
Glycopyrronium Tosylate,Qbrexza,207,139802.22,76.0,224.5,6690,2020
Glycopyrronium Tosylate,Qbrexza,225,139454.57,75.0,225.0,6606,2021
Glycopyrronium Tosylate,Qbrexza,239,162658.49,106.0,245.0,7283,2022
Glycopyrronium Tosylate,Qbrexza,545,387533.5599999999,172.0,558.0,16538,2023
Glycopyrronium Tosylate,Qbrexza,578,370530.69,196.0,579.0,16965,2024
Golimumab,Simponi,15223,86593722.94999997,4199.0,16922.3,490345,2019
Golimumab,Simponi,14978,89778936.41999999,4191.0,16988.000000000007,492626,2020
Golimumab,Simponi,16597,103341013.45999998,4709.0,18435.9,534114,2021
Golimumab,Simponi,18305,121776568.48000003,5047.0,20709.300000000003,604637,2022
Golimumab,Simponi Aria,19841,137309706.89000005,5402.0,22236.500000000007,650619,2023
Golimumab,Simponi,21232,145301928.04999995,5767.0,24449.4,714207,2024
Golodirsen,Vyondys-53,13,1465329.43,5.0,13.0,352,2020
Golodirsen,Vyondys-53,25,2653195.54,10.0,25.0,700,2021
Golodirsen,Vyondys-53,12,1286129.28,5.0,12.0,336,2022
Golodirsen,Vyondys-53,12,2240346.2,5.0,12.0,336,2023
Golodirsen,Vyondys-53,26,2955187.2,10.0,26.0,728,2024
Goserelin Acetate,Zoladex,226,219866.41000000003,81.0,338.20000000000005,9881,2019
Goserelin Acetate,Zoladex,193,171502.86000000002,68.0,252.2,7358,2020
Goserelin Acetate,Zoladex,296,279325.27,83.0,369.0,10720,2021
Goserelin Acetate,Zoladex,243,255007.55,85.0,318.0,9218,2022
Goserelin Acetate,Zoladex,175,180390.28,65.0,196.4,5656,2023
Goserelin Acetate,Zoladex,179,189356.47000000003,65.0,202.2,5786,2024
Gr Pol-Orc/Sw Ver/Rye/Kent/Tim,Oralair,61,32285.73,25.0,73.0,2190,2019
Gr Pol-Orc/Sw Ver/Rye/Kent/Tim,Oralair,66,36721.1,25.0,86.0,2580,2020
Gr Pol-Orc/Sw Ver/Rye/Kent/Tim,Oralair,54,36931.46,20.0,84.0,2520,2021
Gr Pol-Orc/Sw Ver/Rye/Kent/Tim,Oralair,39,31365.05,15.0,71.0,2130,2022
Gr Pol-Orc/Sw Ver/Rye/Kent/Tim,Oralair,29,18520.65,10.0,39.0,1170,2023
Gr Pol-Orc/Sw Ver/Rye/Kent/Tim,Oralair,12,7711.77,5.0,18.0,540,2024
Granisetron,Sancuso,2318,3245328.4199999995,729.0,2349.4000000000005,45977,2019
Granisetron,Sancuso,1940,2797923.1699999995,598.0,1951.4,38452,2020
Granisetron,Sancuso,1426,2630837.77,488.0,1441.0,32262,2021
Granisetron,Sancuso,1425,2529799.89,432.0,1453.6,31507,2022
Granisetron,Sancuso,1246,2486413.35,410.0,1269.9,29326,2023
Granisetron,Sustol,1295,2429936.6300000004,476.0,1370.8000000000002,31837,2024
Granisetron Hcl,Granisetron Hcl,2712,269647.4,929.0,2732.0,49328,2019
Granisetron Hcl,Granisetron Hcl,2392,323957.03,927.0,2421.8,40609,2020
Granisetron Hcl,Granisetron Hcl,2691,307380.7,1025.0,2711.6000000000004,43366,2021
Granisetron Hcl,Granisetron Hcl,2879,445726.5099999999,1161.0,2923.9,47393,2022
Granisetron Hcl,Granisetron Hcl,3226,423829.5299999999,1458.0,3281.1,67506,2023
Granisetron Hcl,Granisetron Hcl,3700,483686.0000000001,1497.0,3772.9,78541,2024
Granisetron Hcl/Pf,Granisetron Hcl,303,17660.2,82.0,305.2,5302,2019
Granisetron Hcl/Pf,Granisetron Hcl,657,42062.63,152.0,661.5,12115,2020
Granisetron Hcl/Pf,Granisetron Hcl,695,40648.09999999999,181.0,697.0,14122,2021
Granisetron Hcl/Pf,Granisetron Hcl,875,48454.64,192.0,876.6999999999999,17814,2022
Granisetron Hcl/Pf,Granisetron Hcl,1313,70840.08,273.0,1318.8,25316,2023
Granisetron Hcl/Pf,Granisetron Hcl,1186,36741.02,276.0,1187.4,25049,2024
"Grass Pollen-Timothy, Standard",Grastek,35,14048.329999999998,15.0,41.0,1230,2020
"Grass Pollen-Timothy, Standard",Grastek,115,39102.59,45.0,117.0,3510,2021
"Grass Pollen-Timothy, Standard",Grastek,133,48738.87,50.0,141.0,4143,2022
"Grass Pollen-Timothy, Standard",Grastek,147,57927.77,55.0,165.0,4950,2023
"Grass Pollen-Timothy, Standard",Grastek,204,81357.04,65.0,240.0,7200,2024
Griseofulvin Ultramicrosize,Griseofulvin Ultramicrosize,755,168801.68000000002,340.0,804.7,21192,2019
Griseofulvin Ultramicrosize,Griseofulvin Ultramicrosize,424,101672.02,178.0,437.8,11404,2020
Griseofulvin Ultramicrosize,Griseofulvin Ultramicrosize,841,181469.6600000001,388.0,898.0,22989,2021
Griseofulvin Ultramicrosize,Griseofulvin Ultramicrosize,740,184033.51,333.0,802.8,21250,2022
Griseofulvin Ultramicrosize,Griseofulvin Ultramicrosize,925,236650.99,353.0,1018.8,28507,2023
Griseofulvin Ultramicrosize,Griseofulvin Ultramicrosize,1023,215230.13000000003,403.0,1138.3,31289,2024
"Griseofulvin, Microsize",Griseofulvin,639,119968.50999999997,322.0,717.3000000000001,18749,2019
"Griseofulvin, Microsize",Griseofulvin,637,119927.47,250.0,714.9,18589,2020
"Griseofulvin, Microsize",Griseofulvin,719,167782.11,336.0,803.8,21074,2021
"Griseofulvin, Microsize",Griseofulvin,682,144437.6,326.0,715.9999999999999,17496,2022
"Griseofulvin, Microsize",Griseofulvin,742,156734.01,302.0,784.6,18802,2023
"Griseofulvin, Microsize",Griseofulvin,962,209509.45,413.0,1006.9,23362,2024
Guanfacine Hcl,Guanfacine Hcl Er,72459,3457852.789999999,20005.0,85827.59999999998,2441319,2019
Guanfacine Hcl,Guanfacine Hcl,82286,4199306.120000001,22641.0,98450.4,2822765,2020
Guanfacine Hcl,Guanfacine Hcl,91449,4572508.840000001,24903.0,109442.90000000002,3132697,2021
Guanfacine Hcl,Guanfacine Hcl,102182,5040276.7,27837.0,122935.9,3517248,2022
Guanfacine Hcl,Guanfacine Hcl,121707,5521332.430000002,32751.0,146440.8,4184255,2023
Guanfacine Hcl,Guanfacine Hcl,140181,4836724.899999999,36979.0,168585.09999999998,4788059,2024
Guselkumab,Tremfya,3533,39408417.92,1106.0,6190.799999999999,184783,2019
Guselkumab,Tremfya,4371,50753188.63,1361.0,7788.099999999998,232893,2020
Guselkumab,Tremfya,7855,96498257.62,2379.0,13884.200000000004,414634,2021
Guselkumab,Tremfya,12418,162263959.63,3664.0,22013.09999999999,657622,2022
Guselkumab,Tremfya,15109,207640285.19000003,4405.0,27083.900000000005,808501,2023
Guselkumab,Tremfya,19172,257287952.49,5716.0,34507.99999999999,1032195,2024
Haemoph B Poly Conj-Tet Tox/Pf,Acthib,30,829.61,30.0,30.0,88,2019
Haemoph B Poly Conj-Tet Tox/Pf,Acthib,56,1406.14,43.0,56.0,56,2020
Haemoph B Poly Conj-Tet Tox/Pf,Hiberix,142,3662.62,79.0,142.0,287,2021
Haemoph B Poly Conj-Tet Tox/Pf,Hiberix,292,8241.439999999999,226.0,292.0,408,2022
Haemoph B Poly Conj-Tet Tox/Pf,Acthib,530,15829.25,472.0,530.0,559,2023
Haemoph B Poly Conj-Tet Tox/Pf,Hiberix,573,13950.300000000005,459.0,573.0,771,2024
Haemph B Polysac Conj-Menin/Pf,Pedvaxhib,33,1001.8,10.0,33.0,33,2019
Haemph B Polysac Conj-Menin/Pf,Pedvaxhib,51,2271.7200000000003,27.0,51.0,51,2021
Haemph B Polysac Conj-Menin/Pf,Pedvaxhib,91,4344.110000000001,51.0,91.0,91,2022
Haemph B Polysac Conj-Menin/Pf,Pedvaxhib,112,4227.200000000001,79.0,112.0,112,2023
Haemph B Polysac Conj-Menin/Pf,Pedvaxhib,215,8969.27,112.0,215.0,650,2024
Halcinonide,Halog,183,190095.65,105.0,183.0,5240,2019
Halcinonide,Halcinonide,745,856558.95,309.0,747.0,22227,2020
Halcinonide,Halcinonide,939,1087471.86,359.0,939.0,28080,2021
Halcinonide,Halcinonide,1298,1558165.71,424.0,1310.0,39225,2022
Halcinonide,Halcinonide,665,679302.08,208.0,675.0,20154,2023
Halcinonide,Halcinonide,825,917963.11,284.0,826.0,24555,2024
Halobetasol Propion/Tazarotene,Duobrii,101,84877.09,45.0,105.0,3135,2019
Halobetasol Propion/Tazarotene,Duobrii,283,236977.32,111.0,284.4,8184,2020
Halobetasol Propion/Tazarotene,Duobrii,259,236471.43,115.0,267.6,7826,2021
Halobetasol Propion/Tazarotene,Duobrii,105,103886.34,44.0,108.0,3189,2022
Halobetasol Propion/Tazarotene,Duobrii,50,54825.490000000005,26.0,50.0,1490,2023
Halobetasol Propion/Tazarotene,Duobrii,62,62544.02,30.0,68.0,2015,2024
Halobetasol Propionate,Halobetasol Propionate,150761,20853634.04,65305.0,155688.3,3973502,2019
Halobetasol Propionate,Halobetasol Propionate,147367,16210844.229999997,61765.0,155600.80000000002,4236432,2020
Halobetasol Propionate,Halobetasol Propionate,149962,15969047.86,63049.0,156732.80000000005,4277332,2021
Halobetasol Propionate,Halobetasol Propionate,141621,17787195.790000003,60323.0,149193.20000000004,4122650,2022
Halobetasol Propionate,Halobetasol Propionate,121574,11921358.38,53602.0,128750.19999999998,3548292,2023
Halobetasol Propionate,Halobetasol Propionate,113396,7698145.1,51358.0,119997.00000000004,3347441,2024
Haloperidol,Haloperidol,674321,25830581.009999994,126288.0,728760.8,19594129,2019
Haloperidol,Haloperidol,760186,29000569.01,137618.0,825938.6000000002,22244719,2020
Haloperidol,Haloperidol,772657,29271613.91999999,139142.0,836075.2999999998,22392629,2021
Haloperidol,Haloperidol,768289,28295199.549999997,138207.0,829058.3999999999,22043426,2022
Haloperidol,Haloperidol,763757,25871888.629999995,137036.0,825223.1999999996,21800897,2023
Haloperidol,Haloperidol,766454,22727570.84,135651.0,827820.7999999998,21637249,2024
Haloperidol Decanoate,Haloperidol Decanoate,265797,17964468.4,51299.0,272665.19999999995,7152545,2019
Haloperidol Decanoate,Haloperidol Decanoate,266393,17177615.5,48316.0,272471.9,7149320,2020
Haloperidol Decanoate,Haloperidol Decanoate,264598,16199263.950000005,47465.0,270050.5,7090072,2021
Haloperidol Decanoate,Haloperidol Decanoate,265118,15705158.21,47381.0,270078.30000000005,7104174,2022
Haloperidol Decanoate,Haloperidol Decanoate,263164,14445635.409999998,47211.0,267893.7,7045949,2023
Haloperidol Decanoate,Haloperidol Decanoate,266546,12992049.76,47318.0,270611.8,7128501,2024
Haloperidol Lactate,Haloperidol Lactate,98061,1924646.8700000008,28070.0,101096.9,1889822,2019
Haloperidol Lactate,Haloperidol Lactate,58794,1495253.91,18396.0,59978.7,966414,2020
Haloperidol Lactate,Haloperidol Lactate,41040,1037694.36,14411.0,41782.89999999999,615041,2021
Haloperidol Lactate,Haloperidol Lactate,35718,933394.64,14132.0,36322.70000000001,478831,2022
Haloperidol Lactate,Haloperidol Lactate,33211,921552.0000000002,13813.0,33670.99999999999,402779,2023
Haloperidol Lactate,Haloperidol Lactate,31461,790064.9899999998,13783.0,31943.200000000004,375334,2024
Hep B Vaccine/Dp(A)t-Polio/Pf,Pediarix,30,2518.09,10.0,30.0,30,2019
Hep B Vaccine/Dp(A)t-Polio/Pf,Pediarix,27,2768.5,10.0,27.0,27,2022
Hep B Vaccine/Dp(A)t-Polio/Pf,Pediarix,41,4348.55,21.0,41.0,45,2024
"Heparin Sodium,porcine",Heparin Sodium,63132,3328937.58,12420.0,63314.00000000001,635710,2019
"Heparin Sodium,porcine",Heparin Sodium,49455,2823261.43,10896.0,49603.3,507327,2020
"Heparin Sodium,porcine",Heparin Sodium,41011,2150610.1300000004,8860.0,41161.20000000001,439467,2021
"Heparin Sodium,porcine",Heparin Sodium,36780,2003117.77,8250.0,36891.9,396681,2022
"Heparin Sodium,porcine",Heparin Sodium,32987,1846884.16,7347.0,33150.49999999999,356669,2023
"Heparin Sodium,porcine",Heparin Sodium,29955,1590599.08,7023.0,30094.9,331369,2024
"Heparin Sodium,porcine/Pf",Heparin Sodium,121,15391.85,51.0,121.2,1413,2019
"Heparin Sodium,porcine/Pf",Heparin Sodium,231,34758.24,91.0,231.6,3993,2020
"Heparin Sodium,porcine/Pf",Heparin Sodium,80,5523.67,28.0,80.0,1041,2021
"Heparin Sodium,porcine/Pf",Heparin Sodium,83,1825.26,15.0,83.0,430,2022
"Heparin Sodium,porcine/Pf",Heparin Sodium,40,2303.0,10.0,40.0,280,2023
"Heparin Sodium,porcine/Pf",Heparin Sodium,99,5306.02,15.0,99.0,497,2024
Hepatitis A And B Vaccine/Pf,Twinrix,42664,5291878.050000001,27139.0,42938.0,110654,2019
Hepatitis A And B Vaccine/Pf,Twinrix,23626,3065524.3,16879.0,23746.7,44235,2020
Hepatitis A And B Vaccine/Pf,Twinrix,16100,2171368.93,11169.0,16124.0,25055,2021
Hepatitis A And B Vaccine/Pf,Twinrix,44393,6193638.420000001,28751.0,44419.3,55699,2022
Hepatitis A And B Vaccine/Pf,Twinrix,170056,24932726.430000007,108404.0,170116.8,194649,2023
Hepatitis A And B Vaccine/Pf,Twinrix,259716,33112431.93,180040.0,259852.49999999997,304238,2024
Hepatitis A Virus Vaccine/Pf,Havrix,149805,13213364.070000004,135572.0,151792.7,452384,2019
Hepatitis A Virus Vaccine/Pf,Havrix,39675,3572165.0700000003,37138.0,39915.1,87114,2020
Hepatitis A Virus Vaccine/Pf,Havrix,10662,986818.5300000004,10124.0,10703.2,22354,2021
Hepatitis A Virus Vaccine/Pf,Havrix,19845,1867852.3,18347.0,19857.3,31423,2022
Hepatitis A Virus Vaccine/Pf,Havrix,37047,3689584.45,33735.0,37087.0,59126,2023
Hepatitis A Virus Vaccine/Pf,Havrix,44945,4190602.579999999,41467.0,44969.0,79593,2024
Hepatitis B Immun Glob/Maltose,Hepagam B,13,67626.26,5.0,13.0,364,2020
Hepatitis B Immune Globulin,Nabi-Hb,13,9171.63,5.0,13.0,364,2024
Hepatitis B Vaccine/Cpg1018/Pf,Heplisav-B,1835,296732.17000000004,1238.0,1835.0,1896,2023
Hepatitis B Vaccine/Cpg1018/Pf,Heplisav-B,2727,425701.6400000001,1856.0,2727.0,3539,2024
Hepatitis B Virus Vaccine/Pf,Engerix-B Adult,894,70961.9,502.0,896.0,4632,2019
Hepatitis B Virus Vaccine/Pf,Engerix-B Adult,595,47242.94,396.0,599.0,2624,2020
Hepatitis B Virus Vaccine/Pf,Engerix-B Adult,586,143098.82000000004,342.0,588.0,1685,2021
Hepatitis B Virus Vaccine/Pf,Engerix-B Adult,968,82592.65000000001,640.0,970.0,1697,2022
Hepatitis B Virus Vaccine/Pf,Engerix-B Adult,897,76123.13,520.0,897.0,1219,2023
Hepatitis B Virus Vaccine/Pf,Engerix-B Adult,504,41003.530000000006,310.0,504.0,997,2024
Hpv Vaccine 9-Valent/Pf,Gardasil 9,336,81744.12,228.0,339.0,1458,2019
Hpv Vaccine 9-Valent/Pf,Gardasil 9,863,217678.08,597.0,868.0,1332,2020
Hpv Vaccine 9-Valent/Pf,Gardasil 9,1531,418724.86,1121.0,1535.0,1709,2021
Hpv Vaccine 9-Valent/Pf,Gardasil 9,2456,710705.1600000001,1729.0,2460.3,2878,2022
Hpv Vaccine 9-Valent/Pf,Gardasil 9,3255,1010353.28,2353.0,3259.0,3578,2023
Hpv Vaccine 9-Valent/Pf,Gardasil 9,6188,1673759.03,4471.0,6192.0,6488,2024
Hydralazine Hcl,Hydralazine Hcl,4639538,84782071.54,1228962.0,7969162.899999999,230956966,2019
Hydralazine Hcl,Hydralazine Hcl,4692062,90770987.42999998,1256726.0,8561716.4,248876877,2020
Hydralazine Hcl,Hydralazine Hcl,4744935,85632927.43000002,1331633.0,8970496.0,260992574,2021
Hydralazine Hcl,Hydralazine Hcl,4860683,97213127.05,1386123.0,9364365.8,272267186,2022
Hydralazine Hcl,Hydralazine Hcl,5051600,96667414.70000002,1450208.0,9822626.9,285217294,2023
Hydralazine Hcl,Hydralazine Hcl,5299074,72299394.52999997,1515579.0,10366384.000000002,300201703,2024
Hydrochlorothiazide,Hydrochlorothiazide,17233308,101382767.92000002,5303661.0,39408832.09999999,1174734734,2019
Hydrochlorothiazide,Hydrochlorothiazide,19118173,108868759.91,5673864.0,45565003.1,1359175828,2020
Hydrochlorothiazide,Hydrochlorothiazide,18143851,95790650.88,5536453.0,44468424.4,1326697224,2021
Hydrochlorothiazide,Hydrochlorothiazide,17922107,95670325.93,5550503.0,44535854.20000001,1328574390,2022
Hydrochlorothiazide,Hydrochlorothiazide,17656054,95038209.20999996,5474277.0,44240447.60000001,1319383820,2023
Hydrochlorothiazide,Hydrochlorothiazide,17758779,78309967.53,5509489.0,44939553.1,1339935245,2024
Hydrocodone Bit/Homatrop Me-Br,Hydrocodone-Homatropine Mbr,111,2259.75,35.0,111.0,1145,2019
Hydrocodone Bit/Homatrop Me-Br,Hydrocodone-Homatropine Mbr,75,1316.44,25.0,75.6,951,2020
Hydrocodone Bit/Homatrop Me-Br,Hydromet,67,1360.93,20.0,67.0,985,2021
Hydrocodone Bit/Homatrop Me-Br,Hycodan,11,132.03,5.0,11.0,52,2022
Hydrocodone Bit/Homatrop Me-Br,Hydrocodone-Homatropine Mbr,17,252.93,15.0,17.0,75,2023
Hydrocodone Bit/Homatrop Me-Br,Hydrocodone-Homatropine Mbr,13,185.81,12.0,13.0,51,2024
Hydrocodone Bitartrate,Hysingla Er,66093,34539895.669999994,17420.0,66254.1,1873028,2019
Hydrocodone Bitartrate,Hydrocodone Bitartrate Er,62105,33205812.47,15993.0,62193.09999999999,1761953,2020
Hydrocodone Bitartrate,Hysingla Er,40822,22530950.020000007,11085.0,40897.3,1162330,2021
Hydrocodone Bitartrate,Hydrocodone Bitartrate Er,36015,20408663.659999996,9904.0,36073.2,1030697,2022
Hydrocodone Bitartrate,Hysingla Er,31275,18627039.52,8702.0,31311.5,895570,2023
Hydrocodone Bitartrate,Hysingla Er,23472,13577561.35,6695.0,23493.8,670896,2024
Hydrocodone/Acetaminophen,Hydrocodone-Acetaminophen,21699131,442457146.8099999,7195583.0,21780155.5,464929407,2019
Hydrocodone/Acetaminophen,Hydrocodone-Acetaminophen,20659672,428638402.5900001,6466402.0,20725404.4,450292548,2020
Hydrocodone/Acetaminophen,Hydrocodone-Acetaminophen,20141704,448070320.3199999,6624735.0,20195867.600000005,429870655,2021
Hydrocodone/Acetaminophen,Hydrocodone-Acetaminophen,19633438,417610604.43,6625350.0,19681275.9,415312504,2022
Hydrocodone/Acetaminophen,Hydrocodone-Acetaminophen,18961158,412257483.83,6401473.0,18999375.300000004,401428408,2023
Hydrocodone/Acetaminophen,Hydrocodone-Acetaminophen,19057273,377112532.63,6499789.0,19094178.4,399862228,2024
Hydrocodone/Chlorphen P-Stirex,Hydrocodone-Chlorpheniramne Er,23,2305.82,10.0,23.0,690,2019
Hydrocodone/Ibuprofen,Hydrocodone-Ibuprofen,44391,2199954.4000000004,17101.0,44515.8,1055767,2019
Hydrocodone/Ibuprofen,Hydrocodone-Ibuprofen,38340,2071460.4400000004,14131.0,38414.70000000001,946239,2020
Hydrocodone/Ibuprofen,Hydrocodone-Ibuprofen,28120,1785134.47,10209.0,28173.2,712684,2021
Hydrocodone/Ibuprofen,Hydrocodone-Ibuprofen,24339,1826783.8900000004,8605.0,24387.0,624584,2022
Hydrocodone/Ibuprofen,Hydrocodone-Ibuprofen,5876,759321.7800000001,2209.0,5884.3,140139,2023
Hydrocodone/Ibuprofen,Hydrocodone-Ibuprofen,7227,765372.22,2782.0,7238.7,181504,2024
"Hydrocort/Min Oil/Petrolat,wht",Hydrocortisone,53,43457.35,37.0,53.0,742,2019
Hydrocortisone,Hydrocortisone,1381311,28478285.700000007,650536.0,1580328.6,36039914,2019
Hydrocortisone,Hydrocortisone,1403728,28774239.89,640365.0,1623494.4999999998,37906345,2020
Hydrocortisone,Hydrocortisone,1486875,34152128.080000006,712255.0,1729896.8999999997,40994655,2021
Hydrocortisone,Hydrocortisone,1562377,33697428.63,758610.0,1827656.6999999995,43752364,2022
Hydrocortisone,Hydrocortisone,1713566,35695169.64999999,848955.0,2004952.6000000003,48124019,2023
Hydrocortisone,Hydrocortisone,1932213,33592942.25,957901.0,2282160.9,56260545,2024
Hydrocortisone Acetate,Cortifoam,36,48609.15,15.0,44.0,1193,2022
Hydrocortisone Acetate,Cortifoam,64,55470.670000000006,20.0,64.0,1086,2023
Hydrocortisone Acetate,Cortifoam,59,32340.0,20.0,59.0,660,2024
Hydrocortisone Butyrate,Hydrocortisone Butyrate,11260,5184909.930000002,4767.0,11460.3,289593,2019
Hydrocortisone Butyrate,Hydrocortisone Butyrate,11910,5694865.970000002,5172.0,12617.099999999997,330283,2020
Hydrocortisone Butyrate,Hydrocortisone Butyrate,7018,3217588.58,3014.0,7151.2,188609,2021
Hydrocortisone Butyrate,Hydrocortisone Butyrate,4898,2484597.620000001,1929.0,5012.2,133046,2022
Hydrocortisone Butyrate,Hydrocortisone Butyrate,6521,4056227.82,2379.0,6875.299999999999,193912,2023
Hydrocortisone Butyrate,Hydrocortisone Butyrate,9608,4506183.350000001,2634.0,10477.9,305049,2024
Hydrocortisone Butyrate/Emoll,Hydrocortisone Butyrate,543,333069.37,211.0,560.5,15847,2019
Hydrocortisone Butyrate/Emoll,Hydrocortisone Butyrate,231,74334.29,85.0,231.0,6681,2020
Hydrocortisone Butyrate/Emoll,Hydrocortisone Butyrate,158,44934.25,55.0,158.0,4507,2021
Hydrocortisone Butyrate/Emoll,Hydrocortisone Butyrate,65,90051.76,39.0,95.0,2834,2022
Hydrocortisone Butyrate/Emoll,Hydrocortisone Butyrate,43,2706.32,26.0,43.0,1132,2023
Hydrocortisone Sod Succinate,Solu-Cortef,519,34964.21,120.0,536.4,5640,2019
Hydrocortisone Sod Succinate,Solu-Cortef,1078,77367.9,114.0,1100.0,7953,2020
Hydrocortisone Sod Succinate,Solu-Cortef,374,47094.95,106.0,385.3,6610,2021
Hydrocortisone Sod Succinate,Solu-Cortef,326,40790.72,80.0,338.4,5110,2022
Hydrocortisone Sod Succinate,Solu-Cortef,194,25141.759999999995,68.0,202.6,3455,2023
Hydrocortisone Sod Succinate,Solu-Cortef,174,40632.9,61.0,183.6,3035,2024
Hydrocortisone Sodium Succ/Pf,Solu-Cortef,2120,193249.23,651.0,2199.9,28661,2019
Hydrocortisone Sodium Succ/Pf,Solu-Cortef,2456,205756.23,878.0,2645.3,39736,2020
Hydrocortisone Sodium Succ/Pf,Solu-Cortef,2071,216676.7800000001,728.0,2221.7,34781,2021
Hydrocortisone Sodium Succ/Pf,Solu-Cortef,2568,250223.21,955.0,2701.1,39743,2022
Hydrocortisone Sodium Succ/Pf,Solu-Cortef,2040,177629.85,735.0,2131.8,29399,2023
Hydrocortisone Sodium Succ/Pf,Solu-Cortef,3679,371054.9199999999,1457.0,3886.3,54658,2024
Hydrocortisone Valerate,Hydrocortisone Valerate,24799,2837627.67,12116.0,25886.3,605074,2019
Hydrocortisone Valerate,Hydrocortisone Valerate,15127,1503579.6800000002,7025.0,15751.900000000003,380827,2020
Hydrocortisone Valerate,Hydrocortisone Valerate,12035,1296935.2199999995,6118.0,12676.2,311973,2021
Hydrocortisone Valerate,Hydrocortisone Valerate,9054,1162289.8099999996,4456.0,9704.7,245583,2022
Hydrocortisone Valerate,Hydrocortisone Valerate,6006,545123.1199999999,3153.0,6326.000000000001,161643,2023
Hydrocortisone Valerate,Hydrocortisone Valerate,6628,413265.6900000002,3575.0,7066.400000000001,181692,2024
Hydrocortisone/Acetic Acid,Hydrocortisone-Acetic Acid,2770,271900.23,1892.0,3059.8,57192,2019
Hydrocortisone/Acetic Acid,Hydrocortisone-Acetic Acid,2296,235310.94,1517.0,2471.9,46875,2020
Hydrocortisone/Acetic Acid,Hydrocortisone-Acetic Acid,3695,395344.86,2413.0,3963.400000000001,70743,2021
Hydrocortisone/Acetic Acid,Hydrocortisone-Acetic Acid,4735,545055.9199999999,3135.0,5168.499999999998,95813,2022
Hydrocortisone/Acetic Acid,Hydrocortisone-Acetic Acid,2648,317581.88000000006,1768.0,2917.4,54293,2023
Hydrocortisone/Acetic Acid,Hydrocortisone-Acetic Acid,3232,336675.7699999999,2079.0,3527.0,64054,2024
Hydrocortisone/Pramoxine,Proctofoam-Hc,1033,216621.25,392.0,1039.0,17434,2019
Hydrocortisone/Pramoxine,Hydrocortisone-Pramoxine,463,96368.38,167.0,463.0,6828,2020
Hydrocortisone/Pramoxine,Proctofoam-Hc,775,192505.82,289.0,787.9,14237,2021
Hydrocortisone/Pramoxine,Proctofoam-Hc,619,120660.52,231.0,633.1,11557,2022
Hydrocortisone/Pramoxine,Proctofoam-Hc,910,220348.83,322.0,933.7,15966,2023
Hydrocortisone/Pramoxine,Proctofoam-Hc,1281,308004.90000000014,481.0,1290.1,21531,2024
Hydromorphone Hcl,Hydromorphone Hcl,690454,23536914.360000007,186964.0,691818.8999999999,15719007,2019
Hydromorphone Hcl,Hydromorphone Hcl,663031,21921613.320000008,175270.0,664131.2999999999,15106525,2020
Hydromorphone Hcl,Hydromorphone Hcl,639452,22708443.179999992,176070.0,640435.1,14237132,2021
Hydromorphone Hcl,Hydromorphone Hcl,619743,21025616.23,176428.0,620628.5999999999,13638363,2022
Hydromorphone Hcl,Hydromorphone Hcl,627630,17866325.130000003,186977.0,628507.9,13484676,2023
Hydromorphone Hcl,Hydromorphone Hcl,533907,13126111.86,156227.0,534596.1,11296572,2024
Hydromorphone Hcl/Pf,Hydromorphone Hcl,1357,351976.67000000004,248.0,1357.3,10744,2019
Hydromorphone Hcl/Pf,Hydromorphone Hcl,1220,173709.54,264.0,1220.0,9521,2020
Hydromorphone Hcl/Pf,Hydromorphone Hcl,834,147649.38999999998,183.0,834.4,7062,2021
Hydromorphone Hcl/Pf,Hydromorphone Hcl,804,187904.04,169.0,805.1,6430,2022
Hydromorphone Hcl/Pf,Dilaudid,451,118074.54000000002,100.0,451.0,3860,2023
Hydromorphone Hcl/Pf,Hydromorphone Hcl,606,102502.66,132.0,606.0,4562,2024
Hydroxychloroquine Sulfate,Hydroxychloroquine Sulfate,1726675,185128640.72,474475.0,3183954.9000000004,94627518,2019
Hydroxychloroquine Sulfate,Hydroxychloroquine Sulfate,2089535,168594399.72999993,566278.0,3685220.9,107577492,2020
Hydroxychloroquine Sulfate,Hydroxychloroquine Sulfate,2052271,147744066.98999995,592725.0,3930090.8,115968085,2021
Hydroxychloroquine Sulfate,Hydroxychloroquine Sulfate,2051319,146910755.27,609371.0,4079667.9,120713471,2022
Hydroxychloroquine Sulfate,Hydroxychloroquine Sulfate,2064601,131893832.60999995,613254.0,4244908.9,126113000,2023
Hydroxychloroquine Sulfate,Hydroxychloroquine Sulfate,2224881,86686403.38,663800.0,4672659.8,138842676,2024
Hydroxyprogesterone Caproat/Pf,Hydroxyprogesterone Caproate,24,36766.58,10.0,24.0,417,2019
Hydroxyprogesterone Caproat/Pf,Hydroxyprogesterone Caproate,27,16304.47,10.0,27.0,189,2020
Hydroxyprogesterone Caproat/Pf,Makena,42,69803.11,15.0,42.0,819,2021
Hydroxyprogesterone Caproat/Pf,Hydroxyprogesterone Caproate,11,3120.45,5.0,11.0,91,2023
Hydroxypropyl Cellulose,Lacrisert,1060,698221.33,390.0,1222.0,36285,2019
Hydroxypropyl Cellulose,Lacrisert,140,112200.99999999996,50.0,163.0,4631,2020
Hydroxypropyl Cellulose,Lacrisert,225,151444.0,85.0,248.5,7350,2021
Hydroxypropyl Cellulose,Lacrisert,11,8095.71,5.0,13.0,390,2022
Hydroxyurea,Hydroxyurea,349624,13104362.87,80842.0,577997.2,17006475,2019
Hydroxyurea,Hydroxyurea,366886,13940722.339999998,85501.0,634139.2,18696536,2020
Hydroxyurea,Hydroxyurea,374582,14062368.05,89379.0,667339.3999999999,19689168,2021
Hydroxyurea,Hydroxyurea,381288,14228527.0,95136.0,706641.2000000001,20844555,2022
Hydroxyurea,Hydroxyurea,398823,14230996.250000002,102081.0,750771.3999999997,22145770,2023
Hydroxyurea,Hydroxyurea,434230,10898249.13,112826.0,834249.2000000002,24632831,2024
Hydroxyzine Hcl,Hydroxyzine Hcl,1887912,37201525.63,575864.0,2220601.7,56639616,2019
Hydroxyzine Hcl,Hydroxyzine Hcl,2324923,45834517.19,677571.0,2828822.7,73166135,2020
Hydroxyzine Hcl,Hydroxyzine Hcl,2558944,38792691.650000006,754338.0,3187390.2000000007,83114522,2021
Hydroxyzine Hcl,Hydroxyzine Hcl,2924614,56906438.54999999,866653.0,3693425.8,96648997,2022
Hydroxyzine Hcl,Hydroxyzine Hcl,3321511,67787713.27,990364.0,4234016.699999999,111050618,2023
Hydroxyzine Hcl,Hydroxyzine Hcl,3722990,60026408.77999999,1113737.0,4786910.399999999,125568765,2024
Hydroxyzine Pamoate,Hydroxyzine Pamoate,750746,8849496.740000002,223357.0,833528.8999999996,21994471,2019
Hydroxyzine Pamoate,Hydroxyzine Pamoate,937080,10345202.489999998,256050.0,1077130.7,28790543,2020
Hydroxyzine Pamoate,Hydroxyzine Pamoate,1006336,11661280.72,272124.0,1171775.7000000002,31354778,2021
Hydroxyzine Pamoate,Hydroxyzine Pamoate,1062375,13422390.31,287586.0,1244256.4000000004,33191337,2022
Hydroxyzine Pamoate,Hydroxyzine Pamoate,1127420,15346104.019999998,306304.0,1328556.3999999994,35357286,2023
Hydroxyzine Pamoate,Hydroxyzine Pamoate,1156883,13989119.740000002,314583.0,1363239.8,36060005,2024
Hyoscyamine Sulfate,Hyoscyamine Sulfate,8306,302065.9600000001,3021.0,8673.4,168510,2019
Hyoscyamine Sulfate,Hyoscyamine Sulfate,3242,142714.64,1121.0,3308.2999999999997,66461,2020
Hyoscyamine Sulfate,Hyoscyamine Sulfate,3805,123620.63,1376.0,3919.0,74537,2021
Hyoscyamine Sulfate,Hyoscyamine Sulfate,3583,109293.86000000002,1303.0,3747.599999999999,73464,2022
Hyoscyamine Sulfate,Hyoscyamine Sulfate,5141,190023.06999999995,1889.0,5560.299999999999,112597,2023
Hyoscyamine Sulfate,Hyoscyamine Sulfate,3001,79218.99999999999,1101.0,3309.9,65686,2024
Ibalizumab-Uiyk,Trogarzo,1090,8226438.170000003,310.0,1090.0,22096,2019
Ibalizumab-Uiyk,Trogarzo,1312,10947535.83,385.0,1313.2,29038,2020
Ibalizumab-Uiyk,Trogarzo,1030,8950625.99,325.0,1033.9,22552,2021
Ibalizumab-Uiyk,Trogarzo,1019,9167981.58,285.0,1019.0,21682,2022
Ibalizumab-Uiyk,Trogarzo,1053,11038478.14,295.0,1056.5,23968,2023
Ibalizumab-Uiyk,Trogarzo,1002,9943159.45,260.0,1002.0,22904,2024
Ibandronate Sodium,Ibandronate Sodium,415604,23494870.89,116211.0,804695.3999999998,23984368,2019
Ibandronate Sodium,Ibandronate Sodium,432015,21795359.410000008,121226.0,898394.4000000001,26808753,2020
Ibandronate Sodium,Ibandronate Sodium,443973,20260957.94,130116.0,979060.3,29253571,2021
Ibandronate Sodium,Ibandronate Sodium,458254,23399039.779999997,136087.0,1048104.2,31344532,2022
Ibandronate Sodium,Ibandronate Sodium,507406,21290773.219999995,152312.0,1201342.7999999998,35947083,2023
Ibandronate Sodium,Ibandronate Sodium,570311,16375672.880000005,172307.0,1382275.1,41374197,2024
Ibrutinib,Imbruvica,186018,2197196278.68,32226.0,187688.29999999996,5342956,2019
Ibrutinib,Imbruvica,213673,2713501098.9700003,34859.0,216212.8,6155286,2020
Ibrutinib,Imbruvica,211815,2883789987.680001,34736.0,213914.20000000004,6085042,2021
Ibrutinib,Imbruvica,175936,2561017587.189999,30731.0,177948.2,5060731,2022
Ibrutinib,Imbruvica,132259,2056621140.4800005,25347.0,133795.5,3805075,2023
Ibrutinib,Imbruvica,127477,1965538196.6600008,24581.0,129176.5,3673505,2024
Ibuprofen,Ibuprofen,5151004,46297120.14000001,2502953.0,6032505.700000001,134462620,2019
Ibuprofen,Ibuprofen,5117788,45694929.77,2344865.0,5971503.2,134512510,2020
Ibuprofen,Ibuprofen,5315237,49171307.17,2596716.0,6132882.1000000015,132015661,2021
Ibuprofen,Ibuprofen,5473305,52210417.31,2784617.0,6284972.4,131942560,2022
Ibuprofen,Ibuprofen,5703817,47699988.79000001,3015362.0,6502991.800000003,132601478,2023
Ibuprofen,Ibuprofen,5975717,43657782.43000001,3209413.0,6795638.7,136693793,2024
Ibuprofen/Famotidine,Duexis,7996,20190029.339999992,2370.0,8782.0,259778,2019
Ibuprofen/Famotidine,Duexis,9943,25543183.340000004,2851.0,10967.9,326427,2020
Ibuprofen/Famotidine,Duexis,10276,25342233.719999995,3005.0,11124.5,331010,2021
Ibuprofen/Famotidine,Ibuprofen-Famotidine,8236,13286439.61,2263.0,9310.8,277564,2022
Ibuprofen/Famotidine,Ibuprofen-Famotidine,8548,11195693.629999995,2019.0,9440.5,282113,2023
Ibuprofen/Famotidine,Ibuprofen-Famotidine,4586,1249053.12,1263.0,5306.5,158630,2024
Ibuprofen/Oxycodone Hcl,Oxycodone Hcl-Ibuprofen,39,4005.61,15.0,39.0,1104,2019
Icatibant Acetate,Firazyr,1283,76023700.96000002,324.0,1283.0,10355,2019
Icatibant Acetate,Icatibant,1348,59754741.05000003,318.0,1348.0,7913,2020
Icatibant Acetate,Icatibant,1529,62691025.28,363.0,1529.0,13012,2021
Icatibant Acetate,Firazyr,1487,55401288.92999998,323.0,1487.0,11265,2022
Icatibant Acetate,Icatibant,1173,51156555.73,289.0,1173.0,12797,2023
Icatibant Acetate,Icatibant,1485,44822184.64000001,428.0,1485.0,19486,2024
Icosapent Ethyl,Vascepa,1096245,407623687.15,241285.0,1514968.4000000004,44746199,2019
Icosapent Ethyl,Vascepa,1489602,640857035.1299999,323600.0,2157418.2000000007,63759005,2020
Icosapent Ethyl,Vascepa,1546710,723853003.86,354338.0,2310660.6,68366295,2021
Icosapent Ethyl,Icosapent Ethyl,1540725,738026369.0100005,361281.0,2333850.8000000003,69057519,2022
Icosapent Ethyl,Vascepa,1548212,749744248.3099997,367817.0,2422883.099999999,71632449,2023
Icosapent Ethyl,Vascepa,1573121,648647770.8299998,388331.0,2372117.499999999,70061735,2024
Idelalisib,Zydelig,1511,15616781.079999998,550.0,1517.0,45353,2019
Idelalisib,Zydelig,941,10440225.749999998,340.0,953.7,28562,2020
Idelalisib,Zydelig,705,8302473.200000002,250.0,720.0,21585,2021
Idelalisib,Zydelig,434,5683221.68,160.0,457.1,13714,2022
Idelalisib,Zydelig,126,1604385.84,45.0,133.0,3990,2023
Idelalisib,Zydelig,110,1392784.84,40.0,111.0,3330,2024
Idursulfase,Elaprase,49,4328993.79,20.0,49.0,1372,2019
Idursulfase,Elaprase,50,4521567.99,20.0,50.0,1400,2020
Idursulfase,Elaprase,51,4624216.68,20.0,51.0,1428,2021
Idursulfase,Elaprase,50,3487760.63,20.0,50.0,1365,2022
Idursulfase,Elaprase,38,2228603.51,15.0,38.0,1064,2023
Idursulfase,Elaprase,98,6001745.18,25.0,98.0,1778,2024
"Igg/Hyaluronidase,recombinant",Hyqvia,2046,11502943.819999997,495.0,2061.2,54970,2019
"Igg/Hyaluronidase,recombinant",Hyqvia,1897,10968867.760000004,483.0,1897.8,50169,2020
"Igg/Hyaluronidase,recombinant",Hyqvia,1751,11171750.300000004,438.0,1752.2,47971,2021
"Igg/Hyaluronidase,recombinant",Hyqvia,1966,12289280.11,460.0,1966.0,52781,2022
"Igg/Hyaluronidase,recombinant",Hyqvia,2114,14114296.050000004,520.0,2124.1000000000004,56519,2023
"Igg/Hyaluronidase,recombinant",Hyqvia,2497,16832695.349999998,585.0,2511.8,65534,2024
Iloperidone,Fanapt,43280,56778483.73000001,9174.0,44544.80000000001,1152676,2019
Iloperidone,Fanapt,39795,59154100.71000003,8621.0,41104.5,1079967,2020
Iloperidone,Fanapt,37559,65810839.13999999,8350.0,38393.2,997642,2021
Iloperidone,Fanapt,35791,67969702.77000001,8104.0,36514.1,949375,2022
Iloperidone,Fanapt,32593,64949614.92999997,7613.0,33322.8,872200,2023
Iloperidone,Fanapt,31502,61897227.77000001,7400.0,32193.399999999998,840656,2024
Iloprost Tromethamine,Ventavis,13,318665.23,5.0,13.0,390,2019
Imatinib Mesylate,Imatinib Mesylate,87501,361226844.3399999,22098.0,90835.8,2690344,2019
Imatinib Mesylate,Imatinib Mesylate,91667,313978587.46000004,22433.0,96103.29999999996,2850701,2020
Imatinib Mesylate,Imatinib Mesylate,94801,264019039.48000005,22916.0,98195.4,2919433,2021
Imatinib Mesylate,Imatinib Mesylate,97499,246165193.53,22920.0,101139.4,3009639,2022
Imatinib Mesylate,Imatinib Mesylate,93373,193052694.46,22229.0,96954.5,2888588,2023
Imatinib Mesylate,Imatinib Mesylate,99254,149039286.99,23244.0,105229.1,3132713,2024
Imiglucerase,Cerezyme,389,10049924.3,110.0,389.0,8392,2019
Imiglucerase,Cerezyme,369,9827389.03,100.0,369.0,7922,2020
Imiglucerase,Cerezyme,404,12641577.210000005,115.0,404.0,9184,2021
Imiglucerase,Cerezyme,413,12525562.27,130.0,413.0,9259,2022
Imiglucerase,Cerezyme,332,10766833.57,100.0,332.0,7910,2023
Imiglucerase,Cerezyme,327,9056924.83,90.0,327.0,7778,2024
Imipenem/Cilastatin Sodium,Imipenem-Cilastatin Sodium,4262,1186064.0599999996,1098.0,4262.0,17208,2019
Imipenem/Cilastatin Sodium,Imipenem-Cilastatin Sodium,3480,1177946.0,923.0,3480.0,15923,2020
Imipenem/Cilastatin Sodium,Imipenem-Cilastatin Sodium,4729,1571284.5799999998,1108.0,4729.1,20952,2021
Imipenem/Cilastatin Sodium,Imipenem-Cilastatin Sodium,4306,1614072.1600000004,1014.0,4306.0,20257,2022
Imipenem/Cilastatin Sodium,Imipenem-Cilastatin Sodium,4536,1884524.84,1150.0,4536.0,21697,2023
Imipenem/Cilastatin Sodium,Imipenem-Cilastatin Sodium,5365,2015130.6900000004,1180.0,5366.2,26731,2024
Imipenem/Cilastatin/Relebactam,Recarbrio,56,126475.21,10.0,56.0,108,2020
Imipenem/Cilastatin/Relebactam,Recarbrio,98,468239.36,30.0,98.0,524,2021
Imipenem/Cilastatin/Relebactam,Recarbrio,89,434436.41,25.0,89.0,444,2022
Imipenem/Cilastatin/Relebactam,Recarbrio,36,213584.28,15.0,36.0,189,2023
Imipenem/Cilastatin/Relebactam,Recarbrio,58,443795.72,20.0,58.0,464,2024
Imipramine Hcl,Imipramine Hcl,135606,2900791.25,40152.0,181390.4,5267850,2019
Imipramine Hcl,Imipramine Hcl,127702,2445745.52,37859.0,172816.6,5044932,2020
Imipramine Hcl,Imipramine Hcl,113191,2053139.8400000003,34075.0,157078.70000000004,4587025,2021
Imipramine Hcl,Imipramine Hcl,101653,2019519.43,30788.0,142207.49999999997,4132736,2022
Imipramine Hcl,Imipramine Hcl,94087,2100646.0200000005,28750.0,131611.6,3821762,2023
Imipramine Hcl,Imipramine Hcl,88717,1594042.5099999998,26883.0,126044.29999999996,3636094,2024
Imipramine Pamoate,Imipramine Pamoate,2115,758246.5800000003,791.0,2205.1,64376,2019
Imipramine Pamoate,Imipramine Pamoate,2419,875963.45,891.0,2526.7999999999997,73498,2020
Imipramine Pamoate,Imipramine Pamoate,2018,700568.9799999999,764.0,2119.8,61142,2021
Imipramine Pamoate,Imipramine Pamoate,1815,607515.53,690.0,1872.5,52656,2022
Imipramine Pamoate,Imipramine Pamoate,1498,519253.58,570.0,1561.4,44325,2023
Imipramine Pamoate,Imipramine Pamoate,1576,373724.6799999998,620.0,1713.7,49587,2024
Imiquimod,Imiquimod,96639,5490143.580000002,64120.0,113211.5,2797699,2019
Imiquimod,Imiquimod,84142,4830721.930000001,55342.0,98427.09999999996,2519791,2020
Imiquimod,Imiquimod,96602,4382101.180000001,63244.0,113823.69999999998,3010767,2021
Imiquimod,Imiquimod,100431,4320001.19,66751.0,118469.40000000004,3161864,2022
Imiquimod,Imiquimod,109343,4507690.319999999,72152.0,129545.2,3484493,2023
Imiquimod,Imiquimod,130683,3989573.45,85364.0,154672.59999999998,4173491,2024
Imm Glob G (Igg)/Sorb/Iga 0-50,Flebogamma Dif,99,171448.91,25.0,99.0,2150,2019
Imm Glob G (Igg)/Sorb/Iga 0-50,Flebogamma Dif,14,179044.66,5.0,14.0,294,2020
Imm Glob G (Igg)/Sorb/Iga 0-50,Flebogamma Dif,39,415274.43000000005,10.0,39.0,793,2021
Imm Glob G (Igg)/Sorb/Iga 0-50,Flebogamma Dif,17,249087.87,5.0,17.0,357,2022
Immun Glob G(Igg)-Hipp/Maltose,Cutaquig,66,296381.35,20.0,66.0,1596,2020
Immun Glob G(Igg)-Hipp/Maltose,Cutaquig,301,2022600.5400000005,80.0,301.0,7185,2021
Immun Glob G(Igg)-Hipp/Maltose,Cutaquig,403,2771984.38,110.0,403.9,10452,2022
Immun Glob G(Igg)-Hipp/Maltose,Cutaquig,551,3362285.909999999,145.0,551.0,15145,2023
Immun Glob G(Igg)-Hipp/Maltose,Cutaquig,570,3580553.91,155.0,570.0,15015,2024
Immun Glob G(Igg)-Ifas/Glycine,Panzyga,3096,43013353.05,819.0,3102.5,78090,2019
Immun Glob G(Igg)-Ifas/Glycine,Panzyga,6800,80105214.24999999,1476.0,6842.0,170140,2020
Immun Glob G(Igg)-Ifas/Glycine,Panzyga,6754,84773534.6,1416.0,6802.2,173002,2021
Immun Glob G(Igg)-Ifas/Glycine,Panzyga,7406,105315669.11,1575.0,7480.7,188346,2022
Immun Glob G(Igg)-Ifas/Glycine,Panzyga,9088,130054295.48000003,1827.0,9236.8,234442,2023
Immun Glob G(Igg)-Ifas/Glycine,Panzyga,8631,126450744.3,1834.0,8753.399999999998,222805,2024
Immun Glob G(Igg)/Gly/Iga 0-50,Gammaplex,6347,71028190.66999999,1405.0,6397.400000000001,150052,2019
Immun Glob G(Igg)/Gly/Iga 0-50,Gammaplex,11059,134048378.39999998,2404.0,11109.9,273131,2020
Immun Glob G(Igg)/Gly/Iga 0-50,Gammaplex,14082,179871602.45000002,2940.0,14190.7,354136,2021
Immun Glob G(Igg)/Gly/Iga 0-50,Gammaplex,12621,168444843.64,2757.0,12792.5,324278,2022
Immun Glob G(Igg)/Gly/Iga 0-50,Gammaplex,16034,217890703.23,3216.0,16262.1,416313,2023
Immun Glob G(Igg)/Gly/Iga 0-50,Gammaplex,17079,250871152.61,3364.0,17347.799999999996,447284,2024
Immun Glob G(Igg)/Gly/Iga Ov50,Gammagard Liquid,35492,318510226.93,6960.0,35847.90000000001,862119,2019
Immun Glob G(Igg)/Gly/Iga Ov50,Gammagard Liquid,36909,343970509.5899999,7377.0,37367.5,934197,2020
Immun Glob G(Igg)/Gly/Iga Ov50,Gammagard Liquid,39205,390126671.28,7956.0,39625.3,996394,2021
Immun Glob G(Igg)/Gly/Iga Ov50,Gammagard Liquid,45925,448600730.81000006,8653.0,46320.3,1162670,2022
Immun Glob G(Igg)/Gly/Iga Ov50,Gammagard Liquid,51569,496082371.9500001,9462.0,52023.99999999999,1331246,2023
Immun Glob G(Igg)/Gly/Iga Ov50,Gammagard Liquid,54027,538004813.9499999,10035.0,54658.2,1394195,2024
Immun Glob G(Igg)/Pro/Iga 0-50,Hizentra,35959,295246057.17,7021.0,36204.4,896745,2019
Immun Glob G(Igg)/Pro/Iga 0-50,Hizentra,43089,377188473.9,8479.0,43531.00000000002,1111788,2020
Immun Glob G(Igg)/Pro/Iga 0-50,Hizentra,41532,393485170.24000007,8408.0,41847.2,1056681,2021
Immun Glob G(Igg)/Pro/Iga 0-50,Hizentra,42240,402908157.5399999,8367.0,42544.8,1081166,2022
Immun Glob G(Igg)/Pro/Iga 0-50,Hizentra,47561,473184849.5899999,9400.0,48026.99999999999,1248843,2023
Immun Glob G(Igg)/Pro/Iga 0-50,Hizentra,57355,586576466.4200001,10904.0,57913.0,1499215,2024
Immun Glob G/Gly/Gluc/Iga 0-50,Gammagard S-D,556,4790239.56,180.0,556.7,14160,2019
Immun Glob G/Gly/Gluc/Iga 0-50,Gammagard S-D,473,4208767.2700000005,160.0,473.9,12482,2020
Immun Glob G/Gly/Gluc/Iga 0-50,Gammagard S-D,544,5695512.590000001,160.0,544.3,14275,2021
Immun Glob G/Gly/Gluc/Iga 0-50,Gammagard S-D,519,6015082.45,160.0,521.4,13590,2022
Immun Glob G/Gly/Gluc/Iga 0-50,Gammagard S-D,602,6846709.21,195.0,611.4,16113,2023
Immun Glob G/Gly/Gluc/Iga 0-50,Gammagard S-D,651,7879181.66,210.0,651.0,17428,2024
Immun Glob G/Sorb/Gly/Iga 0-50,Gammaplex,824,6859232.300000001,215.0,834.4,20618,2019
Immun Glob G/Sorb/Gly/Iga 0-50,Gammaplex,637,5101033.94,160.0,637.0,15964,2020
Immun Glob G/Sorb/Gly/Iga 0-50,Gammaplex,374,4525730.14,110.0,375.0,9051,2021
Immun Glob G/Sorb/Gly/Iga 0-50,Gammaplex,481,4438569.550000001,140.0,481.0,12008,2022
Immun Glob G/Sorb/Gly/Iga 0-50,Gammaplex,437,3761054.7199999993,130.0,438.6,11446,2023
Immun Glob G/Sorb/Gly/Iga 0-50,Gammaplex,30,113531.44999999998,10.0,30.0,840,2024
Immun Globg(Igg)/Malt/Iga Ov50,Octagam,4036,52426377.07,916.0,4053.9,94180,2019
Immun Globg(Igg)/Malt/Iga Ov50,Octagam,7657,97371466.06000002,1556.0,7701.6,187650,2020
Immun Globg(Igg)/Malt/Iga Ov50,Octagam,12332,151799283.06000003,2342.0,12450.3,306269,2021
Immun Globg(Igg)/Malt/Iga Ov50,Octagam,16737,206537669.14,3326.0,16903.899999999998,424896,2022
Immun Globg(Igg)/Malt/Iga Ov50,Octagam,20070,250587772.59999996,3721.0,20336.6,523456,2023
Immun Globg(Igg)/Malt/Iga Ov50,Octagam,25422,328556600.64000005,4748.0,25781.6,662310,2024
Immune Globul G (Igg)/Glycine,Gamastan,652,183065.68,140.0,708.6,18595,2019
Immune Globul G (Igg)/Glycine,Gamastan,495,187119.17,116.0,554.6,15136,2020
Immune Globul G (Igg)/Glycine,Gamastan,406,152298.63,98.0,464.2,12821,2021
Immune Globul G (Igg)/Glycine,Gamastan,323,149638.59999999998,79.0,398.9,11099,2022
Immune Globul G (Igg)/Glycine,Gamastan,310,136885.74,70.0,363.1,9860,2023
Immune Globul G (Igg)/Glycine,Gamastan,276,126732.33,94.0,322.6,7481,2024
Immune Globul G/Gly/Iga Avg 46,Gamunex-C,45287,351807227.6399999,8129.0,45793.6,1109433,2019
Immune Globul G/Gly/Iga Avg 46,Gamunex-C,50681,418812606.7699999,8942.0,51419.70000000002,1268077,2020
Immune Globul G/Gly/Iga Avg 46,Gamunex-C,51240,485227247.08,9235.0,51872.1,1293584,2021
Immune Globul G/Gly/Iga Avg 46,Gamunex-C,55828,535814757.77,9935.0,56620.5,1418413,2022
Immune Globul G/Gly/Iga Avg 46,Gamunex-C,64163,607631337.87,11051.0,65163.600000000006,1653655,2023
Immune Globul G/Gly/Iga Avg 46,Gamunex-C,74120,686402688.8599999,12545.0,75145.00000000001,1908951,2024
"Immune Globulin,gamma(Igg)klhw",Xembify,220,1750929.86,60.0,220.0,6013,2020
"Immune Globulin,gamma(Igg)klhw",Xembify,540,4005100.96,145.0,543.5,14025,2021
"Immune Globulin,gamma(Igg)klhw",Xembify,1011,8593943.719999999,240.0,1030.3,27730,2022
"Immune Globulin,gamma(Igg)klhw",Xembify,1488,11008045.97,390.0,1504.4,41323,2023
"Immune Globulin,gamma(Igg)klhw",Xembify,2036,14851563.85,510.0,2052.2,55700,2024
"Immune Globulin,gamma(Igg)slra",Asceniv,13,1062544.95,5.0,13.0,364,2022
"Immune Globulin,gamma(Igg)slra",Asceniv,23,848916.12,10.0,23.0,567,2023
"Immune Globulin,gamma(Igg)slra",Asceniv,41,2116991.95,15.0,41.0,1022,2024
Inclisiran Sodium,Leqvio,398,1382122.5599999998,218.0,1439.3,43057,2022
Inclisiran Sodium,Leqvio,1051,3744653.840000001,542.0,4223.700000000001,126634,2023
Inclisiran Sodium,Leqvio,1534,4947795.81,861.0,6469.499999999999,194039,2024
Incobotulinumtoxina,Xeomin,155,148159.69,50.0,425.8,12721,2019
Incobotulinumtoxina,Xeomin,197,167245.74,70.0,551.3,16519,2020
Incobotulinumtoxina,Xeomin,208,254445.05,83.0,526.5999999999999,15378,2021
Incobotulinumtoxina,Xeomin,616,744640.7399999999,244.0,1682.6,50263,2022
Incobotulinumtoxina,Xeomin,951,1223690.4699999995,374.0,2643.2000000000003,78980,2023
Incobotulinumtoxina,Xeomin,1334,1623025.9699999995,505.0,3738.7,111746,2024
Indacaterol Maleate,Arcapta Neohaler,619,183542.3,230.0,705.0,21148,2019
Indacaterol Maleate,Arcapta Neohaler,23,10161.51,10.0,37.0,1110,2020
Indacaterol/Glycopyrrolate,Utibron Neohaler,1323,553724.51,421.0,1516.0,44502,2019
Indacaterol/Glycopyrrolate,Utibron Neohaler,85,35047.09,35.0,94.0,2815,2020
Indapamide,Indapamide,241197,4909064.179999998,67572.0,493358.0000000001,14685359,2019
Indapamide,Indapamide,231968,5166353.12,65043.0,500715.6,14912055,2020
Indapamide,Indapamide,213700,4508789.909999999,61962.0,477825.2999999998,14243130,2021
Indapamide,Indapamide,203349,4217100.090000002,59732.0,464693.5,13845485,2022
Indapamide,Indapamide,198355,4034859.81,58517.0,456708.60000000015,13591328,2023
Indapamide,Indapamide,196204,2649578.360000001,57695.0,456882.3,13578437,2024
Indinavir Sulfate,Crixivan,200,90784.07,75.0,208.0,6189,2019
Indinavir Sulfate,Crixivan,45,15502.88,20.0,45.0,1335,2020
Indomethacin,Indomethacin,50022,951912.4599999996,19503.0,57921.500000000015,1317627,2019
Indomethacin,Indomethacin,56302,1168932.63,21381.0,66341.8,1530198,2020
Indomethacin,Indomethacin,56625,1184749.86,21579.0,65794.70000000001,1505721,2021
Indomethacin,Indomethacin,55191,1113655.94,21315.0,63876.19999999998,1458439,2022
Indomethacin,Indomethacin,54912,798895.02,21167.0,64348.5,1494046,2023
Indomethacin,Indomethacin,55848,725710.1799999999,21487.0,64483.2,1493486,2024
"Indomethacin, Submicronized",Tivorbex,25,15725.17,10.0,35.0,1000,2019
Infigratinib Phosphate,Truseltiq,11,248904.97,5.0,11.0,308,2022
Infliximab,Remicade,8122,53021806.81000001,1876.0,9544.800000000005,274982,2019
Infliximab,Remicade,7403,50191011.16,1761.0,9106.1,263556,2020
Infliximab,Remicade,7488,52712634.34,1960.0,9199.2,264859,2021
Infliximab,Remicade,7159,50340731.35,1878.0,9318.9,269858,2022
Infliximab,Remicade,8176,59260726.39,2120.0,10618.1,307068,2023
Infliximab,Remicade,9171,62631734.080000006,2403.0,12044.800000000005,348719,2024
Infliximab-Abda,Renflexis,46,174928.75,15.0,63.7,1736,2019
Infliximab-Abda,Renflexis,160,574674.16,50.0,225.9,6409,2020
Infliximab-Abda,Renflexis,274,1233480.78,90.0,338.3,9612,2021
Infliximab-Abda,Renflexis,335,1673881.14,120.0,430.3,12519,2022
Infliximab-Abda,Renflexis,288,1226719.6299999997,90.0,368.6,10384,2023
Infliximab-Abda,Renflexis,462,1802149.41,154.0,601.8,17249,2024
Infliximab-Axxq,Avsola,51,147457.31,20.0,58.400000000000006,1678,2022
Infliximab-Axxq,Avsola,182,550133.45,60.0,216.00000000000003,6134,2023
Infliximab-Axxq,Avsola,475,1419989.35,151.0,636.1000000000001,18391,2024
Infliximab-Dyyb,Inflectra,126,690889.05,45.0,162.8,4838,2019
Infliximab-Dyyb,Inflectra,287,1432696.89,85.0,392.0,11476,2020
Infliximab-Dyyb,Inflectra,554,3009511.66,162.0,683.3000000000001,19856,2021
Infliximab-Dyyb,Inflectra,1464,8168469.809999999,426.0,1786.6,51633,2022
Infliximab-Dyyb,Inflectra,2044,11840657.920000004,621.0,2434.8,69399,2023
Infliximab-Dyyb,Inflectra,2531,14214319.190000003,760.0,3259.100000000001,94051,2024
Ingenol Mebutate,Picato,5156,5696258.31,3656.0,5220.3,86250,2019
Ingenol Mebutate,Picato,1603,2046158.42,953.0,1616.3000000000002,28908,2020
Ingenol Mebutate,Picato,33,38948.54,10.0,33.0,938,2021
Inotersen Sodium,Tegsedi,332,11903750.510000002,75.0,332.0,9275,2019
Inotersen Sodium,Tegsedi,505,18195868.98,140.0,505.0,14144,2020
Inotersen Sodium,Tegsedi,365,13420303.12,85.0,365.0,10228,2021
Inotersen Sodium,Tegsedi,252,9747637.21,65.0,252.0,7056,2022
Inotersen Sodium,Tegsedi,116,4587506.09,35.0,116.0,3248,2023
Insulin Admin. Supplies,Inpen (For Humalog),25,18432.96,25.0,25.0,750,2019
Insulin Admin. Supplies,Novopen Echo,14,820.91,5.0,14.0,420,2020
Insulin Admin. Supplies,Inpen (For Novolog Or Fiasp),50,43561.57000000001,44.0,100.0,2894,2021
Insulin Aspart,Novolog Flexpen,2756928,1953714020.54,703873.0,3939206.4,103599986,2019
Insulin Aspart,Novolog Flexpen,2446438,1881578111.74,659861.0,3661844.8,98467525,2020
Insulin Aspart,Novolog Flexpen,2226795,1811875786.38,617731.0,3424711.8,92882257,2021
Insulin Aspart,Novolog Flexpen,2129520,1803450403.58,600543.0,3350676.8000000003,91322787,2022
Insulin Aspart,Novolog Flexpen,2119631,1835265942.8200004,613871.0,3384919.8000000003,92392119,2023
Insulin Aspart,Novolog Flexpen,1440948,310554734.52999985,466285.0,2381584.7,65779253,2024
Insulin Aspart (Niacinamide),Fiasp Flextouch,9418,8295815.499999999,2899.0,14047.900000000003,392581,2019
Insulin Aspart (Niacinamide),Fiasp Flextouch,16141,14519528.7,4917.0,24506.200000000008,685110,2020
Insulin Aspart (Niacinamide),Fiasp Flextouch,23264,23092071.980000008,7161.0,37266.2,1056383,2021
Insulin Aspart (Niacinamide),Fiasp Flextouch,36275,37990058.45,11433.0,60245.4,1714535,2022
Insulin Aspart (Niacinamide),Fiasp Flextouch,56799,62329388.37000003,18269.0,97913.9,2801756,2023
Insulin Aspart (Niacinamide),Fiasp Flextouch,267343,203445450.32000005,84556.0,410794.8999999999,10919219,2024
Insulin Aspart Prot/Insuln Asp,Novolog Mix 70-30,337352,328142092.58000004,87868.0,461672.7000000002,12514715,2019
Insulin Aspart Prot/Insuln Asp,Novolog Mix 70-30,276521,282425806.87,73619.0,388710.79999999993,10638803,2020
Insulin Aspart Prot/Insuln Asp,Insulin Aspart Prot Mix 70-30,230589,241760087.3,62901.0,328462.2999999999,9029169,2021
Insulin Aspart Prot/Insuln Asp,Insulin Aspart Prot Mix 70-30,197268,211494830.45,54208.0,285713.8,7874296,2022
Insulin Aspart Prot/Insuln Asp,Novolog Mix 70-30 Flexpen,175662,193671591.85,48996.0,258940.3,7181343,2023
Insulin Aspart Prot/Insuln Asp,Insulin Aspart Prot Mix 70-30,147064,37478352.78000001,41884.0,219723.3,6100009,2024
Insulin Degludec,Tresiba Flextouch U-200,1181721,976426067.21,300452.0,1900016.799999999,53792751,2019
Insulin Degludec,Tresiba Flextouch U-100,1299969,1099507676.8000004,331848.0,2181813.600000001,62298357,2020
Insulin Degludec,Tresiba Flextouch U-100,1270403,1157378885.0599997,339472.0,2251149.6,64756285,2021
Insulin Degludec,Tresiba Flextouch U-100,1277333,1195907205.9700005,352052.0,2351074.400000001,67993916,2022
Insulin Degludec,Tresiba Flextouch U-100,1328647,1263392186.1399996,376152.0,2517703.8000000007,73133404,2023
Insulin Degludec,Tresiba Flextouch U-100,1605866,1305313500.9,461390.0,3082269.3,89452456,2024
Insulin Degludec/Liraglutide,Xultophy 100-3.6,25706,27087455.760000005,7090.0,37295.4,1077676,2019
Insulin Degludec/Liraglutide,Xultophy 100-3.6,30778,35187304.29,8288.0,45035.9,1306679,2020
Insulin Degludec/Liraglutide,Xultophy 100-3.6,25991,33697348.58,7089.0,38975.49999999999,1137037,2021
Insulin Degludec/Liraglutide,Xultophy 100-3.6,23102,32780462.92,6437.0,35094.4,1021249,2022
Insulin Degludec/Liraglutide,Xultophy 100-3.6,25493,40145098.07,7208.0,39819.2,1166360,2023
Insulin Degludec/Liraglutide,Xultophy 100-3.6,28517,42934936.99,7857.0,45801.8,1346311,2024
Insulin Detemir,Levemir Flextouch,2671721,1633706180.11,592071.0,3873932.899999999,103862197,2019
Insulin Detemir,Levemir Flextouch,2303915,1483520682.2699995,521180.0,3474101.5000000005,94238901,2020
Insulin Detemir,Levemir Flextouch,1976558,1349836902.1200004,465695.0,3069956.4,83955555,2021
Insulin Detemir,Levemir Flextouch,1723559,1208193065.1799998,414865.0,2731892.1,75101338,2022
Insulin Detemir,Levemir Flexpen,1225361,842611652.9199998,331623.0,1923431.5,52621025,2023
Insulin Detemir,Levemir Flexpen,290117,57347135.50999998,92688.0,437625.5,11803425,2024
"Insulin Glargine,hum.Rec.Anlog",Lantus Solostar,7420296,3995065473.6,1770776.0,11474565.599999998,317575261,2019
"Insulin Glargine,hum.Rec.Anlog",Basaglar Kwikpen U-100,7410560,4104709127.520001,1783181.0,11934204.9,333302350,2020
"Insulin Glargine,hum.Rec.Anlog",Lantus Solostar,7168401,4165459870.379999,1788314.0,11973082.2,336427694,2021
"Insulin Glargine,hum.Rec.Anlog",Lantus Solostar,6808055,4072395609.87,1739962.0,11735706.300000004,331867824,2022
"Insulin Glargine,hum.Rec.Anlog",Lantus Solostar,6931026,4310701891.290001,1829932.0,12143585.000000004,343834675,2023
"Insulin Glargine,hum.Rec.Anlog",Basaglar Kwikpen U-100,7800330,1885245349.0599997,2123082.0,13854295.100000003,392386875,2024
Insulin Glargine-Aglr,Rezvoglar Kwikpen,204,12114.26,65.0,239.3,5152,2023
Insulin Glargine-Aglr,Rezvoglar Kwikpen,3373,291937.14,989.0,4634.099999999999,118614,2024
Insulin Glargine-Yfgn,Insulin Glargine-Yfgn,1480,124025.98000000004,739.0,1532.9,27069,2021
Insulin Glargine-Yfgn,Insulin Glargine-Yfgn,136140,11502277.799999995,42034.0,142331.20000000004,2730167,2022
Insulin Glargine-Yfgn,Insulin Glargine-Yfgn,214087,30254727.65000001,67428.0,267688.0,6365262,2023
Insulin Glargine-Yfgn,Insulin Glargine-Yfgn,337705,43258122.14000001,114096.0,528350.7999999999,13953611,2024
Insulin Glargine/Lixisenatide,Soliqua 100-33,56719,44814219.190000005,15433.0,81241.30000000002,2316508,2019
Insulin Glargine/Lixisenatide,Soliqua 100-33,85558,73425961.20000002,22359.0,126934.99999999996,3643722,2020
Insulin Glargine/Lixisenatide,Soliqua 100-33,103938,101809473.13000004,27428.0,162055.3,4673523,2021
Insulin Glargine/Lixisenatide,Soliqua 100-33,128113,135244376.63,33430.0,205327.1,5926726,2022
Insulin Glargine/Lixisenatide,Soliqua 100-33,183701,205318740.43999997,47140.0,299207.4000000001,8643724,2023
Insulin Glargine/Lixisenatide,Soliqua 100-33,189307,202666012.4,48158.0,313098.9,9047719,2024
Insulin Glulisine,Apidra,4317,3034009.93,1445.0,5205.400000000001,133252,2019
Insulin Glulisine,Apidra Solostar,3439,2417867.5700000003,1180.0,4071.5,103884,2020
Insulin Glulisine,Apidra Solostar,2461,2013754.4,880.0,2955.1000000000013,76491,2021
Insulin Glulisine,Apidra Solostar,1970,1304585.7399999998,705.0,2242.4,55082,2022
Insulin Glulisine,Apidra Solostar,1712,1134445.18,570.0,1974.2,46607,2023
Insulin Glulisine,Apidra Solostar,1293,257217.9,450.0,1527.0999999999997,36659,2024
Insulin Lispro,Humalog Kwikpen U-100,2015755,1349974927.9400003,548639.0,2964459.6,76997619,2019
Insulin Lispro,Humalog Kwikpen U-100,1783633,1203233187.3500004,518628.0,2731689.200000001,72587496,2020
Insulin Lispro,Humalog Kwikpen U-100,1744185,1250542425.72,518897.0,2754707.6999999997,73980942,2021
Insulin Lispro,Humalog Kwikpen U-100,1739933,1229462547.3100004,526547.0,2802467.600000001,75430067,2022
Insulin Lispro,Humalog Kwikpen U-100,1869369,1358389042.7799995,576175.0,3048896.6,82678605,2023
Insulin Lispro,Humalog Kwikpen U-100,2117251,533396194.0499999,670381.0,3428878.8000000007,92853214,2024
Insulin Lispro Protamin/Lispro,Humalog Mix 75-25,254570,236654350.1,67456.0,345262.7,9382476,2019
Insulin Lispro Protamin/Lispro,Humalog Mix 50-50,216582,206048745.41,58325.0,301168.4,8276117,2020
Insulin Lispro Protamin/Lispro,Humalog Mix 75-25 Kwikpen,180025,177967788.29000008,49634.0,256991.6,7117953,2021
Insulin Lispro Protamin/Lispro,Humalog Mix 75-25 Kwikpen,148909,147763057.70000002,42270.0,216621.20000000004,6007850,2022
Insulin Lispro Protamin/Lispro,Humalog Mix 75-25 Kwikpen,131609,133309591.66,37986.0,195390.3,5457874,2023
Insulin Lispro Protamin/Lispro,Humalog Mix 75-25 Kwikpen,122523,35937022.95,35866.0,183609.8,5107719,2024
Insulin Lispro-Aabc,Lyumjev Kwikpen U-100,2999,2880364.309999999,1041.0,4946.699999999999,139858,2021
Insulin Lispro-Aabc,Lyumjev Kwikpen U-100,12099,11633624.620000005,3889.0,20730.200000000008,598812,2022
Insulin Lispro-Aabc,Lyumjev,23613,24231550.72,7508.0,42086.70000000001,1218919,2023
Insulin Lispro-Aabc,Lyumjev Kwikpen U-100,48369,40006309.92999999,14820.0,82720.1,2286114,2024
Insulin Nph Hum/Reg Insulin Hm,Novolin 70-30,601246,220097577.99,153693.0,820438.3999999999,22394038,2019
Insulin Nph Hum/Reg Insulin Hm,Novolin 70-30,559573,214784803.42,143152.0,779093.5,21388297,2020
Insulin Nph Hum/Reg Insulin Hm,Novolin 70-30,500026,204225318.97,130430.0,710754.9000000001,19613621,2021
Insulin Nph Hum/Reg Insulin Hm,Novolin 70-30,428993,191171194.99000007,113279.0,619791.9,17104963,2022
Insulin Nph Hum/Reg Insulin Hm,Humulin 70-30,390817,180544409.26,104944.0,571360.3999999998,15846350,2023
Insulin Nph Hum/Reg Insulin Hm,Humulin 70-30,322964,50425606.23000002,89632.0,479659.0000000001,13278617,2024
Insulin Nph Human Isophane,Novolin N,565708,143156189.92999998,169617.0,1029185.0,29452245,2019
Insulin Nph Human Isophane,Humulin N,519609,135629906.34999996,157806.0,989248.5,28510364,2020
Insulin Nph Human Isophane,Humulin N,476707,123718644.29,148384.0,944130.3,27363351,2021
Insulin Nph Human Isophane,Humulin N,425044,110637474.78000005,135447.0,869849.1000000001,25291251,2022
Insulin Nph Human Isophane,Humulin N,396439,103070258.4,127883.0,816920.0999999997,23813078,2023
Insulin Nph Human Isophane,Humulin N,333407,49379363.3,110666.0,688607.8999999998,20045618,2024
"Insulin Pen,reusable,bt Lispro",Inpen (For Humalog),43,49269.85,43.0,76.0,2256,2022
"Insulin Pen,reusable,bt Lispro",Inpen (For Humalog),78,82244.04999999999,72.0,142.7,4251,2023
"Insulin Pen,reusable,bt,aspart",Inpen (For Novolog Or Fiasp),29,26466.03,23.0,52.0,1391,2022
"Insulin Pen,reusable,bt,aspart",Inpen (For Novolog Or Fiasp),12,14822.79,12.0,12.0,360,2023
"Insulin Pmp Cart,aut,g6/7,cntr",Omnipod 5 Dexg7g6 Intro(Gen 5),3240,1891227.75,3044.0,4198.6,119497,2024
"Insulin Pump Cart,auto,bt,g6/7",Omnipod 5 Dexg7g6 Pods (Gen 5),178561,208675228.12,40914.0,303566.80000000005,8981361,2024
"Insulin Pump Cart,auto,bt/Cntr",Omnipod 5 G6 Intro Kit (Gen 5),1892,1096618.6700000002,1792.0,2522.2,84456,2022
"Insulin Pump Cart,auto,bt/Cntr",Omnipod 5 G6 Intro Kit (Gen 5),3967,2438565.24,3665.0,5353.700000000001,159467,2023
"Insulin Pump Cart,automated,bt",Omnipod 5 G6 Pods (Gen 5),7513,9525694.89,3009.0,13769.900000000003,408160,2022
"Insulin Pump Cart,automated,bt",Omnipod 5 G6 Pods (Gen 5),104967,124924009.98,25225.0,175811.69999999995,5197635,2023
"Insulin Pump Cart,cont Inf,bt",Omnipod Dash,47265,66897522.390000015,13583.0,93414.0,2767831,2021
"Insulin Pump Cart,cont Inf,bt",Omnipod Dash Pods (Gen 4),61745,83131005.16999997,16164.0,113742.0,3352216,2022
"Insulin Pump Cart,cont Inf,bt",Omnipod Dash Pods (Gen 4),38580,49578867.99999999,10086.0,65435.00000000002,1921464,2023
"Insulin Pump Cart,cont Inf,bt",Omnipod Dash Pods (Gen 4),29240,33530380.49000001,7626.0,46533.7,1367042,2024
"Insulin Pump Cart,cont Inf,rf",Omnipod Classic,4250,5193191.61,1324.0,7929.999999999999,233657,2021
"Insulin Pump Cart,cont Inf,rf",Omnipod Classic Pods (Gen 3),3123,3755518.99,996.0,5410.6,158846,2022
"Insulin Pump Cart,cont Inf,rf",Omnipod Classic Pods (Gen 3),1107,1110738.66,343.0,1521.5,43449,2023
"Insulin Pump Cart,cont Inf,rf",Omnipod Classic Pods (Gen 3),135,93015.65,30.0,141.3,4240,2024
Insulin Pump Cartridge,Omnipod,11451,14835431.870000005,3773.0,23519.5,700385,2019
Insulin Pump Cartridge,Omnipod Dash 5 Pack Pod,26276,36687306.1,8058.0,52316.7,1554887,2020
Insulin Regular In 0.9 % Nacl,Myxredlin,12,1502.16,5.0,12.0,12,2022
"Insulin Regular, Human",Novolin R,484910,276719802.29999995,127711.0,653294.0999999999,16872136,2019
"Insulin Regular, Human",Novolin R,429891,279547781.54,114731.0,598626.5000000001,15830458,2020
"Insulin Regular, Human",Humulin R U-500,384600,279895298.59,103974.0,547665.8999999998,14615079,2021
"Insulin Regular, Human",Humulin R,340421,263363507.76,92791.0,489418.3000000001,12989223,2022
"Insulin Regular, Human",Afrezza,323089,268216542.75,87943.0,462667.3000000001,12247314,2023
"Insulin Regular, Human",Afrezza,290456,216863624.5300001,80874.0,421361.8000000001,11375465,2024
"Interferon Alfa-2b,recomb.",Intron A,2014,1597428.2600000005,543.0,2086.8,41219,2019
"Interferon Alfa-2b,recomb.",Intron A,2283,1716931.2099999995,569.0,2346.2,46550,2020
"Interferon Alfa-2b,recomb.",Intron A,1701,1340586.84,453.0,1753.3,33340,2021
"Interferon Alfa-2b,recomb.",Intron A,98,29686.02,35.0,98.0,1514,2022
Interferon Beta-1a,Avonex Pen,54780,423536909.3299999,14404.0,59098.0,1669393,2019
Interferon Beta-1a,Avonex Pen,48914,391438893.32,12945.0,53604.89999999999,1516343,2020
Interferon Beta-1a,Avonex,41089,328701262.49,11374.0,43880.8,1237265,2021
Interferon Beta-1a,Avonex Pen,30507,249367442.63000008,8767.0,32046.4,902614,2022
Interferon Beta-1a,Avonex,24951,215744398.29,7187.0,26029.399999999998,732157,2023
Interferon Beta-1a,Avonex (4 Pack),22359,193012741.4700001,6484.0,23328.700000000004,656783,2024
Interferon Beta-1a/Albumin,Rebif Rebidose,35116,284603797.58,9544.0,37187.39999999999,1010097,2019
Interferon Beta-1a/Albumin,Rebif Rebidose,30709,270432777.64000005,8521.0,32741.4,892586,2020
Interferon Beta-1a/Albumin,Rebif Rebidose,24633,229673739.67,7169.0,25614.7,699514,2021
Interferon Beta-1a/Albumin,Rebif Rebidose,18491,179505953.26999998,5521.0,19095.099999999995,522307,2022
Interferon Beta-1a/Albumin,Rebif,13352,139420324.78999996,4117.0,13714.9,375332,2023
Interferon Beta-1a/Albumin,Rebif,10071,107691889.15,3222.0,10409.1,284043,2024
Interferon Beta-1b,Betaseron,17090,131124938.73999996,4862.0,17693.3,486282,2019
Interferon Beta-1b,Betaseron,13989,113599944.35999998,4105.0,14575.700000000008,404228,2020
Interferon Beta-1b,Betaseron,11169,91622156.14,3456.0,11421.6,317003,2021
Interferon Beta-1b,Betaseron,8746,79031273.82999998,2721.0,8969.1,248663,2022
Interferon Beta-1b,Betaseron,6739,64553009.20999999,2201.0,6864.599999999999,190289,2023
Interferon Beta-1b,Betaseron,5874,56716978.99999999,1940.0,5981.700000000002,164987,2024
"Interferon Gamma-1b,recomb.",Actimmune,215,12230436.949999996,65.0,215.0,6048,2019
"Interferon Gamma-1b,recomb.",Actimmune,260,15023905.63,80.0,260.0,7148,2020
"Interferon Gamma-1b,recomb.",Actimmune,295,17768927.27,85.0,300.4,8162,2021
"Interferon Gamma-1b,recomb.",Actimmune,319,19254142.509999994,85.0,319.0,8631,2022
"Interferon Gamma-1b,recomb.",Actimmune,301,18861442.9,95.0,301.0,8170,2023
"Interferon Gamma-1b,recomb.",Actimmune,280,17822197.6,85.0,280.0,7568,2024
Ipilimumab,Yervoy,19,203746.99,5.0,19.0,399,2019
Ipilimumab,Yervoy,140,2133531.45,40.0,147.2,3318,2020
Ipilimumab,Yervoy,118,2098096.57,40.0,122.4,3038,2021
Ipilimumab,Yervoy,246,4874296.93,77.0,261.2,6238,2022
Ipilimumab,Yervoy,249,4678282.01,65.0,264.2,6730,2023
Ipilimumab,Yervoy,197,3110533.84,55.0,207.8,5035,2024
Ipratropium Bromide,Ipratropium Bromide,1097475,82736230.69,440692.0,1409829.5000000002,36754453,2019
Ipratropium Bromide,Ipratropium Bromide,1090057,96053979.6,411445.0,1473848.9999999995,39247998,2020
Ipratropium Bromide,Ipratropium Bromide,1126784,97824088.46000002,437508.0,1573201.9,42411548,2021
Ipratropium Bromide,Ipratropium Bromide,1242277,100540204.08,516957.0,1790844.1,48469271,2022
Ipratropium Bromide,Ipratropium Bromide,1453735,101049683.78000002,609206.0,2060252.5999999996,55176058,2023
Ipratropium Bromide,Ipratropium Bromide,1733043,86725178.18000004,729234.0,2465821.2,66067083,2024
Ipratropium/Albuterol Sulfate,Combivent Respimat,1449368,314684999.73,442743.0,1594140.9,29051526,2019
Ipratropium/Albuterol Sulfate,Combivent Respimat,1087044,329261266.99,323801.0,1235431.8000000005,26061299,2020
Ipratropium/Albuterol Sulfate,Combivent Respimat,815801,296239917.6,234927.0,941277.2,21293671,2021
Ipratropium/Albuterol Sulfate,Combivent Respimat,804924,266921534.75,251101.0,906204.1999999998,19204934,2022
Ipratropium/Albuterol Sulfate,Combivent Respimat,795281,241556285.24,267458.0,880710.9999999995,17336074,2023
Ipratropium/Albuterol Sulfate,Combivent Respimat,879141,205598380.15000004,305052.0,949163.0000000003,16681198,2024
Iptacopan Hcl,Fabhalta,255,11480568.72,80.0,255.0,7650,2024
Irbesartan,Irbesartan,1873796,61319622.49999999,534889.0,4127635.5,123092860,2019
Irbesartan,Irbesartan,1925758,68327344.89,507245.0,4491947.1,134028895,2020
Irbesartan,Irbesartan,1867231,60044716.539999984,501211.0,4529861.1,135170228,2021
Irbesartan,Irbesartan,1902925,61036193.53000001,520034.0,4712348.4,140693907,2022
Irbesartan,Irbesartan,1924325,66593157.02000001,529809.0,4843798.5,144601359,2023
Irbesartan,Irbesartan,2023354,43503429.97,558085.0,5127265.899999999,153049498,2024
Irbesartan/Hydrochlorothiazide,Irbesartan-Hydrochlorothiazide,424649,14128768.919999998,116592.0,862506.7000000001,25796741,2019
Irbesartan/Hydrochlorothiazide,Irbesartan-Hydrochlorothiazide,410340,13844047.170000002,105233.0,894564.0,26770104,2020
Irbesartan/Hydrochlorothiazide,Irbesartan-Hydrochlorothiazide,367532,11319405.83,98309.0,842439.9999999998,25211556,2021
Irbesartan/Hydrochlorothiazide,Irbesartan-Hydrochlorothiazide,347492,10552590.06,94475.0,817875.7999999999,24481410,2022
Irbesartan/Hydrochlorothiazide,Irbesartan-Hydrochlorothiazide,327435,10665232.43,90217.0,787663.3999999999,23574368,2023
Irbesartan/Hydrochlorothiazide,Irbesartan-Hydrochlorothiazide,323621,8132731.119999999,89647.0,783996.6999999997,23458906,2024
Irinotecan Hcl,Irinotecan Hcl,745,396803.19999999984,190.0,748.5999999999999,19325,2019
Irinotecan Hcl,Irinotecan Hcl,778,694170.01,180.0,778.0,18939,2020
Irinotecan Hcl,Irinotecan Hcl,759,600590.7700000001,197.0,759.0,18276,2021
Irinotecan Hcl,Irinotecan Hcl,953,822864.25,223.0,954.6,22818,2022
Irinotecan Hcl,Irinotecan Hcl,896,895398.9999999999,219.0,897.1,21719,2023
Irinotecan Hcl,Irinotecan Hcl,1041,352506.99000000005,289.0,1041.7,24684,2024
Irinotecan Liposomal,Onivyde,16,122752.16,5.0,16.0,212,2022
Irinotecan Liposomal,Onivyde,12,135247.08,5.0,12.0,308,2023
Irinotecan Liposomal,Onivyde,26,475888.18000000005,10.0,26.0,686,2024
"Iron Carb,gl/Fa/B12/C/Docusate",Ferralet 90,71,12045.11,25.0,113.0,3390,2019
"Iron Fum/Folic Acid/Mv,min 15",Hemocyte Plus,16,317.06,5.0,18.0,540,2020
"Iron,fm,ps/Folic/B,c18/L.Casei",Fusion Plus,74,3238.59,20.0,117.0,3485,2019
"Iron,fm,ps/Folic/B,c18/L.Casei",Fusion Plus,23,1081.23,10.0,39.0,1170,2020
"Iron,fm,ps/Folic/B,c18/L.Casei",Fusion Plus,14,855.85,5.0,30.0,900,2021
"Iron,fm,ps/Folic/B,c18/L.Casei",Fusion Plus,65,2693.79,25.0,93.0,2765,2022
Isatuximab-Irfc,Sarclisa,168,1386842.69,40.0,168.0,3824,2021
Isatuximab-Irfc,Sarclisa,271,2551224.49,32.0,271.0,7351,2022
Isatuximab-Irfc,Sarclisa,281,2548292.4200000004,35.0,281.0,7332,2023
Isatuximab-Irfc,Sarclisa,490,4257859.77,75.0,490.0,13166,2024
Isavuconazonium Sulfate,Cresemba,3119,16052702.869999994,876.0,3211.2,85582,2019
Isavuconazonium Sulfate,Cresemba,4656,25135498.809999995,1352.0,4906.199999999999,133769,2020
Isavuconazonium Sulfate,Cresemba,4352,23886556.46,1204.0,4611.800000000002,124299,2021
Isavuconazonium Sulfate,Cresemba,5085,29919422.95,1371.0,5430.2,147681,2022
Isavuconazonium Sulfate,Cresemba,6417,41249995.41,1797.0,6898.0,187398,2023
Isavuconazonium Sulfate,Cresemba,8617,54739463.10000001,2502.0,9180.400000000003,253544,2024
Isocarboxazid,Marplan,11,11449.42,5.0,16.8,498,2019
Isocarboxazid,Marplan,75,38664.12,30.0,82.6,1962,2020
Isocarboxazid,Marplan,67,31729.92,20.0,79.0,1650,2021
Isocarboxazid,Marplan,108,72548.38,35.0,119.5,2960,2022
Isocarboxazid,Marplan,178,116724.37,70.0,186.0,4962,2023
Isocarboxazid,Marplan,152,87347.09,55.0,153.4,3880,2024
Isoniazid,Isoniazid,18100,145884.34999999995,5485.0,22171.5,635564,2019
Isoniazid,Isoniazid,12877,108015.42999999998,3953.0,16058.3,463652,2020
Isoniazid,Isoniazid,10773,90312.66000000005,3346.0,13566.7,389946,2021
Isoniazid,Isoniazid,11161,101185.79,3429.0,13797.000000000002,394611,2022
Isoniazid,Isoniazid,12087,114654.70999999998,3795.0,14956.2,427738,2023
Isoniazid,Isoniazid,13155,115391.5,4014.0,16783.200000000004,484820,2024
Isosorbide Dinit/Hydralazine,Bidil,22407,7723072.42,6288.0,28314.800000000007,770287,2019
Isosorbide Dinit/Hydralazine,Bidil,20987,8394067.36,5994.0,28184.500000000007,768159,2020
Isosorbide Dinit/Hydralazine,Bidil,17036,7170451.33,4780.0,22726.099999999995,608083,2021
Isosorbide Dinit/Hydralazine,Bidil,7045,2786371.79,2174.0,9322.7,243512,2022
Isosorbide Dinit/Hydralazine,Isosorbide Dinit-Hydralazine,7713,2131596.86,2376.0,10494.600000000002,284647,2023
Isosorbide Dinit/Hydralazine,Isosorbide Dinit-Hydralazine,9139,1500798.4199999997,2780.0,12843.199999999995,347569,2024
Isosorbide Dinitrate,Isosorbide Dinitrate,340977,20976660.4,89017.0,470786.5,13116577,2019
Isosorbide Dinitrate,Isosorbide Dinitrate,309635,20597271.599999998,82082.0,448849.3000000001,12562197,2020
Isosorbide Dinitrate,Isosorbide Dinitrate,282489,20568100.750000004,76874.0,423793.79999999993,11870155,2021
Isosorbide Dinitrate,Isosorbide Dinitrate,271743,19531209.76,73792.0,413093.3,11555666,2022
Isosorbide Dinitrate,Isosorbide Dinitrate,270406,17839878.540000003,73115.0,416078.70000000007,11623053,2023
Isosorbide Dinitrate,Isosorbide Dinitrate,283069,13707286.41,76333.0,438730.19999999984,12198161,2024
Isosorbide Mononitrate,Isosorbide Mononitrate Er,4743892,88817605.78999999,1214367.0,8993617.999999998,264544394,2019
Isosorbide Mononitrate,Isosorbide Mononitrate Er,4527170,84220910.74000001,1183348.0,9095922.1,268029727,2020
Isosorbide Mononitrate,Isosorbide Mononitrate Er,4262144,77445596.69999997,1168634.0,8865704.4,261509814,2021
Isosorbide Mononitrate,Isosorbide Mononitrate Er,4117420,74866104.58000001,1149687.0,8705590.3,256584910,2022
Isosorbide Mononitrate,Isosorbide Mononitrate Er,4056639,77633904.39999998,1146895.0,8680300.599999998,255742234,2023
Isosorbide Mononitrate,Isosorbide Mononitrate Er,4108962,52420549.960000016,1165931.0,8868102.9,261105725,2024
Isotretinoin,Myorisan,1216,287352.43999999994,464.0,1218.0,36216,2019
Isotretinoin,Claravis,1075,221520.66,402.0,1075.0,31933,2020
Isotretinoin,Zenatane,954,172248.58000000002,359.0,955.0,28362,2021
Isotretinoin,Zenatane,1123,197632.51000000007,415.0,1124.0,33501,2022
Isotretinoin,Claravis,862,126777.29,322.0,862.0,25817,2023
Isotretinoin,Isotretinoin,1608,231269.59000000003,638.0,1608.0,47669,2024
Isradipine,Isradipine,3315,272796.59,1030.0,4794.799999999999,137303,2019
Isradipine,Isradipine,2635,234698.32,815.0,3686.4,105736,2020
Isradipine,Isradipine,2299,225688.4,679.0,3455.4,97793,2021
Isradipine,Isradipine,1949,285848.77000000014,588.0,3061.9,85619,2022
Isradipine,Isradipine,1307,206983.54,438.0,2045.5,57856,2023
Isradipine,Isradipine,1461,199303.21,451.0,2453.3,71927,2024
Istradefylline,Nourianz,6708,13311723.369999995,1713.0,8684.1,260178,2020
Istradefylline,Nourianz,13602,29462418.83,3164.0,18050.700000000004,540793,2021
Istradefylline,Nourianz,14905,35194280.64999999,3400.0,19823.000000000004,593583,2022
Istradefylline,Nourianz,14964,38084909.38999999,3451.0,20387.6,610402,2023
Istradefylline,Nourianz,14881,38243946.01,3511.0,20250.4,606307,2024
Itraconazole,Itraconazole,12369,5023701.210000001,3657.0,14760.299999999996,406379,2019
Itraconazole,Itraconazole,11866,4444297.740000002,3525.0,14522.800000000005,407069,2020
Itraconazole,Itraconazole,10779,3947596.46,3264.0,13383.599999999997,372361,2021
Itraconazole,Itraconazole,9942,4156353.2999999993,3200.0,12546.1,341669,2022
Itraconazole,Itraconazole,10325,3935596.400000001,3327.0,12998.7,355938,2023
Itraconazole,Itraconazole,10922,2648729.67,3633.0,13857.699999999995,372753,2024
Ivabradine Hcl,Corlanor,19225,9965016.4,5217.0,24450.300000000003,697134,2019
Ivabradine Hcl,Corlanor,21491,12070473.97,5885.0,28321.699999999997,809025,2020
Ivabradine Hcl,Corlanor,22243,13592371.010000002,6338.0,29854.5,846472,2021
Ivabradine Hcl,Corlanor,23800,15725531.670000002,6862.0,31857.0,901169,2022
Ivabradine Hcl,Corlanor,25043,18058306.69,7323.0,34182.700000000004,954856,2023
Ivabradine Hcl,Corlanor,22117,14178690.519999998,7076.0,29306.00000000001,796628,2024
Ivacaftor,Kalydeco,1751,42943797.06999999,415.0,1768.1,49570,2019
Ivacaftor,Kalydeco,1133,27575090.03,290.0,1133.0,31728,2020
Ivacaftor,Kalydeco,650,15918599.830000002,185.0,652.6,18284,2021
Ivacaftor,Kalydeco,601,15679907.640000004,190.0,605.3,16970,2022
Ivacaftor,Kalydeco,588,15808762.77,175.0,588.0,16464,2023
Ivacaftor,Kalydeco,830,21447628.61,235.0,848.3000000000001,23818,2024
Ivermectin,Soolantra,31538,2760317.28,20557.0,32024.6,283985,2019
Ivermectin,Ivermectin,38535,2621257.2299999995,27434.0,39799.2,348396,2020
Ivermectin,Ivermectin,153086,14140117.309999997,99996.0,174948.5,2679390,2021
Ivermectin,Ivermectin,28718,3387509.9800000004,17884.0,30915.200000000004,446616,2022
Ivermectin,Ivermectin,16504,2844543.65,9227.0,17432.499999999996,297046,2023
Ivermectin,Ivermectin,23946,3599589.99,12763.0,25756.7,480600,2024
Ivosidenib,Tibsovo,245,6129154.100000001,95.0,245.0,7319,2019
Ivosidenib,Tibsovo,576,15097420.74,205.0,580.0,17199,2020
Ivosidenib,Tibsovo,995,25919175.67,360.0,995.0,29458,2021
Ivosidenib,Tibsovo,1472,41888593.45000001,520.0,1478.1,43720,2022
Ivosidenib,Tibsovo,2132,65064131.90999999,740.0,2135.0,63416,2023
Ivosidenib,Tibsovo,4081,124924913.04,1380.0,4086.0,122523,2024
Ixabepilone,Ixempra,14,58776.28,5.0,14.0,294,2019
Ixabepilone,Ixempra,39,227454.38,15.0,39.0,910,2020
Ixabepilone,Ixempra,12,115499.83,5.0,12.0,308,2021
Ixabepilone,Ixempra,12,171707.74,5.0,12.0,336,2023
Ixazomib Citrate,Ninlaro,20299,211863539.89000005,5036.0,20357.7,560496,2019
Ixazomib Citrate,Ninlaro,24758,265529875.04,6031.0,24869.700000000004,686402,2020
Ixazomib Citrate,Ninlaro,22754,258524809.25000003,5613.0,22822.6,630839,2021
Ixazomib Citrate,Ninlaro,19413,233293872.49,4925.0,19491.0,539992,2022
Ixazomib Citrate,Ninlaro,15993,207164865.05,4160.0,16050.299999999996,443832,2023
Ixazomib Citrate,Ninlaro,14002,177257644.02000004,3678.0,14058.2,390211,2024
Ixekizumab,Taltz Autoinjector,13170,79043712.34,3995.0,13576.9,381222,2019
Ixekizumab,Taltz Autoinjector,20057,125841361.42,5921.0,20745.8,583299,2020
Ixekizumab,Taltz Autoinjector,27368,182562355.7,7869.0,28113.1,789941,2021
Ixekizumab,Taltz Autoinjector,35930,253746745.9400001,10178.0,36940.09999999999,1038066,2022
Ixekizumab,Taltz Autoinjector,45362,338655442.77000004,12688.0,46653.10000000001,1310848,2023
Ixekizumab,Taltz Autoinjector,55560,409639368.51,15317.0,57815.00000000001,1626192,2024
Japanese Encephalitis Vacc/Pf,Ixiaro,265,74383.4,142.0,267.0,790,2019
Japanese Encephalitis Vacc/Pf,Ixiaro,125,43052.11,78.0,125.0,125,2022
Japanese Encephalitis Vacc/Pf,Ixiaro,424,147449.70000000004,272.0,430.0,895,2023
Japanese Encephalitis Vacc/Pf,Ixiaro,1438,454169.18,998.0,1438.0,2655,2024
Ketoconazole,Ketoconazole,2170276,86335821.20000002,1047447.0,2320255.1,56700660,2019
Ketoconazole,Ketoconazole,2232965,71858744.36999999,1032666.0,2410610.6,61836269,2020
Ketoconazole,Ketoconazole,2413066,73876094.78999998,1162518.0,2599142.399999999,68042744,2021
Ketoconazole,Ketoconazole,2640073,77533371.16000001,1267034.0,2873536.200000001,77004343,2022
Ketoconazole,Ketoconazole,2999815,79175486.19000001,1436980.0,3295090.3,89339290,2023
Ketoconazole,Ketoconazole,3549882,68866090.81,1682359.0,3920297.3,107098679,2024
Ketoprofen,Ketoprofen,867,965238.3000000002,358.0,927.3,26162,2019
Ketoprofen,Ketoprofen,6430,9172600.74,1894.0,7366.099999999999,214750,2020
Ketoprofen,Ketoprofen,14810,29291456.280000005,5158.0,15579.7,457462,2021
Ketoprofen,Ketoprofen,3699,5819346.479999998,1334.0,3906.2,113003,2022
Ketoprofen,Ketoprofen,1428,2111931.32,485.0,1594.1,46438,2023
Ketoprofen,Ketoprofen,817,694981.4099999999,268.0,866.4,25482,2024
Ketorolac Tromethamine,Ketorolac Tromethamine,1065076,27960226.53,649299.0,1185801.2000000002,27722430,2019
Ketorolac Tromethamine,Ketorolac Tromethamine,912592,26437667.470000003,552038.0,1031799.2,24355779,2020
Ketorolac Tromethamine,Ketorolac Tromethamine,1133424,30776832.190000005,690939.0,1287058.7,30758845,2021
Ketorolac Tromethamine,Ketorolac Tromethamine,1214996,31975258.779999997,748860.0,1401287.0,33628124,2022
Ketorolac Tromethamine,Ketorolac Tromethamine,1310557,35154825.17000001,817831.0,1528442.2000000002,36549563,2023
Ketorolac Tromethamine,Ketorolac Tromethamine,1428672,30764916.540000003,891678.0,1682946.8999999994,40488831,2024
Ketorolac Tromethamine/Pf,Acuvail,141,79257.08,51.0,154.0,3806,2019
Ketorolac Tromethamine/Pf,Acuvail,63,28575.41,20.0,70.0,1935,2020
Ketorolac Tromethamine/Pf,Acuvail,71,29426.53,24.0,90.0,2674,2021
Ketorolac Tromethamine/Pf,Acuvail,46,24819.16,16.0,54.0,1515,2022
Ketorolac Tromethamine/Pf,Acuvail,76,30035.25,37.0,90.5,1545,2023
Ketorolac Tromethamine/Pf,Acuvail,30,13574.85,10.0,43.5,953,2024
L-Norgest/E.Estradiol-E.Estrad,Ashlyna,54,2834.79,10.0,86.6,1750,2019
L-Norgest/E.Estradiol-E.Estrad,Levonorg-Eth Estrad Eth Estrad,35,1568.8,5.0,43.1,800,2020
L-Norgest/E.Estradiol-E.Estrad,Amethia,36,2494.3,15.0,60.4,1620,2021
L-Norgest/E.Estradiol-E.Estrad,Daysee,12,88.0,5.0,12.0,360,2022
L-Norgest/E.Estradiol-E.Estrad,Ashlyna,24,169.49,10.0,26.0,759,2023
L-Norgest/E.Estradiol-E.Estrad,Simpesse,14,1549.49,5.0,42.5,1274,2024
Labetalol Hcl,Labetalol Hcl,791989,39654179.72,202323.0,1358721.3,39570577,2019
Labetalol Hcl,Labetalol Hcl,736499,36439114.98000001,191170.0,1335361.6000000003,38916642,2020
Labetalol Hcl,Labetalol Hcl,685089,32797650.77,183575.0,1287055.9,37531305,2021
Labetalol Hcl,Labetalol Hcl,644774,30229198.629999995,174849.0,1244720.5000000002,36326773,2022
Labetalol Hcl,Labetalol Hcl,622655,26745036.169999994,169199.0,1220760.5,35557932,2023
Labetalol Hcl,Labetalol Hcl,618803,17828405.920000006,167773.0,1221327.3999999997,35518428,2024
Lacosamide,Vimpat,614730,532106736.28,102427.0,679031.2999999999,17220603,2019
Lacosamide,Vimpat,645073,595486261.0300002,107844.0,726185.7000000002,18684611,2020
Lacosamide,Vimpat,666236,661584550.84,113307.0,752420.5000000001,19388756,2021
Lacosamide,Lacosamide,580098,398134234.44000006,134529.0,677838.6,18240797,2022
Lacosamide,Lacosamide,665790,196352176.56000003,130422.0,809726.1,22542887,2023
Lacosamide,Lacosamide,752421,133263169.58000006,148298.0,938797.3,26220361,2024
Lactic Acid/Citric/Potassium,Phexxi,12,4344.84,5.0,12.0,360,2023
Lactic Acid/Citric/Potassium,Phexxi,11,4085.47,5.0,11.0,132,2024
Lactulose,Lactulose,1289092,30360126.44,347767.0,1391484.0999999996,27084894,2019
Lactulose,Lactulose,1257530,45707842.000000015,338596.0,1362472.3999999997,27084329,2020
Lactulose,Lactulose,1198415,58259095.219999984,329539.0,1302683.0,26048859,2021
Lactulose,Lactulose,1167613,61847019.34,336742.0,1290428.2,26054612,2022
Lactulose,Lactulose,1204254,57154675.92,368332.0,1331891.2000000002,26835690,2023
Lactulose,Lactulose,1252121,50658944.45,387886.0,1386936.5000000002,27548070,2024
Lamivudine,Lamivudine,46151,7014451.440000001,11614.0,53459.2,1564365,2019
Lamivudine,Lamivudine,39633,6101268.120000002,10235.0,47474.8,1390330,2020
Lamivudine,Lamivudine Hbv,32952,4356491.96,8814.0,39782.20000000001,1158893,2021
Lamivudine,Lamivudine,27313,4177437.31,7561.0,33174.60000000001,960212,2022
Lamivudine,Lamivudine,22974,3347261.1400000006,6381.0,28125.099999999995,811671,2023
Lamivudine,Lamivudine,21193,2509567.7100000004,6043.0,25973.9,748962,2024
Lamivudine/Tenofovir Disop Fum,Cimduo,55,73840.17,10.0,71.0,2130,2019
Lamivudine/Tenofovir Disop Fum,Temixys,124,158323.33000000002,35.0,153.0,4590,2020
Lamivudine/Tenofovir Disop Fum,Temixys,93,117760.35,25.0,113.0,3390,2021
Lamivudine/Tenofovir Disop Fum,Cimduo,47,65635.87,15.0,62.0,1860,2022
Lamivudine/Tenofovir Disop Fum,Cimduo,90,118768.22,35.0,100.0,3000,2023
Lamivudine/Tenofovir Disop Fum,Cimduo,59,76278.95999999999,25.0,61.0,1830,2024
Lamivudine/Zidovudine,Lamivudine-Zidovudine,10379,2936286.8300000005,3076.0,11617.9,343947,2019
Lamivudine/Zidovudine,Lamivudine-Zidovudine,8100,2195359.08,2485.0,9113.5,267768,2020
Lamivudine/Zidovudine,Lamivudine-Zidovudine,6575,1631804.34,2081.0,7429.2,218121,2021
Lamivudine/Zidovudine,Lamivudine-Zidovudine,4763,1311043.9900000002,1560.0,5424.7,159264,2022
Lamivudine/Zidovudine,Lamivudine-Zidovudine,4086,1132696.7599999995,1330.0,4674.5,138253,2023
Lamivudine/Zidovudine,Lamivudine-Zidovudine,3233,656869.6900000002,1055.0,3749.1,110997,2024
Lamotrigine,Lamotrigine,3435067,176402768.15999994,665338.0,4789306.700000001,138949631,2019
Lamotrigine,Lamotrigine,3475842,180746111.61000004,664188.0,5083671.8,147806811,2020
Lamotrigine,Lamotrigine,3482327,181737785.76000005,675654.0,5153721.800000001,149913809,2021
Lamotrigine,Lamotrigine,3536996,189644533.57999995,693248.0,5294619.199999999,153783846,2022
Lamotrigine,Lamotrigine,3616065,198607093.5900001,709867.0,5477433.2,158959735,2023
Lamotrigine,Lamotrigine,3766590,141020639.51999998,738766.0,5798234.300000001,168048985,2024
Lanadelumab-Flyo,Takhzyro,1665,75052192.40000002,474.0,1665.0,46303,2019
Lanadelumab-Flyo,Takhzyro,2513,114504079.66000004,693.0,2538.2,70832,2020
Lanadelumab-Flyo,Takhzyro,2965,134556466.55000004,817.0,2996.3,83655,2021
Lanadelumab-Flyo,Takhzyro,3205,145408207.14,876.0,3230.1,89941,2022
Lanadelumab-Flyo,Takhzyro,3012,137333653.39999998,845.0,3042.7,84642,2023
Lanadelumab-Flyo,Takhzyro,3718,169875911.61,1008.0,3754.3,105120,2024
Lanreotide Acetate,Somatuline Depot,2525,19597139.15,835.0,2630.7,74080,2019
Lanreotide Acetate,Somatuline Depot,2678,23567857.63000001,870.0,2789.0,78110,2020
Lanreotide Acetate,Somatuline Depot,3061,27641685.03,1012.0,3127.0,87267,2021
Lanreotide Acetate,Somatuline Depot,3403,32070251.93,1072.0,3472.1000000000004,97546,2022
Lanreotide Acetate,Somatuline Depot,3920,37734837.74,1115.0,3985.500000000001,111598,2023
Lanreotide Acetate,Somatuline Depot,4651,41043616.04000001,1271.0,4689.700000000001,130898,2024
Lansoprazole,Lansoprazole,632353,37435356.78,174233.0,1102017.8,32439013,2019
Lansoprazole,Lansoprazole,724623,37510486.49,197275.0,1312522.2999999996,38633124,2020
Lansoprazole,Lansoprazole,712559,39002339.05,196484.0,1329727.5,39115985,2021
Lansoprazole,Lansoprazole,699126,42983611.36999999,194243.0,1334932.6999999995,39247862,2022
Lansoprazole,Lansoprazole,695716,33817785.92,194708.0,1345112.5000000002,39498934,2023
Lansoprazole,Lansoprazole,750934,28356684.01,211128.0,1493166.1,43848989,2024
Lansoprazole/Amoxiciln/Clarith,Lansoprazol-Amoxicil-Clarithro,41,20659.8,41.0,41.0,590,2019
Lansoprazole/Amoxiciln/Clarith,Lansoprazol-Amoxicil-Clarithro,11,5833.99,11.0,11.0,168,2020
Lansoprazole/Amoxiciln/Clarith,Lansoprazol-Amoxicil-Clarithro,45,27336.29,45.0,45.9,672,2021
Lansoprazole/Amoxiciln/Clarith,Lansoprazol-Amoxicil-Clarithro,20,13074.83,20.0,20.0,280,2022
Lanthanum Carbonate,Lanthanum Carbonate,16670,22676158.34,4983.0,20913.200000000004,595697,2019
Lanthanum Carbonate,Lanthanum Carbonate,21835,24596904.840000004,6298.0,28070.1,810965,2020
Lanthanum Carbonate,Lanthanum Carbonate,25169,32953701.99,6834.0,31552.10000000001,916733,2021
Lanthanum Carbonate,Lanthanum Carbonate,30359,33890966.93,8153.0,35895.3,1046213,2022
Lanthanum Carbonate,Lanthanum Carbonate,31630,34355260.62,8495.0,38186.9,1115461,2023
Lanthanum Carbonate,Lanthanum Carbonate,28657,25228935.090000004,8208.0,36495.00000000001,1065541,2024
Lapatinib Ditosylate,Tykerb,1868,11628900.680000002,700.0,1872.0,52424,2019
Lapatinib Ditosylate,Tykerb,1550,10272425.1,560.0,1558.0,43061,2020
Lapatinib Ditosylate,Tykerb,824,4735128.859999999,320.0,824.0,23204,2021
Lapatinib Ditosylate,Tykerb,738,4026092.09,300.0,738.0,21330,2022
Lapatinib Ditosylate,Lapatinib,768,4026433.34,305.0,768.0,21668,2023
Lapatinib Ditosylate,Tykerb,624,3435975.01,255.0,624.0,17840,2024
Laronidase,Aldurazyme,59,2421755.25,20.0,59.0,1322,2019
Laronidase,Aldurazyme,126,4500166.87,40.0,126.0,2297,2020
Laronidase,Aldurazyme,159,6416188.550000001,35.0,159.0,2632,2021
Laronidase,Aldurazyme,148,6151606.73,30.0,148.0,2331,2022
Laronidase,Aldurazyme,144,7070678.180000001,40.0,144.0,2961,2023
Laronidase,Aldurazyme,134,5785194.14,35.0,134.0,2405,2024
Larotrectinib Sulfate,Vitrakvi,62,1903714.23,25.0,62.0,1860,2020
Larotrectinib Sulfate,Vitrakvi,109,3618459.42,40.0,110.0,3300,2021
Larotrectinib Sulfate,Vitrakvi,255,8556654.469999999,100.0,257.0,7710,2022
Larotrectinib Sulfate,Vitrakvi,289,10052315.15,115.0,290.0,8667,2023
Larotrectinib Sulfate,Vitrakvi,433,16138317.02,165.0,437.0,13087,2024
Lasmiditan Succinate,Reyvow,1427,979702.02,457.0,1469.4999999999998,28157,2020
Lasmiditan Succinate,Reyvow,3303,2468754.27,967.0,3392.6000000000004,72636,2021
Lasmiditan Succinate,Reyvow,4777,3966922.66,1349.0,4890.5,106519,2022
Lasmiditan Succinate,Reyvow,5568,4903513.92,1574.0,5770.400000000001,130308,2023
Lasmiditan Succinate,Reyvow,5809,4884769.930000001,1630.0,6013.3,138277,2024
Latanoprost,Latanoprost,9034668,172592775.84,2225608.0,14458860.0,404208770,2019
Latanoprost,Latanoprost,8978429,192009349.48000005,2291650.0,15292485.3,431873779,2020
Latanoprost,Latanoprost,9170797,210634787.4699999,2435488.0,16273219.6,463670445,2021
Latanoprost,Latanoprost,9545896,210957965.85000005,2571109.0,17197363.200000003,491891547,2022
Latanoprost,Latanoprost,9881149,208457898.19000003,2705733.0,18296645.7,525565625,2023
Latanoprost,Latanoprost,10475362,125743781.02999996,2894002.0,19802861.600000005,570558426,2024
Latanoprost/Pf,Iyuzeh,7190,2788499.539999999,2098.0,9743.399999999998,290584,2024
Latanoprostene Bunod,Vyzulta,47575,16996427.16,14250.0,69128.3,1952095,2019
Latanoprostene Bunod,Vyzulta,76275,27726378.919999994,20802.0,110689.7,3101178,2020
Latanoprostene Bunod,Vyzulta,115512,44597492.2,33169.0,168803.5,4737331,2021
Latanoprostene Bunod,Vyzulta,168746,69573938.42999999,47706.0,248883.69999999995,7029343,2022
Latanoprostene Bunod,Vyzulta,216928,96197758.01,59248.0,323316.0,9147557,2023
Latanoprostene Bunod,Vyzulta,242669,105086089.61999996,65820.0,376721.4,10739965,2024
Lecanemab-Irmb,Leqembi,323,418710.51000000007,81.0,323.0,5848,2024
Ledipasvir/Sofosbuvir,Harvoni,7221,231206856.03999996,2604.0,7229.1,202268,2019
Ledipasvir/Sofosbuvir,Harvoni,1365,43222852.24999999,494.0,1365.0,38220,2020
Ledipasvir/Sofosbuvir,Harvoni,814,25766302.030000005,282.0,814.0,22792,2021
Ledipasvir/Sofosbuvir,Harvoni,337,10959390.32,122.0,337.0,9436,2022
Ledipasvir/Sofosbuvir,Harvoni,348,10876722.52,127.0,348.0,9744,2023
Ledipasvir/Sofosbuvir,Harvoni,153,4619064.18,56.0,153.0,4284,2024
Leflunomide,Leflunomide,437759,75223883.85000001,115991.0,757472.7000000001,22450217,2019
Leflunomide,Leflunomide,437505,58710535.190000005,119245.0,804359.4999999997,23886370,2020
Leflunomide,Leflunomide,439461,49739460.89,127010.0,833450.5,24794046,2021
Leflunomide,Leflunomide,444990,44813793.77000001,133539.0,877212.0000000001,26109206,2022
Leflunomide,Leflunomide,473433,36677304.33,144979.0,959176.6,28571098,2023
Leflunomide,Leflunomide,511975,30443964.00000001,158548.0,1056294.3000000005,31455787,2024
Lemborexant,Dayvigo,857,243461.58,314.0,878.0,25331,2020
Lemborexant,Dayvigo,13992,4357501.37,4045.0,14610.8,425847,2021
Lemborexant,Dayvigo,22869,7350203.840000001,6147.0,24105.8,703436,2022
Lemborexant,Dayvigo,21910,7671857.599999999,6152.0,23284.1,681422,2023
Lemborexant,Dayvigo,26294,8970493.390000002,7656.0,27930.700000000004,807123,2024
Lenacapavir Sodium,Sunlenca,68,1007929.4,25.0,252.4,6913,2023
Lenacapavir Sodium,Sunlenca,176,2704526.17,65.0,781.9000000000001,22294,2024
Lenalidomide,Revlimid,289362,4391478251.18,52273.0,289462.7,7730961,2019
Lenalidomide,Revlimid,312133,5069713525.549999,54389.0,312806.4,8384165,2020
Lenalidomide,Revlimid,325541,5574264789.540002,57082.0,325644.80000000005,8753955,2021
Lenalidomide,Revlimid,324977,5790687156.160002,62234.0,325108.7000000001,8783993,2022
Lenalidomide,Revlimid,292691,4816489867.910002,63505.0,292804.1000000001,7922805,2023
Lenalidomide,Lenalidomide,393258,6132950800.629998,81109.0,393378.9,10686111,2024
Leniolisib Phosphate,Joenja,59,2848995.48,25.0,59.0,1770,2024
Lenvatinib Mesylate,Lenvima,6265,114826789.06000005,1793.0,6296.099999999999,187826,2019
Lenvatinib Mesylate,Lenvima,8307,159821588.14000005,2515.0,8349.4,249118,2020
Lenvatinib Mesylate,Lenvima,8968,183136285.66999996,2634.0,9038.8,268838,2021
Lenvatinib Mesylate,Lenvima,13167,288197453.5299999,3798.0,13264.3,395790,2022
Lenvatinib Mesylate,Lenvima,16035,380035060.9100001,4682.0,16202.5,483156,2023
Lenvatinib Mesylate,Lenvima,18625,435671186.9,5155.0,18807.300000000003,561207,2024
Lesinurad,Zurampic,22,2071.02,5.0,22.0,154,2019
Letermovir,Prevymis,616,3962222.910000001,223.0,630.4,17423,2019
Letermovir,Prevymis,1466,9848820.84,429.0,1589.1,44618,2020
Letermovir,Prevymis,2033,14389981.13,575.0,2185.7,61395,2021
Letermovir,Prevymis,2897,21282358.36,790.0,2989.3,83768,2022
Letermovir,Prevymis,4655,34962888.60000001,1239.0,4777.800000000001,133669,2023
Letermovir,Prevymis,9224,67714071.26000002,2356.0,9489.8,265583,2024
Letrozole,Letrozole,628510,16008633.449999996,167682.0,1240315.0999999996,36950228,2019
Letrozole,Letrozole,649871,18697021.38,176569.0,1358615.7,40490375,2020
Letrozole,Letrozole,649607,20190311.17,187079.0,1416779.5,42237150,2021
Letrozole,Letrozole,668920,19698436.5,198718.0,1487099.1999999995,44332222,2022
Letrozole,Letrozole,694468,23079163.360000003,209553.0,1558734.1000000003,46450455,2023
Letrozole,Letrozole,750236,16715365.459999995,228088.0,1687890.5000000007,50284848,2024
Leucovorin Calcium,Leucovorin Calcium,75330,3057645.6299999994,19569.0,138891.0,4004147,2019
Leucovorin Calcium,Leucovorin Calcium,77241,3365136.4399999995,20141.0,148142.49999999994,4288438,2020
Leucovorin Calcium,Leucovorin Calcium,74853,3431162.0700000003,20616.0,148382.3,4310816,2021
Leucovorin Calcium,Leucovorin Calcium,73960,3506733.81,20740.0,149682.2,4347691,2022
Leucovorin Calcium,Leucovorin Calcium,75040,3675942.980000001,21288.0,155272.8,4519491,2023
Leucovorin Calcium,Leucovorin Calcium,80934,3224396.81,23633.0,170762.3,4976669,2024
Leuprolide Acetate,Lupron Depot,12165,42777404.22000001,3971.0,27116.9,804542,2019
Leuprolide Acetate,Lupron Depot,12783,43986069.820000015,4476.0,27589.1,816803,2020
Leuprolide Acetate,Lupron Depot,14774,51300482.01999999,4580.0,31642.6,938843,2021
Leuprolide Acetate,Lupron Depot,17597,70669891.95,5763.0,40933.39999999999,1217184,2022
Leuprolide Acetate,Lupron Depot,20339,88964874.62,6924.0,50044.500000000015,1490615,2023
Leuprolide Acetate,Lupron Depot,28350,124498518.32,10102.0,73592.29999999997,2194944,2024
Levalbuterol Hcl,Levalbuterol Hcl,19817,1551835.609999999,4512.0,19834.5,179681,2019
Levalbuterol Hcl,Levalbuterol Hcl,11455,906518.69,2696.0,11461.8,104832,2020
Levalbuterol Hcl,Levalbuterol Hcl,6162,517456.62,1547.0,6170.000000000001,60973,2021
Levalbuterol Hcl,Levalbuterol Hcl,5927,458640.35,1560.0,5929.3,58536,2022
Levalbuterol Hcl,Levalbuterol Hcl,15093,1283206.3399999996,3668.0,15114.0,137560,2023
Levalbuterol Hcl,Levalbuterol Hcl,11688,957578.17,2845.0,11690.4,108705,2024
Levalbuterol Tartrate,Levalbuterol Tartrate Hfa,65475,5054003.8900000015,22381.0,74000.20000000001,1866040,2019
Levalbuterol Tartrate,Levalbuterol Tartrate Hfa,72097,5511494.859999999,24339.0,82739.20000000001,2095206,2020
Levalbuterol Tartrate,Levalbuterol Tartrate Hfa,65877,4764538.960000002,22409.0,76764.19999999997,1958456,2021
Levalbuterol Tartrate,Levalbuterol Tartrate Hfa,75867,5356135.1,25924.0,87959.90000000001,2246509,2022
Levalbuterol Tartrate,Levalbuterol Tartrate Hfa,95956,6492460.339999998,32845.0,110717.00000000006,2808352,2023
Levalbuterol Tartrate,Levalbuterol Tartrate Hfa,102099,6521765.03,35979.0,119012.8,3010406,2024
Levetiracetam,Levetiracetam,3844926,191651794.58,762950.0,5258138.1,147538444,2019
Levetiracetam,Levetiracetam,3787906,200610297.01999992,763834.0,5474504.100000001,154351447,2020
Levetiracetam,Levetiracetam,3685578,213856505.16,764675.0,5475496.2,154120339,2021
Levetiracetam,Levetiracetam,3744036,215109260.78000003,785551.0,5631235.199999999,158103461,2022
Levetiracetam,Levetiracetam,3853939,212338135.64,814343.0,5858922.5,164105024,2023
Levetiracetam,Levetiracetam,4057368,185662993.57000008,857841.0,6230658.800000001,173845415,2024
Levetiracetam In Nacl (Iso-Os),Levetiracetam-Nacl,155,93018.32,35.0,155.0,696,2019
Levetiracetam In Nacl (Iso-Os),Levetiracetam-Nacl,108,56979.77,30.0,108.0,584,2020
Levetiracetam In Nacl (Iso-Os),Levetiracetam-Nacl,97,29745.91,25.0,97.0,607,2021
Levetiracetam In Nacl (Iso-Os),Levetiracetam-Nacl,172,40287.44,40.0,172.0,940,2022
Levetiracetam In Nacl (Iso-Os),Levetiracetam-Nacl,98,23577.32,25.0,98.0,442,2023
Levetiracetam In Nacl (Iso-Os),Levetiracetam-Nacl,94,45731.56,15.0,94.0,636,2024
Levobunolol Hcl,Levobunolol Hcl,70841,781524.3799999999,20819.0,142138.3,4154449,2019
Levobunolol Hcl,Levobunolol Hcl,44657,891557.92,15486.0,90478.8,2645308,2020
Levobunolol Hcl,Levobunolol Hcl,28906,909905.39,8857.0,59304.599999999984,1732986,2021
Levobunolol Hcl,Levobunolol Hcl,29662,885371.26,8973.0,61079.3,1787108,2022
Levobunolol Hcl,Levobunolol Hcl,29951,840663.5700000002,8771.0,60912.900000000016,1777680,2023
Levobunolol Hcl,Levobunolol Hcl,30187,820924.75,8592.0,61533.0,1795549,2024
Levocarnitine,Levocarnitine,30607,2914475.1899999995,7404.0,33425.200000000004,827368,2019
Levocarnitine,Levocarnitine,28224,2839856.09,7019.0,30995.300000000003,774478,2020
Levocarnitine,Levocarnitine,28786,2852104.87,7205.0,31623.30000000001,794604,2021
Levocarnitine,Levocarnitine,22198,2306664.5000000014,5968.0,24893.800000000003,630336,2022
Levocarnitine,Levocarnitine,22158,2223263.7800000003,5978.0,25111.2,659437,2023
Levocarnitine,Levocarnitine,25522,2462422.9,6986.0,29261.9,785628,2024
Levocarnitine (With Sugar),Levocarnitine,6667,803518.6300000001,1875.0,6884.300000000002,153867,2019
Levocarnitine (With Sugar),Levocarnitine,7748,917759.46,2192.0,7994.499999999998,187650,2020
Levocarnitine (With Sugar),Levocarnitine,7456,941338.0300000004,2145.0,7726.0,180705,2021
Levocarnitine (With Sugar),Levocarnitine,9033,1036457.36,2577.0,9373.999999999998,213167,2022
Levocarnitine (With Sugar),Levocarnitine,9766,1107662.1800000002,2740.0,10056.5,231373,2023
Levocarnitine (With Sugar),Levocarnitine,9670,984557.36,2717.0,10055.200000000004,229593,2024
Levocetirizine Dihydrochloride,Levocetirizine Dihydrochloride,1254008,18512674.540000007,403728.0,2003637.5,59147115,2019
Levocetirizine Dihydrochloride,Levocetirizine Dihydrochloride,1403234,23940854.62,429716.0,2404822.0,71201467,2020
Levocetirizine Dihydrochloride,Levocetirizine Dihydrochloride,1470507,26060409.91,459274.0,2627917.2000000007,77789664,2021
Levocetirizine Dihydrochloride,Levocetirizine Dihydrochloride,1559201,28912304.37,503360.0,2844541.4000000004,84091970,2022
Levocetirizine Dihydrochloride,Levocetirizine Dihydrochloride,1694937,29575091.759999994,555454.0,3118954.100000001,92109463,2023
Levocetirizine Dihydrochloride,Levocetirizine Dihydrochloride,1906789,22179995.27,624208.0,3590279.3000000007,106017197,2024
Levodopa,Inbrija,2675,5654731.090000001,951.0,2754.6,42253,2019
Levodopa,Inbrija,5118,11862801.239999998,1377.0,5291.999999999998,86142,2020
Levodopa,Inbrija,5874,15261435.46,1593.0,6103.2,113020,2021
Levodopa,Inbrija,4896,13814986.039999995,1332.0,5087.6,101921,2022
Levodopa,Inbrija,5157,15837409.119999995,1447.0,5415.700000000001,112202,2023
Levodopa,Inbrija,5054,16071941.779999994,1416.0,5201.699999999999,109444,2024
Levofloxacin,Levofloxacin,2092482,19434067.140000004,1633574.0,2099110.8,17084683,2019
Levofloxacin,Levofloxacin,1411318,13119915.88,1056492.0,1418189.5000000002,11895621,2020
Levofloxacin,Levofloxacin,1237128,10034393.659999998,940464.0,1244217.2000000002,10641332,2021
Levofloxacin,Levofloxacin,1386951,12008959.319999998,1066309.0,1394923.3999999992,11854687,2022
Levofloxacin,Levofloxacin,1431674,11015434.71,1106796.0,1441303.1000000003,12283076,2023
Levofloxacin,Levofloxacin,1454877,8545911.1,1129002.0,1466204.3000000005,12557051,2024
Levofloxacin In Dextrose 5 %,Levofloxacin-D5w,1604,64911.5,643.0,1615.0,7764,2019
Levofloxacin In Dextrose 5 %,Levofloxacin-D5w,1485,54482.10999999999,538.0,1485.5,6410,2020
Levofloxacin In Dextrose 5 %,Levofloxacin-D5w,1113,40310.27,396.0,1124.0,5556,2021
Levofloxacin In Dextrose 5 %,Levofloxacin-D5w,851,31930.84,335.0,851.0,4125,2022
Levofloxacin In Dextrose 5 %,Levofloxacin-D5w,1290,48805.72000000001,495.0,1290.0,6282,2023
Levofloxacin In Dextrose 5 %,Levofloxacin-D5w,1011,31415.55000000001,445.0,1011.0,4447,2024
Levoketoconazole,Recorlev,13,226299.51,5.0,13.0,390,2022
Levoketoconazole,Recorlev,112,2973621.8,40.0,112.0,3360,2023
Levoketoconazole,Recorlev,639,18421440.18,197.0,639.0,19166,2024
Levoleucovorin Calcium,Levoleucovorin Calcium,109,136986.64,30.0,109.0,2688,2019
Levoleucovorin Calcium,Levoleucovorin Calcium,197,212370.09,35.0,197.0,3885,2020
Levoleucovorin Calcium,Levoleucovorin Calcium,194,161673.00999999998,42.0,194.0,3752,2021
Levoleucovorin Calcium,Levoleucovorin Calcium,133,92798.17,25.0,133.0,2303,2022
Levoleucovorin Calcium,Levoleucovorin Calcium,55,18870.07,5.0,55.0,770,2023
Levoleucovorin Calcium,Levoleucovorin Calcium,34,9406.5,5.0,34.0,476,2024
Levomefolate Calcium,L-Methylfolate Calcium,11,813.84,5.0,11.0,330,2020
Levomefolate Calcium,L-Methylfolate Calcium,12,841.01,5.0,12.2,365,2022
Levomefolate/B12/Herb 236,Rheumate,12,22169.28,5.0,12.0,360,2021
Levomilnacipran Hcl,Fetzima,38945,17112837.34,10690.0,43351.3,1235754,2019
Levomilnacipran Hcl,Fetzima,35057,15917905.750000004,9626.0,38707.6,1099781,2020
Levomilnacipran Hcl,Fetzima,30436,15021745.81,8485.0,34177.499999999985,973230,2021
Levomilnacipran Hcl,Fetzima,27052,14166056.19,7785.0,30587.1,869705,2022
Levomilnacipran Hcl,Fetzima,23975,13449621.2,6848.0,27307.7,773545,2023
Levomilnacipran Hcl,Fetzima,21714,11796211.28,6213.0,24564.0,691715,2024
Levonorgest/Eth.Estradiol/Iron,Balcoltra,12,2578.62,5.0,12.0,336,2020
Levonorgest/Eth.Estradiol/Iron,Balcoltra,12,2796.87,5.0,12.0,336,2021
Levonorgest/Eth.Estradiol/Iron,Balcoltra,38,9974.87,15.0,38.0,980,2022
Levonorgest/Eth.Estradiol/Iron,Balcoltra,24,6680.25,10.0,24.0,609,2023
Levonorgest/Eth.Estradiol/Iron,Joyeaux,25,4744.63,10.0,25.0,665,2024
Levonorgestrel,Mirena,11,12461.26,5.0,11.0,308,2024
Levonorgestrel/Ethin.Estradiol,Levonorgestrel-Eth Estradiol,14745,274387.05,5597.0,15443.500000000002,421322,2019
Levonorgestrel/Ethin.Estradiol,Portia,13752,269580.3100000001,5166.0,14554.999999999996,396440,2020
Levonorgestrel/Ethin.Estradiol,Larissia,12902,246459.11000000004,4880.0,13828.8,377793,2021
Levonorgestrel/Ethin.Estradiol,Vienva,11501,212044.83999999997,4330.0,12299.8,335019,2022
Levonorgestrel/Ethin.Estradiol,Vienva,11275,204370.80999999997,4195.0,12055.799999999996,327692,2023
Levonorgestrel/Ethin.Estradiol,Vienva,10156,174882.66999999998,3765.0,10870.200000000004,293171,2024
Levorphanol Tartrate,Levorphanol Tartrate,6881,30346758.82,1657.0,6887.8,194935,2019
Levorphanol Tartrate,Levorphanol Tartrate,6028,24717607.43,1372.0,6030.0,171566,2020
Levorphanol Tartrate,Levorphanol Tartrate,4757,20018654.16,1147.0,4770.3,134156,2021
Levorphanol Tartrate,Levorphanol Tartrate,3211,14082504.329999998,789.0,3233.0,89221,2022
Levorphanol Tartrate,Levorphanol Tartrate,2955,11275012.24,768.0,2966.1,80803,2023
Levorphanol Tartrate,Levorphanol Tartrate,3032,9631753.260000002,799.0,3043.0,85242,2024
Levothyroxine Sodium,Levothyroxine Sodium,45487453,1094307291.6199996,10851130.0,94734178.90000004,2780055054,2019
Levothyroxine Sodium,Levothyroxine Sodium,44646008,1125300530.11,11201629.0,97596246.5,2871923013,2020
Levothyroxine Sodium,Levothyroxine Sodium,43782906,1045710578.4400002,11428432.0,98618448.6,2905437877,2021
Levothyroxine Sodium,Levothyroxine Sodium,43950751,995036396.5,11789434.0,100610369.5,2964939652,2022
Levothyroxine Sodium,Levothyroxine Sodium,45138029,969026257.1699998,11863150.0,104506292.70000002,3079479325,2023
Levothyroxine Sodium,Levothyroxine Sodium,47159857,783436840.8300002,12391838.0,110075521.40000004,3241750057,2024
Lidocaine,Lidocaine,736430,104773743.57999995,226709.0,801938.9000000001,21607222,2019
Lidocaine,Lidocaine,730637,112498815.21999998,213637.0,806124.2999999998,21894542,2020
Lidocaine,Lidocaine,751583,121986257.71999998,222716.0,834346.6000000003,22859602,2021
Lidocaine,Lidocaine,804918,140585856.55,244188.0,918012.8000000002,25388533,2022
Lidocaine,Lidocaine,909369,160471991.63999996,285376.0,1034417.6,28620183,2023
Lidocaine,Lidocaine,1133803,150877151.79999995,356538.0,1280366.0,35657306,2024
Lidocaine Hcl,Lidocaine Hcl Viscous,165846,3079576.6099999994,91029.0,166954.90000000002,1474961,2019
Lidocaine Hcl,Lidocaine Hcl Viscous,173622,4295569.209999999,90336.0,175006.99999999994,1630633,2020
Lidocaine Hcl,Lidocaine Hcl Viscous,154671,4275501.17,80140.0,155898.0,1592590,2021
Lidocaine Hcl,Lidocaine Hcl Viscous,150346,3155802.6699999995,84425.0,151531.19999999998,1453554,2022
Lidocaine Hcl,Lidocaine Hcl Viscous,136418,3157887.85,79131.0,137369.49999999997,1185430,2023
Lidocaine Hcl,Lidocaine Hcl Viscous,174217,3155373.3800000004,104014.0,175671.59999999998,1388394,2024
Lidocaine Hcl/Epinephrine,Lidocaine Hcl-Epinephrine,49,577.83,17.0,73.0,2190,2023
Lidocaine Hcl/Pf,Lidocaine Hcl,11946,148204.97999999998,7713.0,11955.8,49335,2019
Lidocaine Hcl/Pf,Lidocaine Hcl,13031,146185.38,8001.0,13055.2,47519,2020
Lidocaine Hcl/Pf,Lidocaine Hcl,8101,94419.38,4996.0,8120.5,31585,2021
Lidocaine Hcl/Pf,Lidocaine Hcl,12006,145686.81000000003,7688.0,12015.6,45470,2022
Lidocaine Hcl/Pf,Lidocaine Hcl,15355,179801.09999999995,9889.0,15373.4,54023,2023
Lidocaine Hcl/Pf,Lidocaine Hcl,18810,189950.95,12274.0,18826.2,67527,2024
Lidocaine/Prilocaine,Lidocaine-Prilocaine,200446,8419371.18,100105.0,209101.8,4905082,2019
Lidocaine/Prilocaine,Lidocaine-Prilocaine,185371,7865478.47,93279.0,193568.0,4669279,2020
Lidocaine/Prilocaine,Lidocaine-Prilocaine,171916,5088697.330000001,90727.0,179274.29999999996,4252807,2021
Lidocaine/Prilocaine,Lidocaine-Prilocaine,165207,4852425.5200000005,89545.0,172709.00000000003,4125463,2022
Lidocaine/Prilocaine,Lidocaine-Prilocaine,188131,4871399.99,103702.0,197079.50000000003,4782559,2023
Lidocaine/Prilocaine,Lidocaine-Prilocaine,247633,4556153.840000001,134863.0,260430.1,6582582,2024
Lidocaine/Tetracaine,Pliaglis,30,23446.85,10.0,30.0,480,2022
Lifitegrast,Xiidra,175754,122694041.38000004,54490.0,236894.09999999995,7093752,2019
Lifitegrast,Xiidra,157234,121425173.60000002,48513.0,219969.7,6588217,2020
Lifitegrast,Xiidra,219821,193483118.25,68641.0,326069.10000000003,9774310,2021
Lifitegrast,Xiidra,245236,243700950.85000008,85635.0,376631.3000000001,11299801,2022
Lifitegrast,Xiidra,327648,365495795.73,113941.0,517080.00000000006,15512568,2023
Lifitegrast,Xiidra,378326,395745556.97,130015.0,594656.5,17847334,2024
Linaclotide,Linzess,1385551,768083728.0300002,354066.0,1804287.9000000004,53007504,2019
Linaclotide,Linzess,1480372,896838200.9899999,372455.0,1993435.6000000003,58831244,2020
Linaclotide,Linzess,1635810,1080728038.02,420406.0,2250075.8999999994,66623386,2021
Linaclotide,Linzess,1717691,1239011044.0299995,447767.0,2426706.7,72045977,2022
Linaclotide,Linzess,1842508,1435097285.38,495103.0,2650748.2000000007,78874188,2023
Linaclotide,Linzess,2056032,1572673940.1,560557.0,2975702.100000001,88784184,2024
Linagliptin,Tradjenta,1560618,916034363.72,316500.0,2294338.3000000003,62752819,2019
Linagliptin,Tradjenta,1492084,976917319.99,307445.0,2287798.4999999995,63029177,2020
Linagliptin,Tradjenta,1346132,965490190.11,286035.0,2111832.9000000004,58310464,2021
Linagliptin,Tradjenta,1264111,946172964.13,269435.0,1985996.4,54432453,2022
Linagliptin,Tradjenta,1149649,897995678.69,248063.0,1815870.1,49573705,2023
Linagliptin,Tradjenta,1106446,776080947.7700001,237256.0,1708568.1,46546506,2024
Linagliptin/Metformin Hcl,Jentadueto,94878,52212800.039999984,23280.0,126538.20000000004,3709096,2019
Linagliptin/Metformin Hcl,Jentadueto,90191,54574232.58000001,22140.0,123957.8,3658558,2020
Linagliptin/Metformin Hcl,Jentadueto Xr,80312,52738784.49,20057.0,111900.39999999997,3307471,2021
Linagliptin/Metformin Hcl,Jentadueto,78067,53771131.42,19698.0,108929.2,3214400,2022
Linagliptin/Metformin Hcl,Jentadueto,72949,53246892.77999999,18316.0,103386.6,3058433,2023
Linagliptin/Metformin Hcl,Jentadueto,83185,53718584.08,19899.0,111351.1,3290700,2024
Lincomycin Hcl,Lincomycin Hcl,30,3438.2699999999995,10.0,30.0,38,2020
Lincomycin Hcl,Lincocin,13,291.29,5.0,13.0,13,2021
Lincomycin Hcl,Lincocin,17,428.42,12.0,17.0,19,2023
Linezolid,Linezolid,7587,2832047.1900000004,4695.0,7627.0,96654,2019
Linezolid,Linezolid,10136,2651495.37,5918.0,10238.699999999995,137489,2020
Linezolid,Linezolid,10032,2229758.7900000005,6204.0,10133.499999999998,134034,2021
Linezolid,Linezolid,11409,3725443.4,7047.0,11546.2,151075,2022
Linezolid,Linezolid,16636,3968188.040000001,10341.0,16843.0,217466,2023
Linezolid,Linezolid,23645,3136025.9899999984,15059.0,24012.2,305967,2024
Linezolid In 0.9% Sodium Chlor,Linezolid-0.9% Nacl,12,3012.63,5.0,12.0,28,2020
Linezolid In 0.9% Sodium Chlor,Linezolid-0.9% Nacl,12,7281.48,5.0,12.0,55,2021
Linezolid In 0.9% Sodium Chlor,Linezolid-0.9% Nacl,11,4172.09,5.0,11.0,31,2022
Linezolid In 0.9% Sodium Chlor,Linezolid-0.9% Nacl,29,14937.54,10.0,29.0,125,2023
Linezolid In Dextrose 5%,Linezolid-D5w,330,128304.16,120.0,330.0,1401,2019
Linezolid In Dextrose 5%,Zyvox,429,164233.06,150.0,429.0,1676,2020
Linezolid In Dextrose 5%,Linezolid-D5w,418,150880.31,140.0,418.0,1582,2021
Linezolid In Dextrose 5%,Linezolid-D5w,369,169125.38999999998,115.0,369.0,1485,2022
Linezolid In Dextrose 5%,Linezolid-D5w,435,177209.92,150.0,435.0,1772,2023
Linezolid In Dextrose 5%,Linezolid-D5w,717,169262.00000000003,241.0,717.0,2799,2024
Linezolid-0.9% Sodium Chloride,Linezolid-0.9% Nacl,26,6629.59,10.0,26.0,61,2019
Liothyronine Sodium,Liothyronine Sodium,404942,22409993.16000001,107525.0,783963.9000000003,23255204,2019
Liothyronine Sodium,Liothyronine Sodium,410402,23643034.91,110734.0,848655.7,25210524,2020
Liothyronine Sodium,Liothyronine Sodium,411182,23197079.130000006,114306.0,882487.2999999999,26223333,2021
Liothyronine Sodium,Liothyronine Sodium,407408,23454523.36,115810.0,894586.2999999999,26579785,2022
Liothyronine Sodium,Liothyronine Sodium,436764,22885418.22,125132.0,963944.9,28609249,2023
Liothyronine Sodium,Liothyronine Sodium,499819,19361098.540000003,144154.0,1142655.9,33938431,2024
Lipase/Protease/Amylase,Creon,585737,655990153.5500002,140331.0,675970.1999999998,18703802,2019
Lipase/Protease/Amylase,Creon,609272,790047983.7299998,146026.0,715471.2,19984403,2020
Lipase/Protease/Amylase,Creon,630198,919858318.4299996,152040.0,745799.8000000003,20820299,2021
Lipase/Protease/Amylase,Zenpep,672738,1106273013.0600002,163446.0,805004.3999999999,22380381,2022
Lipase/Protease/Amylase,Zenpep,707705,1289850171.4199998,175467.0,853632.7000000001,23456193,2023
Lipase/Protease/Amylase,Creon,686879,1384832488.05,178218.0,855829.2999999999,23689812,2024
Liraglutide,Victoza 2-Pak,1085898,1301267530.3300002,280161.0,1588022.2,46842604,2019
Liraglutide,Victoza 2-Pak,951951,1241424236.7599998,246970.0,1430324.6999999995,42229508,2020
Liraglutide,Victoza 2-Pak,750962,1051694879.78,203308.0,1137718.2000000002,33554091,2021
Liraglutide,Victoza 3-Pak,569902,832373893.2700002,160098.0,854405.6999999998,25119887,2022
Liraglutide,Victoza 3-Pak,425747,617334961.1299999,125410.0,622349.2,18210244,2023
Liraglutide,Victoza 3-Pak,86554,72020144.79000002,28959.0,108606.6,3179601,2024
Lisdexamfetamine Dimesylate,Vyvanse,164663,54723678.53000001,39894.0,170398.90000000002,5000888,2019
Lisdexamfetamine Dimesylate,Vyvanse,185921,65373749.650000006,45367.0,193316.8,5686828,2020
Lisdexamfetamine Dimesylate,Vyvanse,193864,71970852.00999999,47614.0,201616.8,5916350,2021
Lisdexamfetamine Dimesylate,Vyvanse,214399,84210619.06,52858.0,223379.0,6558395,2022
Lisdexamfetamine Dimesylate,Lisdexamfetamine Dimesylate,203584,82094623.86,51233.0,211122.6,6170540,2023
Lisdexamfetamine Dimesylate,Lisdexamfetamine Dimesylate,201316,65531965.24,55779.0,208336.40000000005,6105463,2024
Lisinopril,Lisinopril,36400963,283423946.22,10500112.0,81489435.2,2419181822,2019
Lisinopril,Lisinopril,36075603,268134933.7200001,10436136.0,84256311.4,2503089341,2020
Lisinopril,Lisinopril,35343800,256263165.9,10547818.0,84619306.5,2514459143,2021
Lisinopril,Lisinopril,35070952,265182025.59000003,10625286.0,85276057.80000001,2533567128,2022
Lisinopril,Lisinopril,35257305,326219597.2299999,10695370.0,86757047.10000002,2577200721,2023
Lisinopril,Lisinopril,35419545,249000321.66,10689219.0,87840166.39999999,2607803802,2024
Lisinopril/Hydrochlorothiazide,Lisinopril-Hydrochlorothiazide,6051943,56570069.31999999,1710901.0,14806505.8,442793588,2019
Lisinopril/Hydrochlorothiazide,Lisinopril-Hydrochlorothiazide,5810468,54493064.13999999,1640518.0,14724978.800000004,440414484,2020
Lisinopril/Hydrochlorothiazide,Lisinopril-Hydrochlorothiazide,5542422,50499512.24,1599866.0,14380895.4,430202739,2021
Lisinopril/Hydrochlorothiazide,Lisinopril-Hydrochlorothiazide,5342516,48429894.620000005,1559312.0,14065533.899999997,420744817,2022
Lisinopril/Hydrochlorothiazide,Lisinopril-Hydrochlorothiazide,5170854,60121168.99000002,1508234.0,13766831.499999998,411807295,2023
Lisinopril/Hydrochlorothiazide,Lisinopril-Hydrochlorothiazide,5028099,42049280.34000001,1456591.0,13483934.300000004,403288611,2024
Lithium Carbonate,Lithium Carbonate,1021571,12838994.85,200562.0,1223937.3999999997,34327175,2019
Lithium Carbonate,Lithium Carbonate,977371,12420740.860000003,189807.0,1207552.5000000005,34059490,2020
Lithium Carbonate,Lithium Carbonate,927264,11557285.67,181486.0,1137150.6,32047224,2021
Lithium Carbonate,Lithium Carbonate,885524,10823606.89,173901.0,1084479.6,30469483,2022
Lithium Carbonate,Lithium Carbonate,859208,10943489.870000005,170158.0,1051562.7000000002,29475026,2023
Lithium Carbonate,Lithium Carbonate,851926,9977867.399999997,169005.0,1043887.7000000004,29040801,2024
Lithium Citrate,Lithium,3612,361767.9300000001,1164.0,3642.899999999999,93551,2019
Lithium Citrate,Lithium,383,24190.78,130.0,386.2000000000001,8965,2020
Lithium Citrate,Lithium Citrate,198,24659.2,71.0,198.0,5396,2024
Lixisenatide,Adlyxin,42,38304.19,5.0,59.2,1768,2019
Lixisenatide,Adlyxin,29,32787.94,5.0,49.0,1462,2020
Lixisenatide,Adlyxin,43,39400.54,10.0,54.4,1632,2021
Lixisenatide,Adlyxin,12,8715.96,5.0,12.0,360,2022
Lodoxamide Tromethamine,Alomide,54,10570.19,20.0,68.3,1859,2019
Lodoxamide Tromethamine,Alomide,38,7909.64,15.0,50.3,1485,2020
Lodoxamide Tromethamine,Alomide,66,13396.330000000002,25.0,80.4,2170,2021
Lodoxamide Tromethamine,Alomide,11,2027.71,5.0,11.0,198,2022
Lodoxamide Tromethamine,Alomide,11,3360.34,5.0,19.6,589,2023
Lodoxamide Tromethamine,Alomide,23,4661.07,10.0,23.0,635,2024
Lofexidine Hcl,Lucemyra,338,877685.9199999999,214.0,338.5,4308,2019
Lofexidine Hcl,Lucemyra,138,423074.83,79.0,142.0,2017,2020
Lofexidine Hcl,Lucemyra,127,392615.79,95.0,127.6,1645,2021
Lofexidine Hcl,Lucemyra,168,614433.99,138.0,169.1,2302,2022
Lofexidine Hcl,Lucemyra,339,1416936.03,260.0,339.0,4160,2023
Lofexidine Hcl,Lucemyra,276,1051448.81,230.0,276.0,3365,2024
Lomitapide Mesylate,Juxtapid,193,9307743.98,80.0,193.0,5768,2019
Lomitapide Mesylate,Juxtapid,149,7871091.97,60.0,149.0,4446,2020
Lomitapide Mesylate,Juxtapid,107,5940765.19,45.0,107.0,3186,2021
Lomitapide Mesylate,Juxtapid,97,5852883.26,40.0,97.0,2888,2022
Lomitapide Mesylate,Juxtapid,119,7228311.340000001,50.0,119.0,3546,2023
Lomitapide Mesylate,Juxtapid,60,3497681.81,25.0,60.0,1800,2024
Lomustine,Gleostine,945,963741.4199999996,292.0,1096.2,23054,2019
Lomustine,Gleostine,938,954861.3200000002,307.0,1037.4,20758,2020
Lomustine,Gleostine,761,806145.1599999998,230.0,900.4999999999998,22908,2023
Lomustine,Gleostine,1213,1267855.3899999997,363.0,1469.9000000000003,35843,2024
Loncastuximab Tesirine-Lpyl,Zynlonta,27,725964.38,10.0,27.0,567,2022
Loperamide Hcl,Loperamide,309052,7713693.319999999,124293.0,325105.99999999994,5622884,2019
Loperamide Hcl,Loperamide,302403,7994855.419999999,115495.0,322014.9,5832500,2020
Loperamide Hcl,Loperamide,317027,9378997.329999998,122020.0,339154.4000000001,6149621,2021
Loperamide Hcl,Loperamide,346192,10239239.96,138297.0,371809.5,6621869,2022
Loperamide Hcl,Loperamide,385005,10455619.800000004,158900.0,413716.7,7206003,2023
Loperamide Hcl,Loperamide,427496,8275661.819999998,179819.0,459518.9000000001,7947996,2024
Lopinavir/Ritonavir,Lopinavir-Ritonavir,12411,12901686.299999995,3499.0,12786.1,372240,2019
Lopinavir/Ritonavir,Kaletra,8849,9271431.61,2716.0,9173.5,267960,2020
Lopinavir/Ritonavir,Kaletra,4959,5101743.549999998,1577.0,5067.3,147394,2021
Lopinavir/Ritonavir,Lopinavir-Ritonavir,3404,2930602.51,1091.0,3578.4,102272,2022
Lopinavir/Ritonavir,Lopinavir-Ritonavir,3079,2516385.1,1034.0,3298.3,96877,2023
Lopinavir/Ritonavir,Lopinavir-Ritonavir,2246,1532231.9200000004,782.0,2481.7,73242,2024
Lorazepam,Lorazepam,8413769,73369518.14000002,2000990.0,9049809.800000004,232614723,2019
Lorazepam,Lorazepam,8179360,73328038.65,1894135.0,8824415.8,228683343,2020
Lorazepam,Lorazepam,7740194,75665664.49999997,1836030.0,8349942.000000002,216309277,2021
Lorazepam,Lorazepam,7504273,68449636.88999999,1816888.0,8082503.199999998,208434509,2022
Lorazepam,Lorazepam,7284782,70289758.47999997,1797350.0,7815051.800000002,199578513,2023
Lorazepam,Lorazepam,7298513,58929977.81,1826086.0,7837346.899999998,199141207,2024
Lorcaserin Hcl,Belviq Xr,38,11763.44,10.0,38.0,1140,2019
Lorlatinib,Lorbrena,331,5152084.02,135.0,331.0,9732,2019
Lorlatinib,Lorbrena,611,10154067.260000004,240.0,611.0,18242,2020
Lorlatinib,Lorbrena,985,17120306.640000004,375.0,989.0,29507,2021
Lorlatinib,Lorbrena,1520,27623818.590000004,530.0,1520.7,45463,2022
Lorlatinib,Lorbrena,1525,30497040.05,555.0,1527.0,45259,2023
Lorlatinib,Lorbrena,3003,58992544.71999999,1025.0,3016.0,90245,2024
Losartan Potassium,Losartan Potassium,26300019,288175785.48,7790980.0,59854126.400000006,1781565801,2019
Losartan Potassium,Losartan Potassium,28265705,357108643.5900001,8134172.0,66880998.70000001,1992088213,2020
Losartan Potassium,Losartan Potassium,28723197,385518760.63,8560853.0,69933232.39999999,2083156175,2021
Losartan Potassium,Losartan Potassium,30471700,368173428.4899999,9228779.0,74680169.39999999,2223618031,2022
Losartan Potassium,Losartan Potassium,32407536,478156556.33,9963476.0,80694513.90000002,2402375537,2023
Losartan Potassium,Losartan Potassium,35424663,349060865.3099999,10898648.0,88490377.69999999,2632482508,2024
Losartan/Hydrochlorothiazide,Losartan-Hydrochlorothiazide,5681070,78793694.49999999,1670405.0,13118384.8,392001179,2019
Losartan/Hydrochlorothiazide,Losartan-Hydrochlorothiazide,3497037,172309318.76,1006548.0,8673701.000000004,259363398,2020
Losartan/Hydrochlorothiazide,Losartan-Hydrochlorothiazide,4116008,107542437.03,1165907.0,10409422.3,311411340,2021
Losartan/Hydrochlorothiazide,Losartan-Hydrochlorothiazide,4201841,85435055.99000002,1211681.0,10807017.400000002,323312805,2022
Losartan/Hydrochlorothiazide,Losartan-Hydrochlorothiazide,4585233,104198314.28,1324514.0,11949748.399999993,357527825,2023
Losartan/Hydrochlorothiazide,Losartan-Hydrochlorothiazide,4970942,70518071.46,1437372.0,13012882.6,389255295,2024
Loteprednol Etabonate,Lotemax,260892,65226036.430000015,128755.0,308563.99999999994,7493495,2019
Loteprednol Etabonate,Lotemax,184468,45814297.650000006,86847.0,223329.9,5559567,2020
Loteprednol Etabonate,Lotemax,187654,46373970.35999999,95332.0,226990.70000000004,5687863,2021
Loteprednol Etabonate,Lotemax Sm,190329,49480575.13000001,95553.0,235868.2,5992684,2022
Loteprednol Etabonate,Loteprednol Etabonate,190690,49805017.89,96380.0,241720.6,6170757,2023
Loteprednol Etabonate,Lotemax Sm,205828,45423576.88000002,104618.0,269678.70000000007,6968847,2024
Lotilaner,Xdemvy,632,1221565.0099999998,592.0,962.9,28827,2023
Lotilaner,Xdemvy,37433,69961031.80999997,35108.0,55637.3,1668805,2024
Lovastatin,Lovastatin,3401911,44962685.17999999,893092.0,8268628.899999999,246522622,2019
Lovastatin,Lovastatin,3095005,38290267.11999999,807030.0,7750927.2,231109706,2020
Lovastatin,Lovastatin,2750859,30458761.860000003,733404.0,7015831.399999999,209144233,2021
Lovastatin,Lovastatin,2461291,27773728.390000004,659868.0,6328274.899999999,188578021,2022
Lovastatin,Lovastatin,2202376,30475383.42000001,590256.0,5693938.499999999,169589033,2023
Lovastatin,Lovastatin,1997156,19691773.94,531963.0,5159081.399999999,153504539,2024
Loxapine Succinate,Loxapine,64417,3292286.8399999994,14499.0,69772.59999999999,1885038,2019
Loxapine Succinate,Loxapine,51446,2737804.5900000003,11985.0,55778.4,1496952,2020
Loxapine Succinate,Loxapine,43101,2565150.0300000003,10372.0,47052.0,1279965,2021
Loxapine Succinate,Loxapine,44883,2716402.0800000005,10816.0,48898.99999999999,1333004,2022
Loxapine Succinate,Loxapine,45341,2651719.45,10752.0,49273.3,1344673,2023
Loxapine Succinate,Loxapine,45579,2467945.26,10680.0,49827.29999999998,1338560,2024
Lubiprostone,Amitiza,508581,188136982.05999997,124281.0,602265.3,15999844,2019
Lubiprostone,Amitiza,462518,177026706.97000003,112544.0,557737.3000000002,14930800,2020
Lubiprostone,Lubiprostone,191767,65001246.85000002,56642.0,224523.80000000005,5912686,2021
Lubiprostone,Lubiprostone,189206,61556441.95999999,52874.0,224778.4,5977879,2022
Lubiprostone,Lubiprostone,196420,47646172.30000002,54722.0,245533.3,6580712,2023
Lubiprostone,Lubiprostone,265945,31139805.27,75618.0,347363.3,9478358,2024
Luliconazole,Luliconazole,156,41741.93,96.0,156.0,4627,2019
Luliconazole,Luliconazole,37,6945.33,15.0,37.0,1070,2020
Luliconazole,Luliconazole,169,31490.61,71.0,169.7,4957,2021
Luliconazole,Luliconazole,89,16861.61,37.0,93.7,2720,2022
Luliconazole,Luliconazole,46,9315.65,15.0,50.0,1447,2023
Luliconazole,Luliconazole,59,10550.18,20.0,60.0,1769,2024
Lumacaftor/Ivacaftor,Orkambi,674,14408269.67,200.0,674.0,18894,2019
Lumacaftor/Ivacaftor,Orkambi,57,1151784.71,25.0,57.0,1598,2020
Lumacaftor/Ivacaftor,Orkambi,13,299420.29,5.0,13.0,364,2021
Lumacaftor/Ivacaftor,Orkambi,25,592816.6900000001,10.0,25.0,700,2022
Lumacaftor/Ivacaftor,Orkambi,12,308278.36,5.0,12.0,336,2023
Lumacaftor/Ivacaftor,Orkambi,12,260054.76,5.0,12.0,336,2024
Lumateperone Tosylate,Caplyta,4150,5381258.000000001,1210.0,4215.699999999999,117770,2020
Lumateperone Tosylate,Caplyta,21659,30149321.57,5186.0,22142.000000000004,615967,2021
Lumateperone Tosylate,Caplyta,46236,68960661.28,10898.0,47228.19999999999,1318836,2022
Lumateperone Tosylate,Caplyta,82439,132753417.15,19164.0,84301.2,2382086,2023
Lumateperone Tosylate,Caplyta,113807,187972064.62,25767.0,117143.6,3327187,2024
Lurasidone Hcl,Latuda,733740,1019725793.77,133030.0,778516.1000000001,21405950,2019
Lurasidone Hcl,Latuda,750027,1111050628.9899995,130816.0,806057.7999999999,22301333,2020
Lurasidone Hcl,Latuda,745434,1148358729.8700004,129806.0,785153.8000000002,21715625,2021
Lurasidone Hcl,Latuda,736472,1203458601.4899998,130752.0,777832.3,21492098,2022
Lurasidone Hcl,Latuda,578058,433536593.17,131731.0,638836.7999999999,17980859,2023
Lurasidone Hcl,Lurasidone Hcl,680461,164977832.8,130706.0,774023.0,22118029,2024
Lurbinectedin,Zepzelca,17,260459.93,5.0,17.0,357,2022
Lurbinectedin,Zepzelca,30,495853.04,10.0,30.0,630,2023
Lurbinectedin,Zepzelca,64,1016614.36,25.0,64.0,1344,2024
Luspatercept-Aamt,Reblozyl,458,5373972.049999999,135.0,461.6,9364,2020
Luspatercept-Aamt,Reblozyl,811,10562136.950000005,190.0,814.6,17194,2021
Luspatercept-Aamt,Reblozyl,990,13047868.15,232.0,992.0,21121,2022
Luspatercept-Aamt,Reblozyl,1167,15893068.240000002,285.0,1168.9,24648,2023
Luspatercept-Aamt,Reblozyl,2165,28799880.41,485.0,2171.1,45956,2024
Macitentan,Opsumit,49530,500795468.38,8342.0,50192.6,1503980,2019
Macitentan,Opsumit,68290,727523499.8599999,10321.0,69057.70000000001,2067160,2020
Macitentan,Opsumit,73209,817962360.42,11018.0,73764.5,2203509,2021
Macitentan,Opsumit,65672,774048987.71,10212.0,66243.0,1974138,2022
Macitentan,Opsumit,75471,964664973.72,11251.0,76029.0,2272756,2023
Macitentan,Opsumit,93092,1177584021.8899996,13438.0,93745.3,2803657,2024
Macitentan/Tadalafil,Opsynvi,1033,13312185.290000005,274.0,1049.0,31440,2024
Mafenide Acetate,Sulfamylon,27,3676.34,10.0,27.0,440,2019
Mafenide Acetate,Sulfamylon,44,2986.24,22.0,44.0,466,2020
Mafenide Acetate,Sulfamylon,87,6759.889999999999,27.0,89.0,970,2021
Mafenide Acetate,Sulfamylon,31,6123.62,10.0,31.3,722,2022
Mafenide Acetate,Sulfamylon,38,4633.41,22.0,40.3,872,2023
Mafenide Acetate,Sulfamylon,59,6271.03,20.0,59.0,911,2024
Magnesium Chloride,Magnesium Chloride,51,6594.33,10.0,51.0,221,2022
Magnesium Chloride,Magnesium Chloride,11,1421.63,5.0,11.0,56,2023
Magnesium Sulfate,Magnesium Sulfate,3924,97351.36,824.0,3924.4,28944,2019
Magnesium Sulfate,Magnesium Sulfate,4675,107881.13000000002,843.0,4676.9,32371,2020
Magnesium Sulfate,Magnesium Sulfate,5332,125283.80000000002,1056.0,5337.900000000001,44080,2021
Magnesium Sulfate,Magnesium Sulfate,4803,92042.49000000003,901.0,4832.6,38417,2022
Magnesium Sulfate,Magnesium Sulfate,6539,127697.70000000004,1204.0,6541.7,51037,2023
Magnesium Sulfate,Magnesium Sulfate,7232,134249.68999999997,1357.0,7250.3,54837,2024
Magnesium Sulfate In Water,Magnesium Sulfate,280,5886.760000000001,71.0,280.7,1557,2019
Magnesium Sulfate In Water,Magnesium Sulfate,227,6376.009999999998,72.0,227.0,1542,2020
Magnesium Sulfate In Water,Magnesium Sulfate,375,12786.409999999998,116.0,375.0,2664,2021
Magnesium Sulfate In Water,Magnesium Sulfate,432,17224.46,109.0,432.0,3136,2022
Magnesium Sulfate In Water,Magnesium Sulfate,311,13003.469999999998,89.0,311.0,2577,2023
Magnesium Sulfate In Water,Magnesium Sulfate,447,18899.26,100.0,447.0,3141,2024
Magnesium Sulfate/D5w,Magnesium Sulfate-D5w,109,5398.96,25.0,109.0,940,2019
Magnesium Sulfate/D5w,Magnesium Sulfate-D5w,40,5215.97,15.0,40.0,741,2020
Magnesium Sulfate/D5w,Magnesium Sulfate-D5w,22,776.3900000000001,10.0,22.0,340,2021
Magnesium Sulfate/D5w,Magnesium Sulfate-D5w,28,736.6899999999999,10.0,28.0,286,2022
Magnesium Sulfate/D5w,Magnesium Sulfate-D5w,43,1903.04,15.0,43.0,678,2023
Magnesium Sulfate/D5w,Magnesium Sulfate-D5w,40,1253.99,10.0,40.0,553,2024
Malathion,Malathion,111,27723.02,37.0,111.0,1813,2019
Malathion,Malathion,64,21839.57,20.0,68.0,1268,2020
Malathion,Malathion,124,44529.37,64.0,124.0,1667,2021
Malathion,Malathion,46,9360.23,20.0,46.0,777,2022
Malathion,Malathion,141,28786.35,65.0,141.0,2121,2023
Malathion,Malathion,170,52221.83,101.0,174.9,3387,2024
Mannitol,Mannitol,30,164.4,10.0,30.4,714,2019
Mannitol,Mannitol,31,211.54,10.0,31.0,709,2021
Mannitol,Bronchitol,23,85613.42,5.0,23.0,644,2022
Maprotiline Hcl,Maprotiline Hcl,476,37581.670000000006,180.0,503.2,13874,2019
Maralixibat Chloride,Livmarli,25,2519524.5300000003,10.0,25.0,750,2023
Maralixibat Chloride,Livmarli,24,3603414.36,10.0,24.0,720,2024
Maraviroc,Selzentry,20965,37139160.38,4832.0,21996.6,647008,2019
Maraviroc,Selzentry,18853,34034899.06999999,4423.0,19978.2,590453,2020
Maraviroc,Selzentry,17178,30610867.270000007,4054.0,17784.3,527420,2021
Maraviroc,Selzentry,12143,21598904.689999998,3264.0,12434.7,368610,2022
Maraviroc,Maraviroc,11118,17181611.549999997,3035.0,11644.9,346968,2023
Maraviroc,Maraviroc,11841,15404653.240000004,3115.0,12354.7,366680,2024
Maribavir,Livtencity,57,1486810.65,20.0,58.8,1652,2022
Maribavir,Livtencity,309,7773922.670000002,120.0,310.0,8555,2023
Maribavir,Livtencity,551,13252253.34,170.0,551.0,15374,2024
Mavacamten,Camzyos,347,2681414.22,100.0,354.3,10549,2022
Mavacamten,Camzyos,9841,81525824.95,2048.0,9942.100000000002,294554,2023
Mavacamten,Camzyos,31927,258993170.37,5974.0,32191.800000000007,951323,2024
"Measles,mumps,rubella Vacc/Pf",M-M-R Ii Vaccine,32759,3105249.8100000005,30781.0,33110.0,93849,2019
"Measles,mumps,rubella Vacc/Pf",M-M-R Ii Vaccine,10890,1071802.87,10226.0,10983.6,25672,2020
"Measles,mumps,rubella Vacc/Pf",M-M-R Ii Vaccine,2560,270380.91000000003,2338.0,2566.0,3732,2021
"Measles,mumps,rubella Vacc/Pf",M-M-R Ii Vaccine,4265,461447.09,3822.0,4267.1,5709,2022
"Measles,mumps,rubella Vacc/Pf",M-M-R Ii Vaccine,8271,937690.85,7194.0,8281.2,12898,2023
"Measles,mumps,rubella Vacc/Pf",M-M-R Ii Vaccine,17519,1777562.5499999996,15687.0,17524.3,24139,2024
Mebendazole,Emverm,11,37651.45,5.0,11.0,43,2019
Mebendazole,Emverm,24,79184.87,5.0,24.0,87,2020
Mebendazole,Emverm,12,7023.19,5.0,12.0,12,2021
Mebendazole,Emverm,14,47218.51,12.0,14.0,67,2022
Mebendazole,Emverm,45,512618.43,10.0,45.0,304,2023
Mebendazole,Emverm,49,152372.59000000003,24.0,49.0,287,2024
Mecamylamine Hcl,Vecamyl,12,23209.68,5.0,12.0,360,2019
Mecamylamine Hcl,Vecamyl,38,166021.8,15.0,38.0,1140,2020
Mecamylamine Hcl,Vecamyl,38,156262.58,15.0,38.0,1138,2021
Mecamylamine Hcl,Vecamyl,14,102611.52,5.0,14.0,410,2022
Mechlorethamine Hcl,Valchlor,572,3663821.81,158.0,577.0,17252,2019
Mechlorethamine Hcl,Valchlor,598,3942115.790000001,181.0,608.0,18049,2020
Mechlorethamine Hcl,Valchlor,667,4890907.79,183.0,667.0,19992,2021
Mechlorethamine Hcl,Valchlor,702,5229812.3100000005,202.0,702.0,21035,2022
Mechlorethamine Hcl,Valchlor,837,6788751.109999999,249.0,839.0,25170,2023
Mechlorethamine Hcl,Valchlor,837,6424001.249999999,236.0,843.0,25290,2024
Meclizine Hcl,Meclizine Hcl,1731961,21121658.26,663762.0,2013848.4,45626150,2019
Meclizine Hcl,Meclizine Hcl,1838894,22620764.100000005,686163.0,2157518.5,49494758,2020
Meclizine Hcl,Meclizine Hcl,1927337,21766224.81,740166.0,2261219.1,51691546,2021
Meclizine Hcl,Meclizine Hcl,1796288,20683251.64,694635.0,2114809.600000001,48505251,2022
Meclizine Hcl,Meclizine Hcl,1893601,20238673.40000001,747378.0,2230716.1,50728506,2023
Meclizine Hcl,Meclizine Hcl,2086865,18619536.69,836120.0,2447189.900000001,55198508,2024
Meclofenamate Sodium,Meclofenamate Sodium,23,10977.6,10.0,24.5,734,2019
Meclofenamate Sodium,Meclofenamate Sodium,77,42008.32,30.0,84.6,2498,2020
Meclofenamate Sodium,Meclofenamate Sodium,22,9991.41,10.0,22.0,660,2021
Meclofenamate Sodium,Meclofenamate Sodium,23,10199.22,10.0,23.0,690,2022
Meclofenamate Sodium,Meclofenamate Sodium,33,12264.44,15.0,34.4,1033,2023
Meclofenamate Sodium,Meclofenamate Sodium,43,29273.54,15.0,54.9,1603,2024
Mecobal/Levomefolat Ca/B6 Phos,Foltanx,15,201.53,5.0,15.0,126,2019
Mecobal/Levomefolat Ca/B6 Phos,Foltanx,14,166.18,5.0,14.0,98,2020
Mecobal/Levomefolat Ca/B6 Phos,L-Methyl-B6-B12,11,111.65,5.0,11.0,77,2022
Medroxyprogesterone Acetate,Medroxyprogesterone Acetate,224641,5746619.710000001,61950.0,403431.4,11353151,2019
Medroxyprogesterone Acetate,Medroxyprogesterone Acetate,212356,4964107.619999999,58717.0,392943.7,11081799,2020
Medroxyprogesterone Acetate,Medroxyprogesterone Acetate,196693,4312138.21,54563.0,371461.8999999999,10457468,2021
Medroxyprogesterone Acetate,Medroxyprogesterone Acetate,187912,4124570.9700000007,51856.0,353002.80000000005,9912245,2022
Medroxyprogesterone Acetate,Medroxyprogesterone Acetate,186584,4048087.349999999,50680.0,343678.8000000001,9590738,2023
Medroxyprogesterone Acetate,Medroxyprogesterone Acetate,186076,3832730.9,49438.0,340427.99999999994,9446218,2024
Mefenamic Acid,Mefenamic Acid,101,86084.84,63.0,119.6,3356,2019
Mefenamic Acid,Mefenamic Acid,64,31555.87,28.0,64.0,1653,2020
Mefenamic Acid,Mefenamic Acid,68,33346.14,43.0,87.0,2033,2021
Mefenamic Acid,Mefenamic Acid,58,7298.059999999999,20.0,58.0,910,2022
Mefenamic Acid,Mefenamic Acid,45,6224.89,10.0,45.0,625,2023
Mefenamic Acid,Mefenamic Acid,50,14438.75,35.0,50.0,1478,2024
Mefloquine Hcl,Mefloquine Hcl,1738,105874.74999999996,1367.0,3437.4,101157,2019
Mefloquine Hcl,Mefloquine Hcl,472,30168.78,363.0,873.9999999999999,25631,2020
Mefloquine Hcl,Mefloquine Hcl,860,60788.42,610.0,1810.8000000000004,53453,2021
Mefloquine Hcl,Mefloquine Hcl,1709,123275.52,1295.0,3625.8000000000006,107069,2022
Mefloquine Hcl,Mefloquine Hcl,1842,112942.88,1464.0,3935.7,116166,2023
Mefloquine Hcl,Mefloquine Hcl,550,26442.89,427.0,1121.6,32792,2024
Megestrol Acetate,Megestrol Acetate,252625,14082362.1,80854.0,282953.69999999995,7352624,2019
Megestrol Acetate,Megestrol Acetate,264689,15043844.819999997,85346.0,301258.0,7927191,2020
Megestrol Acetate,Megestrol Acetate,251023,14214551.739999996,81377.0,290313.99999999994,7700746,2021
Megestrol Acetate,Megestrol Acetate,237016,16461321.439999998,78048.0,278997.9,7406363,2022
Megestrol Acetate,Megestrol Acetate,245169,18589648.180000003,79613.0,297403.9999999999,7978936,2023
Megestrol Acetate,Megestrol Acetate,269765,15308596.450000005,88064.0,326132.5,8758814,2024
Meloxicam,Meloxicam,9371621,55296005.07999999,3369215.0,15324988.4,449817909,2019
Meloxicam,Meloxicam,9258827,55524361.70000002,3217925.0,15584771.099999996,458074730,2020
Meloxicam,Meloxicam,9615363,61470473.38999999,3509539.0,16081430.799999995,471987125,2021
Meloxicam,Meloxicam,10090404,65168568.83,3728457.0,16694841.6,489408410,2022
Meloxicam,Meloxicam,10554271,63569286.93000001,3986330.0,17420742.9,510064142,2023
Meloxicam,Meloxicam,11308331,48283441.75000002,4270243.0,18425493.500000004,538752520,2024
"Meloxicam, Submicronized",Vivlodex,111,80357.88000000002,35.0,113.0,2705,2019
"Meloxicam, Submicronized",Vivlodex,80,54807.19,25.0,80.0,1835,2020
"Meloxicam, Submicronized",Meloxicam,622,827829.13,216.0,690.1,20006,2021
"Meloxicam, Submicronized",Meloxicam,4327,5352202.06,1269.0,5065.6,149742,2022
"Meloxicam, Submicronized",Meloxicam,9974,9424058.2,2439.0,11622.1,343525,2023
"Meloxicam, Submicronized",Meloxicam,13678,10536202.59,3415.0,16388.4,483802,2024
Melphalan,Melphalan,13,3653.52,5.0,13.0,390,2020
Melphalan,Melphalan,12,3303.36,5.0,12.0,360,2021
Memantine Hcl,Memantine Hcl,4978151,403801527.59,992628.0,6692855.600000001,185689402,2019
Memantine Hcl,Memantine Hcl,4817600,327409305.43999994,977316.0,6738295.799999997,187932776,2020
Memantine Hcl,Memantine Hcl,4718228,289665893.16,994448.0,6784296.199999998,189734620,2021
Memantine Hcl,Memantine Hcl,4763428,287014982.82,1027678.0,7036903.100000001,196543865,2022
Memantine Hcl,Memantine Hcl,5042907,259986842.34999996,1093522.0,7532333.6,210234355,2023
Memantine Hcl,Memantine Hcl,5615258,197772848.43,1218432.0,8481547.499999998,236199061,2024
Memantine Hcl/Donepezil Hcl,Namzaric,409100,181401271.3,71853.0,479572.0000000001,11416416,2019
Memantine Hcl/Donepezil Hcl,Namzaric,298156,145112504.00000003,56389.0,355980.3,8701779,2020
Memantine Hcl/Donepezil Hcl,Namzaric,210413,110842833.26,42470.0,252233.3,6237993,2021
Memantine Hcl/Donepezil Hcl,Namzaric,147432,81212204.06,31719.0,174999.10000000006,4313340,2022
Memantine Hcl/Donepezil Hcl,Namzaric,105788,61557144.79,23294.0,124850.0,3089587,2023
Memantine Hcl/Donepezil Hcl,Namzaric,90765,50136386.77999998,19807.0,104987.99999999996,2562269,2024
"Mening Vac A,c,y,w-135 Dip/Pf",Menactra,3340,467183.48999999993,2987.0,3356.7,14834,2019
"Mening Vac A,c,y,w-135 Dip/Pf",Menactra,1437,212452.39,1291.0,1440.0,3355,2020
"Mening Vac A,c,y,w-135 Dip/Pf",Menveo A-C-Y-W-135-Dip,1494,228897.55,1281.0,1514.0,4144,2021
"Mening Vac A,c,y,w-135 Dip/Pf",Menveo A-C-Y-W-135-Dip,3139,487797.49000000017,2556.0,3145.0,5418,2022
"Mening Vac A,c,y,w-135 Dip/Pf",Menveo A-C-Y-W-135-Dip,1772,298100.42000000004,1507.0,1781.1,4673,2023
"Mening Vac A,c,y,w-135 Dip/Pf",Menveo A-C-Y-W-135-Dip,3391,551493.1499999999,3009.0,3460.6,10606,2024
"Mening Vac A,c,y,w135,c-Tet/Pf",Menquadfi,1172,198124.12,1127.0,1172.0,1462,2022
"Mening Vac A,c,y,w135,c-Tet/Pf",Menquadfi,4172,757620.3699999999,3963.0,4178.1,5608,2023
"Mening Vac A,c,y,w135,c-Tet/Pf",Menquadfi,5638,930264.82,5303.0,5641.7,9003,2024
"Meningococcal B Vaccine,4-Comp",Bexsero,470,89789.03,344.0,473.5,1264,2019
"Meningococcal B Vaccine,4-Comp",Bexsero,363,73770.50000000001,282.0,371.0,951,2020
"Meningococcal B Vaccine,4-Comp",Bexsero,365,78084.47,245.0,386.0,1807,2021
"Meningococcal B Vaccine,4-Comp",Bexsero,534,119637.41000000002,393.0,544.0,1153,2022
"Meningococcal B Vaccine,4-Comp",Bexsero,1257,295318.84,881.0,1273.5,2560,2023
"Meningococcal B Vaccine,4-Comp",Bexsero,1696,376879.26000000007,1300.0,1791.3,6984,2024
Meperidine Hcl,Meperidine Hcl,2187,196780.23,792.0,2193.5,46568,2019
Meperidine Hcl,Meperidine Hcl,550,113616.75,200.0,554.3,13298,2020
Meperidine Hcl,Meperidine Hcl,644,314947.68,235.0,644.0,15256,2021
Meperidine Hcl,Meperidine Hcl,643,552915.05,245.0,644.8,16201,2022
Meperidine Hcl,Meperidine Hcl,521,556884.95,209.0,521.5,12143,2023
Meperidine Hcl,Meperidine Hcl,612,458016.4,230.0,612.6,14907,2024
Meperidine Hcl/Pf,Demerol,5168,71644.27999999998,4634.0,5168.2,11190,2019
Meperidine Hcl/Pf,Demerol,3664,44073.30999999999,3333.0,3664.2,7123,2020
Meperidine Hcl/Pf,Meperidine Hcl,4703,72287.34,4060.0,4703.5,11636,2021
Meperidine Hcl/Pf,Meperidine Hcl,5606,75326.16999999998,4941.0,5606.2,11587,2022
Meperidine Hcl/Pf,Meperidine Hcl,6121,93521.43000000002,5348.0,6121.0,11987,2023
Meperidine Hcl/Pf,Meperidine Hcl,4588,42222.66,3943.0,4588.0,9522,2024
Mepolizumab,Nucala,8780,29021870.12,2491.0,8928.599999999999,251694,2019
Mepolizumab,Nucala,16527,56963689.290000014,4510.0,16867.600000000002,474684,2020
Mepolizumab,Nucala,25288,92861241.64999998,6590.0,25839.899999999998,727392,2021
Mepolizumab,Nucala,36398,143006044.75,9026.0,37291.7,1050056,2022
Mepolizumab,Nucala,46010,197785767.24,11227.0,47051.0,1325456,2023
Mepolizumab,Nucala,57845,248787539.74,13613.0,59564.1,1677961,2024
Meprobamate,Meprobamate,2352,832504.4199999999,895.0,2369.5,64086,2019
Meprobamate,Meprobamate,2034,789280.85,785.0,2062.0,56933,2020
Meprobamate,Meprobamate,1608,644235.8500000002,630.0,1641.0000000000002,45855,2021
Meprobamate,Meprobamate,1674,584975.25,635.0,1683.4,46637,2022
Meprobamate,Meprobamate,1245,494173.9200000001,495.0,1254.0,35348,2023
Meprobamate,Meprobamate,1063,363956.34,420.0,1076.8000000000002,30811,2024
Mercaptopurine,Mercaptopurine,37117,4609472.46,9957.0,58836.3,1740861,2019
Mercaptopurine,Mercaptopurine,32533,4163091.26,8922.0,54003.29999999998,1598252,2020
Mercaptopurine,Mercaptopurine,27327,3175965.41,7718.0,46992.7,1391374,2021
Mercaptopurine,Mercaptopurine,21929,2631965.8399999994,6431.0,39196.8,1160356,2022
Mercaptopurine,Mercaptopurine,18339,1990294.9300000004,5530.0,32990.399999999994,975882,2023
Mercaptopurine,Mercaptopurine,17142,1607855.38,5144.0,31198.500000000004,922469,2024
Meropenem,Meropenem,40027,10786445.56,10807.0,40031.8,185872,2019
Meropenem,Meropenem,39556,11680293.94,10529.0,39560.9,196162,2020
Meropenem,Meropenem,42120,12198155.78,11334.0,42121.90000000001,213020,2021
Meropenem,Meropenem,42633,11166321.31,11523.0,42638.00000000001,218233,2022
Meropenem,Meropenem,49296,11130603.15,13638.0,49299.30000000001,256641,2023
Meropenem,Meropenem,54477,10127155.24,15472.0,54485.2,282466,2024
Meropenem-0.9% Sodium Chloride,Meropenem-0.9% Nacl,2202,436632.79,689.0,2202.0,7812,2019
Meropenem-0.9% Sodium Chloride,Meropenem-0.9% Nacl,1938,393203.41,634.0,1938.0,6352,2020
Meropenem-0.9% Sodium Chloride,Meropenem-0.9% Nacl,2000,424315.17,624.0,2000.0,6411,2021
Meropenem-0.9% Sodium Chloride,Meropenem-0.9% Nacl,2158,445612.28,651.0,2158.0,6788,2022
Meropenem-0.9% Sodium Chloride,Meropenem-0.9% Nacl,3052,877560.56,996.0,3052.0,11082,2023
Meropenem-0.9% Sodium Chloride,Meropenem-0.9% Nacl,4070,1189390.2899999998,1298.0,4070.0,14630,2024
Meropenem/Vaborbactam,Vabomere,55,140308.45,10.0,55.0,379,2019
Meropenem/Vaborbactam,Vabomere,117,312787.63,30.0,117.0,552,2020
Meropenem/Vaborbactam,Vabomere,193,218796.15,45.0,193.0,244,2021
Meropenem/Vaborbactam,Vabomere,100,174149.38,35.0,100.0,168,2022
Meropenem/Vaborbactam,Vabomere,162,282607.31,35.0,162.0,247,2023
Meropenem/Vaborbactam,Vabomere,80,159820.56,20.0,80.0,175,2024
Mesalamine,Mesalamine,443234,336218146.16,115532.0,632491.4000000001,18198909,2019
Mesalamine,Mesalamine Er,421864,291414839.43000007,112855.0,632498.3999999999,18362913,2020
Mesalamine,Mesalamine,432124,294523956.8,114655.0,681859.8999999998,19897087,2021
Mesalamine,Mesalamine,405951,269009932.55999994,108317.0,669493.4,19567305,2022
Mesalamine,Mesalamine,398943,248615157.84000003,108241.0,681034.2,19930277,2023
Mesalamine,Mesalamine,418997,183339810.18999997,112791.0,740388.6999999998,21692095,2024
Mesalamine W/Cleansing Wipes,Mesalamine,513,249905.59000000003,195.0,515.0,11547,2019
Mesalamine W/Cleansing Wipes,Rowasa,347,113037.23,105.0,365.6,6294,2020
Mesalamine W/Cleansing Wipes,Rowasa,248,104442.53,90.0,257.0,5624,2021
Mesalamine W/Cleansing Wipes,Mesalamine,139,64955.94000000001,55.0,151.5,3761,2022
Mesalamine W/Cleansing Wipes,Mesalamine,181,68611.04999999999,60.0,186.4,4069,2023
Mesalamine W/Cleansing Wipes,Mesalamine,215,81627.0,80.0,220.4,5481,2024
Mesna,Mesnex,54,31696.96,15.0,54.0,1232,2019
Mesna,Mesnex,58,31765.62,20.0,58.0,672,2020
Mesna,Mesnex,44,24723.96,15.0,44.0,868,2021
Mesna,Mesnex,103,98453.59,35.0,104.8,1991,2022
Mesna,Mesna,87,44334.52,30.0,87.0,1961,2023
Mesna,Mesnex,131,73722.01000000001,45.0,131.0,2287,2024
Metaxalone,Metaxalone,21733,3795444.320000001,7666.0,23349.000000000007,620006,2019
Metaxalone,Metaxalone,23100,3828401.16,8056.0,24789.400000000005,662224,2020
Metaxalone,Metaxalone,22828,3852975.97,8069.0,24571.200000000008,659683,2021
Metaxalone,Metaxalone,18626,2911559.850000001,6575.0,20018.4,536713,2022
Metaxalone,Metaxalone,16652,2490118.6899999995,5931.0,17820.1,476961,2023
Metaxalone,Metaxalone,17269,2016370.3999999997,6276.0,18524.3,487041,2024
Metformin Hcl,Metformin Hcl,29952846,428220428.8600001,8350036.0,66056595.2,1963257169,2019
Metformin Hcl,Metformin Hcl,30660489,411380489.0800001,8678797.0,70503806.20000002,2096290740,2020
Metformin Hcl,Metformin Hcl,30670166,356694227.3,8953650.0,72221815.4,2147045556,2021
Metformin Hcl,Metformin Hcl,31371030,384775386.47000015,9297646.0,74917496.09999998,2226295346,2022
Metformin Hcl,Metformin Hcl,31793565,494864331.3699999,9518488.0,76663999.69999997,2277149192,2023
Metformin Hcl,Metformin Hcl,33008405,336260610.2300001,9893920.0,79935869.7,2372637326,2024
Meth/Meblue/Sod Phos/Psal/Hyos,Urin D.S.,76,5899.2300000000005,48.0,76.0,738,2019
Meth/Meblue/Sod Phos/Psal/Hyos,Phosphasal,14,4446.68,5.0,14.0,420,2020
Meth/Meblue/Sod Phos/Psal/Hyos,Uro-Mp,11,611.38,5.0,11.0,308,2022
Meth/Meblue/Sod Phos/Psal/Hyos,Uro-Mp,11,2854.83,5.0,11.0,330,2023
Meth/Meblue/Sod Phos/Psal/Hyos,Uro-Mp,11,2722.72,5.0,11.0,330,2024
Methadone Hcl,Methadone Hcl,753918,15569361.35,149004.0,757208.8,20676706,2019
Methadone Hcl,Methadone Hcl,683386,13275875.789999995,133112.0,686149.5999999999,18789857,2020
Methadone Hcl,Methadone Hcl,604046,12583588.329999998,119813.0,606356.7999999999,16671299,2021
Methadone Hcl,Methadone Hcl,544675,11827483.370000005,109462.0,546587.4000000001,15064658,2022
Methadone Hcl,Methadone Hcl,491603,11244119.160000002,100519.0,493452.79999999993,13568589,2023
Methadone Hcl,Methadone Hcl,465551,9359599.98,96678.0,467224.1,12801147,2024
Methamphetamine Hcl,Methamphetamine Hcl,455,716424.8099999999,185.0,459.5,13106,2019
Methamphetamine Hcl,Methamphetamine Hcl,637,780425.4599999998,255.0,640.3,17882,2020
Methamphetamine Hcl,Methamphetamine Hcl,625,861723.8999999999,245.0,633.6,17140,2021
Methamphetamine Hcl,Methamphetamine Hcl,357,589342.42,145.0,361.5,9819,2022
Methazolamide,Methazolamide,30754,11628651.360000003,8788.0,41086.4,1143472,2019
Methazolamide,Methazolamide,27511,11125487.12,7665.0,38610.4,1089799,2020
Methazolamide,Methazolamide,25846,9838299.430000002,7426.0,37222.49999999999,1050465,2021
Methazolamide,Methazolamide,26255,8863596.379999999,7558.0,37360.99999999999,1048343,2022
Methazolamide,Methazolamide,26999,7863998.940000001,7957.0,39279.0,1104147,2023
Methazolamide,Methazolamide,28603,6083098.869999999,8673.0,42759.10000000002,1204467,2024
Methenam/Sod Phos/Mblue/Hyoscy,Urogesic-Blue,217,53526.6,85.0,217.0,4731,2019
Methenam/Sod Phos/Mblue/Hyoscy,Urogesic-Blue,220,43190.33,75.0,220.0,3839,2020
Methenam/Sod Phos/Mblue/Hyoscy,Urogesic-Blue,205,45485.05999999999,65.0,205.2,4024,2021
Methenam/Sod Phos/Mblue/Hyoscy,Me-Naphos-Mb-Hyo 1,245,56725.28,90.0,257.0,5330,2022
Methenam/Sod Phos/Mblue/Hyoscy,Urogesic-Blue,160,39007.70999999999,55.0,172.0,2893,2023
Methenam/Sod Phos/Mblue/Hyoscy,Me-Naphos-Mb-Hyo 1,40,5447.16,15.0,40.0,624,2024
Methenamine Hippurate,Methenamine Hippurate,379304,34403477.62,96205.0,525987.5000000002,14723824,2019
Methenamine Hippurate,Methenamine Hippurate,386683,37744005.05,99124.0,552468.0000000002,15682458,2020
Methenamine Hippurate,Methenamine Hippurate,409806,40521660.91,108836.0,602002.2999999999,17153442,2021
Methenamine Hippurate,Methenamine Hippurate,474318,43867553.7,125561.0,696811.2999999999,19748886,2022
Methenamine Hippurate,Methenamine Hippurate,561433,47362553.90999999,149707.0,844765.2,23826138,2023
Methenamine Hippurate,Methenamine Hippurate,713792,47247254.88,189035.0,1086674.6,30521525,2024
Methenamine Mandelate,Methenamine Mandelate,2003,123881.77,624.0,2369.1,62697,2019
Methenamine Mandelate,Methenamine Mandelate,3456,263099.9199999999,1098.0,4013.7,101601,2020
Methenamine Mandelate,Methenamine Mandelate,2982,222376.78999999995,965.0,3681.5,97432,2021
Methenamine Mandelate,Methenamine Mandelate,2559,179706.70000000004,826.0,3118.5,82073,2022
Methenamine Mandelate,Methenamine Mandelate,2942,183713.80000000005,897.0,3667.8000000000006,86982,2023
Methenamine Mandelate,Methenamine Mandelate,1703,114122.07,485.0,1864.0,37378,2024
Methimazole,Methimazole,508664,6914124.879999998,137467.0,914061.3,26814811,2019
Methimazole,Methimazole,523102,7347452.02,143132.0,1001881.0,29435202,2020
Methimazole,Methimazole,531318,6899615.679999999,149759.0,1059697.9,31160529,2021
Methimazole,Methimazole,559982,7284042.529999999,159964.0,1140666.9000000004,33516165,2022
Methimazole,Methimazole,609377,8867770.95,173603.0,1251820.6999999995,36804608,2023
Methimazole,Methimazole,672584,7324896.190000001,191430.0,1402733.8999999997,41231918,2024
Methocarbamol,Methocarbamol,559087,7913265.249999999,205722.0,610491.2999999999,15149308,2019
Methocarbamol,Methocarbamol,769518,12007188.97,273291.0,856246.5999999999,21439725,2020
Methocarbamol,Methocarbamol,1107929,15228554.64,441611.0,1236858.7,29894506,2021
Methocarbamol,Methocarbamol,1471259,19805316.770000003,617078.0,1645104.8999999997,38875963,2022
Methocarbamol,Methocarbamol,1826321,24472882.28,793158.0,2046567.1,47699918,2023
Methocarbamol,Methocarbamol,2401553,28329436.49000001,1083975.0,2684040.600000001,61371822,2024
Methotrexate,Xatmep,12,7599.53,5.0,15.6,448,2022
Methotrexate,Xatmep,24,12653.77,10.0,25.8,602,2023
Methotrexate,Xatmep,30,14070.04,10.0,30.4,553,2024
Methotrexate Sodium,Methotrexate,2273615,106246643.79999998,559046.0,3806263.4,110563347,2019
Methotrexate Sodium,Methotrexate,2215921,100570341.86999996,556622.0,3867945.399999999,112766870,2020
Methotrexate Sodium,Methotrexate,2131858,89376093.04,564956.0,3834530.3000000007,112008168,2021
Methotrexate Sodium,Methotrexate,2062706,79879320.38999999,571482.0,3902290.4,114276456,2022
Methotrexate Sodium,Methotrexate,2079165,74656105.44,591249.0,4002887.899999999,117149940,2023
Methotrexate Sodium,Methotrexate,2173193,52330380.91000001,620779.0,4274293.399999999,125336714,2024
Methotrexate Sodium/Pf,Methotrexate Sodium,51068,825426.6900000002,14941.0,75070.6,2124610,2019
Methotrexate Sodium/Pf,Methotrexate Sodium,59840,998770.52,17238.0,89833.80000000002,2553117,2020
Methotrexate Sodium/Pf,Methotrexate Sodium,60764,1019189.75,17534.0,92086.3,2618955,2021
Methotrexate Sodium/Pf,Methotrexate Sodium,63526,1075268.2899999998,18659.0,97561.3,2778673,2022
Methotrexate Sodium/Pf,Methotrexate Sodium,38568,551135.59,13117.0,57123.10000000001,1576317,2023
Methotrexate Sodium/Pf,Methotrexate Sodium,40335,597519.8999999998,12175.0,61179.600000000006,1723730,2024
Methotrexate/Pf,Otrexup,20060,12527581.919999996,4950.0,22941.900000000005,646949,2019
Methotrexate/Pf,Otrexup,22173,13974170.620000005,5408.0,25834.4,729285,2020
Methotrexate/Pf,Otrexup,22308,14223173.660000004,5575.0,26444.19999999999,747426,2021
Methotrexate/Pf,Otrexup,22226,15015189.69,5627.0,27128.1,772075,2022
Methotrexate/Pf,Rasuvo,24748,17315020.790000003,6339.0,30764.2,877499,2023
Methotrexate/Pf,Otrexup,26945,18324315.61,6767.0,33940.40000000002,968319,2024
Methoxsalen,Methoxsalen,183,277060.56,60.0,206.9,4718,2019
Methoxsalen,Methoxsalen,160,221752.74,56.0,169.60000000000002,3325,2020
Methoxsalen,Methoxsalen,154,172398.64,45.0,163.0,3072,2021
Methoxsalen,Methoxsalen,146,177283.03,45.0,149.3,2698,2022
Methoxsalen,Methoxsalen,165,251904.42,50.0,174.0,4183,2023
Methoxsalen,Methoxsalen,130,150880.27000000002,43.0,161.3,4025,2024
Methscopolamine Bromide,Methscopolamine Bromide,5296,647275.9999999999,1987.0,6324.299999999999,169271,2019
Methscopolamine Bromide,Methscopolamine Bromide,4476,567251.7799999999,1556.0,5499.4,149095,2020
Methscopolamine Bromide,Methscopolamine Bromide,3212,429747.24,1103.0,3973.4,111073,2021
Methscopolamine Bromide,Methscopolamine Bromide,2536,321013.3699999999,896.0,3155.2000000000003,88852,2022
Methscopolamine Bromide,Methscopolamine Bromide,2289,326919.56,808.0,2915.2000000000003,83316,2023
Methscopolamine Bromide,Methscopolamine Bromide,2131,240446.1900000001,783.0,2748.5,77457,2024
Methsuximide,Celontin,1584,523388.0300000001,527.0,1626.4000000000003,44797,2019
Methsuximide,Celontin,1613,545820.6499999999,522.0,1670.4,46438,2020
Methsuximide,Celontin,1129,363769.69000000006,377.0,1174.3000000000002,31678,2021
Methsuximide,Celontin,1011,355524.52,340.0,1058.1000000000004,28974,2022
Methsuximide,Celontin,733,240990.99999999997,230.0,764.1,19744,2023
Methsuximide,Methsuximide,748,244770.2,255.0,778.8000000000002,21327,2024
Methyclothiazide,Methyclothiazide,89,3462.72,35.0,99.2,2449,2019
Methyldopa,Methyldopa,3525,86608.16999999998,1222.0,4986.8,144777,2019
Methyldopa,Methyldopa,1981,50797.91,666.0,2846.9,80675,2020
Methyldopa,Methyldopa,60,1119.7800000000002,20.0,83.6,1874,2021
Methyldopa/Hydrochlorothiazide,Methyldopa-Hydrochlorothiazide,242,16980.26,95.0,244.9,7065,2019
Methylergonovine Maleate,Methylergonovine Maleate,66,361577.23,25.0,66.1,1675,2019
Methylergonovine Maleate,Methylergonovine Maleate,72,311235.84,30.0,74.3,2026,2020
Methylergonovine Maleate,Methylergonovine Maleate,33,62762.990000000005,15.0,33.0,924,2021
Methylergonovine Maleate,Methylergonovine Maleate,44,56739.68,15.0,44.0,815,2022
Methylergonovine Maleate,Methylergonovine Maleate,73,233149.0,25.0,73.0,1956,2023
Methylergonovine Maleate,Methylergonovine Maleate,92,149064.06,34.0,92.0,2069,2024
Methylnaltrexone Bromide,Relistor,17973,30744658.65000001,5614.0,18886.1,502623,2019
Methylnaltrexone Bromide,Relistor,21563,40533747.68,6599.0,22849.4,618537,2020
Methylnaltrexone Bromide,Relistor,24239,50438096.09999999,7774.0,25861.7,719870,2021
Methylnaltrexone Bromide,Relistor,30095,68545376.02000003,9631.0,31733.9,898224,2022
Methylnaltrexone Bromide,Relistor,35167,85479687.92,11077.0,36136.9,1036485,2023
Methylnaltrexone Bromide,Relistor,36231,86410825.36999999,11294.0,37288.9,1072716,2024
Methylphenidate,Daytrana,488,216381.12,195.0,488.0,14640,2019
Methylphenidate,Daytrana,612,309442.22,235.0,616.0,17938,2020
Methylphenidate,Daytrana,669,342910.24,265.0,669.0,19995,2021
Methylphenidate,Daytrana,461,263623.86,180.0,461.0,13830,2022
Methylphenidate,Methylphenidate,483,257555.70000000004,195.0,483.0,14460,2023
Methylphenidate,Methylphenidate,411,149734.68000000002,160.0,412.1,12354,2024
Methylphenidate Hcl,Methylphenidate Hcl,556125,43738489.28,142542.0,580712.0000000002,16908171,2019
Methylphenidate Hcl,Methylphenidate Hcl,564576,38789915.43,145621.0,590871.0000000001,17286833,2020
Methylphenidate Hcl,Methylphenidate Er,528424,35548948.81,138505.0,555395.2000000001,16250832,2021
Methylphenidate Hcl,Methylphenidate Er,514328,34510138.599999994,136384.0,542026.2,15823140,2022
Methylphenidate Hcl,Methylphenidate Er,512470,31258797.279999997,135392.0,536865.7000000001,15589862,2023
Methylphenidate Hcl,Methylphenidate Hcl,540790,26650844.360000003,145113.0,566392.7999999997,16529199,2024
Methylprednisolone,Methylprednisolone,3397039,41377100.33999999,2827832.0,3444501.6999999997,24646031,2019
Methylprednisolone,Methylprednisolone,2916858,31842714.96,2366244.0,2969790.7000000007,21999187,2020
Methylprednisolone,Methylprednisolone,3254888,31542354.97,2700478.0,3309015.2,24031933,2021
Methylprednisolone,Methylprednisolone,4005703,40441816.47,3363326.0,4060764.5,28562569,2022
Methylprednisolone,Methylprednisolone,4357652,42496059.330000006,3693265.0,4414496.8,30669408,2023
Methylprednisolone,Methylprednisolone,4763331,33739890.660000004,4053909.0,4823909.399999999,33238200,2024
Methylprednisolone Acetate,Methylprednisolone Acetate,5688,105448.76000000004,3807.0,5827.100000000001,41321,2019
Methylprednisolone Acetate,Methylprednisolone Acetate,5187,91204.80000000002,3461.0,5312.3,37891,2020
Methylprednisolone Acetate,Methylprednisolone Acetate,5190,90507.82999999996,3531.0,5331.400000000002,36289,2021
Methylprednisolone Acetate,Methylprednisolone Acetate,5202,93934.71000000002,3432.0,5364.700000000001,33677,2022
Methylprednisolone Acetate,Methylprednisolone Acetate,5445,107323.09999999998,3616.0,5643.8,35502,2023
Methylprednisolone Acetate,Methylprednisolone Acetate,5507,96964.97,3520.0,5708.6,37263,2024
Methylprednisolone Sod Succ,Solu-Medrol,5493,256347.60999999996,1871.0,5590.000000000001,81318,2019
Methylprednisolone Sod Succ,Methylprednisolone Sodium Succ,5336,232640.1900000001,1746.0,5427.2,91707,2020
Methylprednisolone Sod Succ,Methylprednisolone Sodium Succ,5544,239881.25999999992,1636.0,5933.099999999999,106695,2021
Methylprednisolone Sod Succ,Methylprednisolone Sodium Succ,5851,218192.61,1805.0,6354.4000000000015,115737,2022
Methylprednisolone Sod Succ,Methylprednisolone Sodium Succ,6523,217056.68999999997,2123.0,7291.8,135002,2023
Methylprednisolone Sod Succ,Methylprednisolone Sodium Succ,8056,199622.86,2559.0,9170.3,178559,2024
Methylprednisolone Sod Succ/Pf,Solu-Medrol,3538,98350.99000000002,1724.0,3616.8,28554,2019
Methylprednisolone Sod Succ/Pf,Solu-Medrol,3967,104812.27999999998,1864.0,3991.400000000001,28582,2020
Methylprednisolone Sod Succ/Pf,Solu-Medrol,2466,67893.07999999999,1091.0,2495.5,24222,2021
Methylprednisolone Sod Succ/Pf,Solu-Medrol,2215,57106.14000000001,1039.0,2241.0,22307,2022
Methylprednisolone Sod Succ/Pf,Solu-Medrol,2232,46937.95000000001,1168.0,2260.3,20277,2023
Methylprednisolone Sod Succ/Pf,Solu-Medrol,4829,101389.94999999995,2590.0,4904.8,37103,2024
Methyltestosterone,Methitest,50,145629.86000000002,20.0,50.0,1436,2019
Methyltestosterone,Methyltestosterone,11,5321.03,5.0,11.0,308,2020
Methyltestosterone,Methyltestosterone,36,97529.5,15.0,36.0,1030,2021
Methyltestosterone,Methyltestosterone,11,51054.34,5.0,12.7,380,2022
Methyltestosterone,Methyltestosterone,53,377038.41,15.0,55.0,1650,2023
Methyltestosterone,Methyltestosterone,67,358372.06,15.0,67.0,2010,2024
Metoclopramide Hcl,Metoclopramide Hcl,754002,6872422.909999999,245995.0,891250.5999999996,22424193,2019
Metoclopramide Hcl,Metoclopramide Hcl,711179,6617387.28,224237.0,851009.8,21802371,2020
Metoclopramide Hcl,Metoclopramide Hcl,674102,6239696.299999999,219570.0,809024.3999999999,20649580,2021
Metoclopramide Hcl,Metoclopramide Hcl,643245,6665742.68,214576.0,780288.3,19712114,2022
Metoclopramide Hcl,Metoclopramide Hcl,629401,7179477.78,213041.0,758067.2,18935603,2023
Metoclopramide Hcl,Metoclopramide Hcl,625234,7049557.659999999,213340.0,753162.9999999999,18657808,2024
Metolazone,Metolazone,591639,23996251.169999987,169975.0,812083.9,20901105,2019
Metolazone,Metolazone,543197,22669474.500000004,158892.0,777466.8000000002,20360998,2020
Metolazone,Metolazone,477404,19621622.47,146484.0,697014.2000000002,18536818,2021
Metolazone,Metolazone,436480,17084347.4,134962.0,646565.8000000002,17272873,2022
Metolazone,Metolazone,398014,13762879.38,123037.0,597164.2999999999,15888338,2023
Metolazone,Metolazone,377889,7802386.549999997,116859.0,567283.7,15016918,2024
Metoprolol Su/Hydrochlorothiaz,Dutoprol,194,39044.36,60.0,197.0,4626,2019
Metoprolol Su/Hydrochlorothiaz,Dutoprol,128,21827.77,45.0,128.0,2689,2020
Metoprolol Su/Hydrochlorothiaz,Dutoprol,41,8218.720000000001,15.0,41.0,747,2021
Metoprolol Succinate,Metoprolol Succinate,23333225,668224852.2100002,6419738.0,50171655.49999999,1488160752,2019
Metoprolol Succinate,Metoprolol Succinate,24475213,653686079.4499999,6881603.0,55449447.99999999,1646333997,2020
Metoprolol Succinate,Metoprolol Succinate,25451452,573810398.5099999,7502078.0,59255580.69999998,1760362700,2021
Metoprolol Succinate,Metoprolol Succinate,26966675,544342439.6199999,8157238.0,63693674.99999999,1890966669,2022
Metoprolol Succinate,Metoprolol Succinate,28792402,574171075.22,8828471.0,68621238.39999999,2036173502,2023
Metoprolol Succinate,Metoprolol Succinate,31359956,447143233.11,9672646.0,75220483.69999999,2230386989,2024
Metoprolol Tartrate,Metoprolol Tartrate,18723944,142275824.47,5065283.0,37571902.99999999,1104089399,2019
Metoprolol Tartrate,Metoprolol Tartrate,17718761,135355800.83999997,4846932.0,37367812.0,1099502863,2020
Metoprolol Tartrate,Metoprolol Tartrate,16651383,131536635.70000003,4746236.0,36035568.20000001,1059865184,2021
Metoprolol Tartrate,Metoprolol Tartrate,15985330,129817133.27,4634036.0,34926763.99999999,1025467071,2022
Metoprolol Tartrate,Metoprolol Tartrate,15390982,133310294.19,4497503.0,33806517.79999999,990848023,2023
Metoprolol Tartrate,Metoprolol Tartrate,15048761,102157935.45000002,4397420.0,33112018.500000004,967783086,2024
Metoprolol/Hydrochlorothiazide,Metoprolol-Hydrochlorothiazide,12883,647320.5000000001,4335.0,19029.8,554324,2019
Metoprolol/Hydrochlorothiazide,Metoprolol-Hydrochlorothiazide,9819,538962.91,3388.0,15163.8,446814,2020
Metoprolol/Hydrochlorothiazide,Metoprolol-Hydrochlorothiazide,7911,454312.04,2720.0,12867.6,381449,2021
Metoprolol/Hydrochlorothiazide,Metoprolol-Hydrochlorothiazide,7161,421674.93000000005,2488.0,11848.6,349552,2022
Metoprolol/Hydrochlorothiazide,Metoprolol-Hydrochlorothiazide,6062,331992.5099999999,2129.0,10075.200000000004,295838,2023
Metoprolol/Hydrochlorothiazide,Metoprolol-Hydrochlorothiazide,5048,236316.05000000005,1743.0,8376.300000000001,246630,2024
Metreleptin,Myalept,68,8445757.700000001,30.0,68.1,2044,2019
Metreleptin,Myalept,92,12754803.81,35.0,94.9,2847,2020
Metreleptin,Myalept,83,12123919.56,30.0,83.3,2437,2021
Metreleptin,Myalept,79,12481199.47,30.0,80.4,2413,2022
Metreleptin,Myalept,70,12084063.75,30.0,70.9,2127,2023
Metreleptin,Myalept,44,7423683.46,15.0,44.0,1320,2024
Metronidazole,Metronidazole,933286,50811496.6,624017.0,976723.8000000004,16244480,2019
Metronidazole,Metronidazole,832650,43651242.96,537217.0,875244.3999999999,15153632,2020
Metronidazole,Metronidazole,874543,42264518.45000001,581265.0,917855.7,16141078,2021
Metronidazole,Metronidazole,852359,39961863.55,567916.0,901135.8,16255129,2022
Metronidazole,Metronidazole,903496,40503190.62999999,601861.0,958741.9,17546185,2023
Metronidazole,Metronidazole,1019159,33438736.520000003,674339.0,1084523.5,20504004,2024
Metronidazole/Sodium Chloride,Metronidazole,715,13554.389999999998,208.0,715.0,2811,2019
Metronidazole/Sodium Chloride,Metro Iv,485,8063.620000000001,158.0,485.0,1730,2020
Metronidazole/Sodium Chloride,Metronidazole,365,7847.169999999998,131.0,365.0,1477,2021
Metronidazole/Sodium Chloride,Metronidazole,396,8816.61,130.0,396.0,1735,2022
Metronidazole/Sodium Chloride,Metronidazole,351,9222.31,117.0,362.0,2207,2023
Metronidazole/Sodium Chloride,Metronidazole,279,6449.849999999999,86.0,279.0,1428,2024
Metyrapone,Metopirone,22,129118.62,10.0,22.0,660,2020
Metyrapone,Metopirone,12,121520.11,5.0,12.0,360,2021
Metyrapone,Metopirone,11,173897.41,5.0,11.0,331,2022
Metyrapone,Metopirone,14,76132.13,5.0,14.0,420,2023
Metyrapone,Metopirone,15,30870.36,5.0,15.0,450,2024
Metyrosine,Demser,67,1018232.16,20.0,67.0,1720,2019
Metyrosine,Demser,53,986991.29,15.0,53.0,1360,2020
Metyrosine,Demser,61,1407680.15,25.0,61.0,1628,2021
Metyrosine,Metyrosine,115,3657639.850000001,45.0,115.0,3036,2022
Metyrosine,Metyrosine,96,4014196.35,40.0,96.0,2595,2023
Metyrosine,Metyrosine,75,2080491.39,30.0,75.0,2240,2024
Mexiletine Hcl,Mexiletine Hcl,37425,5879190.549999999,10906.0,56369.400000000016,1639341,2019
Mexiletine Hcl,Mexiletine Hcl,34676,5236449.690000001,10110.0,53906.800000000025,1561590,2020
Mexiletine Hcl,Mexiletine Hcl,33280,5018333.460000002,9918.0,55154.100000000006,1612887,2021
Mexiletine Hcl,Mexiletine Hcl,35714,5414104.449999998,10699.0,59756.4,1751408,2022
Mexiletine Hcl,Mexiletine Hcl,38371,5760512.67,11453.0,66246.69999999998,1934787,2023
Mexiletine Hcl,Mexiletine Hcl,45232,4260552.62,13458.0,79181.70000000001,2303813,2024
Micafungin Sodium,Mycamine,2641,3057260.920000001,690.0,2641.0,14219,2019
Micafungin Sodium,Mycamine,2132,2520389.4600000004,600.0,2132.0,12528,2020
Micafungin Sodium,Micafungin,3081,2703827.4,883.0,3081.0,16934,2021
Micafungin Sodium,Micafungin,3551,2883112.3799999994,970.0,3551.2,21034,2022
Micafungin Sodium,Micafungin,4595,3672335.17,1215.0,4595.0,25149,2023
Micafungin Sodium,Micafungin,6495,2419134.57,1749.0,6495.0,35065,2024
Miconazole Nitrate,Miconazole 3,14,558.14,5.0,14.0,150,2020
Miconazole Nitrate,Miconazole 3,40,1295.39,10.0,40.0,123,2022
Miconazole Nitrate,Miconazole 3,12,597.24,5.0,12.0,36,2023
Miconazole Nitrate,Miconazole 3,27,911.11,10.0,27.0,81,2024
Miconazole Nitrate/Zinc Ox/Pet,Vusion,118,58701.95,42.0,118.0,2854,2019
Miconazole Nitrate/Zinc Ox/Pet,Miconazole-Zinc Oxide-Petroltm,204,120784.94,122.0,205.0,5706,2020
Miconazole Nitrate/Zinc Ox/Pet,Miconazole-Zinc Oxide-Petroltm,155,96653.4,76.0,155.0,3938,2021
Miconazole Nitrate/Zinc Ox/Pet,Vusion,170,109842.52,84.0,170.0,3996,2022
Miconazole Nitrate/Zinc Ox/Pet,Vusion,129,61439.47,51.0,129.0,2379,2023
Miconazole Nitrate/Zinc Ox/Pet,Miconazole-Zinc Oxide-Petroltm,69,29003.98,25.0,69.0,1398,2024
Midazolam,Nayzilam,3068,2847138.06,1117.0,3097.7,36562,2020
Midazolam,Nayzilam,6826,6018167.120000001,2425.0,6898.0,106209,2021
Midazolam,Nayzilam,10969,10512657.980000004,4159.0,11134.5,179992,2022
Midazolam,Nayzilam,15859,15744997.03,6295.0,16130.2,257259,2023
Midazolam,Nayzilam,22495,21979861.770000003,9424.0,22951.1,343329,2024
Midazolam Hcl,Midazolam Hcl,8375,33324.68,7365.0,8375.0,12406,2019
Midazolam Hcl,Midazolam Hcl,5784,24990.160000000007,4933.0,5785.5,7589,2020
Midazolam Hcl,Midazolam Hcl,9797,41799.62999999999,8695.0,9801.4,11675,2021
Midazolam Hcl,Midazolam Hcl,12505,47494.53999999999,11329.0,12508.0,14465,2022
Midazolam Hcl,Midazolam Hcl,21719,75516.76999999996,19607.0,21720.0,24392,2023
Midazolam Hcl,Midazolam Hcl,22517,69976.21,20203.0,22517.2,25113,2024
Midazolam Hcl/Pf,Midazolam Hcl,19670,62030.82,17601.0,19670.0,23278,2019
Midazolam Hcl/Pf,Midazolam Hcl,12968,40486.88000000002,11524.0,12968.0,14085,2020
Midazolam Hcl/Pf,Midazolam Hcl,22139,70207.57999999999,19755.0,22139.0,23535,2021
Midazolam Hcl/Pf,Midazolam Hcl,32843,102105.37,29349.0,32848.1,34507,2022
Midazolam Hcl/Pf,Midazolam Hcl,25199,79586.70999999999,23056.0,25199.0,27333,2023
Midazolam Hcl/Pf,Midazolam Hcl,26467,75901.28000000003,23782.0,26467.0,29018,2024
Midodrine Hcl,Midodrine Hcl,595312,46743083.30000001,155260.0,751731.6000000001,20363795,2019
Midodrine Hcl,Midodrine Hcl,638363,53676395.34000001,167758.0,834132.2999999999,22618405,2020
Midodrine Hcl,Midodrine Hcl,669367,54673178.28999999,180321.0,889538.2999999999,23919765,2021
Midodrine Hcl,Midodrine Hcl,731242,63233230.13000001,197914.0,970592.5,25857542,2022
Midodrine Hcl,Midodrine Hcl,866382,69853535.66000001,238112.0,1156314.9,30607853,2023
Midodrine Hcl,Midodrine Hcl,1084780,68812291.84,301751.0,1458679.7999999996,38317379,2024
Midostaurin,Rydapt,423,7374476.14,165.0,423.9,11283,2019
Midostaurin,Rydapt,505,10095968.14,180.0,507.7,13597,2020
Midostaurin,Rydapt,493,10951563.43,190.0,493.0,13632,2021
Midostaurin,Rydapt,392,7400925.39,135.0,392.2,10584,2022
Midostaurin,Rydapt,342,7723926.619999998,135.0,342.0,9471,2023
Midostaurin,Rydapt,464,9775745.569999998,170.0,467.5,12933,2024
Mifepristone,Korlym,3612,98246278.69000004,892.0,3614.0,107791,2019
Mifepristone,Korlym,4089,121877107.15000002,1009.0,4097.0,122556,2020
Mifepristone,Korlym,4413,131329950.3,1101.0,4423.0,132359,2021
Mifepristone,Korlym,4538,142729931.48,1132.0,4539.0,135769,2022
Mifepristone,Korlym,5144,173058781.14000002,1275.0,5145.0,153900,2023
Mifepristone,Korlym,7566,261356806.07000008,1791.0,7566.0,226400,2024
Migalastat Hcl,Galafold,257,6487025.3,75.0,257.0,7196,2019
Migalastat Hcl,Galafold,487,12682089.64,145.0,492.4,13804,2020
Migalastat Hcl,Galafold,688,18628840.250000004,195.0,697.0,19544,2021
Migalastat Hcl,Galafold,692,19451396.19,185.0,692.0,19376,2022
Migalastat Hcl,Galafold,875,26532691.83000001,250.0,880.2,24668,2023
Migalastat Hcl,Galafold,1151,36771115.400000006,305.0,1189.5,33432,2024
Miglitol,Glyset,794,177883.07999999996,255.0,1035.6,30012,2019
Miglitol,Glyset,811,208142.66000000003,255.0,1078.4,31732,2020
Miglitol,Glyset,580,157402.76,178.0,826.5,24075,2021
Miglitol,Miglitol,505,139656.78999999998,151.0,757.5000000000001,22303,2022
Miglitol,Miglitol,517,126827.87999999996,155.0,731.7,21086,2023
Miglitol,Miglitol,489,122006.93999999996,155.0,733.1999999999999,21592,2024
Miglustat,Miglustat,113,3914242.94,40.0,113.0,3390,2019
Miglustat,Miglustat,146,4335832.15,50.0,150.0,4470,2020
Miglustat,Miglustat,243,7163228.47,90.0,247.0,7358,2021
Miglustat,Zavesca,223,6888915.789999999,85.0,223.0,6602,2022
Miglustat,Zavesca,223,6280804.35,80.0,225.0,6627,2023
Miglustat,Zavesca,320,4787905.76,115.0,326.1,9217,2024
Milnacipran Hcl,Savella,48430,21313639.13,15051.0,57369.39999999999,1650580,2019
Milnacipran Hcl,Savella,44330,20901493.93,13758.0,53377.1,1534428,2020
Milnacipran Hcl,Savella,40249,20174283.5,12447.0,48359.6,1388660,2021
Milnacipran Hcl,Savella,36074,19111649.76,11213.0,43398.6,1238308,2022
Milnacipran Hcl,Savella,33938,18884573.93,10652.0,40706.79999999999,1164177,2023
Milnacipran Hcl,Savella,32173,17530410.449999996,10121.0,38491.2,1100907,2024
Milrinone Lactate,Milrinone Lactate,3533,3215162.56,360.0,3533.0,20008,2019
Milrinone Lactate,Milrinone Lactate,3159,2663657.4400000004,310.0,3159.0,18112,2020
Milrinone Lactate,Milrinone Lactate,1926,1803706.96,250.0,1926.0,11410,2021
Milrinone Lactate,Milrinone Lactate,1508,880661.63,255.0,1508.0,9599,2022
Milrinone Lactate,Milrinone Lactate,981,187962.5,170.0,981.0,6135,2023
Milrinone Lactate,Milrinone Lactate,697,116749.82,145.0,697.0,4388,2024
Milrinone Lactate/D5w,Milrinone In 5% Dextrose,698,84099.98999999999,90.0,698.0,2827,2019
Milrinone Lactate/D5w,Milrinone In 5% Dextrose,481,77370.04,65.0,481.0,2226,2020
Milrinone Lactate/D5w,Milrinone In 5% Dextrose,579,89963.19,100.0,579.0,2577,2021
Milrinone Lactate/D5w,Milrinone In 5% Dextrose,596,58594.2,95.0,596.0,2051,2022
Milrinone Lactate/D5w,Milrinone In 5% Dextrose,1210,116111.36,150.0,1210.0,4043,2023
Milrinone Lactate/D5w,Milrinone In 5% Dextrose,1967,173816.11999999997,235.0,1967.0,6507,2024
Minocycline Hcl,Minocycline Hcl,259926,8252144.730000001,116495.0,313477.90000000014,7894929,2019
Minocycline Hcl,Minocycline Hcl,235673,8292439.509999999,102742.0,287297.2,7313129,2020
Minocycline Hcl,Minocycline Hcl,220630,7916411.940000001,100409.0,266743.6,6684498,2021
Minocycline Hcl,Minocycline Hcl,209887,7215297.719999998,98237.0,253588.9,6279582,2022
Minocycline Hcl,Minocycline Hcl,202469,6047941.749999999,96325.0,244628.2,5990129,2023
Minocycline Hcl,Minocycline Hcl,200183,4961146.529999999,97006.0,242207.20000000004,5854770,2024
Minocycline Hcl Microspheres,Arestin,231,889706.2899999999,209.0,231.0,6930,2019
Minocycline Hcl Microspheres,Arestin,70,736732.46,65.0,70.0,2071,2020
Minocycline Hcl Microspheres,Arestin,118,1220406.52,112.0,118.0,3540,2021
Minocycline Hcl Microspheres,Arestin,133,1206925.63,113.0,133.0,3990,2022
Minocycline Hcl Microspheres,Arestin,201,1772471.0900000003,139.0,201.0,6030,2023
Minocycline Hcl Microspheres,Arestin,223,1736514.64,154.0,223.0,6688,2024
Minoxidil,Minoxidil,113700,2613546.9900000007,32173.0,178940.9,5198147,2019
Minoxidil,Minoxidil,107142,2635071.1500000004,30804.0,178972.79999999996,5209879,2020
Minoxidil,Minoxidil,102325,2461613.04,30280.0,180800.9,5284830,2021
Minoxidil,Minoxidil,127483,2745221.9700000007,40404.0,241705.6000000001,7122632,2022
Minoxidil,Minoxidil,238070,4283222.329999998,74311.0,479002.3,14216680,2023
Minoxidil,Minoxidil,397676,4906247.780000001,122182.0,850151.7000000001,25323507,2024
Mirabegron,Myrbetriq,2429491,1225172018.73,563816.0,3360870.9,93821312,2019
Mirabegron,Myrbetriq,2706596,1486911542.66,610913.0,3854015.2999999993,108141038,2020
Mirabegron,Myrbetriq,2834898,1679817242.74,666990.0,4149162.000000001,116991053,2021
Mirabegron,Myrbetriq,3026523,1895761389.9699996,717445.0,4520944.3,127253229,2022
Mirabegron,Myrbetriq,3185794,2103635686.64,763092.0,4824811.000000001,135428789,2023
Mirabegron,Myrbetriq,3097118,1953271819.88,785588.0,4686260.4,131558776,2024
Mirikizumab-Mrkz,Omvoh Pen,76,768987.48,25.0,76.0,2128,2024
Mirtazapine,Mirtazapine,6412359,134494420.08,1401652.0,8571176.799999999,241536897,2019
Mirtazapine,Mirtazapine,6554167,141522598.08,1425320.0,9014359.400000002,254113173,2020
Mirtazapine,Mirtazapine,6619578,149272714.77999997,1468353.0,9286600.299999995,261654662,2021
Mirtazapine,Mirtazapine,6782847,151502962.54000005,1521513.0,9651314.999999998,271518782,2022
Mirtazapine,Mirtazapine,7065219,156730401.31,1591855.0,10190618.2,285944682,2023
Mirtazapine,Mirtazapine,7524736,141889347.33999997,1689533.0,10989884.800000004,307234649,2024
Misoprostol,Misoprostol,51392,2847327.65,18025.0,61439.20000000002,1559655,2019
Misoprostol,Misoprostol,44002,2477889.2199999997,15358.0,53209.600000000006,1352966,2020
Misoprostol,Misoprostol,38974,2095671.7900000005,14930.0,46772.1,1116830,2021
Misoprostol,Misoprostol,37472,1970406.91,14910.0,45199.70000000002,1040202,2022
Misoprostol,Misoprostol,36582,1660374.6500000004,16149.0,43469.30000000001,928639,2023
Misoprostol,Misoprostol,34466,1304583.82,16021.0,40407.69999999999,831099,2024
Mitapivat Sulfate,Pyrukynd,11,294149.68,5.0,11.0,308,2022
Mitapivat Sulfate,Pyrukynd,83,2225960.06,25.0,83.0,2324,2023
Mitapivat Sulfate,Pyrukynd,133,3472020.75,45.0,137.3,3864,2024
"Mite,d.Farinae-D.Pteronyssinus",Odactra,167,58492.39000000001,65.0,179.0,5370,2020
"Mite,d.Farinae-D.Pteronyssinus",Odactra,347,132168.64,120.0,371.0,11130,2021
"Mite,d.Farinae-D.Pteronyssinus",Odactra,550,208840.91000000003,195.0,580.0,17380,2022
"Mite,d.Farinae-D.Pteronyssinus",Odactra,672,262295.18,235.0,724.0,21720,2023
"Mite,d.Farinae-D.Pteronyssinus",Odactra,796,313507.76000000007,285.0,927.0,27530,2024
Mitomycin,Mitomycin,115,210207.01000000004,40.0,116.8,2713,2019
Mitomycin,Mitomycin,174,345918.58,59.0,187.4,4555,2020
Mitomycin,Mitomycin,157,251618.73,59.0,164.6,4380,2021
Mitomycin,Mitomycin,238,372483.48,79.0,241.4,5806,2022
Mitomycin,Mitomycin,206,394017.98,69.0,212.0,5093,2023
Mitomycin,Mitomycin,70,85558.1,21.0,70.0,1351,2024
Mitotane,Lysodren,288,396963.6,105.0,298.79999999999995,8653,2019
Mitotane,Lysodren,236,412764.86,90.0,238.0,6995,2020
Mitotane,Lysodren,292,543339.5199999999,105.0,296.0,8425,2021
Mitotane,Lysodren,331,757760.3099999999,135.0,341.1,9952,2022
Mitotane,Lysodren,420,936906.75,160.0,428.0,12754,2023
Mitotane,Lysodren,457,996606.68,140.0,468.0,13933,2024
Mitoxantrone Hcl,Mitoxantrone Hcl,19,5153.77,5.0,19.0,399,2019
Mitoxantrone Hcl,Mitoxantrone Hcl,25,8157.68,5.0,25.0,525,2022
Mobocertinib Succinate,Exkivity,76,1591813.08,30.0,76.9,2289,2022
Mobocertinib Succinate,Exkivity,33,653706.43,15.0,33.0,990,2023
Modafinil,Modafinil,188294,35510794.400000006,50888.0,223340.1,6508830,2019
Modafinil,Modafinil,187938,33379145.34,50089.0,225843.2,6608276,2020
Modafinil,Modafinil,179265,32862625.750000004,48536.0,217943.1,6383445,2021
Modafinil,Modafinil,184902,34136005.72,49975.0,226106.00000000003,6636419,2022
Modafinil,Modafinil,196989,27939913.249999996,53229.0,240840.2,7075185,2023
Modafinil,Modafinil,219335,18573970.67,59468.0,271343.70000000007,7980164,2024
Moexipril Hcl,Moexipril Hcl,9589,444500.7200000001,3334.0,14223.399999999998,415445,2019
Moexipril Hcl,Moexipril Hcl,8377,423432.57,2917.0,12743.400000000003,373708,2020
Moexipril Hcl,Moexipril Hcl,6333,304109.46,2215.0,9918.0,291282,2021
Moexipril Hcl,Moexipril Hcl,5246,252325.01000000004,1866.0,8150.299999999998,239271,2022
Moexipril Hcl,Moexipril Hcl,3882,182209.23999999996,1410.0,5832.199999999998,170703,2023
Moexipril Hcl,Moexipril Hcl,1355,48227.64,495.0,1832.9,50875,2024
Moexipril/Hydrochlorothiazide,Moexipril-Hydrochlorothiazide,35,515.75,5.0,40.3,504,2019
Mogamulizumab-Kpkc,Poteligeo,26,518253.42,5.0,26.0,364,2021
Mogamulizumab-Kpkc,Poteligeo,25,742944.65,10.0,25.0,504,2022
Mogamulizumab-Kpkc,Poteligeo,15,353183.57,5.0,15.0,182,2023
Molindone Hcl,Molindone Hcl,11,1488.55,5.0,11.0,315,2019
Molindone Hcl,Molindone Hcl,18,17458.64,5.0,18.0,540,2020
Molindone Hcl,Molindone Hcl,172,147283.25,44.0,173.2,4647,2021
Molindone Hcl,Molindone Hcl,100,95806.15,20.0,100.9,2764,2022
Molindone Hcl,Molindone Hcl,123,123578.45,38.0,123.2,3386,2023
Molindone Hcl,Molindone Hcl,432,349806.97000000003,74.0,434.2,11436,2024
Molnupiravir,Lagevrio (Eua),176411,1727358.8199999998,174839.0,176423.80000000005,887331,2022
Molnupiravir,Lagevrio (Eua),176397,4982067.700000001,174071.0,176401.8,885440,2023
Molnupiravir,Lagevrio (Eua),48845,30117423.95999999,48071.0,48849.600000000006,246437,2024
Momelotinib Dihydrochloride,Ojjaara,54,1513379.02,21.0,54.0,1620,2023
Momelotinib Dihydrochloride,Ojjaara,6288,175672523.27,1693.0,6317.0,189369,2024
Mometasone Furoate,Mometasone Furoate,587913,40580973.69,302472.0,681133.1,17235285,2019
Mometasone Furoate,Mometasone Furoate,573267,37546936.18,285984.0,674762.1999999998,17375835,2020
Mometasone Furoate,Mometasone Furoate,567482,33378055.91,298446.0,658959.9999999999,17016402,2021
Mometasone Furoate,Mometasone Furoate,583145,34678315.1,308126.0,681170.6999999997,17824126,2022
Mometasone Furoate,Mometasone Furoate,587683,31740274.07,313008.0,688771.4999999999,18140189,2023
Mometasone Furoate,Mometasone Furoate,643594,24841282.40000001,343215.0,754490.4999999999,19952560,2024
Mometasone/Formoterol,Dulera,146090,60085613.95999998,42493.0,191101.5,5702197,2019
Mometasone/Formoterol,Dulera,142019,57916799.48,40806.0,184243.20000000007,5502506,2020
Mometasone/Formoterol,Dulera,119955,48564380.23000001,35193.0,155704.09999999998,4652071,2021
Mometasone/Formoterol,Dulera,91980,38231192.05999997,28071.0,119022.69999999995,3524397,2022
Mometasone/Formoterol,Dulera,102360,44405266.27999999,31012.0,130612.89999999998,3870689,2023
Mometasone/Formoterol,Dulera,172439,72003667.91000001,50381.0,218114.5,6489228,2024
Monomethyl Fumarate,Bafiertam,172,1196706.27,60.0,192.6,5778,2022
Monomethyl Fumarate,Bafiertam,194,1496374.82,60.0,230.6,6918,2023
Monomethyl Fumarate,Bafiertam,559,4202727.77,165.0,644.4,19332,2024
Montelukast Sodium,Montelukast Sodium,10542643,155828372.32,2877466.0,19940442.6,591582669,2019
Montelukast Sodium,Montelukast Sodium,11002118,159248410.89999998,2967024.0,22275026.60000001,661618325,2020
Montelukast Sodium,Montelukast Sodium,10738125,155492164.67999998,3000527.0,22611498.7,671869756,2021
Montelukast Sodium,Montelukast Sodium,10922380,191901658.27,3135861.0,23577289.000000007,700203688,2022
Montelukast Sodium,Montelukast Sodium,11318872,181296389.06,3282523.0,24788794.499999996,735996493,2023
Montelukast Sodium,Montelukast Sodium,11835046,129991679.22999996,3413192.0,26219028.0,777851958,2024
Morphine Sulfate,Morphine Sulfate Er,2931152,124969096.18,641799.0,2939655.9999999995,80267397,2019
Morphine Sulfate,Morphine Sulfate Er,2796794,106739148.68999998,608900.0,2803763.3000000003,76296633,2020
Morphine Sulfate,Morphine Sulfate Er,2546962,100036221.26000002,548264.0,2552667.8000000003,69700872,2021
Morphine Sulfate,Morphine Sulfate Er,2364234,91171221.87,521391.0,2369219.3000000003,64503408,2022
Morphine Sulfate,Morphine Sulfate Er,2266232,74265331.27000001,510673.0,2270458.2,61453594,2023
Morphine Sulfate,Morphine Sulfate Er,2208569,65429553.84,511402.0,2212406.2,59384301,2024
Morphine Sulfate/Naltrexone,Embeda,46335,22373441.250000004,11278.0,46366.4,1320549,2019
Morphine Sulfate/Naltrexone,Embeda,26,8895.0,10.0,26.0,468,2020
Morphine Sulfate/Pf,Morphine Sulfate,22,2714.44,10.0,22.0,130,2020
Morphine Sulfate/Pf,Mitigo,43,10194.04,19.0,43.0,368,2022
Morphine Sulfate/Pf,Mitigo,15,2900.43,5.0,15.0,15,2023
Moxifloxacin Hcl,Moxifloxacin,513523,24433163.15,341933.0,518447.4,8086236,2019
Moxifloxacin Hcl,Moxifloxacin,468603,21454430.12999999,305115.0,474106.7999999999,7401515,2020
Moxifloxacin Hcl,Moxifloxacin,592994,23080696.3,384944.0,599982.6,9517072,2021
Moxifloxacin Hcl,Moxifloxacin,649006,23603939.39,423019.0,656889.1000000001,10434468,2022
Moxifloxacin Hcl,Moxifloxacin,817146,28059732.71,531299.0,826907.1000000001,12864208,2023
Moxifloxacin Hcl,Moxifloxacin,930424,22416110.58,590621.0,942886.1,14813376,2024
Moxifloxacin-Sod.Chloride(Iso),Moxifloxacin,33,5459.74,10.0,33.0,163,2019
Moxifloxacin-Sod.Chloride(Iso),Moxifloxacin,21,6754.05,5.0,21.0,143,2021
Moxifloxacin-Sod.Chloride(Iso),Moxifloxacin,48,10351.78,15.0,48.0,221,2023
Moxifloxacin-Sod.Chloride(Iso),Moxifloxacin,14,2250.01,5.0,14.0,95,2024
"Moxifloxacin/Sod.Ace,sul/Water",Moxifloxacin,34,11270.03,5.0,34.0,242,2019
"Moxifloxacin/Sod.Ace,sul/Water",Moxifloxacin,36,11736.36,5.0,36.0,252,2020
Multivit 47/Iron/Folate 1/Dha,Virt-Pn Dha,186,7747.72,51.0,209.2,4741,2019
Multivit 47/Iron/Folate 1/Dha,Zatean-Pn Dha,169,12150.590000000002,67.0,210.0,6149,2020
Multivit 47/Iron/Folate 1/Dha,Zatean-Pn Dha,48,2789.67,20.0,48.0,1391,2021
Multivit 47/Iron/Folate 1/Dha,Pnv-Dha,23,1303.96,10.0,23.0,690,2022
Multivit 47/Iron/Folate 1/Dha,Pnv-Dha,12,408.96,5.0,12.0,360,2023
Multivit 47/Iron/Folate 1/Dha,Wescap-Pn Dha,23,1205.1,10.0,23.0,668,2024
Multivit No.42/Iron/Folate/Dha,Nestabs One,14,2307.82,5.0,14.0,392,2020
Multivit-Min69/Iron/Folic Acid,Ob Complete,74,2527.2200000000003,30.0,74.0,2116,2019
Multivit-Min69/Iron/Folic Acid,Elite-Ob,15,553.68,5.0,15.0,387,2020
Multivit-Min69/Iron/Folic Acid,Elite-Ob,12,410.28,5.0,12.0,360,2021
Multivit-Min69/Iron/Folic Acid,Elite-Ob,11,414.04,5.0,11.0,330,2023
Multivit-Min69/Iron/Folic Acid,Elite-Ob,12,266.16,5.0,12.0,360,2024
Multivit-Mins 25/Folic Acid/D3,Dialyvite Supreme D,12,133.0,5.0,12.2,365,2019
Multivit-Mins 25/Folic Acid/D3,Dialyvite Supreme D,12,160.86,5.0,12.2,365,2021
Multivit-Mins60/Iron Fum/Folic,Vol-Plus,930,16547.75,301.0,1012.2,25740,2019
Multivit-Mins60/Iron Fum/Folic,Vol-Plus,1139,23302.74,311.0,1286.5,36098,2020
Multivit-Mins60/Iron Fum/Folic,Niva-Plus,2548,34344.86,399.0,2735.5,46929,2021
Multivit-Mins60/Iron Fum/Folic,Niva-Plus,2618,28085.240000000005,294.0,2763.2,34751,2022
Multivit-Mins60/Iron Fum/Folic,Niva-Plus,1005,10642.39,180.0,1030.7,13177,2023
Multivit-Mins60/Iron Fum/Folic,Niva-Plus,12,269.04,5.0,12.0,360,2024
Multivit41/Iron/Folate8/Ps-Dha,Enbrace Hr,1030,213998.05000000005,265.0,1561.7,45877,2019
Multivit41/Iron/Folate8/Ps-Dha,Enbrace Hr,734,142463.28,190.0,1054.2,30623,2020
Multivit41/Iron/Folate8/Ps-Dha,Enbrace Hr,227,36467.02,70.0,251.9,7427,2021
Multivit41/Iron/Folate8/Ps-Dha,Enbrace Hr,171,29154.9,55.0,178.2,5230,2022
Multivit41/Iron/Folate8/Ps-Dha,Enbrace Hr,144,24749.75,40.0,156.9,4640,2023
Multivit41/Iron/Folate8/Ps-Dha,Enbrace Hr,140,21879.86,46.0,147.10000000000002,4364,2024
Mupirocin,Mupirocin,1995120,22788664.33,1408205.0,2017993.3,28680975,2019
Mupirocin,Mupirocin,1956444,19031902.86,1339415.0,1984940.5,29592792,2020
Mupirocin,Mupirocin,2155198,20669044.71,1522001.0,2183724.2,33818178,2021
Mupirocin,Mupirocin,2273298,24070778.890000004,1631564.0,2305760.7,37840823,2022
Mupirocin,Mupirocin,2573970,24861916.220000003,1871771.0,2610371.2,42709562,2023
Mupirocin,Mupirocin,2960221,23555741.57,2169279.0,3006975.3000000007,52115461,2024
Mupirocin Calcium,Mupirocin,14651,6954957.39,6783.0,14840.3,253105,2019
Mupirocin Calcium,Mupirocin,10330,5074571.320000001,4401.0,10559.1,212115,2020
Mupirocin Calcium,Mupirocin,10844,5485603.859999999,4671.0,11319.2,258355,2021
Mupirocin Calcium,Mupirocin,11552,4097885.11,5382.0,11872.3,234608,2022
Mupirocin Calcium,Mupirocin,10622,2905467.2499999995,4876.0,11051.6,243962,2023
Mupirocin Calcium,Mupirocin,12952,2230299.9399999995,5595.0,13773.399999999998,331057,2024
Mv-Mins 71/Iron/Folic No.1/Dha,Virt-Pn Plus,48,2241.19,20.0,48.0,1440,2019
Mv-Mins 71/Iron/Folic No.1/Dha,Virt-Pn Plus,35,1838.29,15.0,37.0,1110,2020
Mv-Mins 71/Iron/Folic No.1/Dha,Pnv-Omega,12,568.68,5.0,12.0,360,2021
Mv-Mins 71/Iron/Folic No.1/Dha,Pnv-Omega,12,546.41,5.0,12.0,360,2022
Mv-Mins 71/Iron/Folic No.1/Dha,Pnv-Omega,21,722.97,5.0,21.0,316,2023
Mv-Mins 71/Iron/Folic No.1/Dha,Pnv-Omega,23,756.77,5.0,23.0,328,2024
Mvn No.53/Iron/Folic/Dss/Dha,Taron-Prex Prenatal,11,327.84,5.0,11.0,330,2019
Mvn-Min 74/Iron Fum/Iron/Fa,Folivane-Ob,12,294.12,5.0,12.0,360,2019
Mvn-Min 74/Iron Fum/Iron/Fa,Folivane-Ob,24,520.2,10.0,24.0,720,2020
Mvn-Min75/Iron/Iron Ps/Om3/Dha,Virt-C Dha,45,2019.76,20.0,45.0,1350,2019
Mvn-Min75/Iron/Iron Ps/Om3/Dha,Taron-C Dha,48,1425.16,20.0,48.0,1440,2020
Mvn-Min75/Iron/Iron Ps/Om3/Dha,Virt-C Dha,46,1982.09,20.0,64.0,1853,2022
Mvn-Min75/Iron/Iron Ps/Om3/Dha,Virt-C Dha,48,2356.18,15.0,82.0,2360,2023
Mvn-Min75/Iron/Iron Ps/Om3/Dha,Taron-C Dha,31,1405.73,10.0,56.3,1590,2024
Mycophenolate Mofetil,Mycophenolate Mofetil,294674,40227596.63,72911.0,437093.4999999999,12885949,2019
Mycophenolate Mofetil,Mycophenolate Mofetil,316914,45760114.13,79665.0,510584.7,15087983,2020
Mycophenolate Mofetil,Mycophenolate Mofetil,308671,42798295.99,81372.0,520470.5999999999,15404246,2021
Mycophenolate Mofetil,Mycophenolate Mofetil,318700,47622578.64999998,83417.0,540485.4,15987839,2022
Mycophenolate Mofetil,Mycophenolate Mofetil,343190,49690992.540000014,89461.0,582170.6000000001,17211274,2023
Mycophenolate Mofetil,Mycophenolate Mofetil,384506,47352166.48,100306.0,665027.6000000001,19649719,2024
Mycophenolate Mofetil Hcl,Mycophenolate Mofetil,13,1900.84,5.0,13.0,390,2020
Mycophenolate Mofetil Hcl,Mycophenolate Mofetil,11,1629.7,5.0,11.0,330,2021
Mycophenolate Sodium,Mycophenolic Acid,24721,13602329.209999995,6639.0,33031.3,974985,2019
Mycophenolate Sodium,Myfortic,38298,20013795.16,9807.0,52806.6,1562184,2020
Mycophenolate Sodium,Mycophenolic Acid,34773,17806088.95,9237.0,51743.70000000001,1533195,2021
Mycophenolate Sodium,Mycophenolic Acid,33446,13951554.85,8962.0,51498.29999999999,1530367,2022
Mycophenolate Sodium,Mycophenolic Acid,31967,10749249.7,8954.0,49819.2,1480082,2023
Mycophenolate Sodium,Mycophenolic Acid,37260,9099303.87,10122.0,58498.49999999999,1731841,2024
"N.Meningitidis B,lipid Fhbp Rc",Trumenba,98,15853.02,73.0,98.0,98,2019
"N.Meningitidis B,lipid Fhbp Rc",Trumenba,50,8658.97,27.0,50.0,137,2020
"N.Meningitidis B,lipid Fhbp Rc",Trumenba,25,4532.27,22.0,25.0,25,2021
"N.Meningitidis B,lipid Fhbp Rc",Trumenba,43,8552.73,31.0,43.0,45,2022
"N.Meningitidis B,lipid Fhbp Rc",Trumenba,151,31287.660000000003,102.0,151.0,204,2023
"N.Meningitidis B,lipid Fhbp Rc",Trumenba,106,20874.08,81.0,106.0,106,2024
Nabilone,Cesamet,13,34802.3,5.0,13.0,380,2019
Nabumetone,Nabumetone,523276,11754870.680000002,206990.0,671033.1,18090524,2019
Nabumetone,Nabumetone,496894,10257690.510000002,186492.0,644840.2000000002,17544625,2020
Nabumetone,Nabumetone,470071,10710710.490000006,181577.0,603986.4,16323578,2021
Nabumetone,Nabumetone,446284,10013409.35,176436.0,567887.2000000001,15225743,2022
Nabumetone,Nabumetone,424840,9396451.55,170887.0,536901.7999999999,14329707,2023
Nabumetone,Nabumetone,404891,7176603.410000002,164251.0,513194.1,13632058,2024
Nadolol,Nadolol,126751,13981453.930000002,38790.0,208872.4,6151321,2019
Nadolol,Nadolol,110266,11037423.69,34121.0,194022.3,5719183,2020
Nadolol,Nadolol,95189,6983025.999999999,29947.0,172671.19999999998,5087841,2021
Nadolol,Nadolol,84517,6043333.09,26648.0,155541.4,4572026,2022
Nadolol,Nadolol,81330,5102917.910000001,25728.0,151759.09999999995,4447760,2023
Nadolol,Nadolol,82080,3853800.4100000006,25883.0,154611.0,4521026,2024
Nadolol/Bendroflumethiazide,Nadolol-Bendroflumethiazide,24,3432.54,10.0,33.9,994,2019
Nafarelin Acetate,Synarel,26,78441.82,10.0,26.0,780,2019
Nafarelin Acetate,Synarel,25,152620.94,10.0,25.0,704,2020
Nafarelin Acetate,Synarel,11,33552.86,5.0,11.0,330,2021
Nafarelin Acetate,Synarel,12,38273.76,5.0,12.0,300,2023
Nafarelin Acetate,Synarel,19,64573.33,5.0,19.0,480,2024
"Nafcillin In Dextrose,iso-Osm",Nafcillin,44,45736.66,15.0,44.0,291,2019
"Nafcillin In Dextrose,iso-Osm",Nafcillin,38,37728.54,15.0,38.0,248,2020
"Nafcillin In Dextrose,iso-Osm",Nafcillin,13,14849.8,5.0,13.0,94,2021
"Nafcillin In Dextrose,iso-Osm",Nafcillin,13,6587.83,5.0,13.0,42,2023
Nafcillin Sodium,Nafcillin Sodium,1486,968214.9900000002,459.0,1486.0,7788,2019
Nafcillin Sodium,Nafcillin Sodium,1420,896962.3600000003,442.0,1420.4,7345,2020
Nafcillin Sodium,Nafcillin Sodium,1522,1070167.9700000002,469.0,1522.0,8992,2021
Nafcillin Sodium,Nafcillin Sodium,1202,931338.26,360.0,1202.0,7188,2022
Nafcillin Sodium,Nafcillin Sodium,1072,845033.06,305.0,1072.0,6663,2023
Nafcillin Sodium,Nafcillin Sodium,1262,753150.11,355.0,1262.0,7369,2024
Naftifine Hcl,Naftifine Hcl,5876,2239466.8799999994,2318.0,6073.2,165783,2019
Naftifine Hcl,Naftifine Hcl,10696,3607807.920000002,4192.0,11843.9,341999,2020
Naftifine Hcl,Naftin,13532,5018673.14,5453.0,15224.1,437107,2021
Naftifine Hcl,Naftin,14737,5812845.940000002,5394.0,16630.3,489563,2022
Naftifine Hcl,Naftifine Hcl,10344,5439980.720000002,4178.0,11870.599999999997,342769,2023
Naftifine Hcl,Naftifine Hcl,7060,1843485.37,2474.0,7573.300000000002,218306,2024
Nalbuphine Hcl,Nalbuphine Hcl,2034,381176.40000000014,470.0,2060.3,30081,2019
Nalbuphine Hcl,Nalbuphine Hcl,129,21542.63,45.0,132.2,1471,2020
Nalbuphine Hcl,Nalbuphine Hcl,953,246365.3,245.0,964.3,16617,2021
Nalbuphine Hcl,Nalbuphine Hcl,656,180059.0700000001,155.0,661.5,10723,2022
Nalbuphine Hcl,Nalbuphine Hcl,731,234599.26,150.0,737.6,12380,2023
Nalbuphine Hcl,Nalbuphine Hcl,899,245309.97999999995,185.0,901.5,14373,2024
Naldemedine Tosylate,Symproic,10276,3508448.389999999,3143.0,10873.8,308151,2019
Naldemedine Tosylate,Symproic,9270,3673315.52,2902.0,9858.9,284093,2020
Naldemedine Tosylate,Symproic,10329,4403415.629999998,3084.0,11032.5,318572,2021
Naldemedine Tosylate,Symproic,11443,5273666.47,3396.0,12424.7,360976,2022
Naldemedine Tosylate,Symproic,10342,4925985.9,3134.0,11098.0,320690,2023
Naldemedine Tosylate,Symproic,8237,3774973.1,2455.0,8777.3,248653,2024
Naloxegol Oxalate,Movantik,143646,51678168.28,39562.0,155848.40000000002,4231712,2019
Naloxegol Oxalate,Movantik,139645,51152316.21,37689.0,152497.00000000006,4149231,2020
Naloxegol Oxalate,Movantik,140304,53953629.26999999,38953.0,153961.09999999998,4209630,2021
Naloxegol Oxalate,Movantik,165853,68647178.80999999,46170.0,183933.59999999992,5031846,2022
Naloxegol Oxalate,Movantik,187348,79561295.04,52143.0,209027.60000000003,5674402,2023
Naloxegol Oxalate,Movantik,221180,90969941.37000003,61412.0,247534.6,6686724,2024
Naloxone Hcl,Narcan,249383,34544136.7,233767.0,252274.69999999995,2576177,2019
Naloxone Hcl,Narcan,247051,31401928.229999997,225135.0,251537.3,2644654,2020
Naloxone Hcl,Narcan,281594,35487194.31999999,254531.0,288599.3,3095595,2021
Naloxone Hcl,Naloxone Hcl,370877,33070592.33,331432.0,379785.5999999999,4131224,2022
Naloxone Hcl,Naloxone Hcl,523660,42321676.92000001,450208.0,535434.6999999998,5937485,2023
Naloxone Hcl,Naloxone Hcl,401305,24931902.28,339602.0,409026.1000000001,4637528,2024
Naltrexone Hcl,Naltrexone Hcl,134048,6434450.249999999,36125.0,150760.10000000003,4231270,2019
Naltrexone Hcl,Naltrexone Hcl,150801,7735247.679999999,39699.0,172217.19999999995,4859497,2020
Naltrexone Hcl,Naltrexone Hcl,163039,9095615.17,43734.0,187836.5,5285138,2021
Naltrexone Hcl,Naltrexone Hcl,178294,10562069.61,48128.0,207927.69999999995,5835575,2022
Naltrexone Hcl,Naltrexone Hcl,205555,11517000.44,55640.0,244564.6,6844286,2023
Naltrexone Hcl,Naltrexone Hcl,234555,11553952.2,65664.0,286025.9,7984236,2024
Naltrexone Hcl/Bupropion Hcl,Contrave,42,3996.79,15.0,49.0,1470,2020
Naltrexone Hcl/Bupropion Hcl,Contrave,38,4778.349999999999,10.0,38.0,1138,2021
Naltrexone Hcl/Bupropion Hcl,Contrave,13,12198.8,5.0,21.0,628,2022
Naltrexone Hcl/Bupropion Hcl,Contrave,84,60486.95,35.0,92.0,2758,2023
Naltrexone Hcl/Bupropion Hcl,Contrave,220,142088.19999999998,85.0,262.2,7753,2024
Naltrexone Microspheres,Vivitrol,12209,16436737.240000002,3719.0,12224.6,343704,2019
Naltrexone Microspheres,Vivitrol,11203,15643216.28,3630.0,11215.6,315631,2020
Naltrexone Microspheres,Vivitrol,13462,19717313.049999997,4239.0,13468.1,378824,2021
Naltrexone Microspheres,Vivitrol,14481,22411550.99,4548.0,14490.2,406125,2022
Naltrexone Microspheres,Vivitrol,16791,28053357.56,5274.0,16798.4,471636,2023
Naltrexone Microspheres,Vivitrol,21536,35297876.88999999,6668.0,21749.8,609878,2024
Naproxen,Naproxen,2645328,27994487.599999998,1156066.0,3454612.1,91812782,2019
Naproxen,Naproxen,2369277,29579492.42,948948.0,3098325.2,83524961,2020
Naproxen,Naproxen,2197071,28772511.9,933558.0,2833630.9999999995,75239066,2021
Naproxen,Naproxen,2091055,31569729.59,920529.0,2668013.3,69868915,2022
Naproxen,Naproxen,2035149,38376785.49,927124.0,2576316.9999999995,66620749,2023
Naproxen,Naproxen,2026792,24078337.869999997,936712.0,2546761.799999999,65305850,2024
Naproxen Sodium,Naproxen Sodium,51792,14244932.790000005,24603.0,57828.69999999998,1416747,2019
Naproxen Sodium,Naproxen Sodium,39510,10052329.77,17308.0,44376.59999999999,1094253,2020
Naproxen Sodium,Naproxen Sodium,34056,6844416.540000002,16178.0,36354.7,833053,2021
Naproxen Sodium,Naproxen Sodium,30607,5635586.83,15349.0,32798.200000000004,724050,2022
Naproxen Sodium,Naproxen Sodium,45316,5716206.970000002,19365.0,46977.29999999999,1122773,2023
Naproxen Sodium,Naproxen Sodium,32265,2424566.56,17264.0,33788.40000000001,716935,2024
Naproxen/Esomeprazole Mag,Vimovo,5902,15357367.160000004,1685.0,6230.099999999999,185576,2019
Naproxen/Esomeprazole Mag,Naproxen-Esomeprazole Mag,6212,15416902.510000002,1844.0,7045.6,210414,2020
Naproxen/Esomeprazole Mag,Naproxen-Esomeprazole Mag,23738,56718737.73,6545.0,30258.099999999995,906033,2021
Naproxen/Esomeprazole Mag,Naproxen-Esomeprazole Mag,23362,43747312.50000001,6607.0,29469.899999999998,881954,2022
Naproxen/Esomeprazole Mag,Naproxen-Esomeprazole Mag,14138,22272328.67000001,3423.0,17373.3,520045,2023
Naproxen/Esomeprazole Mag,Naproxen-Esomeprazole Mag,11501,12184185.429999998,2690.0,13742.6,411325,2024
Naratriptan Hcl,Naratriptan Hcl,34532,1797533.86,10272.0,36845.30000000002,888865,2019
Naratriptan Hcl,Naratriptan Hcl,37262,2159261.13,11080.0,40094.2,982236,2020
Naratriptan Hcl,Naratriptan Hcl,39070,1926948.49,11622.0,42252.4,1056294,2021
Naratriptan Hcl,Naratriptan Hcl,40927,1873081.55,11840.0,44588.600000000006,1116306,2022
Naratriptan Hcl,Naratriptan Hcl,43949,1786243.0,12769.0,48020.9,1220827,2023
Naratriptan Hcl,Naratriptan Hcl,46143,1439753.96,13490.0,50924.0,1297660,2024
Natalizumab,Tysabri,4249,28699436.529999997,956.0,4277.5,119413,2019
Natalizumab,Tysabri,4435,32145223.430000003,981.0,4474.400000000001,125308,2020
Natalizumab,Tysabri,4475,35215151.210000016,1022.0,4537.3,126986,2021
Natalizumab,Tysabri,4353,36408715.69,1029.0,4449.8,125149,2022
Natalizumab,Tysabri,3510,30756240.18,919.0,3589.5,100540,2023
Natalizumab,Tysabri,3383,28121785.000000004,886.0,3473.4,97829,2024
Natamycin,Natacyn,81,27631.81,33.0,102.0,2681,2019
Natamycin,Natacyn,131,45586.66,35.0,160.1,4081,2020
Natamycin,Natacyn,66,27522.620000000003,20.0,71.1,1537,2021
Natamycin,Natacyn,96,49086.38,35.0,117.1,2666,2022
Natamycin,Natacyn,96,50121.8,30.0,106.8,2650,2023
Natamycin,Natacyn,64,52756.1,25.0,66.7,1365,2024
Nateglinide,Nateglinide,127745,12730253.319999998,33911.0,214638.09999999995,6314027,2019
Nateglinide,Nateglinide,115885,10026090.14,31204.0,206424.5000000001,6088155,2020
Nateglinide,Nateglinide,102646,8193550.420000003,28140.0,189251.2,5586782,2021
Nateglinide,Nateglinide,94259,7510830.07,26203.0,177611.30000000002,5240127,2022
Nateglinide,Nateglinide,87017,7385663.930000002,24429.0,165836.80000000002,4888168,2023
Nateglinide,Nateglinide,87375,4542964.899999999,24731.0,168251.80000000008,4963445,2024
Nebivolol Hcl,Bystolic,1356436,344147752.8100001,306401.0,2318837.9000000004,68124936,2019
Nebivolol Hcl,Bystolic,1282052,358562180.78,291056.0,2293247.0,67570728,2020
Nebivolol Hcl,Bystolic,968489,288866715.89,254836.0,1787648.1,52695604,2021
Nebivolol Hcl,Nebivolol Hcl,886188,102812480.50999998,242292.0,1797901.7,53403853,2022
Nebivolol Hcl,Nebivolol Hcl,930355,83347412.21,253143.0,1992195.1000000003,59229966,2023
Nebivolol Hcl,Nebivolol Hcl,1014174,59012785.91,280026.0,2272790.0000000005,67662909,2024
Nedocromil Sodium,Alocril,192,46780.16,65.0,210.3,5290,2019
Nedocromil Sodium,Alocril,105,26619.99,40.0,113.6,2815,2020
Nedocromil Sodium,Alocril,80,22207.08,36.0,82.4,1916,2021
Nefazodone Hcl,Nefazodone Hcl,16091,2286312.47,5487.0,19138.1,554191,2019
Nefazodone Hcl,Nefazodone Hcl,9164,1220866.6599999997,3142.0,11182.3,317133,2020
Nefazodone Hcl,Nefazodone Hcl,12,674.68,5.0,12.0,296,2021
Nefazodone Hcl,Nefazodone Hcl,887,132045.37999999998,320.0,1073.8000000000002,31605,2022
Nefazodone Hcl,Nefazodone Hcl,1414,205851.21,490.0,1619.6999999999998,45657,2023
Nefazodone Hcl,Nefazodone Hcl,1529,221059.76,560.0,1877.7,54134,2024
Nelfinavir Mesylate,Viracept,621,751682.8400000001,240.0,635.0,18443,2019
Nelfinavir Mesylate,Viracept,635,759662.3200000001,250.0,645.0,19031,2020
Nelfinavir Mesylate,Viracept,529,644602.4399999998,210.0,533.0,15660,2021
Nelfinavir Mesylate,Viracept,516,611419.8900000001,200.0,518.0,14811,2022
Nelfinavir Mesylate,Viracept,334,422809.86,130.0,334.0,9922,2023
Nelfinavir Mesylate,Viracept,224,280321.23,85.0,228.0,6840,2024
Nemolizumab-Ilto,Nemluvio,138,928470.85,50.0,138.9,3892,2024
Neomyc/Colist/Hydrocort/Thonzn,Cortisporin-Tc,63,15861.35,32.0,65.5,1077,2020
Neomyc/Colist/Hydrocort/Thonzn,Cortisporin-Tc,23,5354.91,10.0,23.0,379,2021
Neomyc/Colist/Hydrocort/Thonzn,Cortisporin-Tc,15,3971.94,11.0,17.2,330,2022
Neomyc/Colist/Hydrocort/Thonzn,Cortisporin-Tc,14,3380.67,12.0,14.0,192,2023
Neomycin Sulf/Bacitracin/Poly,Neo-Polycin,161,6709.7300000000005,90.0,161.3,1497,2019
Neomycin Sulf/Bacitracin/Poly,Neomycin-Bacitracin-Polymyxin,428,18584.63,193.0,431.7,5221,2020
Neomycin Sulf/Polymyxin B Sulf,Neomycin-Polymyxin B,3046,129206.46999999994,390.0,3077.5,20254,2019
Neomycin Sulf/Polymyxin B Sulf,Neomycin-Polymyxin B,1821,85807.13999999998,285.0,1838.4,14788,2020
Neomycin Sulf/Polymyxin B Sulf,Neomycin-Polymyxin B,1056,80149.0,215.0,1066.1999999999998,13409,2021
Neomycin Sulf/Polymyxin B Sulf,Neomycin-Polymyxin B,1132,54633.67,209.0,1145.5,10864,2022
Neomycin Sulf/Polymyxin B Sulf,Neomycin-Polymyxin B,635,24063.480000000003,140.0,646.9000000000001,6354,2023
Neomycin Sulf/Polymyxin B Sulf,Neomycin-Polymyxin B,166,2000.67,30.0,166.0,858,2024
Neomycin Sulfate,Neomycin Sulfate,42494,538600.1099999999,37979.0,42799.9,155163,2019
Neomycin Sulfate,Neomycin Sulfate,37176,455383.56000000006,33145.0,37441.7,136797,2020
Neomycin Sulfate,Neomycin Sulfate,45007,488202.67,40489.0,45226.7,146351,2021
Neomycin Sulfate,Neomycin Sulfate,34628,268839.74000000005,32030.0,34731.6,82555,2022
Neomycin Sulfate,Neomycin Sulfate,33536,262713.69,31289.0,33621.40000000001,77603,2023
Neomycin Sulfate,Neomycin Sulfate,51982,433660.8000000001,47504.0,52140.9,149367,2024
Neomycin Sulfate/Fluocinolone,Neo-Synalar,12,8397.01,5.0,12.0,360,2019
Neomycin Sulfate/Fluocinolone,Neo-Synalar,15,14164.48,13.0,17.0,510,2021
Neomycin Sulfate/Fluocinolone,Neo-Synalar,110,95161.25,75.0,110.0,3263,2022
Neomycin Sulfate/Fluocinolone,Neo-Synalar,124,112898.06,77.0,126.0,3780,2023
Neomycin Sulfate/Fluocinolone,Neo-Synalar,143,137063.65,116.0,143.3,4300,2024
Neomycin/Bacit/P-Myx/Hydrocort,Neomycin-Bacitracin-Poly-Hc,609,26401.059999999998,393.0,611.0,6211,2019
Neomycin/Bacit/P-Myx/Hydrocort,Neomycin-Bacitracin-Poly-Hc,663,32885.280000000006,433.0,665.1,7457,2020
Neomycin/Bacit/P-Myx/Hydrocort,Neomycin-Bacitracin-Poly-Hc,595,25668.13,353.0,599.6,7071,2021
Neomycin/Bacit/P-Myx/Hydrocort,Neomycin-Bacitracin-Poly-Hc,415,18720.56,282.0,416.3,5215,2022
Neomycin/Bacit/P-Myx/Hydrocort,Neomycin-Bacitracin-Poly-Hc,368,14516.019999999997,233.0,372.0,4227,2023
Neomycin/Bacit/P-Myx/Hydrocort,Neomycin-Bacitracin-Poly-Hc,233,9208.69,149.0,235.0,2972,2024
Neomycin/Bacitracin/Polymyxinb,Neomycin-Bacitracin-Polymyxin,367,14196.13,213.0,369.5,4977,2021
Neomycin/Bacitracin/Polymyxinb,Neomycin-Bacitracin-Polymyxin,683,24673.74,415.0,689.8,9276,2022
Neomycin/Bacitracin/Polymyxinb,Neomycin-Bacitracin-Polymyxin,1041,38069.71000000001,678.0,1051.7,15386,2023
Neomycin/Bacitracin/Polymyxinb,Neomycin-Bacitracin-Polymyxin,682,21571.56,406.0,687.2,9447,2024
Neomycin/Polymyxin B/Dexametha,Neomycin-Polymyxin-Dexameth,629019,9537903.709999995,468004.0,643379.1000000001,9607223,2019
Neomycin/Polymyxin B/Dexametha,Neomycin-Polymyxin-Dexameth,436770,7024324.729999999,324262.0,447719.3999999999,6807209,2020
Neomycin/Polymyxin B/Dexametha,Neomycin-Polymyxin-Dexameth,630300,9225100.04,467478.0,645642.8000000002,9900116,2021
Neomycin/Polymyxin B/Dexametha,Neomycin-Polymyxin-Dexameth,704771,10253435.189999996,527708.0,723191.4000000001,11246441,2022
Neomycin/Polymyxin B/Dexametha,Neomycin-Polymyxin-Dexameth,830013,12052567.990000002,623707.0,853443.9999999999,13313396,2023
Neomycin/Polymyxin B/Dexametha,Neomycin-Polymyxin-Dexameth,928759,10790378.659999998,698332.0,958459.5,15198814,2024
Neomycin/Polymyxin B/Hydrocort,Neomycin-Polymyxin-Hc,139772,9143099.729999997,108707.0,144451.3,2177493,2019
Neomycin/Polymyxin B/Hydrocort,Neomycin-Polymyxin-Hc,129064,8503704.899999997,97909.0,133253.3,2004943,2020
Neomycin/Polymyxin B/Hydrocort,Neomycin-Polymyxin-Hc,126577,8080314.190000002,97287.0,130826.8,1986303,2021
Neomycin/Polymyxin B/Hydrocort,Neomycin-Polymyxin-Hydrocort,122892,8149268.3,95213.0,127057.8,1904680,2022
Neomycin/Polymyxin B/Hydrocort,Neomycin-Polymyxin-Hc,124251,8077352.85,97704.0,128848.0,1930944,2023
Neomycin/Polymyxin B/Hydrocort,Neomycin-Polymyxin-Hc,123913,6681577.100000001,97822.0,128616.2,1946364,2024
Neomycin/Polymyxn B/Gramicidin,Neomycin-Polymyxin-Gramicidin,645,30511.35,471.0,747.1000000000001,16727,2019
Neomycin/Polymyxn B/Gramicidin,Neomycin-Polymyxin-Gramicidin,258,12027.03,174.0,302.20000000000005,6396,2020
Neomycin/Polymyxn B/Gramicidin,Neomycin-Polymyxin-Gramicidin,179,8271.06,115.0,203.7,4631,2021
Neomycin/Polymyxn B/Gramicidin,Neomycin-Polymyxin-Gramicidin,174,8100.79,135.0,209.4,4752,2022
Neomycin/Polymyxn B/Gramicidin,Neomycin-Polymyxin-Gramicidin,169,8279.320000000002,135.0,180.5,3210,2023
Neomycin/Polymyxn B/Gramicidin,Neomycin-Polymyxin-Gramicidin,160,6440.31,114.0,167.4,3011,2024
Nepafenac,Ilevro,239100,71826070.04999998,147672.0,271518.3,7087985,2019
Nepafenac,Ilevro,109159,35086888.48999999,64410.0,125192.2,3281583,2020
Nepafenac,Ilevro,63753,21340740.75,39100.0,80536.1,2210860,2021
Nepafenac,Ilevro,43010,15492389.19,25447.0,55574.400000000016,1543785,2022
Nepafenac,Ilevro,38289,15566942.949999996,22717.0,50300.2,1404913,2023
Nepafenac,Ilevro,28316,11226371.469999995,16566.0,37061.5,1033607,2024
Neratinib Maleate,Nerlynx,719,9009505.919999998,250.0,720.0,21574,2019
Neratinib Maleate,Nerlynx,741,10557836.29,275.0,741.0,22147,2020
Neratinib Maleate,Nerlynx,520,8741830.91,175.0,520.3,15293,2021
Neratinib Maleate,Nerlynx,479,8174703.990000001,175.0,480.2,14061,2022
Neratinib Maleate,Nerlynx,571,11118994.880000005,185.0,571.0,16888,2023
Neratinib Maleate,Nerlynx,527,9694086.8,195.0,527.0,15544,2024
Netarsudil Mesylat/Latanoprost,Rocklatan,18589,6846339.080000001,7023.0,23776.599999999995,631318,2019
Netarsudil Mesylat/Latanoprost,Rocklatan,98787,39727510.12,25927.0,133438.90000000005,3594014,2020
Netarsudil Mesylat/Latanoprost,Rocklatan,152298,69619565.28,40078.0,218227.40000000008,5961690,2021
Netarsudil Mesylat/Latanoprost,Rocklatan,198534,99247895.16,53149.0,293356.8000000001,8117195,2022
Netarsudil Mesylat/Latanoprost,Rocklatan,230353,123112857.08,61539.0,344398.70000000007,9557480,2023
Netarsudil Mesylat/Latanoprost,Rocklatan,280674,142301087.80999997,74033.0,412708.6000000001,11434879,2024
Netarsudil Mesylate,Rhopressa,194835,66829000.99999999,52761.0,259727.80000000005,7056798,2019
Netarsudil Mesylate,Rhopressa,239725,94073993.64,63444.0,341978.3,9413357,2020
Netarsudil Mesylate,Rhopressa,266666,115408292.02000004,74959.0,397739.3999999999,11062465,2021
Netarsudil Mesylate,Rhopressa,293061,138079653.95999998,82854.0,447879.3000000001,12564199,2022
Netarsudil Mesylate,Rhopressa,294334,149164087.91,84637.0,458547.4999999998,12912247,2023
Netarsudil Mesylate,Rhopressa,297810,142083167.80000004,85081.0,455489.0,12815743,2024
Netupitant/Palonosetron Hcl,Akynzeo,217,178944.61,67.0,217.0,3523,2019
Netupitant/Palonosetron Hcl,Akynzeo,186,119553.66999999998,45.0,186.0,3044,2020
Netupitant/Palonosetron Hcl,Akynzeo,198,145727.85,30.0,201.3,3333,2021
Netupitant/Palonosetron Hcl,Akynzeo,337,294117.23,70.0,337.0,6293,2022
Netupitant/Palonosetron Hcl,Akynzeo,345,313929.49,73.0,345.0,6601,2023
Netupitant/Palonosetron Hcl,Akynzeo,200,168155.88999999998,46.0,200.0,3961,2024
Nevirapine,Nevirapine Er,16641,3540959.740000001,4485.0,19751.3,585139,2019
Nevirapine,Nevirapine Er,13270,2663550.45,3665.0,16218.3,480336,2020
Nevirapine,Nevirapine,11033,2383866.72,3018.0,13784.0,410289,2021
Nevirapine,Nevirapine Er,9322,1850885.68,2468.0,11939.7,356515,2022
Nevirapine,Nevirapine,8035,1549955.72,2175.0,10531.2,314308,2023
Nevirapine,Nevirapine Er,7066,968961.6999999996,1918.0,9391.8,281563,2024
Niacin,Niacin Er,150728,18897778.320000004,44042.0,238276.6,6990257,2019
Niacin,Niacin Er,119019,14697390.07,35671.0,193112.1,5670769,2020
Niacin,Niacin Er,90161,9942551.960000005,27647.0,152333.9,4474535,2021
Niacin,Niacin Er,75827,8401240.43,23240.0,132229.1,3876095,2022
Niacin,Niacin Er,65083,6371385.62,20077.0,113455.90000000002,3320548,2023
Niacin,Niacin Er,55314,3650785.230000001,17157.0,96858.0,2825595,2024
Nicardipine Hcl,Nicardipine Hcl,3369,581899.5200000003,1017.0,4294.1,118351,2019
Nicardipine Hcl,Nicardipine Hcl,2007,554358.8800000001,640.0,2631.4,73104,2020
Nicardipine Hcl,Nicardipine Hcl,1415,646368.0699999998,450.0,2003.3,56302,2021
Nicardipine Hcl,Nicardipine Hcl,1173,711108.8300000002,387.0,1642.7,46130,2022
Nicardipine Hcl,Nicardipine Hcl,1223,813358.7399999999,356.0,1644.6,43652,2023
Nicardipine Hcl,Nicardipine Hcl,1167,505100.42,308.0,1581.4,41108,2024
Nicotine,Nicotrol,12159,6447708.780000001,4311.0,12468.9,275074,2019
Nicotine,Nicotrol,12198,6950203.800000003,4309.0,12595.9,285534,2020
Nicotine,Nicotrol,12598,7769234.049999999,4740.0,13104.7,299060,2021
Nicotine,Nicotrol,11836,7456261.139999999,4473.0,12279.6,270709,2022
Nicotine,Nicotrol,6588,4373265.420000001,2634.0,6811.4,144215,2023
Nicotine,Nicotrol Ns,2882,2159480.77,1000.0,3136.3,66713,2024
Nifedipine,Nifedipine Er,2675626,121029867.65000002,685626.0,5083556.2,150534553,2019
Nifedipine,Nifedipine Er,2625440,122555791.82,687269.0,5285478.199999999,156604851,2020
Nifedipine,Nifedipine Er,2566923,131746348.91,705788.0,5300916.199999998,156882908,2021
Nifedipine,Nifedipine Er,2629544,131147925.17000002,740032.0,5509431.999999999,162915889,2022
Nifedipine,Nifedipine Er,2802248,115138065.79999998,797281.0,5956558.0,176005657,2023
Nifedipine,Nifedipine Er,3087693,78896482.61,884392.0,6626568.699999999,195468497,2024
Nilotinib Hcl,Tasigna,17334,201347857.66000003,5381.0,17676.0,492682,2019
Nilotinib Hcl,Tasigna,17206,215466283.73,5310.0,17546.2,489599,2020
Nilotinib Hcl,Tasigna,16913,224868092.0600001,5205.0,17086.899999999998,475074,2021
Nilotinib Hcl,Tasigna,16716,239053942.79,5240.0,16896.0,469826,2022
Nilotinib Hcl,Tasigna,15363,243978342.54,4953.0,15524.200000000004,432928,2023
Nilotinib Hcl,Tasigna,17234,275628558.47,5355.0,17421.399999999998,486218,2024
Nilutamide,Nilutamide,369,1694325.86,115.0,383.2,11431,2019
Nilutamide,Nilandron,239,1139332.34,85.0,249.0,7426,2020
Nilutamide,Nilandron,215,1052809.3,70.0,227.0,6810,2021
Nilutamide,Nilandron,309,1414808.5099999998,95.0,311.0,8904,2022
Nilutamide,Nilutamide,226,1028302.02,65.0,236.0,6904,2023
Nilutamide,Nilutamide,201,633983.45,60.0,205.0,5894,2024
Nimodipine,Nimodipine,626,428823.50000000006,201.0,707.0,18614,2019
Nimodipine,Nimodipine,644,435444.51,216.0,736.9,19182,2020
Nimodipine,Nimodipine,608,350959.75000000006,206.0,757.6,21588,2021
Nimodipine,Nimodipine,593,305937.16000000003,192.0,726.7,20971,2022
Nimodipine,Nimodipine,586,319607.36,174.0,732.7,20122,2023
Nimodipine,Nimodipine,602,176455.18999999997,173.0,775.9,22575,2024
Nintedanib Esylate,Ofev,65662,665434520.71,13149.0,66454.6,1989710,2019
Nintedanib Esylate,Ofev,91919,1005417098.1999998,17635.0,93782.5,2804031,2020
Nintedanib Esylate,Ofev,113459,1311368352.0800002,21264.0,114685.6,3430799,2021
Nintedanib Esylate,Ofev,126851,1551732788.47,23460.0,128515.3,3844590,2022
Nintedanib Esylate,Ofev,123184,1602890969.88,23510.0,125037.3,3739188,2023
Nintedanib Esylate,Ofev,142734,1833961636.7899995,26644.0,145439.0,4351642,2024
Niraparib Tosylate,Zejula,3411,39994701.61,1044.0,3428.0,101522,2019
Niraparib Tosylate,Zejula,5135,62959126.17999999,1502.0,5183.799999999999,153030,2020
Niraparib Tosylate,Zejula,5529,69325817.01999998,1566.0,5547.7,164389,2021
Niraparib Tosylate,Zejula,5991,76772300.04,1696.0,6010.0,179291,2022
Niraparib Tosylate,Zejula,5005,77460843.48999996,1440.0,5029.400000000001,150054,2023
Niraparib Tosylate,Zejula,5991,113935121.46,1777.0,6019.1,179907,2024
Niraparib/Abiraterone,Akeega,52,928258.95,15.0,52.0,1560,2024
Nirmatrelvir/Ritonavir,Paxlovid (Eua),1583282,16430293.22,1561124.0,1583347.6,8038408,2022
Nirmatrelvir/Ritonavir,Paxlovid (Eua),1352308,14107437.480000002,1325538.0,1352334.3999999997,6817838,2023
Nirmatrelvir/Ritonavir,Paxlovid,869861,43214529.79,857945.0,869915.5999999999,4423978,2024
Nirogacestat Hydrobromide,Ogsiveo,229,6089869.99,80.0,229.0,6732,2024
Nisoldipine,Nisoldipine,6566,1642297.2099999995,2199.0,9116.9,267949,2019
Nisoldipine,Nisoldipine,5543,1523385.38,1861.0,7977.5999999999985,234731,2020
Nisoldipine,Nisoldipine,3844,1117330.0299999998,1306.0,5544.199999999999,162775,2021
Nisoldipine,Nisoldipine,2852,859609.9899999999,976.0,4233.6,122611,2022
Nisoldipine,Nisoldipine,2623,739631.31,898.0,4008.2999999999993,118640,2023
Nisoldipine,Nisoldipine,2213,555201.8399999999,744.0,3589.2000000000003,104823,2024
Nitazoxanide,Alinia,1199,4505368.859999999,561.0,1206.8,20044,2019
Nitazoxanide,Alinia,737,3037238.0300000003,382.0,742.1,12889,2020
Nitazoxanide,Alinia,183,579491.9899999999,80.0,185.4,3077,2021
Nitazoxanide,Nitazoxanide,176,686764.4899999999,80.0,178.2,3745,2022
Nitazoxanide,Nitazoxanide,179,401760.31,90.0,179.0,3294,2023
Nitazoxanide,Nitazoxanide,154,255919.72,78.0,156.2,2429,2024
Nitisinone,Orfadin,35,108938.7,15.0,35.0,1049,2019
Nitisinone,Orfadin,33,94586.47,15.0,33.0,990,2020
Nitisinone,Orfadin,57,674909.6799999999,20.0,57.0,1710,2021
Nitisinone,Orfadin,66,969075.2,20.0,66.0,1980,2022
Nitisinone,Orfadin,37,850905.3,10.0,37.0,1110,2023
Nitisinone,Orfadin,39,478317.84,10.0,39.0,1170,2024
Nitrofurantoin,Nitrofurantoin,650,876107.6099999999,235.0,654.2,14215,2019
Nitrofurantoin,Nitrofurantoin,596,1310028.9,210.0,598.8,13518,2020
Nitrofurantoin,Nitrofurantoin,518,1213206.9799999995,195.0,522.0,11887,2021
Nitrofurantoin,Nitrofurantoin,694,1587592.3900000004,235.0,699.8000000000001,15320,2022
Nitrofurantoin,Nitrofurantoin,683,1594978.0499999996,259.0,686.1999999999999,13328,2023
Nitrofurantoin,Nitrofurantoin,559,1392028.2799999998,193.0,566.8000000000001,11881,2024
Nitrofurantoin Macrocrystal,Nitrofurantoin,394631,16340697.200000005,156739.0,513508.8000000001,12530171,2019
Nitrofurantoin Macrocrystal,Nitrofurantoin,401732,16811757.71,154437.0,536381.0000000001,13316102,2020
Nitrofurantoin Macrocrystal,Nitrofurantoin,384515,16375188.1,154001.0,525207.8000000003,13052519,2021
Nitrofurantoin Macrocrystal,Nitrofurantoin,365662,15571581.130000005,146707.0,501140.8,12370446,2022
Nitrofurantoin Macrocrystal,Nitrofurantoin,368440,14021581.42,148857.0,512279.1,12617774,2023
Nitrofurantoin Macrocrystal,Nitrofurantoin,390726,11609741.72,160313.0,556298.2999999998,13865354,2024
Nitrofurantoin Monohyd/M-Cryst,Nitrofurantoin Mono-Macro,1877292,46953085.31999999,1386858.0,1938102.7,19067323,2019
Nitrofurantoin Monohyd/M-Cryst,Nitrofurantoin Mono-Macro,1925257,47216140.01,1392987.0,2002365.2,20212802,2020
Nitrofurantoin Monohyd/M-Cryst,Nitrofurantoin Mono-Macro,2131591,50001972.66,1587165.0,2224425.399999999,22141661,2021
Nitrofurantoin Monohyd/M-Cryst,Nitrofurantoin Mono-Macro,2348236,55655350.78000001,1771463.0,2451915.8,23873838,2022
Nitrofurantoin Monohyd/M-Cryst,Nitrofurantoin Mono-Macro,2635552,54952663.59,2018181.0,2751464.6,26211006,2023
Nitrofurantoin Monohyd/M-Cryst,Nitrofurantoin Mono-Macro,2999284,45609920.440000005,2309815.0,3139309.8,29759479,2024
Nitroglycerin,Nitroglycerin,1839194,47221561.01999999,1034206.0,2134402.1999999997,46450295,2019
Nitroglycerin,Nitroglycerin,1775093,45463349.48,962741.0,2104417.3000000003,46945038,2020
Nitroglycerin,Nitroglycerin,1767741,44696043.440000005,970435.0,2108847.0000000005,47201906,2021
Nitroglycerin,Nitroglycerin,1713544,41513090.86000001,946786.0,2058457.4000000008,46178407,2022
Nitroglycerin,Nitroglycerin,1727436,38281245.20999999,956259.0,2060555.200000001,45746437,2023
Nitroglycerin,Nitroglycerin,1773405,27677264.719999988,984326.0,2099373.600000001,46015511,2024
Nivolumab,Opdivo,2694,29391232.319999997,597.0,2696.4,68670,2019
Nivolumab,Opdivo,2566,29914545.410000004,535.0,2569.6,67830,2020
Nivolumab,Opdivo,2035,23958182.57,453.0,2046.3,52819,2021
Nivolumab,Opdivo,2717,32554677.320000008,626.0,2739.4,67758,2022
Nivolumab,Opdivo,3007,38325436.06000001,639.0,3016.0,74595,2023
Nivolumab,Opdivo,2997,35778054.219999984,678.0,3013.5,72485,2024
Nivolumab-Relatlimab-Rmbw,Opdualag,30,889425.8,10.0,30.0,840,2022
Nivolumab-Relatlimab-Rmbw,Opdualag,35,1063264.87,10.0,35.0,980,2023
Nivolumab-Relatlimab-Rmbw,Opdualag,66,1918558.92,25.0,66.0,1848,2024
Nizatidine,Nizatidine,9721,438574.91,3358.0,13826.500000000002,402535,2019
Nizatidine,Nizatidine,645,24622.07,323.0,857.4,21903,2020
Nizatidine,Nizatidine,173,81491.06999999999,65.0,176.0,4229,2021
Nizatidine,Nizatidine,341,47385.44,163.0,557.0,16026,2023
Nizatidine,Nizatidine,1154,109218.4,426.0,1715.7,48828,2024
Non-Adherent Bandage,Excilon,31,197.46,10.0,31.0,398,2020
Non-Adherent Bandage,Excilon,23,196.41,10.0,23.0,534,2021
Non-Adherent Bandage,Excilon,24,235.8,10.0,24.0,690,2022
Non-Adherent Bandage,Excilon,24,212.09,10.0,24.0,720,2023
Non-Adherent Bandage,Excilon,14,80.83,5.0,14.0,400,2024
Norelgestromin/Ethin.Estradiol,Xulane,2683,322125.70000000007,1025.0,2774.3,69096,2019
Norelgestromin/Ethin.Estradiol,Xulane,2835,333159.9600000002,1090.0,2925.7000000000003,72752,2020
Norelgestromin/Ethin.Estradiol,Xulane,1486,174789.63000000003,585.0,1556.5999999999997,37928,2021
Norelgestromin/Ethin.Estradiol,Xulane,1718,198625.7400000001,670.0,1793.9999999999998,44469,2022
Norelgestromin/Ethin.Estradiol,Xulane,1635,171683.98000000004,630.0,1690.8999999999994,42075,2023
Norelgestromin/Ethin.Estradiol,Xulane,1474,144796.88999999998,570.0,1529.5999999999997,38561,2024
Noreth-Ethinyl Estradiol/Iron,Wymzya Fe,354,24510.7,135.0,370.0,9968,2019
Noreth-Ethinyl Estradiol/Iron,Wymzya Fe,368,26151.02999999999,140.0,392.50000000000006,10635,2020
Noreth-Ethinyl Estradiol/Iron,Wymzya Fe,310,19132.749999999996,120.0,331.0,8892,2021
Noreth-Ethinyl Estradiol/Iron,Layolis Fe,174,12045.28,70.0,177.60000000000002,4890,2022
Noreth-Ethinyl Estradiol/Iron,Norethin-Eth Estra-Ferrous Fum,281,15585.580000000004,110.0,282.8,7592,2023
Noreth-Ethinyl Estradiol/Iron,Kaitlib Fe,278,19077.75,100.0,280.2,7330,2024
Norethindrone,Norethindrone,13737,261047.0,5106.0,16171.5,458916,2019
Norethindrone,Norethindrone,15040,321801.80999999994,5521.0,18108.599999999995,515296,2020
Norethindrone,Norethindrone,15729,298448.66,5844.0,19567.200000000004,558591,2021
Norethindrone,Norethindrone,15953,306538.38,5784.0,19972.200000000004,570823,2022
Norethindrone,Norethindrone,16437,332389.72,5923.0,20792.2,593914,2023
Norethindrone,Norethindrone,18604,273245.02,6511.0,23750.59999999999,679439,2024
Norethindrone Ac-Eth Estradiol,Microgestin,15514,606227.05,5486.0,17368.5,431016,2019
Norethindrone Ac-Eth Estradiol,Microgestin,15565,571229.66,5505.0,17436.5,426080,2020
Norethindrone Ac-Eth Estradiol,Larin,13132,439566.93,4657.0,14727.8,358348,2021
Norethindrone Ac-Eth Estradiol,Larin,12507,408761.94999999984,4419.0,14079.999999999998,341756,2022
Norethindrone Ac-Eth Estradiol,Norethindron-Ethinyl Estradiol,11932,376434.78,4131.0,13553.0,330653,2023
Norethindrone Ac/Eth Estradiol,Norethindron-Ethinyl Estradiol,10403,324300.87,3627.0,12294.2,305662,2024
Norethindrone Acetate,Norethindrone Acetate,17782,1086335.4500000004,5516.0,23953.30000000001,679631,2019
Norethindrone Acetate,Norethindrone Acetate,18044,1083847.0499999996,5802.0,25378.60000000001,726167,2020
Norethindrone Acetate,Norethindrone Acetate,17188,988629.14,5470.0,24482.9,698788,2021
Norethindrone Acetate,Norethindrone Acetate,17999,1039082.51,5920.0,26024.099999999995,739573,2022
Norethindrone Acetate,Norethindrone Acetate,19038,954691.2799999996,6189.0,28054.49999999999,798167,2023
Norethindrone Acetate,Norethindrone Acetate,21273,757832.3900000002,6864.0,30780.599999999995,874201,2024
Norethindrone-E.Estradiol-Iron,Blisovi Fe,18168,516802.0200000001,6765.0,19560.69999999999,539664,2019
Norethindrone-E.Estradiol-Iron,Blisovi Fe,15158,483702.5199999999,5640.0,16370.3,451722,2020
Norethindrone-E.Estradiol-Iron,Blisovi Fe,13322,393582.07000000007,4980.0,14363.8,394577,2021
Norethindrone-E.Estradiol-Iron,Norethindrone-E.Estradiol-Iron,12839,359591.35,4845.0,13798.0,377923,2022
Norethindrone-E.Estradiol-Iron,Norethindrone-E.Estradiol-Iron,13434,383267.52,4970.0,14485.7,396258,2023
Norethindrone-E.Estradiol-Iron,Lo Loestrin Fe,12728,318915.73,4760.0,13488.400000000003,368309,2024
Norethindrone-Ethin. Estradiol,Dasetta,14577,310228.58,5325.0,14962.9,401067,2019
Norethindrone-Ethin. Estradiol,Alyacen,13399,295734.41,4860.0,13897.7,372949,2020
Norethindrone-Ethin. Estradiol,Alyacen,11180,245337.82,4067.0,11499.899999999998,307649,2021
Norethindrone-Ethin. Estradiol,Alyacen,10675,233856.1300000001,3843.0,10979.4,292243,2022
Norethindrone-Ethin. Estradiol,Nortrel,8784,186017.81000000008,3126.0,9057.300000000005,239395,2023
Norethindrone-Ethin. Estradiol,Nortrel,8589,157534.18000000002,3030.0,8894.7,234548,2024
Norgestimate-Ethinyl Estradiol,Femynor,34866,558930.3300000001,12996.0,36944.80000000002,1028250,2019
Norgestimate-Ethinyl Estradiol,Norgestimate-Ethinyl Estradiol,32060,574218.16,11985.0,33942.3,942523,2020
Norgestimate-Ethinyl Estradiol,Tri-Lo-Mili,28284,489994.7900000001,10635.0,29687.899999999998,822327,2021
Norgestimate-Ethinyl Estradiol,Sprintec,26449,451680.21,9875.0,27498.599999999988,760185,2022
Norgestimate-Ethinyl Estradiol,Tri-Sprintec,24543,427361.8000000001,9235.0,25504.0,705923,2023
Norgestimate-Ethinyl Estradiol,Sprintec,22082,327211.61,8265.0,22998.800000000007,635066,2024
Norgestrel-Ethinyl Estradiol,Cryselle,8774,178808.61,3170.0,9169.8,249556,2019
Norgestrel-Ethinyl Estradiol,Cryselle,7633,154800.13000000003,2705.0,7962.200000000002,216506,2020
Norgestrel-Ethinyl Estradiol,Cryselle,6405,129977.16,2285.0,6602.4,178973,2021
Norgestrel-Ethinyl Estradiol,Cryselle,6226,128300.86,2200.0,6399.299999999999,172530,2022
Norgestrel-Ethinyl Estradiol,Cryselle,5574,114334.36999999997,1960.0,5777.9000000000015,155705,2023
Norgestrel-Ethinyl Estradiol,Turqoz,4845,93739.72000000002,1700.0,4958.000000000001,131846,2024
Nortriptyline Hcl,Nortriptyline Hcl,885473,12983103.88,243700.0,1427865.9,42111736,2019
Nortriptyline Hcl,Nortriptyline Hcl,858153,14149416.690000003,234179.0,1407975.0,41543924,2020
Nortriptyline Hcl,Nortriptyline Hcl,821363,14499668.2,229352.0,1367365.8000000005,40365630,2021
Nortriptyline Hcl,Nortriptyline Hcl,799396,13364204.070000002,225143.0,1342187.0000000005,39608719,2022
Nortriptyline Hcl,Nortriptyline Hcl,797498,14096639.600000003,224541.0,1348779.7000000004,39764868,2023
Nortriptyline Hcl,Nortriptyline Hcl,813506,11987823.539999995,228559.0,1387853.2999999998,40863630,2024
Nystatin,Nystatin,1948010,53362626.75999998,852638.0,2010656.2,31182114,2019
Nystatin,Nystatin,2039155,54398273.22999999,861945.0,2119224.1,36157946,2020
Nystatin,Nystatin,1875878,48126912.04,826447.0,1947674.0,34838317,2021
Nystatin,Nystatin,1917288,48897174.46999999,877744.0,1999642.8,37037403,2022
Nystatin,Nystatin,2040168,47876823.02,958970.0,2135247.9,40657149,2023
Nystatin,Nystatin,2140382,42886824.48,980452.0,2256823.0,45783187,2024
Nystatin/Triamcin,Nystatin-Triamcinolone,65263,4311037.859999999,28933.0,66745.6,1177984,2019
Nystatin/Triamcin,Nystatin-Triamcinolone,59410,3535897.759999999,25520.0,61366.8,1140316,2020
Nystatin/Triamcin,Nystatin-Triamcinolone,57604,3071721.9000000004,25810.0,59347.5,1129115,2021
Nystatin/Triamcinolone Acet,Nystatin-Triamcinolone,57970,2804309.76,26396.0,60047.9,1172223,2022
Nystatin/Triamcinolone Acet,Nystatin-Triamcinolone,62894,2614803.62,29389.0,65302.19999999998,1288629,2023
Nystatin/Triamcinolone Acet,Nystatin-Triamcinolone,70393,2047669.79,33982.0,72966.39999999998,1434553,2024
Obeticholic Acid,Ocaliva,7080,48209974.99999999,2120.0,7401.0,220732,2019
Obeticholic Acid,Ocaliva,8386,61468845.61999999,2515.0,8959.099999999999,267496,2020
Obeticholic Acid,Ocaliva,8691,71747378.77000001,2641.0,9349.9,279471,2021
Obeticholic Acid,Ocaliva,9422,84296486.8,2820.0,10279.4,307442,2022
Obeticholic Acid,Ocaliva,10133,98579934.51,3065.0,10962.4,328103,2023
Obeticholic Acid,Ocaliva,10535,105094203.40999998,3150.0,11442.5,342720,2024
Obinutuzumab,Gazyva,16,120251.79,5.0,22.1,644,2019
Obinutuzumab,Gazyva,13,86364.46,5.0,13.0,364,2020
Obinutuzumab,Gazyva,34,339122.28,15.0,34.0,934,2021
Obinutuzumab,Gazyva,129,1277735.6199999996,45.0,136.8,3688,2022
Obinutuzumab,Gazyva,160,1779425.2199999995,56.0,161.7,4563,2023
Obinutuzumab,Gazyva,317,3247144.600000001,86.0,320.4,8100,2024
Ocrelizumab,Ocrevus,552,17814109.18,273.0,1928.7999999999995,57032,2019
Ocrelizumab,Ocrevus,621,20288783.16000001,319.0,2488.7,73907,2020
Ocrelizumab,Ocrevus,726,24941835.8,374.0,2953.7,87353,2021
Ocrelizumab,Ocrevus,761,27885854.95,407.0,3105.999999999999,92215,2022
Ocrelizumab,Ocrevus,1009,38521681.64,497.0,4854.8,144443,2023
Ocrelizumab,Ocrevus,1211,46007426.25,604.0,6310.3,188525,2024
Octreotide Acetate,Octreotide Acetate,5755,2387936.32,1513.0,5822.799999999999,99187,2019
Octreotide Acetate,Octreotide Acetate,5625,2402392.470000001,1467.0,5726.100000000001,90903,2020
Octreotide Acetate,Octreotide Acetate,5408,4612639.319999999,1520.0,5514.500000000001,101813,2021
Octreotide Acetate,Octreotide Acetate,5274,5033864.1400000015,1433.0,5370.9,94144,2022
Octreotide Acetate,Octreotide Acetate,5514,5504882.539999999,1566.0,5611.6,105174,2023
Octreotide Acetate,Octreotide Acetate,6276,8365911.880000002,1741.0,6425.200000000001,127579,2024
"Octreotide Acetate,mi-Spheres",Sandostatin Lar Depot,4799,27437720.540000003,1685.0,4868.800000000001,135704,2019
"Octreotide Acetate,mi-Spheres",Sandostatin Lar Depot,4768,27128128.81,1685.0,4881.299999999999,136135,2020
"Octreotide Acetate,mi-Spheres",Sandostatin Lar Depot,4602,26746829.029999983,1580.0,4669.1,130753,2021
"Octreotide Acetate,mi-Spheres",Sandostatin Lar Depot,4490,25890722.64,1483.0,4536.3,126572,2022
"Octreotide Acetate,mi-Spheres",Sandostatin Lar Depot,4813,28356820.089999992,1603.0,4860.5,135557,2023
"Octreotide Acetate,mi-Spheres",Sandostatin Lar Depot,4975,28173686.770000007,1617.0,5023.5,140791,2024
Odevixibat,Bylvay,13,1258157.84,5.0,13.0,390,2022
Odevixibat,Bylvay,25,2388169.62,10.0,25.0,750,2024
Ofatumumab,Kesimpta Pen,62,792313.8300000001,20.0,65.8,1843,2020
Ofatumumab,Kesimpta Pen,6645,62434287.9,1536.0,7003.499999999999,201498,2021
Ofatumumab,Kesimpta Pen,19234,178899581.74,3967.0,20433.7,592086,2022
Ofatumumab,Kesimpta Pen,34877,341490082.16,6516.0,36826.90000000001,1068432,2023
Ofatumumab,Kesimpta Pen,52350,500831112.4699999,9331.0,54696.09999999999,1591515,2024
Ofloxacin,Ofloxacin,1051097,21058814.840000004,769673.0,1095874.3,22184332,2019
Ofloxacin,Ofloxacin,888195,16924407.330000002,640763.0,927476.3,18584589,2020
Ofloxacin,Ofloxacin,1011347,18982533.280000005,726482.0,1059883.2999999998,21623338,2021
Ofloxacin,Ofloxacin,1038153,20811740.69999999,752119.0,1092275.6,22410053,2022
Ofloxacin,Ofloxacin,998253,20647233.629999995,738161.0,1053593.6,21095277,2023
Ofloxacin,Ofloxacin,1081372,17836188.659999996,791916.0,1141511.9999999998,22559547,2024
Olanzapine,Olanzapine,3163370,109202512.98000002,545883.0,3601133.2,98972570,2019
Olanzapine,Olanzapine,3208550,105822012.88999996,546053.0,3707944.3,102075856,2020
Olanzapine,Olanzapine,3187962,108063446.23000002,551300.0,3710901.2000000007,101795013,2021
Olanzapine,Olanzapine,3219457,132428541.04,562687.0,3750396.000000001,102217614,2022
Olanzapine,Olanzapine,3265757,135256062.76999998,581243.0,3813603.6999999993,103350436,2023
Olanzapine,Olanzapine,3398378,96530478.43000002,613984.0,3994967.400000001,107513762,2024
Olanzapine Pamoate,Zyprexa Relprevv,4807,5231341.24,856.0,4810.2,100678,2019
Olanzapine Pamoate,Zyprexa Relprevv,4259,4615454.12,721.0,4260.8,88946,2020
Olanzapine Pamoate,Zyprexa Relprevv,4120,4504135.94,740.0,4123.200000000001,87728,2021
Olanzapine Pamoate,Zyprexa Relprevv,3784,4121688.1,672.0,3784.0,80931,2022
Olanzapine Pamoate,Zyprexa Relprevv,3149,3409491.9000000013,605.0,3152.7000000000003,65601,2023
Olanzapine Pamoate,Zyprexa Relprevv,827,861147.6699999999,205.0,831.6,16899,2024
Olanzapine/Fluoxetine Hcl,Olanzapine-Fluoxetine Hcl,4243,1408846.7799999996,1448.0,4604.999999999999,134339,2019
Olanzapine/Fluoxetine Hcl,Olanzapine-Fluoxetine Hcl,3939,1297197.0,1333.0,4338.2,125780,2020
Olanzapine/Fluoxetine Hcl,Olanzapine-Fluoxetine Hcl,3306,1086421.43,1117.0,3652.699999999999,106404,2021
Olanzapine/Fluoxetine Hcl,Olanzapine-Fluoxetine Hcl,3008,1071144.86,1018.0,3397.2999999999997,100238,2022
Olanzapine/Fluoxetine Hcl,Olanzapine-Fluoxetine Hcl,2522,830421.5000000001,870.0,2821.9,82140,2023
Olanzapine/Fluoxetine Hcl,Olanzapine-Fluoxetine Hcl,2620,614308.06,831.0,2902.1,80510,2024
Olanzapine/Samidorphan Malate,Lybalvi,91,115297.28,39.0,91.0,2386,2021
Olanzapine/Samidorphan Malate,Lybalvi,15728,22668878.0,3782.0,15966.9,452923,2022
Olanzapine/Samidorphan Malate,Lybalvi,39146,61041891.81000001,8859.0,39884.9,1145719,2023
Olanzapine/Samidorphan Malate,Lybalvi,57102,91004428.01999998,12776.0,58194.89999999998,1675375,2024
Olaparib,Lynparza,9054,116800268.86999996,2579.0,9102.3,269561,2019
Olaparib,Lynparza,15384,196024490.35,4084.0,15491.7,459472,2020
Olaparib,Lynparza,18969,243641074.85,5141.0,19135.1,569629,2021
Olaparib,Lynparza,20411,267891047.01,5523.0,20590.1,613779,2022
Olaparib,Lynparza,19958,276389616.21,5361.0,20186.700000000004,599706,2023
Olaparib,Lynparza,24854,345651908.7900001,6676.0,25305.3,753668,2024
Olaratumab,Lartruvo,14,152968.71,5.0,14.0,294,2019
Olipudase Alfa-Rpcp,Xenpozyme,26,3603222.87,10.0,26.0,728,2023
Olipudase Alfa-Rpcp,Xenpozyme,42,4703938.45,15.0,42.0,1148,2024
Olmesartan Medoxomil,Olmesartan Medoxomil,1409937,80948855.34,406974.0,2827619.7000000007,84148216,2019
Olmesartan Medoxomil,Olmesartan Medoxomil,1852259,77765009.80999997,488632.0,4122369.1,123026944,2020
Olmesartan Medoxomil,Olmesartan Medoxomil,1897111,77748348.10999998,510680.0,4437992.000000001,132540426,2021
Olmesartan Medoxomil,Olmesartan Medoxomil,2199530,73160190.68,614450.0,5300797.700000001,158333905,2022
Olmesartan Medoxomil,Olmesartan Medoxomil,2467807,76026581.84,699000.0,6083850.100000001,181743766,2023
Olmesartan Medoxomil,Olmesartan Medoxomil,2943871,60141114.68999998,843911.0,7354341.699999999,219655486,2024
Olmesartan/Amlodipin/Hcthiazid,Olmesartan-Amlodipine-Hctz,73360,13153761.86,19533.0,125714.0,3750318,2019
Olmesartan/Amlodipin/Hcthiazid,Olmesartan-Amlodipine-Hctz,57783,9550140.53,16150.0,105735.4,3155286,2020
Olmesartan/Amlodipin/Hcthiazid,Olmesartan-Amlodipine-Hctz,52463,8770303.38,14888.0,102693.0,3068024,2021
Olmesartan/Amlodipin/Hcthiazid,Olmesartan-Amlodipine-Hctz,54802,9773680.87,15364.0,110056.90000000004,3289401,2022
Olmesartan/Amlodipin/Hcthiazid,Olmesartan-Amlodipine-Hctz,61128,12148030.09,17456.0,126223.09999999998,3772334,2023
Olmesartan/Amlodipin/Hcthiazid,Olmesartan-Amlodipine-Hctz,68359,7571747.900000002,19923.0,142970.9,4262382,2024
Olmesartan/Hydrochlorothiazide,Olmesartan-Hydrochlorothiazide,568685,35949084.02000001,155201.0,1116367.2,33297386,2019
Olmesartan/Hydrochlorothiazide,Olmesartan-Hydrochlorothiazide,521229,30244888.899999995,141666.0,1121560.6,33527862,2020
Olmesartan/Hydrochlorothiazide,Olmesartan-Hydrochlorothiazide,496161,34469183.88999999,136314.0,1128274.0000000002,33754256,2021
Olmesartan/Hydrochlorothiazide,Olmesartan-Hydrochlorothiazide,526824,33763713.660000004,146576.0,1233700.7999999998,36920489,2022
Olmesartan/Hydrochlorothiazide,Olmesartan-Hydrochlorothiazide,563502,31835708.56,158882.0,1351984.9999999998,40453750,2023
Olmesartan/Hydrochlorothiazide,Olmesartan-Hydrochlorothiazide,621934,22532116.300000004,177196.0,1519605.9999999995,45455091,2024
Olodaterol Hcl,Striverdi Respimat,2527,695850.2699999998,897.0,3166.7999999999997,94203,2019
Olodaterol Hcl,Striverdi Respimat,2652,762265.2899999999,918.0,3270.4999999999995,97436,2020
Olodaterol Hcl,Striverdi Respimat,2683,773985.2899999999,976.0,3180.8,95258,2021
Olodaterol Hcl,Striverdi Respimat,2763,804588.2799999999,1050.0,3197.1,95221,2022
Olodaterol Hcl,Striverdi Respimat,2530,751806.64,959.0,2854.9999999999995,85389,2023
Olodaterol Hcl,Striverdi Respimat,2563,770911.7199999999,986.0,2986.1,89211,2024
Olopatadine Hcl,Olopatadine Hcl,1087384,130506797.06999996,337779.0,1236624.9,32188094,2019
Olopatadine Hcl,Olopatadine Hcl,1015204,111560738.10999995,301239.0,1184037.8,30909045,2020
Olopatadine Hcl,Olopatadine Hcl,561626,32264743.07,178895.0,670329.6999999998,17725162,2021
Olopatadine Hcl,Olopatadine Hcl,252897,11313577.249999998,84600.0,296037.19999999995,7911355,2022
Olopatadine Hcl,Olopatadine Hcl,169608,6385683.839999998,61197.0,201590.9,5431186,2023
Olopatadine Hcl,Olopatadine Hcl,18079,1620913.25,7182.0,26461.5,780863,2024
Olopatadine Hcl/Mometasone,Ryaltris,768,219065.25,338.0,899.0,26840,2023
Olopatadine Hcl/Mometasone,Ryaltris,3376,942894.84,1317.0,4099.5,121443,2024
Olsalazine Sodium,Dipentum,820,1181769.7000000002,310.0,824.3999999999999,21923,2019
Olsalazine Sodium,Dipentum,810,1068106.2399999998,295.0,814.5999999999999,20683,2020
Olsalazine Sodium,Dipentum,533,751015.6600000001,205.0,535.0999999999999,14961,2021
Olsalazine Sodium,Dipentum,531,786222.7599999999,200.0,531.7,13876,2022
Olsalazine Sodium,Dipentum,560,885507.9099999998,210.0,561.0999999999999,15417,2023
Olsalazine Sodium,Dipentum,660,1055735.87,250.0,667.5,18189,2024
Olutasidenib,Rezlidhia,39,1296548.8,15.0,39.0,1170,2023
Olutasidenib,Rezlidhia,76,2219382.5700000003,30.0,76.0,2265,2024
Omacetaxine Mepesuccinate,Synribo,188,1013285.89,55.0,188.0,1820,2019
Omacetaxine Mepesuccinate,Synribo,202,1084045.41,40.0,202.0,1076,2020
Omacetaxine Mepesuccinate,Synribo,88,480340.96,20.0,88.0,920,2021
Omacetaxine Mepesuccinate,Synribo,137,700627.11,30.0,137.0,810,2022
Omacetaxine Mepesuccinate,Synribo,84,501315.6,20.0,84.0,578,2023
Omadacycline Tosylate,Nuzyra,121,786483.09,44.0,125.1,1956,2019
Omadacycline Tosylate,Nuzyra,349,2309897.4900000007,131.0,349.0,5657,2020
Omadacycline Tosylate,Nuzyra,847,6904692.0600000005,327.0,856.4,15662,2021
Omadacycline Tosylate,Nuzyra,1613,14491239.75,630.0,1644.2,30319,2022
Omadacycline Tosylate,Nuzyra,2638,26216850.220000003,1043.0,2677.2,50621,2023
Omadacycline Tosylate,Nuzyra,3804,44094096.44000001,1431.0,3950.1,86578,2024
Omalizumab,Xolair,35112,112434517.42,7970.0,36127.4,996728,2019
Omalizumab,Xolair,38984,117822531.70999996,8575.0,40115.1,1104377,2020
Omalizumab,Xolair,43485,129488864.44,9297.0,44398.0,1222407,2021
Omalizumab,Xolair,56920,171981172.20000002,11579.0,57988.99999999999,1600863,2022
Omalizumab,Xolair,65825,211060365.87999997,13240.0,67032.90000000001,1853086,2023
Omalizumab,Xolair,80363,262078874.82999995,15611.0,82411.8,2288398,2024
Omaveloxolone,Skyclarys,569,17911648.45,148.0,571.0,17130,2023
Omaveloxolone,Skyclarys,2390,74768134.81999996,646.0,2403.0,71971,2024
Omega-3 Acid Ethyl Esters,Omega-3 Acid Ethyl Esters,690383,85838245.90000002,194332.0,1104773.0,32716144,2019
Omega-3 Acid Ethyl Esters,Omega-3 Acid Ethyl Esters,565553,59142927.89000001,156554.0,960450.4,28445783,2020
Omega-3 Acid Ethyl Esters,Omega-3 Acid Ethyl Esters,531739,51778656.15,149938.0,932148.0,27615871,2021
Omega-3 Acid Ethyl Esters,Omega-3 Acid Ethyl Esters,508337,47196597.45,142801.0,897351.4000000001,26538114,2022
Omega-3 Acid Ethyl Esters,Omega-3 Acid Ethyl Esters,529271,46229637.02000001,149238.0,950506.9,28119845,2023
Omega-3 Acid Ethyl Esters,Omega-3 Acid Ethyl Esters,612648,40695408.30999999,175174.0,1104069.9,32651890,2024
Omeprazole,Omeprazole,27271798,395916521.31999993,7761968.0,53886596.4,1594138536,2019
Omeprazole,Omeprazole,28129943,389928206.1599999,8020197.0,58139003.900000006,1720749301,2020
Omeprazole,Omeprazole,27416609,426983935.07,8116025.0,58495064.29999999,1732206646,2021
Omeprazole,Omeprazole,27081531,388390244.9,8197546.0,59016035.80000001,1747289788,2022
Omeprazole,Omeprazole,27230410,409186968.73000014,8327945.0,60224877.90000001,1782741511,2023
Omeprazole,Omeprazole,27948661,355899522.19999987,8566026.0,62492871.79999998,1848879132,2024
Omeprazole Magnesium,Prilosec,1840,943584.19,545.0,1844.2,29217,2019
Omeprazole Magnesium,Prilosec,1909,1057739.91,590.0,1909.3,33183,2020
Omeprazole Magnesium,Prilosec,1655,1091697.0099999998,525.0,1661.8,31064,2021
Omeprazole Magnesium,Prilosec,1478,1205140.1999999995,465.0,1479.5,30718,2022
Omeprazole Magnesium,Prilosec,1369,1228424.9100000004,495.0,1371.7,30353,2023
Omeprazole Magnesium,Prilosec,1093,1027565.25,370.0,1093.3,22873,2024
Omeprazole/Amoxicill/Rifabutin,Talicia,53,35218.11,46.0,53.0,742,2020
Omeprazole/Amoxicill/Rifabutin,Talicia,288,198844.06000000003,279.0,288.9,4067,2021
Omeprazole/Amoxicill/Rifabutin,Talicia,585,429298.0,553.0,585.4,8252,2022
Omeprazole/Amoxicill/Rifabutin,Talicia,592,474291.64,562.0,592.0,8299,2023
Omeprazole/Amoxicill/Rifabutin,Talicia,387,299660.88,383.0,390.7,5578,2024
Omeprazole/Clarith/Amoxicillin,Omeclamox-Pak,22,14938.87,22.0,22.0,224,2019
Omeprazole/Clarith/Amoxicillin,Omeclamox-Pak,24,17772.22,24.0,24.0,320,2020
Omeprazole/Sodium Bicarbonate,Omeprazole-Sodium Bicarbonate,66567,120222736.87,17110.0,88135.80000000002,2621998,2019
Omeprazole/Sodium Bicarbonate,Omeprazole-Sodium Bicarbonate,68633,99781984.79999998,16316.0,90472.6,2692656,2020
Omeprazole/Sodium Bicarbonate,Omeprazole-Sodium Bicarbonate,57693,90463856.14,13135.0,73458.5,2186655,2021
Omeprazole/Sodium Bicarbonate,Omeprazole-Sodium Bicarbonate,61142,128569210.32999998,12828.0,76369.60000000002,2273517,2022
Omeprazole/Sodium Bicarbonate,Omeprazole-Sodium Bicarbonate,65983,145120170.68999997,13371.0,82032.69999999997,2425279,2023
Omeprazole/Sodium Bicarbonate,Konvomep,77726,101128660.32999995,15856.0,93456.30000000002,2706921,2024
Onabotulinumtoxina,Botox,28495,38195930.72000001,10489.0,76157.0,2272436,2019
Onabotulinumtoxina,Botox,30719,40732453.17,11358.0,83335.0,2490285,2020
Onabotulinumtoxina,Botox,35790,49633024.22000001,13143.0,98430.6,2941517,2021
Onabotulinumtoxina,Botox,48337,68914506.56,17797.0,134300.80000000002,4017532,2022
Onabotulinumtoxina,Botox,60609,87571338.19,22563.0,170057.7,5087862,2023
Onabotulinumtoxina,Botox,71233,98448339.87,26596.0,200029.3,5991146,2024
Ondansetron,Ondansetron Odt,1328527,24304749.7,842821.0,1349027.8,13692555,2019
Ondansetron,Ondansetron Odt,1392524,30094386.329999994,820510.0,1420009.5999999996,15600838,2020
Ondansetron,Ondansetron Odt,1693548,33485743.2,1026022.0,1727496.8999999997,19169204,2021
Ondansetron,Ondansetron Odt,2196721,50090540.41999999,1372036.0,2242874.4999999995,24750819,2022
Ondansetron,Ondansetron Odt,2836105,48348169.28,1791804.0,2896420.3,31380239,2023
Ondansetron,Ondansetron Odt,3506824,52588894.36000001,2216461.0,3584572.1999999997,38764526,2024
Ondansetron Hcl,Ondansetron Hcl,2220171,38194803.49,1105889.0,2279955.1,28928085,2019
Ondansetron Hcl,Ondansetron Hcl,2285915,45407580.16,1107645.0,2358273.7,31132584,2020
Ondansetron Hcl,Ondansetron Hcl,2414143,42494636.74,1208426.0,2492612.6,33089733,2021
Ondansetron Hcl,Ondansetron Hcl,2511915,50301161.14000001,1292819.0,2596334.899999999,34266694,2022
Ondansetron Hcl,Ondansetron Hcl,2816054,43187753.92999999,1497864.0,2907930.199999999,37181484,2023
Ondansetron Hcl,Ondansetron Hcl,3063170,54225868.74999999,1656110.0,3165544.3,39930148,2024
Ondansetron Hcl/Pf,Ondansetron Hcl,14191,178162.35000000003,4693.0,14223.2,152731,2019
Ondansetron Hcl/Pf,Ondansetron Hcl,12787,174752.7000000001,3745.0,12820.8,151337,2020
Ondansetron Hcl/Pf,Ondansetron Hcl,13157,194134.21000000008,3772.0,13201.7,162011,2021
Ondansetron Hcl/Pf,Ondansetron Hcl,14224,203223.12,4183.0,14284.9,177520,2022
Ondansetron Hcl/Pf,Ondansetron Hcl,15707,201383.94,4872.0,15762.4,199456,2023
Ondansetron Hcl/Pf,Ondansetron Hcl,18253,210902.7799999999,5753.0,18312.7,227489,2024
Opicapone,Ongentys,155,111206.47,71.0,187.0,5594,2020
Opicapone,Ongentys,5972,4586860.67,1542.0,7597.2,226168,2021
Opicapone,Ongentys,9692,8162347.289999999,2274.0,12841.7,376364,2022
Opicapone,Ongentys,12113,11059200.69,2866.0,16295.999999999998,471282,2023
Opicapone,Ongentys,11707,10444348.329999996,2940.0,16529.8,477332,2024
Opium Tincture,Opium Tincture,3295,1760154.3300000003,1185.0,3416.8,93781,2019
Opium Tincture,Opium Tincture,3742,1753650.0199999998,1340.0,3925.000000000001,109212,2020
Opium Tincture,Opium Tincture,3577,1448326.5399999998,1260.0,3752.8999999999983,105910,2021
Opium Tincture,Opium Tincture,3478,1495796.0099999993,1265.0,3652.6,102542,2022
Opium Tincture,Opium Tincture,2925,1334804.5799999998,1059.0,3026.9000000000005,85289,2023
Opium Tincture,Opium Tincture,2744,957294.6699999996,945.0,2857.0000000000005,80289,2024
Opium/Belladonna Alkaloids,Belladonna-Opium,105,50341.8,35.0,105.0,1484,2019
Opium/Belladonna Alkaloids,Belladonna-Opium,174,119998.05000000005,55.0,174.0,2286,2020
Opium/Belladonna Alkaloids,Belladonna-Opium,67,51046.33,25.0,67.0,1072,2021
Opium/Belladonna Alkaloids,Belladonna-Opium,12,7217.76,5.0,12.0,144,2022
Oritavancin Diphosphate,Orbactiv,65,162169.1,10.0,65.0,332,2019
Oritavancin Diphosphate,Orbactiv,13,39730.3,5.0,13.0,390,2020
Oritavancin Diphosphate,Orbactiv,110,322385.19,55.0,110.0,714,2021
Oritavancin Diphosphate,Orbactiv,81,232586.75,25.0,81.0,343,2022
Oritavancin Diphosphate,Kimyrsa,61,309333.69,17.0,61.0,335,2023
Oritavancin Diphosphate,Kimyrsa,26,134685.03,10.0,26.0,146,2024
Orlistat,Xenical,88,58041.79,35.0,88.0,2605,2019
Orlistat,Xenical,118,72175.64,45.0,118.0,3265,2020
Orlistat,Xenical,96,55735.880000000005,35.0,96.0,2672,2021
Orlistat,Xenical,65,47006.50000000001,20.0,65.2,1891,2022
Orlistat,Xenical,24,17201.28,10.0,24.0,694,2023
Orphenadrine Citrate,Orphenadrine Citrate Er,23384,820671.14,10147.0,25324.5,632176,2019
Orphenadrine Citrate,Orphenadrine Citrate Er,15248,794711.27,5518.0,16610.399999999998,424147,2020
Orphenadrine Citrate,Orphenadrine Citrate Er,13036,669351.9299999998,4958.0,14228.2,352285,2021
Orphenadrine Citrate,Orphenadrine Citrate Er,16022,889442.1999999998,6860.0,17027.7,380674,2022
Orphenadrine Citrate,Orphenadrine Citrate Er,19539,904655.84,9377.0,20521.8,430887,2023
Orphenadrine Citrate,Orphenadrine Citrate Er,29223,939380.74,16958.0,30467.300000000003,604791,2024
Orphenadrine/Aspirin/Caffeine,Orphenadrine-Aspirin-Caffeine,57,91537.07,15.0,57.0,1710,2020
Orphenadrine/Aspirin/Caffeine,Norgesic Forte,1328,3394221.059999999,574.0,1477.0,44173,2021
Orphenadrine/Aspirin/Caffeine,Norgesic Forte,619,1898068.05,380.0,665.0,19617,2022
Orphenadrine/Aspirin/Caffeine,Norgesic Forte,965,2960948.44,437.0,997.0,28983,2023
Orphenadrine/Aspirin/Caffeine,Norgesic Forte,2156,6005624.04,767.0,2272.1,65581,2024
Oseltamivir Phosphate,Oseltamivir Phosphate,357748,29681212.709999997,320700.0,357776.8,2895129,2019
Oseltamivir Phosphate,Oseltamivir Phosphate,287392,21877767.749999996,251592.0,287428.5,2413239,2020
Oseltamivir Phosphate,Oseltamivir Phosphate,22890,1151503.5000000002,19904.0,22898.8,154808,2021
Oseltamivir Phosphate,Oseltamivir Phosphate,156594,8300745.3999999985,140999.0,156622.4,1095930,2022
Oseltamivir Phosphate,Oseltamivir Phosphate,86816,4084309.990000001,77102.0,86837.59999999999,577427,2023
Oseltamivir Phosphate,Oseltamivir Phosphate,164589,6743584.879999999,149099.0,164606.1,1175289,2024
Osilodrostat Phosphate,Isturisa,16,341460.0,5.0,16.0,424,2020
Osilodrostat Phosphate,Isturisa,314,5472017.699999999,110.0,319.5,9362,2021
Osilodrostat Phosphate,Isturisa,532,8355446.539999998,170.0,549.7,15738,2022
Osilodrostat Phosphate,Isturisa,977,23069415.08000001,260.0,1022.0,28302,2023
Osilodrostat Phosphate,Isturisa,1719,48850910.3,466.0,1779.9,49612,2024
Osimertinib Mesylate,Tagrisso,29511,457955540.3299999,6933.0,29713.2,885411,2019
Osimertinib Mesylate,Tagrisso,38291,609433637.9200002,8803.0,38642.00000000001,1153273,2020
Osimertinib Mesylate,Tagrisso,43101,700626112.8000001,9760.0,43489.2,1299804,2021
Osimertinib Mesylate,Tagrisso,50925,846998820.4999998,11286.0,51376.19999999999,1536105,2022
Osimertinib Mesylate,Tagrisso,56755,981426965.0999998,12431.0,57307.90000000001,1714416,2023
Osimertinib Mesylate,Tagrisso,79546,1338277910.83,16408.0,80358.1,2404292,2024
Ospemifene,Osphena,2811,793323.2700000005,998.0,3821.8,110730,2019
Ospemifene,Osphena,4658,1480329.6799999997,1607.0,6700.900000000001,197021,2020
Ospemifene,Osphena,4999,1715510.03,1735.0,7371.0,218223,2021
Ospemifene,Osphena,4786,1690800.85,1636.0,6825.5,201229,2022
Ospemifene,Osphena,4288,1626458.93,1447.0,6518.9000000000015,192211,2023
Ospemifene,Osphena,4548,1598656.3699999996,1584.0,6824.400000000001,202176,2024
Oxacillin In Dextrose(Iso-Osm),Oxacillin,46,32668.11,15.0,46.0,211,2019
Oxacillin In Dextrose(Iso-Osm),Oxacillin,25,20088.06,10.0,25.0,129,2020
Oxacillin Sodium,Oxacillin Sodium,1196,735034.5000000003,320.0,1196.4,6439,2019
Oxacillin Sodium,Oxacillin Sodium,1121,708995.71,346.0,1121.0,6103,2020
Oxacillin Sodium,Oxacillin Sodium,866,539478.0599999999,277.0,866.0,4874,2021
Oxacillin Sodium,Oxacillin Sodium,1126,772736.61,330.0,1126.0,6532,2022
Oxacillin Sodium,Oxacillin Sodium,1228,838183.5,361.0,1228.1,6974,2023
Oxacillin Sodium,Oxacillin Sodium,973,591971.15,286.0,973.0,5791,2024
Oxaliplatin,Oxaliplatin,1044,848259.79,249.0,1066.0,25452,2019
Oxaliplatin,Oxaliplatin,1363,490415.79,302.0,1363.4,29988,2020
Oxaliplatin,Oxaliplatin,1256,620931.36,315.0,1259.6,28717,2021
Oxaliplatin,Oxaliplatin,1656,658310.5599999999,398.0,1657.8,39273,2022
Oxaliplatin,Oxaliplatin,2100,796658.5099999999,508.0,2100.4,50192,2023
Oxaliplatin,Oxaliplatin,2360,756208.7099999997,617.0,2361.4,55527,2024
Oxandrolone,Oxandrolone,3470,1945780.3300000003,851.0,3624.1,101406,2019
Oxandrolone,Oxandrolone,2916,1687950.3500000006,698.0,3081.5,90058,2020
Oxandrolone,Oxandrolone,2482,1368374.7900000005,654.0,2633.7000000000003,77056,2021
Oxandrolone,Oxandrolone,2062,1301959.9799999995,516.0,2184.1,64531,2022
Oxandrolone,Oxandrolone,793,496832.25000000006,206.0,844.0,24479,2023
Oxaprozin,Oxaprozin,8591,967584.4000000004,3017.0,10498.000000000002,304915,2019
Oxaprozin,Oxaprozin,7403,712892.38,2632.0,9250.6,271566,2020
Oxaprozin,Oxaprozin,5916,512525.9099999999,2064.0,7367.9,216342,2021
Oxaprozin,Oxaprozin,4570,386655.3599999999,1605.0,5723.400000000001,167153,2022
Oxaprozin,Oxaprozin,4647,330051.48000000004,1723.0,5769.1,166560,2023
Oxaprozin,Oxaprozin,4593,247312.87000000008,1703.0,5762.0,165703,2024
Oxazepam,Oxazepam,31598,2067657.8700000003,10424.0,32664.1,910455,2019
Oxazepam,Oxazepam,28508,1898595.7800000005,9632.0,29466.699999999997,824477,2020
Oxazepam,Oxazepam,24278,1557296.15,8345.0,25070.9,701001,2021
Oxazepam,Oxazepam,19904,1256061.68,7006.0,20472.300000000003,571679,2022
Oxazepam,Oxazepam,16714,1033260.03,5914.0,17122.700000000004,477012,2023
Oxazepam,Oxazepam,14469,836878.44,5146.0,14930.1,410076,2024
Oxcarbazepine,Oxcarbazepine,979946,65059748.97000001,205689.0,1221022.3999999997,34736377,2019
Oxcarbazepine,Oxcarbazepine,987321,71514195.09,205627.0,1279350.5000000002,36527704,2020
Oxcarbazepine,Oxcarbazepine,965846,77193632.49,202850.0,1276054.2999999998,36383154,2021
Oxcarbazepine,Oxcarbazepine,962358,83666465.52000003,202151.0,1278051.3000000005,36319363,2022
Oxcarbazepine,Oxcarbazepine,971167,78422714.84000002,203497.0,1302584.1999999995,36934144,2023
Oxcarbazepine,Oxcarbazepine,995156,72793438.74999999,207121.0,1349674.6,38165787,2024
Oxiconazole Nitrate,Oxiconazole Nitrate,26189,21863802.020000003,9949.0,26899.800000000003,768710,2019
Oxiconazole Nitrate,Oxiconazole Nitrate,17222,13270098.579999998,6782.0,17830.9,504261,2020
Oxiconazole Nitrate,Oxiconazole Nitrate,14892,10868838.98,5335.0,16460.4,477769,2021
Oxiconazole Nitrate,Oxiconazole Nitrate,22349,17036643.350000005,7180.0,25560.5,753937,2022
Oxiconazole Nitrate,Oxiconazole Nitrate,15023,10956714.61,5223.0,17823.100000000002,524536,2023
Oxiconazole Nitrate,Oxiconazole Nitrate,11253,5264784.28,3625.0,12520.7,369120,2024
Oxybutynin,Oxytrol,923,679206.3399999999,335.0,981.1999999999998,26539,2019
Oxybutynin,Oxytrol,891,654135.04,340.0,947.0,25375,2020
Oxybutynin,Oxytrol,573,445636.78,225.0,603.1,16444,2021
Oxybutynin,Oxytrol,544,405789.1700000001,200.0,551.0,14974,2022
Oxybutynin,Oxytrol,615,444250.8299999999,230.0,623.2,16388,2023
Oxybutynin,Oxytrol,346,236959.58,125.0,354.1,9605,2024
Oxybutynin Chloride,Oxybutynin Chloride Er,4753841,191013019.88,1258597.0,7777151.0,225800641,2019
Oxybutynin Chloride,Oxybutynin Chloride,4568051,178659636.14000002,1217006.0,7911502.9,230257702,2020
Oxybutynin Chloride,Oxybutynin Chloride,4365875,160318773.75999993,1213807.0,7813678.9,227265533,2021
Oxybutynin Chloride,Oxybutynin Chloride,4207115,144995361.12,1180631.0,7661084.100000001,222374626,2022
Oxybutynin Chloride,Oxybutynin Chloride Er,4234587,120854468.56999998,1193901.0,7868082.199999999,228297235,2023
Oxybutynin Chloride,Oxybutynin Chloride Er,4231417,85168964.75000001,1193571.0,7914918.399999999,228940298,2024
Oxycodone Hcl,Oxycodone Hcl,7437312,720338120.2300001,2089490.0,7454502.799999999,170989279,2019
Oxycodone Hcl,Oxycodone Hcl,7323310,658629773.69,2048116.0,7337768.100000001,166457268,2020
Oxycodone Hcl,Oxycodone Hcl,7240220,561804355.61,2235982.0,7252873.5,156638783,2021
Oxycodone Hcl,Oxycodone Hcl,7379459,521293375.2599999,2466848.0,7390903.199999997,153020923,2022
Oxycodone Hcl,Oxycodone Hcl,7870077,471694200.57000005,2852169.0,7880780.799999999,156225788,2023
Oxycodone Hcl,Oxycodone Hcl,8541099,405197676.12,3241914.0,8551004.699999997,162999896,2024
Oxycodone Hcl/Acetaminophen,Oxycodone-Acetaminophen,8252659,329915420.73,2460252.0,8270158.999999999,186665841,2019
Oxycodone Hcl/Acetaminophen,Oxycodone-Acetaminophen,8020675,316958170.21,2205503.0,8035124.100000001,186136452,2020
Oxycodone Hcl/Acetaminophen,Oxycodone-Acetaminophen,7938742,273683028.39000005,2252167.0,7951190.299999999,182974768,2021
Oxycodone Hcl/Acetaminophen,Oxycodone-Acetaminophen,7868456,286296640.31,2265735.0,7879283.500000001,180615018,2022
Oxycodone Hcl/Acetaminophen,Oxycodone-Acetaminophen,7818639,300871438.97,2382176.0,7827515.699999999,176374639,2023
Oxycodone Hcl/Acetaminophen,Oxycodone-Acetaminophen,8141132,276767252.39000005,2430931.0,8149559.400000001,184060398,2024
Oxycodone Hcl/Aspirin,Oxycodone Hcl-Aspirin,819,69502.36999999998,325.0,819.0,22430,2019
Oxycodone Hcl/Aspirin,Oxycodone Hcl-Aspirin,269,22119.320000000003,115.0,269.0,6669,2020
Oxycodone Myristate,Xtampza Er,206617,102908093.50999998,52597.0,206692.6,5782000,2019
Oxycodone Myristate,Xtampza Er,254883,138435529.23000002,58392.0,255012.49999999997,7133712,2020
Oxycodone Myristate,Xtampza Er,340071,204945867.59,77720.0,340222.5999999999,9510048,2021
Oxycodone Myristate,Xtampza Er,339913,221651298.25,76620.0,340084.8,9496782,2022
Oxycodone Myristate,Xtampza Er,314976,212688644.08,71742.0,315078.19999999995,8787876,2023
Oxycodone Myristate,Xtampza Er,317492,199608107.70000005,71678.0,317646.5,8843416,2024
Oxymetazoline Hcl,Rhofade,372,212918.65,135.0,384.0,10285,2019
Oxymetazoline Hcl,Rhofade,256,148766.01,88.0,262.0,7518,2020
Oxymetazoline Hcl,Rhofade,415,243476.81,157.0,423.5,12236,2021
Oxymetazoline Hcl,Rhofade,430,257841.01,175.0,439.0,12348,2022
Oxymetazoline Hcl,Rhofade,192,130425.38,77.0,207.0,6150,2023
Oxymetazoline Hcl,Rhofade,41,25930.59,21.0,42.0,1245,2024
Oxymetholone,Anadrol-50,63,145308.5,25.0,67.0,2010,2019
Oxymetholone,Anadrol-50,37,62949.73,15.0,43.0,1290,2020
Oxymorphone Hcl,Oxymorphone Hcl Er,101883,34055544.26999999,23820.0,102095.80000000002,2893054,2019
Oxymorphone Hcl,Oxymorphone Hcl,70022,26038379.85,17027.0,70172.69999999998,1980621,2020
Oxymorphone Hcl,Oxymorphone Hcl,57296,25449914.909999996,14081.0,57407.9,1615981,2021
Oxymorphone Hcl,Oxymorphone Hcl Er,46065,24259288.230000004,11703.0,46134.9,1292879,2022
Oxymorphone Hcl,Oxymorphone Hcl Er,28612,21133048.390000004,7445.0,28638.7,808878,2023
Oxymorphone Hcl,Oxymorphone Hcl Er,21653,14684068.920000006,5926.0,21685.3,612292,2024
Ozanimod Hydrochloride,Zeposia,11,100725.86,5.0,15.2,411,2020
Ozanimod Hydrochloride,Zeposia,1070,8907781.83,295.0,1176.8000000000002,34489,2021
Ozanimod Hydrochloride,Zeposia,2253,19317286.58,665.0,2407.3000000000006,71503,2022
Ozanimod Hydrochloride,Zeposia,3577,33385080.49000001,977.0,3837.8,113812,2023
Ozanimod Hydrochloride,Zeposia,5290,49800813.68,1508.0,5749.2,170152,2024
Paclitaxel,Paclitaxel,613,70061.48999999999,160.0,613.2,14105,2019
Paclitaxel,Paclitaxel,624,69374.93,189.0,624.5999999999999,13489,2020
Paclitaxel,Paclitaxel,908,93977.37,255.0,914.6,19732,2021
Paclitaxel,Paclitaxel,1138,123291.78,304.0,1144.1999999999998,23036,2022
Paclitaxel,Paclitaxel,1025,111148.69,273.0,1028.6,22078,2023
Paclitaxel,Paclitaxel,1446,130173.62,414.0,1464.1999999999998,31665,2024
Paclitaxel Protein-Bound,Abraxane,595,4185343.05,160.0,595.0,14892,2019
Paclitaxel Protein-Bound,Abraxane,782,5642617.449999998,208.0,782.0,18390,2020
Paclitaxel Protein-Bound,Abraxane,649,4646056.899999999,145.0,649.0,14344,2021
Paclitaxel Protein-Bound,Abraxane,666,4328985.31,180.0,666.0,13543,2022
Paclitaxel Protein-Bound,Abraxane,522,3627960.86,145.0,522.0,10288,2023
Paclitaxel Protein-Bound,Paclitaxel Protein-Bound,594,3623712.45,162.0,594.0,11586,2024
Pacritinib Citrate,Vonjo,326,6585582.590000001,90.0,326.0,9765,2022
Pacritinib Citrate,Vonjo,1373,30870956.75,433.0,1374.3,40769,2023
Pacritinib Citrate,Vonjo,1946,44146321.87,660.0,1952.0,58538,2024
Palbociclib,Ibrance,129581,1575712718.0199995,25394.0,130010.80000000005,3563326,2019
Palbociclib,Ibrance,145100,1851571274.5800009,26738.0,145694.99999999997,4032944,2020
Palbociclib,Ibrance,120348,1617560041.28,23689.0,120767.5,3326950,2021
Palbociclib,Ibrance,114150,1646105814.92,22745.0,114606.50000000004,3162482,2022
Palbociclib,Ibrance,108311,1693438330.39,21742.0,108727.0,2995331,2023
Palbociclib,Ibrance,111354,1720573794.9899998,22262.0,111793.39999999998,3085707,2024
Paliperidone,Invega,274346,203806572.81,57993.0,285471.7,7550984,2019
Paliperidone,Invega,283381,196413531.49,59159.0,302873.50000000006,8157137,2020
Paliperidone,Paliperidone Er,280640,159254056.84000003,58354.0,301747.8000000001,8161264,2021
Paliperidone,Paliperidone Er,281486,121636493.76999998,58113.0,303673.5000000001,8187682,2022
Paliperidone,Paliperidone Er,295479,113036227.57,58139.0,321335.4,8747782,2023
Paliperidone,Paliperidone Er,310453,61799264.38000002,60617.0,339138.19999999995,9215699,2024
Paliperidone Palmitate,Invega Sustenna,522884,1340823597.59,92727.0,583944.1,16408288,2019
Paliperidone Palmitate,Invega Sustenna,543530,1483737651.2,93816.0,609979.6,17132061,2020
Paliperidone Palmitate,Invega Sustenna,553312,1596630405.7099998,95573.0,616787.3999999999,17301272,2021
Paliperidone Palmitate,Invega Sustenna,560834,1722298162.3500006,97236.0,621705.6,17420519,2022
Paliperidone Palmitate,Invega Sustenna,573917,1898066569.9100003,100602.0,635388.7999999999,17776826,2023
Paliperidone Palmitate,Invega Sustenna,583715,1955780456.8100004,102584.0,647706.5000000002,18073181,2024
Palivizumab,Synagis,13,59118.32,5.0,13.0,364,2020
Palivizumab,Synagis,19,104285.74,5.0,19.0,532,2021
Palivizumab,Synagis,11,68563.97,5.0,11.0,308,2022
Palonosetron Hcl,Palonosetron Hcl,1605,418995.56,358.0,1608.8,35167,2019
Palonosetron Hcl,Palonosetron Hcl,2021,349760.4500000002,471.0,2032.6,43672,2020
Palonosetron Hcl,Palonosetron Hcl,2737,482208.4199999997,660.0,2755.0,60541,2021
Palonosetron Hcl,Palonosetron Hcl,3603,445374.01,922.0,3623.8,83187,2022
Palonosetron Hcl,Palonosetron Hcl,3699,434046.54999999993,951.0,3709.4,84985,2023
Palonosetron Hcl,Palonosetron Hcl,3199,203515.73,883.0,3209.5,70299,2024
Pamidronate Disodium,Pamidronate Disodium,251,11458.259999999998,81.0,392.4,11476,2019
Pamidronate Disodium,Pamidronate Disodium,325,18970.32,80.0,453.0,13098,2020
Pamidronate Disodium,Pamidronate Disodium,405,21254.04,101.0,570.6,15880,2021
Pamidronate Disodium,Pamidronate Disodium,364,20340.34,93.0,512.4,14440,2022
Pamidronate Disodium,Pamidronate Disodium,266,12027.08,71.0,380.4,10545,2023
Pamidronate Disodium,Pamidronate Disodium,107,3982.93,25.0,137.1,3841,2024
Panitumumab,Vectibix,42,327840.54000000004,15.0,42.0,1092,2019
Panitumumab,Vectibix,26,279460.17,10.0,26.0,728,2020
Panitumumab,Vectibix,110,1026135.47,30.0,110.0,2765,2021
Panitumumab,Vectibix,181,1317335.5300000005,40.0,181.0,3554,2022
Panitumumab,Vectibix,200,1738760.7,45.0,200.0,3882,2023
Panitumumab,Vectibix,115,1415310.84,35.0,115.0,2528,2024
Panobinostat Lactate,Farydak,199,1811364.3200000003,65.0,199.0,4383,2019
Panobinostat Lactate,Farydak,213,2032338.99,70.0,213.0,4477,2020
Panobinostat Lactate,Farydak,104,1430093.75,35.0,104.0,2248,2021
Pantoprazole Sodium,Pantoprazole Sodium,17360668,267348613.13999996,5064931.0,32150498.999999996,945759662,2019
Pantoprazole Sodium,Pantoprazole Sodium,19006922,311836930.8699999,5552149.0,36937885.2,1087105770,2020
Pantoprazole Sodium,Pantoprazole Sodium,19974100,362568724.55,6087779.0,39911051.29999999,1174425132,2021
Pantoprazole Sodium,Pantoprazole Sodium,21121153,351086219.5800001,6562154.0,42953350.19999999,1263041770,2022
Pantoprazole Sodium,Pantoprazole Sodium,22538863,369661686.15,7079853.0,46379025.0,1362934835,2023
Pantoprazole Sodium,Pantoprazole Sodium,24450040,310250746.65000004,7704185.0,50741937.20000001,1488963881,2024
Parathyroid Hormone,Natpara,1355,14735810.59,400.0,1416.6,39906,2019
Paregoric,Paregoric,337,105881.5,105.0,338.90000000000003,6003,2019
Paregoric,Paregoric,11,1092.0,5.0,11.0,120,2020
Parenteral Amino Acid 10% No.4,Freamine Iii,35,8684.289999999999,15.0,35.0,201,2019
Parenteral Amino Acid 10% No.4,Freamine Iii,11,479.65,5.0,11.0,28,2020
Parenteral Amino Acid 10% No.6,Travasol,1683,286992.35000000003,285.0,1683.0,10957,2019
Parenteral Amino Acid 10% No.6,Travasol,1800,310323.1500000001,310.0,1800.0,11303,2020
Parenteral Amino Acid 10% No.6,Travasol,1014,161961.07,190.0,1014.0,5980,2021
Parenteral Amino Acid 10% No.6,Travasol,376,75359.79999999999,80.0,376.0,2346,2022
Parenteral Amino Acid 10% No.6,Travasol,101,18213.06,25.0,101.0,694,2023
Parenteral Amino Acid 10% No.6,Travasol,51,12496.91,10.0,51.0,210,2024
Parenteral Amino Acid 10% No.7,Premasol,51,418418.81,10.0,51.0,1458,2019
Parenteral Amino Acid 10% No.7,Premasol,12,106894.56,5.0,12.0,360,2020
Parenteral Amino Acid 10% No.7,Premasol,12,111198.27,5.0,12.0,360,2021
Parenteral Amino Acid 10% No.7,Premasol,22,215209.03,10.0,22.0,660,2023
Parenteral Amino Acid 10% No.7,Premasol,32,358049.39,10.0,32.0,929,2024
Parenteral Amino Acid 15% No.1,Plenamine,18,2164.18,5.0,18.0,121,2019
Parenteral Amino Acid 15% No.1,Plenamine,38,5596.53,10.0,38.0,71,2021
Parenteral Amino Acid 15% No.2,Aminosyn Ii,27,1501.11,5.0,27.0,188,2019
Parenteral Amino Acid 15% No.2,Aminosyn Ii,12,358.62,5.0,12.0,84,2020
Parenteral Amino Acid 15% No.5,Clinisol,21933,3461966.99,2440.0,21933.0,148878,2019
Parenteral Amino Acid 15% No.5,Clinisol,22150,3461580.879999999,2535.0,22150.9,149978,2020
Parenteral Amino Acid 15% No.5,Clinisol,22574,3565378.09,2784.0,22574.0,154374,2021
Parenteral Amino Acid 15% No.5,Clinisol,21197,3233649.72,2620.0,21197.0,144647,2022
Parenteral Amino Acid 15% No.5,Clinisol,14452,2319163.99,2175.0,14452.0,97920,2023
Parenteral Amino Acid 15% No.5,Clinisol,12401,2039994.5400000005,1840.0,12401.0,84227,2024
Parenteral Amino Acid 15% No.6,Plenamine,68,12606.78,20.0,68.0,458,2019
Parenteral Amino Acid 15% No.6,Plenamine,339,29768.370000000003,55.0,339.0,1949,2020
Parenteral Amino Acid 15% No.6,Plenamine,348,34406.369999999995,60.0,348.0,2028,2021
Parenteral Amino Acid 15% No.6,Plenamine,345,44797.69,70.0,345.0,2349,2022
Parenteral Amino Acid 15% No.6,Plenamine,299,31179.69,60.0,299.0,2103,2023
Parenteral Amino Acid 15% No.6,Plenamine,317,35114.0,65.0,317.0,2193,2024
Parenteral Amino Acid 20% No.1,Prosol,189261,33531666.65,13175.0,189262.4,1312471,2019
Parenteral Amino Acid 20% No.1,Prosol,159703,27071866.3,12118.0,159703.1,1107887,2020
Parenteral Amino Acid 20% No.1,Prosol,124238,20724481.67999999,10535.0,124238.0,860588,2021
Parenteral Amino Acid 20% No.1,Prosol,107464,18079934.559999995,9639.0,107464.0,743657,2022
Parenteral Amino Acid 20% No.1,Prosol,94633,14988963.839999996,8934.0,94633.0,654310,2023
Parenteral Amino Acid 20% No.1,Prosol,95781,16039784.71,9053.0,95781.0,660045,2024
Paricalcitol,Paricalcitol,35835,5881110.25,9054.0,57806.99999999999,1666409,2019
Paricalcitol,Paricalcitol,28490,4300258.68,7294.0,47661.600000000006,1385255,2020
Paricalcitol,Paricalcitol,22267,3139046.1800000006,5946.0,39708.8,1157124,2021
Paricalcitol,Paricalcitol,19370,3068405.73,5410.0,35575.600000000006,1036193,2022
Paricalcitol,Paricalcitol,17868,2578847.01,4909.0,32789.50000000001,954396,2023
Paricalcitol,Paricalcitol,17509,1820002.7800000007,4805.0,32491.6,945287,2024
Paromomycin Sulfate,Paromomycin Sulfate,137,20105.52,107.0,139.1,1716,2019
Paromomycin Sulfate,Paromomycin Sulfate,44,9092.12,29.0,44.0,702,2020
Paromomycin Sulfate,Paromomycin Sulfate,14,4762.91,5.0,14.0,185,2021
Paroxetine Hcl,Paroxetine Hcl,3346167,50189955.43999999,732770.0,5760765.399999999,169392148,2019
Paroxetine Hcl,Paroxetine Hcl,3169789,48009739.20000001,691898.0,5671855.1000000015,166956936,2020
Paroxetine Hcl,Paroxetine Hcl,2967549,45848682.33,665637.0,5447957.000000001,160298146,2021
Paroxetine Hcl,Paroxetine Hcl,2837149,44348263.38,641779.0,5281230.699999999,155192605,2022
Paroxetine Hcl,Paroxetine Hcl,2757760,43054799.14999999,625255.0,5194361.200000001,152421536,2023
Paroxetine Hcl,Paroxetine Hcl,2711440,37390918.27999999,614841.0,5179556.599999999,151741949,2024
Paroxetine Mesylate,Pexeva,1610,521308.3099999998,565.0,1714.1,50302,2019
Paroxetine Mesylate,Brisdelle,1517,513553.9700000001,535.0,1662.0,48939,2020
Paroxetine Mesylate,Brisdelle,1248,445549.27,450.0,1335.0,38455,2021
Paroxetine Mesylate,Paroxetine Mesylate,868,333485.99000000005,305.0,945.0,25804,2022
Paroxetine Mesylate,Paroxetine Mesylate,431,84971.16000000002,165.0,454.0,12405,2023
Paroxetine Mesylate,Paroxetine Mesylate,330,40265.03,130.0,341.2,9317,2024
Pasireotide Diaspartate,Signifor,28,390388.32,10.0,28.0,812,2020
Pasireotide Diaspartate,Signifor,12,184595.64,5.0,12.0,360,2021
Pasireotide Diaspartate,Signifor,24,394207.76,10.0,24.0,720,2022
Pasireotide Diaspartate,Signifor,13,234337.44,5.0,13.0,390,2023
Pasireotide Diaspartate,Signifor,60,1176338.06,25.0,60.0,1670,2024
Pasireotide Pamoate,Signifor Lar,35,432000.19,15.0,35.0,1004,2019
Pasireotide Pamoate,Signifor Lar,50,702771.14,20.0,50.0,1424,2020
Pasireotide Pamoate,Signifor Lar,81,1169791.72,35.0,81.0,2300,2021
Pasireotide Pamoate,Signifor Lar,140,2179057.83,50.0,145.8,4234,2022
Pasireotide Pamoate,Signifor Lar,181,3065495.5600000005,75.0,181.0,5160,2023
Pasireotide Pamoate,Signifor Lar,329,6251747.69,125.0,332.6,9428,2024
Patiromer Calcium Sorbitex,Veltassa,92233,81094297.99,23635.0,107689.70000000004,3061712,2019
Patiromer Calcium Sorbitex,Veltassa,81392,77919663.81,20541.0,97740.7,2792879,2020
Patiromer Calcium Sorbitex,Veltassa,68832,69484307.07000002,18006.0,81703.29999999999,2331558,2021
Patiromer Calcium Sorbitex,Veltassa,68122,71143680.57000001,17994.0,81365.10000000002,2300001,2022
Patiromer Calcium Sorbitex,Veltassa,93363,101680776.2,26097.0,115781.90000000002,3260909,2023
Patiromer Calcium Sorbitex,Veltassa,107301,114961001.32999995,31722.0,142871.00000000003,4047553,2024
"Patisiran Sodium,lipid Complex",Onpattro,52,1000849.38,20.0,52.0,1092,2019
"Patisiran Sodium,lipid Complex",Onpattro,166,4026336.96,55.0,166.0,3486,2020
"Patisiran Sodium,lipid Complex",Onpattro,314,8848408.25,95.0,314.0,6594,2021
"Patisiran Sodium,lipid Complex",Onpattro,415,11757344.749999998,125.0,415.4,8736,2022
"Patisiran Sodium,lipid Complex",Onpattro,245,7470938.859999999,70.0,245.0,5145,2023
"Patisiran Sodium,lipid Complex",Onpattro,205,5784140.63,60.0,205.0,4305,2024
Pazopanib Hcl,Votrient,10705,107932104.41,3199.0,10782.8,315266,2019
Pazopanib Hcl,Votrient,7079,74024611.26000002,2238.0,7123.099999999999,206940,2020
Pazopanib Hcl,Votrient,5490,60422810.22000001,1776.0,5507.899999999999,161001,2021
Pazopanib Hcl,Votrient,4348,49088478.39000001,1445.0,4371.2,129582,2022
Pazopanib Hcl,Votrient,3093,39385256.120000005,1026.0,3103.1,91536,2023
Pazopanib Hcl,Pazopanib Hcl,2584,21266931.53000001,851.0,2590.5,76761,2024
Pedi Multivit No.16 W-Fluoride,Multivitamin With Fluoride,12,43.77,5.0,12.0,360,2021
Pedi Multivit No.17 W-Fluoride,Multivitamin With Fluoride,38,345.68,15.0,38.0,1089,2019
Pedi Multivit No.17 W-Fluoride,Multivitamin With Fluoride,27,271.63,10.0,27.0,675,2020
Pedi Multivit No.17 W-Fluoride,Multivitamin With Fluoride,112,814.1299999999999,45.0,112.6,3055,2023
Pedi Multivit No.17 W-Fluoride,Multivitamin With Fluoride,88,711.7399999999999,25.0,96.5,2765,2024
Pedi Multivit No.2 W-Fluoride,Multivitamin With Fluoride,12,404.81,5.0,12.2,366,2021
Pediatric Multivitamin No.17,Children's Multivitamin,11,76.42,5.0,15.7,431,2022
Pediatric Multivitamin No.17,Children's Multivitamin,17,252.77,5.0,21.7,578,2023
Pediatric Multivitamin No.17,Children's Multivitamin,13,195.04,5.0,17.7,508,2024
"Peg 3350/Sod Sulf,chlr/Pot/Mag",Suflave,968,127097.91,963.0,972.0,2357,2023
"Peg 3350/Sod Sulf,chlr/Pot/Mag",Suflave,20178,2469394.860000001,19757.0,20184.7,44640,2024
Peg3350/Sod Sul/Nacl/Kcl/Asb/C,Moviprep,32169,3372437.930000001,31345.0,32219.4,111434,2019
Peg3350/Sod Sul/Nacl/Kcl/Asb/C,Plenvu,24985,2886785.6,24520.0,25026.7,58999,2020
Peg3350/Sod Sul/Nacl/Kcl/Asb/C,Plenvu,57443,6973107.810000001,56476.0,57479.7,119500,2021
Peg3350/Sod Sul/Nacl/Kcl/Asb/C,Peg3350-Sod Sul-Nacl-Kcl-Asb-C,50539,6547694.459999997,49723.0,50601.8,106335,2022
Peg3350/Sod Sul/Nacl/Kcl/Asb/C,Plenvu,52178,7065956.849999999,51109.0,52217.9,106953,2023
Peg3350/Sod Sul/Nacl/Kcl/Asb/C,Peg3350-Sod Sul-Nacl-Kcl-Asb-C,50568,6480188.340000001,49536.0,50609.3,97664,2024
"Peg3350/Sod Sulf,bicarb,cl/Kcl",Gavilyte-C,754449,12129771.490000004,728664.0,758860.0000000001,1429038,2019
"Peg3350/Sod Sulf,bicarb,cl/Kcl",Gavilyte-G,490345,6859926.620000002,474891.0,493443.79999999993,938394,2020
"Peg3350/Sod Sulf,bicarb,cl/Kcl",Gavilyte-C,372973,5207973.789999999,362533.0,374420.0,621994,2021
"Peg3350/Sod Sulf,bicarb,cl/Kcl",Gavilyte-G,853081,13170196.189999998,827904.0,857021.0,1376266,2022
"Peg3350/Sod Sulf,bicarb,cl/Kcl",Gavilyte-G,1155319,20879120.890000008,1115791.0,1167087.0,2207148,2023
"Peg3350/Sod Sulf,bicarb,cl/Kcl",Gavilyte-G,1255868,20994585.750000007,1207979.0,1263987.200000001,2124563,2024
Pegcetacoplan,Empaveli,290,10878451.54,95.0,290.0,8118,2022
Pegcetacoplan,Empaveli,501,19155367.160000004,195.0,501.0,14070,2023
Pegcetacoplan,Empaveli,455,18592256.56,165.0,455.0,12804,2024
Pegcetacoplan/Pf,Syfovre,302,910129.9300000002,115.0,353.3,9978,2023
Pegcetacoplan/Pf,Syfovre,1538,4548139.14,355.0,1854.0,53104,2024
Pegfilgrastim,Neulasta,8103,60410757.31999999,2185.0,8153.3,174490,2019
Pegfilgrastim,Neulasta,6151,45710100.32,1634.0,6218.2,133431,2020
Pegfilgrastim,Neulasta,5916,43753859.82000001,1541.0,5950.800000000001,126308,2021
Pegfilgrastim,Neulasta,6649,50285840.42999999,1709.0,6664.200000000002,143470,2022
Pegfilgrastim,Neulasta,7083,55255989.72999999,1807.0,7090.099999999999,155347,2023
Pegfilgrastim,Neulasta,9577,65774444.63999999,2462.0,9586.1,204628,2024
Pegfilgrastim-Apgf,Nyvepria,54,220654.4,20.0,54.0,982,2022
Pegfilgrastim-Apgf,Nyvepria,345,1466265.17,90.0,345.0,6531,2023
Pegfilgrastim-Apgf,Nyvepria,1230,4899272.760000001,335.0,1231.1,26455,2024
Pegfilgrastim-Bmez,Ziextenzo,13,56150.62,5.0,13.0,224,2020
Pegfilgrastim-Bmez,Ziextenzo,216,1015795.1,70.0,216.0,4513,2021
Pegfilgrastim-Bmez,Ziextenzo,699,3278928.3400000003,206.0,701.1,15309,2022
Pegfilgrastim-Bmez,Ziextenzo,647,2944919.9700000007,196.0,647.8,13529,2023
Pegfilgrastim-Bmez,Ziextenzo,101,480974.8,40.0,101.0,2165,2024
Pegfilgrastim-Cbqv,Udenyca,124,537828.26,40.0,124.0,2381,2019
Pegfilgrastim-Cbqv,Udenyca,606,2928525.01,172.0,606.0,12643,2020
Pegfilgrastim-Cbqv,Udenyca,695,3368935.26,200.0,695.4,13805,2021
Pegfilgrastim-Cbqv,Udenyca,246,1163395.15,80.0,246.0,4909,2022
Pegfilgrastim-Cbqv,Udenyca,476,2529623.6500000004,157.0,476.8,10656,2023
Pegfilgrastim-Cbqv,Udenyca,2254,9988340.249999998,592.0,2257.7,46908,2024
Pegfilgrastim-Jmdb,Fulphila,142,698678.2,35.0,142.0,3031,2019
Pegfilgrastim-Jmdb,Fulphila,242,1170340.59,70.0,247.4,5110,2020
Pegfilgrastim-Jmdb,Fulphila,440,2019284.55,127.0,450.8,9061,2021
Pegfilgrastim-Jmdb,Fulphila,415,1674706.9999999998,125.0,415.0,7857,2022
Pegfilgrastim-Jmdb,Fulphila,978,4136580.600000001,279.0,978.0,20177,2023
Pegfilgrastim-Jmdb,Fulphila,1515,3308335.6899999985,426.0,1515.0,30949,2024
Pegfilgrastim-Pbbk,Fylnetra,56,163407.58,17.0,56.0,1372,2024
Peginterferon Alfa-2a,Pegasys,1844,6939047.05,489.0,1933.1,51623,2019
Peginterferon Alfa-2a,Pegasys,2672,10011834.5,705.0,2776.7000000000003,74026,2020
Peginterferon Alfa-2a,Pegasys,2682,10227104.749999998,697.0,2792.4,75710,2021
Peginterferon Alfa-2a,Pegasys,3558,13589419.3,958.0,3670.4,98770,2022
Peginterferon Alfa-2a,Pegasys,4138,15868595.280000005,1079.0,4253.699999999999,115248,2023
Peginterferon Alfa-2a,Pegasys,5390,20221042.26,1310.0,5524.700000000001,150413,2024
Peginterferon Alfa-2b,Sylatron,35,267464.73,15.0,35.0,980,2019
Peginterferon Beta-1a,Plegridy Pen,5452,41577698.33999998,1640.0,5825.400000000001,164339,2019
Peginterferon Beta-1a,Plegridy Pen,4889,37875693.45,1500.0,5236.2,147782,2020
Peginterferon Beta-1a,Plegridy,4166,33368062.59,1295.0,4467.099999999999,126038,2021
Peginterferon Beta-1a,Plegridy Pen,3420,27913719.26,1115.0,3604.400000000001,101258,2022
Peginterferon Beta-1a,Plegridy Pen,2466,20965675.51,805.0,2541.1,70928,2023
Peginterferon Beta-1a,Plegridy Pen,2291,19480607.950000003,730.0,2415.4,67772,2024
Pegloticase,Krystexxa,471,17644334.72,150.0,471.8,11041,2019
Pegloticase,Krystexxa,763,27634280.52,202.0,763.0,15859,2020
Pegloticase,Krystexxa,1174,40546830.63,282.0,1179.8,22343,2021
Pegloticase,Krystexxa,2032,81312341.99999999,493.0,2041.1,42645,2022
Pegloticase,Krystexxa,2794,124164828.99999996,665.0,2795.8,62023,2023
Pegloticase,Krystexxa,3656,156245093.41999996,879.0,3668.6,76706,2024
Pegunigalsidase Alfa-Iwxj,Elfabrio,95,3330623.36,25.0,95.0,2436,2024
Pegvaliase-Pqpz,Palynziq,188,2965478.65,60.0,188.7,5376,2019
Pegvaliase-Pqpz,Palynziq,493,10019066.89,140.0,498.8999999999999,14320,2020
Pegvaliase-Pqpz,Palynziq,544,13124605.59,145.0,544.5999999999999,15840,2021
Pegvaliase-Pqpz,Palynziq,525,13119864.080000002,155.0,525.0,15328,2022
Pegvaliase-Pqpz,Palynziq,686,17414726.82,205.0,686.5000000000001,20153,2023
Pegvaliase-Pqpz,Palynziq,704,19815187.21,210.0,704.9,20633,2024
Pegvisomant,Somavert,1628,20526233.95,505.0,1649.6999999999998,48946,2019
Pegvisomant,Somavert,1642,21728418.1,505.0,1681.3000000000002,49827,2020
Pegvisomant,Somavert,1438,19531414.19,430.0,1468.6,43381,2021
Pegvisomant,Somavert,1569,21860434.82,495.0,1584.0,46505,2022
Pegvisomant,Somavert,1567,24019078.11,525.0,1588.9,46949,2023
Pegvisomant,Somavert,1523,21845680.819999997,491.0,1549.5,45773,2024
Pembrolizumab,Keytruda,3339,32656868.049999997,769.0,3339.0,70376,2019
Pembrolizumab,Keytruda,4473,45628546.81999999,949.0,4503.3,95305,2020
Pembrolizumab,Keytruda,5244,55419942.90999999,1061.0,5268.400000000001,111407,2021
Pembrolizumab,Keytruda,6578,75119474.09000002,1338.0,6626.000000000001,141982,2022
Pembrolizumab,Keytruda,8455,101263256.50999998,1590.0,8533.099999999999,183096,2023
Pembrolizumab,Keytruda,10105,117779709.69,1766.0,10209.6,219500,2024
Pemetrexed Disodium,Alimta,1034,5548080.280000001,250.0,1034.0,21823,2019
Pemetrexed Disodium,Alimta,1075,5985176.7700000005,270.0,1075.0,22607,2020
Pemetrexed Disodium,Alimta,1093,6718212.16,250.0,1093.0,22886,2021
Pemetrexed Disodium,Alimta,907,4708326.93,250.0,908.8,19220,2022
Pemetrexed Disodium,Alimta,939,2620734.79,240.0,939.0,19730,2023
Pemetrexed Disodium,Pemetrexed Disodium,1119,1719485.71,293.0,1119.0,23510,2024
Pemigatinib,Pemazyre,52,919878.94,20.0,52.0,840,2020
Pemigatinib,Pemazyre,408,7121838.209999999,135.0,408.0,7476,2021
Pemigatinib,Pemazyre,528,9531453.28,190.0,529.5,11319,2022
Pemigatinib,Pemazyre,493,9078111.04,160.0,493.0,10374,2023
Pemigatinib,Pemazyre,573,10805184.65,200.0,573.0,12126,2024
Pen G Benz/Pen G Procaine,Bicillin C-R,34,4535.84,31.0,34.0,34,2019
Pen G Benz/Pen G Procaine,Bicillin C-R,11,1621.62,5.0,11.0,330,2021
Pen G Benz/Pen G Procaine,Bicillin C-R,34,5752.65,10.0,36.0,976,2022
Pen G Benz/Pen G Procaine,Bicillin C-R,12,2507.33,5.0,13.0,388,2023
Pen G Pot/Dextrose-Water,Penicillin Gk-Iso-Osm Dextrose,13,8138.42,5.0,13.0,92,2019
Pen G Pot/Dextrose-Water,Penicillin Gk-Iso-Osm Dextrose,40,22482.92,10.0,40.0,252,2020
"Pen Needle, Diabetic",Ultra-Fine Mini Pen Needle,3130531,198321194.17000005,1044284.0,5887398.1,172940392,2019
"Pen Needle, Diabetic",Ultra-Fine Mini Pen Needle,3078952,213202405.77999997,1034038.0,5901523.2,173462000,2020
"Pen Needle, Diabetic",Ultra-Fine Mini Pen Needle,2880753,210261291.91000003,1004613.0,5685460.599999999,167296079,2021
"Pen Needle, Diabetic",Ultra-Fine Mini Pen Needle,2794007,218809745.14999995,983000.0,5663048.1000000015,166828557,2022
"Pen Needle, Diabetic",Ultra-Fine Mini Pen Needle,2920035,234669925.0,1044982.0,6079354.4,179239712,2023
"Pen Needle, Diabetic",Ultra-Fine Mini Pen Needle,2962727,247647424.6900001,1073969.0,6333440.4,186852881,2024
"Pen Needle, Diabetic, Safety",Novofine Autocover,163931,11284232.32,37392.0,171140.90000000005,3662151,2019
"Pen Needle, Diabetic, Safety",Novofine Autocover,143210,10690717.529999996,34076.0,151243.09999999998,3431949,2020
"Pen Needle, Diabetic, Safety",Novofine Autocover,124944,10109294.3,31207.0,133264.10000000003,3182498,2021
"Pen Needle, Diabetic, Safety",Novofine Autocover,113208,9457939.27,29229.0,121475.7,2914840,2022
"Pen Needle, Diabetic, Safety",Novofine Autocover,95525,8070672.499999998,24972.0,103510.5,2522802,2023
"Pen Needle, Diabetic, Safety",Comfort Ez Pro Safety Pen Ndl,52672,4793098.850000001,16313.0,59875.2,1500593,2024
"Pen Needle, Diabetic,disp Unit",Ultiguard Safe Pack,335,11250.44,85.0,506.7000000000001,13910,2020
"Pen Needle, Diabetic,disp Unit",Ultiguard Safepack-Pen Needle,510,19569.83,136.0,838.8999999999999,23363,2021
"Pen Needle, Diabetic,disp Unit",Ultiguard Safepack-Pen Needle,363,15924.26,110.0,656.4,18701,2022
"Pen Needle, Diabetic,disp Unit",Ultiguard Safepack-Pen Needle,623,33461.24999999999,190.0,1149.0000000000002,33285,2023
"Pen Needle, Diabetic,disp Unit",Ultiguard Safepack-Pen Needle,3709,233046.86000000004,1279.0,5973.099999999999,171113,2024
"Pen Needle,dual Safety,diabetc",Autoshield Duo Pen Needle,145652,10024861.269999996,36966.0,154073.30000000002,3580126,2019
"Pen Needle,dual Safety,diabetc",Autoshield Duo Pen Needle,153410,11306925.930000003,38545.0,164652.09999999998,3900164,2020
"Pen Needle,dual Safety,diabetc",Autoshield Duo Pen Needle,153227,11953058.649999997,37994.0,166041.60000000003,3952581,2021
"Pen Needle,dual Safety,diabetc",Autoshield Duo Pen Needle,159657,13453513.14,41826.0,173694.19999999998,4212740,2022
"Pen Needle,dual Safety,diabetc",Autoshield Duo Pen Needle,211609,18429712.119999997,52621.0,229487.3000000001,5491860,2023
"Pen Needle,dual Safety,diabetc",Autoshield Duo Pen Needle,273178,25677786.950000003,69430.0,293725.2999999999,7187942,2024
Penciclovir,Denavir,430,387079.26,170.0,440.4,9920,2019
Penciclovir,Denavir,456,413610.35,165.0,461.4,10275,2020
Penciclovir,Denavir,379,341937.33,150.0,379.0,9585,2021
Penciclovir,Denavir,372,334817.50999999995,140.0,374.0,8265,2022
Penciclovir,Denavir,239,194851.91,95.0,257.0,5968,2023
Penciclovir,Penciclovir,273,203513.32,100.0,273.5,5446,2024
Penicillamine,Cuprimine,268,3873306.960000001,85.0,291.8,6004,2019
Penicillamine,Cuprimine,573,5748284.170000002,189.0,603.7,15968,2020
Penicillamine,Penicillamine,443,4085246.97,159.0,465.4,12503,2021
Penicillamine,Penicillamine,423,3466549.9699999997,150.0,447.8,11573,2022
Penicillamine,Penicillamine,446,3943380.71,155.0,465.0,11958,2023
Penicillamine,Penicillamine,641,2847971.96,220.0,655.4,17043,2024
Penicillin G Benzathine,Bicillin L-A,936,552551.03,336.0,1021.0,25371,2019
Penicillin G Benzathine,Bicillin L-A,1026,556828.5499999999,393.0,1103.2999999999995,27176,2020
Penicillin G Benzathine,Bicillin L-A,1000,493675.17,373.0,1083.9,25343,2021
Penicillin G Benzathine,Bicillin L-A,796,385318.05,320.0,840.2,20422,2022
Penicillin G Benzathine,Bicillin L-A,580,290554.08,224.0,594.5999999999999,15011,2023
Penicillin G Benzathine,Bicillin L-A,857,571946.8700000001,340.0,900.3000000000001,20589,2024
Penicillin G Potassium,Penicillin G Potassium,792,303314.96,275.0,793.8,4428,2019
Penicillin G Potassium,Pfizerpen,728,268244.10000000003,230.0,728.0,3911,2020
Penicillin G Potassium,Pfizerpen,634,244513.39,195.0,634.0,3505,2021
Penicillin G Potassium,Pfizerpen,740,212631.63,240.0,740.0,3744,2022
Penicillin G Potassium,Penicillin G Potassium,761,211770.67,240.0,761.0,3799,2023
Penicillin G Potassium,Pfizerpen,739,187371.89,235.0,739.0,4342,2024
Penicillin G Procaine,Penicillin G Procaine,14,1739.22,5.0,14.0,14,2020
Penicillin G Sodium,Penicillin G Sodium,65,14325.84,10.0,65.0,95,2019
Penicillin G Sodium,Penicillin G Sodium,12,17627.88,5.0,12.0,77,2020
Penicillin G Sodium,Penicillin G Sodium,44,63914.39,15.0,44.0,272,2021
Penicillin G Sodium,Penicillin G Sodium,11,10617.51,5.0,11.0,40,2024
Penicillin V Potassium,Penicillin V Potassium,372332,2859200.1700000004,289334.0,378543.8000000001,3401163,2019
Penicillin V Potassium,Penicillin V Potassium,339076,2397092.28,256964.0,346359.30000000005,3244821,2020
Penicillin V Potassium,Penicillin V Potassium,346257,2441038.1100000003,265986.0,353637.5000000001,3270744,2021
Penicillin V Potassium,Penicillin V Potassium,320775,2361208.29,245503.0,328102.4,3065500,2022
Penicillin V Potassium,Penicillin V Potassium,306768,2090789.2800000005,236384.0,314299.4,2956498,2023
Penicillin V Potassium,Penicillin V Potassium,288358,1721578.15,220539.0,296429.6999999999,2852926,2024
Pentamidine Isethionate,Pentam 300,16,2681.4,12.0,16.0,466,2019
Pentamidine Isethionate,Pentamidine Isethionate,76,10677.01,30.0,76.0,1944,2020
Pentamidine Isethionate,Pentamidine Isethionate,61,9569.02,20.0,61.0,1544,2021
Pentamidine Isethionate,Pentamidine Isethionate,28,3634.13,10.0,28.0,683,2022
Pentamidine Isethionate,Pentamidine Isethionate,18,2704.86,5.0,18.0,358,2023
Pentamidine Isethionate,Pentamidine Isethionate,12,1803.24,5.0,12.0,252,2024
Pentazocine Hcl/Naloxone Hcl,Pentazocine-Naloxone Hcl,7418,1260024.5100000002,2332.0,7447.3,178100,2019
Pentazocine Hcl/Naloxone Hcl,Pentazocine-Naloxone Hcl,6874,1221706.1800000002,2141.0,6893.099999999999,173247,2020
Pentazocine Hcl/Naloxone Hcl,Pentazocine-Naloxone Hcl,3395,579227.93,1068.0,3406.9,79686,2021
Pentazocine Hcl/Naloxone Hcl,Pentazocine-Naloxone Hcl,2440,443219.9900000001,866.0,2446.4,63066,2022
Pentazocine Hcl/Naloxone Hcl,Pentazocine-Naloxone Hcl,2083,400425.54999999993,741.0,2096.8,53791,2023
Pentazocine Hcl/Naloxone Hcl,Pentazocine-Naloxone Hcl,2315,366169.48,839.0,2330.8,59961,2024
Pentosan Polysulfate Sodium,Elmiron,50381,49653706.26000001,13720.0,64898.5,1807208,2019
Pentosan Polysulfate Sodium,Elmiron,42453,39841280.31999999,12004.0,52140.3,1449862,2020
Pentosan Polysulfate Sodium,Elmiron,32330,29177141.710000005,9497.0,37728.7,1045006,2021
Pentosan Polysulfate Sodium,Elmiron,23989,23664175.69,7207.0,29036.6,803289,2022
Pentosan Polysulfate Sodium,Elmiron,21607,22221561.03,6594.0,25508.5,708351,2023
Pentosan Polysulfate Sodium,Elmiron,19029,19391554.379999995,5771.0,23154.899999999998,634447,2024
Pentostatin,Nipent,13,70453.99,5.0,13.0,364,2023
Pentoxifylline,Pentoxifylline,266740,6118673.460000002,69660.0,373498.4000000001,10918394,2019
Pentoxifylline,Pentoxifylline,256774,6372137.959999998,66357.0,375327.1,10953122,2020
Pentoxifylline,Pentoxifylline,239272,6452039.3100000005,62701.0,358644.10000000003,10475921,2021
Pentoxifylline,Pentoxifylline,227768,7312109.6499999985,59811.0,344986.20000000007,10068794,2022
Pentoxifylline,Pentoxifylline,225277,7829837.139999999,59450.0,345017.8,10055497,2023
Pentoxifylline,Pentoxifylline,226107,7282874.64,59372.0,349847.6000000001,10164141,2024
Perampanel,Fycompa,33362,33209606.20000001,6861.0,35386.000000000015,977477,2019
Perampanel,Fycompa,37627,40463416.3,7823.0,40697.30000000001,1138832,2020
Perampanel,Fycompa,40598,45011070.85,8408.0,43330.1,1211754,2021
Perampanel,Fycompa,43330,50932301.99000002,8865.0,46472.3,1301586,2022
Perampanel,Fycompa,44964,55773977.76,9351.0,48630.20000000001,1360611,2023
Perampanel,Fycompa,47067,58814268.86999999,9897.0,51062.9,1419246,2024
Perfluorohexyloctane/Pf,Miebo,2685,2829938.31,1507.0,3237.9999999999995,87753,2023
Perfluorohexyloctane/Pf,Miebo,100852,85678537.77000001,31787.0,118049.5,3232267,2024
Perindopril Erbumine,Perindopril Erbumine,5789,271154.20000000007,1893.0,11036.9,328698,2019
Perindopril Erbumine,Perindopril Erbumine,4760,236637.3,1501.0,9927.7,295998,2020
Perindopril Erbumine,Perindopril Erbumine,4361,198849.55,1420.0,9070.399999999998,270292,2021
Perindopril Erbumine,Perindopril Erbumine,4133,195526.05,1305.0,8495.5,251882,2022
Perindopril Erbumine,Perindopril Erbumine,3942,216070.24,1203.0,8288.2,243783,2023
Perindopril Erbumine,Perindopril Erbumine,4107,210070.94,1273.0,8857.0,260628,2024
Permethrin,Permethrin,56320,4355448.100000002,33188.0,56617.9,386061,2019
Permethrin,Permethrin,41378,3063083.25,23362.0,41611.4,316120,2020
Permethrin,Permethrin,44517,3091420.830000001,25480.0,44789.8,332930,2021
Permethrin,Permethrin,40900,2698156.859999999,23945.0,41282.1,414994,2022
Permethrin,Permethrin,49156,3125356.09,28681.0,49729.30000000001,510881,2023
Permethrin,Permethrin,51756,3128511.900000001,29755.0,52386.7,516653,2024
Perphenazine,Perphenazine,214532,15547503.18,44095.0,237152.50000000003,6587595,2019
Perphenazine,Perphenazine,202860,13625281.490000006,41591.0,225607.00000000003,6289452,2020
Perphenazine,Perphenazine,183057,12756098.66,37628.0,204908.4,5694809,2021
Perphenazine,Perphenazine,165331,11501585.350000003,34997.0,184812.70000000007,5127446,2022
Perphenazine,Perphenazine,150519,10009578.019999998,31966.0,168838.80000000005,4646160,2023
Perphenazine,Perphenazine,140105,7701149.81,30242.0,157013.20000000004,4292587,2024
Perphenazine/Amitriptyline Hcl,Perphenazine-Amitriptyline,1819,129332.6,691.0,1949.8,51968,2019
Perphenazine/Amitriptyline Hcl,Perphenazine-Amitriptyline,1055,82326.77000000002,415.0,1132.5,33240,2020
Perphenazine/Amitriptyline Hcl,Perphenazine-Amitriptyline,1337,106742.88,525.0,1383.1,40274,2021
Perphenazine/Amitriptyline Hcl,Perphenazine-Amitriptyline,1042,91458.89999999997,416.0,1136.5,33006,2022
Perphenazine/Amitriptyline Hcl,Perphenazine-Amitriptyline,944,95600.02,383.0,1127.5,33009,2023
Perphenazine/Amitriptyline Hcl,Perphenazine-Amitriptyline,885,68424.53,351.0,1045.2,30086,2024
Pertuzumab,Perjeta,809,4442261.44,230.0,809.0,17060,2019
Pertuzumab,Perjeta,853,4958923.48,255.0,853.0,17942,2020
Pertuzumab,Perjeta,589,3604891.48,180.0,589.0,12343,2021
Pertuzumab,Perjeta,855,5625866.010000004,240.0,855.0,18041,2022
Pertuzumab,Perjeta,887,6416144.17,240.0,887.0,18485,2023
Pertuzumab,Perjeta,918,6258852.379999998,275.0,918.0,19126,2024
Pertuzumab-Trastuzumab-Hy-Zzxf,Phesgo,67,611634.55,25.0,67.0,1463,2022
Pertuzumab-Trastuzumab-Hy-Zzxf,Phesgo,71,627325.66,25.0,71.0,1491,2023
Pertuzumab-Trastuzumab-Hy-Zzxf,Phesgo,185,1591848.61,50.0,185.0,3865,2024
Pexidartinib Hydrochloride,Turalio,11,183700.61,5.0,11.0,330,2020
Pexidartinib Hydrochloride,Turalio,11,176227.19,5.0,11.0,330,2021
Pexidartinib Hydrochloride,Turalio,24,465333.11,10.0,24.0,720,2022
Pexidartinib Hydrochloride,Turalio,36,401168.04,15.0,36.0,1080,2023
Pexidartinib Hydrochloride,Turalio,40,430221.68000000005,15.0,40.0,1200,2024
Phenazopyridine Hcl,Phenazopyridine Hcl,8292,153917.39999999997,5558.0,8309.099999999999,53217,2019
Phenazopyridine Hcl,Phenazopyridine Hcl,2822,84580.82999999997,1381.0,2839.9999999999995,25005,2020
Phenazopyridine Hcl,Phenazopyridine Hcl,2883,56494.76999999998,1599.0,2919.3,21697,2021
Phenazopyridine Hcl,Phenazopyridine Hcl,3385,54280.09,1941.0,3405.3,22964,2022
Phenazopyridine Hcl,Phenazopyridine Hcl,3701,37430.5,2330.0,3734.0,24202,2023
Phenazopyridine Hcl,Phenazopyridine Hcl,5542,50519.17,3822.0,5575.200000000001,35192,2024
Phenelzine Sulfate,Phenelzine Sulfate,5702,487360.42,2035.0,6453.700000000001,179192,2019
Phenelzine Sulfate,Phenelzine Sulfate,4668,365698.29,1685.0,5438.2,148603,2020
Phenelzine Sulfate,Phenelzine Sulfate,3720,267615.7399999999,1355.0,4263.9,119063,2021
Phenelzine Sulfate,Phenelzine Sulfate,3563,273943.47000000003,1280.0,4039.0,109716,2022
Phenelzine Sulfate,Phenelzine Sulfate,3861,279868.03,1365.0,4325.5,114404,2023
Phenelzine Sulfate,Phenelzine Sulfate,3582,238869.56,1245.0,4054.8,106305,2024
Phenobarbital,Phenobarbital,393111,15983690.329999998,87363.0,452798.6999999999,12655195,2019
Phenobarbital,Phenobarbital,359666,14870725.659999996,80858.0,421062.1000000001,11851941,2020
Phenobarbital,Phenobarbital,325999,13615598.249999996,74009.0,385635.3000000001,10896917,2021
Phenobarbital,Phenobarbital,301175,11812521.95,68459.0,358278.0,10066955,2022
Phenobarbital,Phenobarbital,279805,9467072.629999995,64311.0,336620.6,9492959,2023
Phenobarbital,Phenobarbital,264790,7099154.639999998,60822.0,323111.8,9111693,2024
Phenobarbital Sodium,Phenobarbital Sodium,19,9337.55,5.0,19.0,247,2021
Phenobarbital Sodium,Phenobarbital Sodium,13,31446.07,5.0,13.0,310,2023
Phenobarbital Sodium,Phenobarbital Sodium,11,37947.47,5.0,11.0,330,2024
Phenoxybenzamine Hcl,Phenoxybenzamine Hcl,242,1824091.05,85.0,248.4,6670,2019
Phenoxybenzamine Hcl,Phenoxybenzamine Hcl,115,822539.9600000001,45.0,125.0,3668,2020
Phenoxybenzamine Hcl,Phenoxybenzamine Hcl,173,1196224.11,70.0,177.0,5109,2021
Phenoxybenzamine Hcl,Phenoxybenzamine Hcl,146,1151253.85,55.0,148.0,4357,2022
Phenoxybenzamine Hcl,Phenoxybenzamine Hcl,143,1317448.71,55.0,143.2,4087,2023
Phenoxybenzamine Hcl,Phenoxybenzamine Hcl,167,949135.46,65.0,175.0,4662,2024
Phentermine Hcl,Phentermine Hcl,86,671.64,25.0,86.0,2580,2020
Phentermine Hcl,Phentermine Hcl,119,879.59,35.0,119.0,3280,2021
Phentermine Hcl,Phentermine Hcl,245,2793.9300000000003,85.0,265.5,7911,2022
Phentermine Hcl,Phentermine Hcl,314,3780.88,105.0,340.0,10167,2023
Phentermine Hcl,Phentermine Hcl,378,2190.7000000000003,125.0,405.3,12075,2024
Phenylephrine Hcl,Phenylephrine Hcl,1778,89868.20999999998,1658.0,1840.4,24796,2019
Phenylephrine Hcl,Phenylephrine Hcl,1054,45272.84999999999,974.0,1149.8,16766,2020
Phenylephrine Hcl,Phenylephrine Hcl,2125,86952.77,2012.0,2287.2,32753,2021
Phenylephrine Hcl,Phenylephrine Hcl,5409,174703.93,5115.0,5560.0,66867,2022
Phenylephrine Hcl,Phenylephrine Hcl,1324,49256.08999999999,1220.0,1383.4,15669,2023
Phenylephrine Hcl,Phenylephrine Hcl,828,30417.1,770.0,831.5,8406,2024
Phenylephrine Hcl/Prometh Hcl,Promethazine Vc,128,4570.65,83.0,128.0,1159,2019
Phenylephrine Hcl/Prometh Hcl,Promethazine Vc,11,483.67,5.0,11.0,107,2021
Phenylephrine Hcl/Prometh Hcl,Promethazine Vc,116,5621.96,76.0,116.0,1090,2022
Phenylephrine Hcl/Prometh Hcl,Promethazine Vc,89,4127.33,56.0,89.0,880,2023
Phenylephrine Hcl/Prometh Hcl,Promethazine Vc,16,375.37,16.0,16.0,74,2024
Phenytoin,Phenytoin,131933,5273565.040000002,32152.0,139127.8,3341093,2019
Phenytoin,Phenytoin,109270,4315809.399999999,27333.0,116280.89999999997,2814035,2020
Phenytoin,Phenytoin,92751,3629135.3700000006,23912.0,99406.80000000002,2433850,2021
Phenytoin,Phenytoin,81053,3211086.5,21487.0,86728.29999999999,2125039,2022
Phenytoin,Phenytoin,71619,2784834.68,19049.0,76908.29999999999,1867758,2023
Phenytoin,Phenytoin,65894,2522938.44,17563.0,70762.20000000001,1706482,2024
Phenytoin Sodium,Phenytoin Sodium,112,5317.42,30.0,112.0,1603,2019
Phenytoin Sodium,Phenytoin Sodium,59,5290.26,20.0,61.0,1143,2020
Phenytoin Sodium,Phenytoin Sodium,33,3234.31,16.0,33.0,497,2021
Phenytoin Sodium,Phenytoin Sodium,46,4981.81,10.0,46.0,776,2022
Phenytoin Sodium,Phenytoin Sodium,24,2014.7,10.0,24.0,362,2023
Phenytoin Sodium,Phenytoin Sodium,13,336.02,5.0,13.0,91,2024
Phenytoin Sodium Extended,Phenytoin Sodium Extended,805903,44097897.59999999,182848.0,1068306.5000000002,30042587,2019
Phenytoin Sodium Extended,Phenytoin Sodium Extended,693773,40325467.53,160805.0,950242.7000000004,26762339,2020
Phenytoin Sodium Extended,Phenytoin Sodium Extended,595395,34838767.69000001,140971.0,827987.4000000001,23237960,2021
Phenytoin Sodium Extended,Phenytoin Sodium Extended,528358,30227803.7,126680.0,739606.7,20657756,2022
Phenytoin Sodium Extended,Phenytoin Sodium Extended,468723,26610917.59,112780.0,658925.9999999999,18295227,2023
Phenytoin Sodium Extended,Phenytoin Sodium Extended,423462,21617233.61,103335.0,594296.7999999999,16417472,2024
Pilocarpine Hcl,Pilocarpine Hcl,173456,19366885.83000001,55816.0,284542.7,8321668,2019
Pilocarpine Hcl,Pilocarpine Hcl,165204,17855579.659999996,51681.0,280478.2999999999,8221949,2020
Pilocarpine Hcl,Pilocarpine Hcl,157634,14584849.040000005,51338.0,277361.4,8150667,2021
Pilocarpine Hcl,Pilocarpine Hcl,159336,13461966.78,52563.0,288945.8,8499279,2022
Pilocarpine Hcl,Pilocarpine Hcl,163879,13485974.41,54155.0,298487.0,8772293,2023
Pilocarpine Hcl,Pilocarpine Hcl,178238,11599108.449999996,58734.0,325629.4,9537071,2024
Pimavanserin Tartrate,Nuplazid,92092,248336332.53,18449.0,95297.5,2257795,2019
Pimavanserin Tartrate,Nuplazid,104559,333766266.8200001,20914.0,110503.6,2712474,2020
Pimavanserin Tartrate,Nuplazid,106922,379556142.6899999,21402.0,112713.5,2830154,2021
Pimavanserin Tartrate,Nuplazid,106712,418963796.8199999,21468.0,112348.8,2765863,2022
Pimavanserin Tartrate,Nuplazid,111094,473597546.8,21972.0,117530.4,2882650,2023
Pimavanserin Tartrate,Nuplazid,116719,520417377.06,22903.0,125806.60000000003,3108931,2024
Pimecrolimus,Pimecrolimus,9742,5007470.35,4641.0,10398.399999999998,271492,2019
Pimecrolimus,Pimecrolimus,15001,6460212.910000001,6628.0,16183.0,427691,2020
Pimecrolimus,Pimecrolimus,16715,6344486.059999999,7675.0,17835.900000000005,477771,2021
Pimecrolimus,Pimecrolimus,16216,6010573.320000002,7479.0,17405.1,476890,2022
Pimecrolimus,Pimecrolimus,20801,6949778.200000002,9571.0,22438.500000000004,616118,2023
Pimecrolimus,Pimecrolimus,25123,6193571.71,11725.0,27438.800000000003,751698,2024
Pimozide,Pimozide,5221,551801.26,1758.0,5570.5,154827,2019
Pimozide,Pimozide,5079,540314.87,1672.0,5487.799999999997,152216,2020
Pimozide,Pimozide,4584,530876.91,1590.0,4983.799999999999,140985,2021
Pimozide,Pimozide,4343,492557.01,1489.0,4708.4,132959,2022
Pimozide,Pimozide,4523,499718.1699999999,1517.0,4899.899999999998,134625,2023
Pimozide,Pimozide,4291,443330.8500000001,1440.0,4566.599999999999,123250,2024
Pindolol,Pindolol,24938,1589212.97,6800.0,33634.8,961453,2019
Pindolol,Pindolol,12508,1011490.55,3889.0,17937.1,508111,2020
Pindolol,Pindolol,11057,947509.71,3190.0,16383.100000000004,466383,2021
Pindolol,Pindolol,9768,775513.3600000002,2809.0,13999.900000000003,398632,2022
Pindolol,Pindolol,10033,788102.3599999998,2789.0,14634.9,417877,2023
Pindolol,Pindolol,10344,733506.49,2751.0,15458.9,441774,2024
Pioglitazone Hcl,Pioglitazone Hcl,2305930,50254295.91,598366.0,5034020.1000000015,150042805,2019
Pioglitazone Hcl,Pioglitazone Hcl,2409881,49068334.82,638249.0,5526213.000000001,164814759,2020
Pioglitazone Hcl,Pioglitazone Hcl,2483288,47750748.64,684908.0,5881199.9,175471196,2021
Pioglitazone Hcl,Pioglitazone Hcl,2571866,47395248.06,719856.0,6208081.2,185195341,2022
Pioglitazone Hcl,Pioglitazone Hcl,2627208,55188430.33,745801.0,6428972.2,191757097,2023
Pioglitazone Hcl,Pioglitazone Hcl,2760442,36179698.76,784588.0,6782462.499999998,202216568,2024
Pioglitazone Hcl/Glimepiride,Pioglitazone-Glimepiride,882,428564.34,317.0,1457.0,42645,2019
Pioglitazone Hcl/Glimepiride,Pioglitazone-Glimepiride,783,359154.41000000003,261.0,1365.9,39859,2020
Pioglitazone Hcl/Glimepiride,Pioglitazone-Glimepiride,1030,475702.95000000007,316.0,1864.5,55252,2021
Pioglitazone Hcl/Glimepiride,Pioglitazone-Glimepiride,774,386116.7499999999,237.0,1576.1,47047,2022
Pioglitazone Hcl/Glimepiride,Pioglitazone-Glimepiride,821,410415.23,282.0,1639.6,49076,2023
Pioglitazone Hcl/Glimepiride,Pioglitazone-Glimepiride,825,244534.46,300.0,1805.7,53717,2024
Pioglitazone Hcl/Metformin Hcl,Pioglitazone-Metformin,25735,4235838.250000001,8013.0,46520.900000000016,1388472,2019
Pioglitazone Hcl/Metformin Hcl,Pioglitazone-Metformin,20085,2980692.14,6277.0,38717.90000000001,1155831,2020
Pioglitazone Hcl/Metformin Hcl,Pioglitazone-Metformin,16893,2111431.16,5326.0,33499.9,999452,2021
Pioglitazone Hcl/Metformin Hcl,Pioglitazone-Metformin,13714,1588607.4399999997,4295.0,27853.0,831044,2022
Pioglitazone Hcl/Metformin Hcl,Pioglitazone-Metformin,12741,1626754.9400000004,3964.0,26858.0,802174,2023
Pioglitazone Hcl/Metformin Hcl,Pioglitazone-Metformin,13464,931092.59,4038.0,27987.1,835234,2024
Piperacillin Sodium/Tazobactam,Piperacillin-Tazobactam,30983,6118816.130000004,9264.0,30984.6,142261,2019
Piperacillin Sodium/Tazobactam,Piperacillin-Tazobactam,31072,6052350.31,9662.0,31073.4,149007,2020
Piperacillin Sodium/Tazobactam,Piperacillin-Tazobactam,31226,5978509.139999999,9164.0,31226.9,156237,2021
Piperacillin Sodium/Tazobactam,Piperacillin-Tazobactam,30295,6049074.789999998,8986.0,30295.3,151904,2022
Piperacillin Sodium/Tazobactam,Piperacillin-Tazobactam,34786,7157754.870000001,10776.0,34786.6,175361,2023
Piperacillin Sodium/Tazobactam,Piperacillin-Tazobactam,37728,7247098.889999999,12042.0,37730.0,196238,2024
"Piperacillin-Tazo-Dextrose,iso",Zosyn,1727,394861.1,522.0,1727.0,5173,2019
"Piperacillin-Tazo-Dextrose,iso",Zosyn,1016,255597.27999999997,311.0,1016.0,3250,2020
"Piperacillin-Tazo-Dextrose,iso",Zosyn,900,216423.41999999995,272.0,900.0,2764,2021
"Piperacillin-Tazo-Dextrose,iso",Zosyn,451,115443.13999999996,152.0,451.0,1409,2022
"Piperacillin-Tazo-Dextrose,iso",Zosyn,571,141295.79999999996,177.0,571.0,1780,2023
"Piperacillin-Tazo-Dextrose,iso",Zosyn,802,199684.99,232.0,802.0,2440,2024
Pirfenidone,Esbriet,53988,506669073.81999993,11870.0,54955.9,1644299,2019
Pirfenidone,Esbriet,55787,555204980.8899997,12173.0,57605.5,1722159,2020
Pirfenidone,Esbriet,53140,539982788.31,11678.0,54011.8,1614359,2021
Pirfenidone,Esbriet,38696,341710096.06000006,9992.0,39331.600000000006,1173425,2022
Pirfenidone,Pirfenidone,42306,178913081.36999995,10381.0,42976.99999999999,1278864,2023
Pirfenidone,Pirfenidone,47092,119045834.0,10920.0,48216.599999999984,1430576,2024
Piroxicam,Piroxicam,34179,3789232.4300000006,11720.0,41226.49999999999,1200083,2019
Piroxicam,Piroxicam,24737,3973396.090000001,8530.0,30635.4,888607,2020
Piroxicam,Piroxicam,22647,3141504.38,7983.0,27444.300000000003,799384,2021
Piroxicam,Piroxicam,21741,3191391.850000001,7521.0,26207.000000000004,764646,2022
Piroxicam,Piroxicam,24767,4843114.249999999,8567.0,29257.400000000005,850107,2023
Piroxicam,Piroxicam,24306,3292855.23,8603.0,29086.0,845522,2024
Pirtobrutinib,Jaypirca,556,11679518.94,181.0,556.0,16519,2023
Pirtobrutinib,Jaypirca,5114,102600419.06000002,1489.0,5124.0,152944,2024
Pitavastatin Calcium,Livalo,187516,88315845.77999999,49795.0,311947.4000000001,9275306,2019
Pitavastatin Calcium,Livalo,193272,100894520.09,50687.0,340019.5000000001,10119697,2020
Pitavastatin Calcium,Livalo,188843,106900324.39999998,50409.0,342491.49999999994,10198994,2021
Pitavastatin Calcium,Livalo,174905,101711653.78,46557.0,321824.80000000005,9585488,2022
Pitavastatin Calcium,Livalo,148902,87297245.99000001,40253.0,274263.2,8158399,2023
Pitavastatin Calcium,Livalo,121407,41939623.08999999,34870.0,220296.4,6559865,2024
Pitavastatin Magnesium,Zypitamag,24,5603.99,10.0,34.0,995,2019
Pitavastatin Magnesium,Zypitamag,157,45789.37,60.0,225.0,6691,2020
Pitavastatin Magnesium,Zypitamag,103,20938.47,45.0,103.0,3068,2021
Pitavastatin Magnesium,Zypitamag,797,227713.06000000003,290.0,1015.1,29035,2022
Pitavastatin Magnesium,Zypitamag,1431,422327.15,515.0,1845.6,53204,2023
Pitavastatin Magnesium,Zypitamag,1532,412953.3099999999,555.0,2018.3,58690,2024
Pitolisant Hcl,Wakix,12,74369.36,5.0,12.0,224,2019
Pitolisant Hcl,Wakix,1839,16780459.470000003,521.0,1851.1,49987,2020
Pitolisant Hcl,Wakix,3272,34294916.03,925.0,3300.0,94206,2021
Pitolisant Hcl,Wakix,3802,42065327.17999999,1130.0,3864.0,111543,2022
Pitolisant Hcl,Wakix,5312,64207631.27,1459.0,5416.0,156137,2023
Pitolisant Hcl,Wakix,6748,85924648.92,1918.0,6893.0,201343,2024
Plecanatide,Trulance,31207,15791143.7,9224.0,37674.0,1126153,2019
Plecanatide,Trulance,42849,23256298.130000003,12540.0,52724.9,1574212,2020
Plecanatide,Trulance,61458,37287985.41,17704.0,77748.29999999999,2308850,2021
Plecanatide,Trulance,68077,45615853.34000001,19726.0,87136.5,2587606,2022
Plecanatide,Trulance,84123,62508021.260000005,24420.0,111120.19999999998,3305805,2023
Plecanatide,Trulance,86086,62587428.80000001,25361.0,115565.1,3442552,2024
Plerixafor,Mozobil,43,519222.05,32.0,43.0,93,2019
Plerixafor,Mozobil,66,1687597.26,45.0,66.0,196,2020
Plerixafor,Mozobil,90,2294188.93,73.0,90.0,394,2021
Plerixafor,Mozobil,61,1577537.7200000002,53.0,61.0,162,2022
Plerixafor,Mozobil,74,1574299.82,63.0,74.0,239,2023
Plerixafor,Plerixafor,97,334188.16000000003,90.0,97.0,344,2024
Pnv 102/Iron/Folate 1/Dss/Dha,Vitafol Fe+,17,3611.91,5.0,31.0,930,2019
Pnv 11/Iron Fum/Folic Acid/Om3,C-Nate Dha,22,1440.05,10.0,28.0,840,2019
Pnv 11/Iron Fum/Folic Acid/Om3,Virt-Nate Dha,37,2339.33,10.0,37.0,1110,2020
Pnv 11/Iron Fum/Folic Acid/Om3,C-Nate Dha,39,2987.12,15.0,41.0,1230,2021
Pnv 11/Iron Fum/Folic Acid/Om3,Wesnate Dha,12,1192.65,5.0,12.0,360,2023
Pnv 112/Iron/Folic/Om3/Dha/Epa,Vitafol Gummies,55,8010.17,10.0,61.0,1830,2019
Pnv 112/Iron/Folic/Om3/Dha/Epa,Vitafol Gummies,31,5009.94,10.0,39.0,1170,2020
Pnv 112/Iron/Folic/Om3/Dha/Epa,Vitafol Gummies,15,710.79,5.0,15.0,417,2023
Pnv 112/Iron/Folic/Om3/Dha/Epa,Vitafol Gummies,11,539.66,5.0,11.0,308,2024
Pnv 119/Iron Fum/Folic Acid,Se-Natal-19,170,3663.43,55.0,180.2,5355,2019
Pnv 119/Iron Fum/Folic Acid,Se-Natal-19,100,2695.09,35.0,110.0,3046,2020
Pnv 119/Iron Fum/Folic Acid,Se-Natal-19,109,2803.66,45.0,109.0,3208,2021
Pnv 119/Iron Fum/Folic Acid,Se-Natal-19,89,2214.2200000000003,35.0,111.0,2940,2022
Pnv 119/Iron Fum/Folic Acid,Se-Natal-19,97,2028.55,30.0,101.0,2247,2023
Pnv 119/Iron Fum/Folic Acid,Se-Natal 19,96,2004.74,40.0,98.3,2895,2024
"Pnv 30/Iron Carb,ag/Folic/Om3",Ob Complete With Dha,11,959.62,5.0,11.0,321,2020
Pnv 66/Iron/Folic/Docusate/Dha,Pnv-Dha + Docusate,12,588.81,5.0,14.0,420,2019
Pnv 67/Iron Ps/Folate No.1/Dha,Vitafol Ultra,89,12110.82,35.0,94.0,2820,2019
Pnv 67/Iron Ps/Folate No.1/Dha,Vitafol Ultra,47,5965.29,20.0,47.0,1410,2020
Pnv 67/Iron Ps/Folate No.1/Dha,Vitafol Ultra,11,1554.32,5.0,11.0,330,2023
Pnv 69/Iron/Folic/Docusate/Dha,Prenaissance Plus,11,593.67,5.0,11.0,330,2019
Pnv 85/Iron/Folic/Dha/Fish Oil,Ob Complete One,11,1962.62,5.0,11.0,330,2019
Pnv Cmb 52/Iron/Fa/Omega-3/Dha,Complete Natal Dha,24,750.28,10.0,24.0,720,2020
Pnv Cmb 52/Iron/Fa/Omega-3/Dha,Complete Natal Dha,12,427.68,5.0,12.0,360,2021
Pnv Cmb 52/Iron/Fa/Omega-3/Dha,Complete Natal Dha,11,392.04,5.0,11.0,330,2022
Pnv Cmb 52/Iron/Fa/Omega-3/Dha,Complete Natal Dha,34,863.26,15.0,35.0,1050,2023
Pnv Cmb 52/Iron/Fa/Omega-3/Dha,Complete Natal Dha,12,212.16,5.0,12.0,360,2024
Pnv No.118/Iron Fumarate/Fa,Se-Natal 19,137,3415.29,55.0,139.7,4128,2019
Pnv No.118/Iron Fumarate/Fa,Se-Natal 19,82,1829.07,30.0,82.0,2399,2020
Pnv No.118/Iron Fumarate/Fa,Se-Natal 19,129,2892.74,45.0,129.0,3602,2021
Pnv No.118/Iron Fumarate/Fa,Se-Natal 19,128,2893.73,50.0,142.0,3764,2022
Pnv No.118/Iron Fumarate/Fa,Se-Natal 19,144,3262.18,55.0,144.2,3746,2023
Pnv No.118/Iron Fumarate/Fa,Se-Natal 19,160,4454.570000000001,65.0,160.4,4573,2024
Pnv No.162/Iron Glu/Folic Acid,Trinaz,100,284212.78,67.0,106.0,3180,2020
Pnv No.163/Iron/Folate No.10,Pnv Tabs 20-1,13,16446.74,5.0,15.0,450,2022
Pnv No.163/Iron/Folate No.10,Pnv Tabs 20-1,11,14210.74,5.0,13.0,390,2023
"Pnv,calcium 72/Iron,carb/Folic",Prenatal Plus,47,244.39,20.0,47.1,1390,2019
"Pnv,calcium 72/Iron,carb/Folic",Prenatal Plus,12,55.56,5.0,12.0,360,2021
"Pnv,calcium 72/Iron/Folic Acid",Preplus,25047,206827.5199999999,7308.0,28401.800000000003,786080,2019
"Pnv,calcium 72/Iron/Folic Acid",Preplus,29448,262141.17,8272.0,33114.3,900673,2020
"Pnv,calcium 72/Iron/Folic Acid",Preplus,29694,291196.59,8303.0,33043.4,880828,2021
"Pnv,calcium 72/Iron/Folic Acid",Preplus,29237,297770.41,8044.0,32628.800000000007,849032,2022
"Pnv,calcium 72/Iron/Folic Acid",Prenatal Vitamin Plus Low Iron,33994,381601.28,9061.0,37678.70000000001,972343,2023
"Pnv,calcium 72/Iron/Folic Acid",M-Natal Plus,38781,372499.0200000001,10191.0,43092.40000000001,1103633,2024
"Pnv59/Iron,carb,fum/Fa/Dss/Dha",Citranatal Harmony,24,3030.75,10.0,24.0,720,2019
"Pnv72/Iron,gluc/Folic/Dss/Dha",Citranatal 90 Dha,42,6269.67,15.0,50.0,1500,2019
Podofilox,Podofilox,356,30363.46,127.0,359.0,8050,2019
Podofilox,Podofilox,325,19148.740000000005,126.0,325.3,8023,2020
Podofilox,Podofilox,266,14661.97,112.0,269.29999999999995,6056,2021
Podofilox,Podofilox,198,12197.67,95.0,198.7,4425,2022
Podofilox,Podofilox,348,20881.200000000004,145.0,360.0,8966,2023
Podofilox,Podofilox,264,20961.6,119.0,265.0,6403,2024
Polatuzumab Vedotin-Piiq,Polivy,14,143757.74,5.0,14.0,294,2024
"Poliomyelitis Vaccine, Killed",Ipol,2073,87338.30999999998,2001.0,2105.0,4429,2019
"Poliomyelitis Vaccine, Killed",Ipol,857,32590.960000000003,820.0,857.0,1090,2020
"Poliomyelitis Vaccine, Killed",Ipol,505,21073.25,418.0,505.0,563,2021
"Poliomyelitis Vaccine, Killed",Ipol,3201,169561.21,2690.0,3209.0,8907,2022
"Poliomyelitis Vaccine, Killed",Ipol,4925,274823.45,4600.0,4927.0,9812,2023
"Poliomyelitis Vaccine, Killed",Ipol,6998,399266.69,6530.0,7000.0,16036,2024
Polyethylene Glycol 3350,Polyethylene Glycol 3350,150870,3743399.560000001,54996.0,156801.30000000002,4097930,2019
Polyethylene Glycol 3350,Polyethylene Glycol 3350,6321,176216.5000000001,1990.0,6457.099999999999,165315,2020
Polyethylene Glycol 3350,Polyethylene Glycol 3350,120,2426.96,50.0,120.0,3495,2021
Polymyxin B Sulf/Trimethoprim,Polymyxin B Sul-Trimethoprim,207324,1957016.2400000007,168421.0,258381.1,6512279,2019
Polymyxin B Sulf/Trimethoprim,Polymyxin B Sul-Trimethoprim,150576,1361518.5799999994,119559.0,190640.1,4877196,2020
Polymyxin B Sulf/Trimethoprim,Polymyxin B Sul-Trimethoprim,159012,1449861.5000000002,126831.0,203984.8,5270767,2021
Polymyxin B Sulf/Trimethoprim,Polymyxin B Sul-Trimethoprim,161596,1463192.5000000005,128169.0,207270.3,5291350,2022
Polymyxin B Sulf/Trimethoprim,Polymyxin B Sul-Trimethoprim,128929,1270159.5400000005,103999.0,164324.5,4112894,2023
Polymyxin B Sulf/Trimethoprim,Polymyxin B Sul-Trimethoprim,137573,1185019.2000000002,110036.0,173760.59999999998,4297468,2024
Polymyxin B Sulfate,Polymyxin B Sulfate,1300,93422.4,375.0,1304.3,13371,2019
Polymyxin B Sulfate,Polymyxin B Sulfate,1258,83387.70999999999,317.0,1259.0,10914,2020
Polymyxin B Sulfate,Polymyxin B Sulfate,693,44471.06,230.0,693.0,7689,2021
Polymyxin B Sulfate,Polymyxin B Sulfate,199,18762.91,65.0,199.0,1432,2022
Polymyxin B Sulfate,Polymyxin B Sulfate,118,20990.33,30.0,118.0,376,2023
Polymyxin B Sulfate,Polymyxin B Sulfate,68,4919.339999999999,25.0,68.0,546,2024
Pomalidomide,Pomalyst,52779,908625874.0800004,13062.0,52798.3,1444983,2019
Pomalidomide,Pomalyst,62544,1145962941.61,15022.0,62664.7,1718692,2020
Pomalidomide,Pomalyst,66044,1267917788.9799998,15704.0,66058.7,1820978,2021
Pomalidomide,Pomalyst,69130,1393786149.87,16238.0,69141.70000000001,1912372,2022
Pomalidomide,Pomalyst,60269,1302808336.15,14675.0,60282.600000000006,1669188,2023
Pomalidomide,Pomalyst,79949,1738046814.1399996,18415.0,79967.7,2214561,2024
Ponatinib Hcl,Iclusig,1476,35072409.39,520.0,1486.0,43892,2019
Ponatinib Hcl,Iclusig,1509,35562348.44000001,545.0,1509.4,44968,2020
Ponatinib Hcl,Iclusig,1281,30968599.68,470.0,1281.0,38206,2021
Ponatinib Hcl,Iclusig,2106,44534334.400000006,710.0,2109.7,62813,2022
Ponatinib Hcl,Iclusig,2973,62276740.10999999,950.0,2989.0,89072,2023
Ponatinib Hcl,Iclusig,4095,84883356.04,1240.0,4095.5,122004,2024
Ponesimod,Ponvory,158,1456837.0399999998,55.0,163.0,4826,2022
Ponesimod,Ponvory,359,3717608.96,125.0,381.0,11334,2023
Ponesimod,Ponvory,254,2349789.79,95.0,254.0,7588,2024
Posaconazole,Noxafil,5948,35531180.84,1725.0,6160.200000000001,170429,2019
Posaconazole,Posaconazole,8901,40290012.38000001,2565.0,9487.9,269956,2020
Posaconazole,Posaconazole,11687,40635386.99000001,3395.0,12028.1,340819,2021
Posaconazole,Posaconazole,12054,36024696.1,3441.0,12480.4,358546,2022
Posaconazole,Posaconazole,16497,42084501.57,4684.0,16883.4,480939,2023
Posaconazole,Posaconazole,23692,27585458.6,6687.0,24163.2,692265,2024
Potassium Acetate,Potassium Acetate,52,1693.87,15.0,52.0,305,2019
Potassium Acetate,Potassium Acetate,160,7845.0,35.0,160.0,1081,2020
Potassium Acetate,Potassium Acetate,93,9098.37,15.0,93.0,647,2021
Potassium Acetate,Potassium Acetate,44,369.37,5.0,44.0,284,2023
Potassium Acetate,Potassium Acetate,21,683.99,5.0,21.0,127,2024
Potassium Bicarbonate/Cit Ac,Effer-K,1644,42482.74999999999,551.0,1850.2,41188,2019
Potassium Bicarbonate/Cit Ac,Effer-K,1937,37700.83,645.0,2072.5,44818,2020
Potassium Bicarbonate/Cit Ac,Effer-K,1813,41486.62,626.0,1920.6000000000004,43276,2021
Potassium Bicarbonate/Cit Ac,Effer-K,1574,44965.31,537.0,1699.9,37575,2022
Potassium Bicarbonate/Cit Ac,Effer-K,2272,70039.15000000001,782.0,2471.9999999999995,55142,2023
Potassium Bicarbonate/Cit Ac,Effer-K,2274,61917.25,740.0,2465.6,54319,2024
Potassium Chloride,Potassium Chloride,15405427,512974997.2500001,4074334.0,26216467.8,748084092,2019
Potassium Chloride,Potassium Chloride,15032322,500371662.23,3981362.0,26910619.100000005,771157530,2020
Potassium Chloride,Klor-Con M20,14228811,435444299.58,3923375.0,26230103.7,752295395,2021
Potassium Chloride,Klor-Con M20,13833806,408420082.5500001,3862179.0,25755104.2,737317888,2022
Potassium Chloride,Klor-Con M20,13776316,387375545.8099999,3871013.0,25668401.4,733185556,2023
Potassium Chloride,Klor-Con M20,14127105,285741265.37,3978228.0,26473007.0,753834148,2024
Potassium Chloride In 0.9%nacl,Potassium Chl-Normal Saline,963,51427.98,160.0,963.0,6335,2019
Potassium Chloride In 0.9%nacl,Potassium Chl-Normal Saline,992,49635.30000000001,154.0,992.2,6398,2020
Potassium Chloride In 0.9%nacl,Potassium Chloride-0.9% Nacl,814,54781.49,119.0,814.0,5797,2021
Potassium Chloride In 0.9%nacl,Potassium Chloride-0.9% Nacl,877,55195.24,130.0,877.2,6505,2022
Potassium Chloride In 0.9%nacl,Potassium Chloride-0.9% Nacl,884,63369.76,130.0,884.0,7139,2023
Potassium Chloride In 0.9%nacl,Potassium Chloride-0.9% Nacl,614,47947.420000000006,115.0,614.0,5237,2024
Potassium Chloride In D5w,Dextrose 5%-Potassium Chloride,12,216.55,5.0,12.0,19,2019
Potassium Chloride In D5w,Dextrose 5%-Potassium Chloride,13,168.67,5.0,13.0,31,2020
Potassium Chloride In Lr-D5,Potassium Chloride In D5lr,15,555.15,5.0,15.0,157,2020
Potassium Chloride In Lr-D5,Potassium Chloride In D5lr,34,2251.99,10.0,34.0,404,2021
Potassium Chloride In Lr-D5,Potassium Chloride In D5lr,61,7620.67,15.0,61.0,541,2022
Potassium Chloride In Lr-D5,Potassium Chloride In D5lr,22,1537.42,5.0,22.0,286,2023
Potassium Chloride In Water,Potassium Chloride,45,489.25,16.0,45.0,62,2019
Potassium Chloride In Water,Potassium Chloride,31,3396.09,10.0,33.3,309,2020
Potassium Chloride In Water,Potassium Chloride,40,518.63,10.0,40.0,59,2021
Potassium Chloride In Water,Potassium Chloride,14,284.7,5.0,14.0,14,2023
Potassium Chloride In Water,Potassium Chloride,22,821.79,5.0,22.0,158,2024
Potassium Chloride-0.45% Nacl,Potassium Chloride-Nacl,107,4258.6900000000005,33.0,107.0,583,2019
Potassium Chloride-0.45% Nacl,Potassium Chloride-Nacl,16,730.82,5.0,16.0,111,2020
Potassium Chloride-0.45% Nacl,Potassium Chloride-Nacl,103,3728.93,20.0,103.0,421,2021
Potassium Chloride-0.45% Nacl,Potassium Chloride-0.45% Nacl,181,9881.32,35.0,181.0,1122,2022
Potassium Chloride-0.45% Nacl,Potassium Chloride-0.45% Nacl,31,998.3,5.0,31.0,212,2023
Potassium Chloride/D5-0.2%nacl,Dextrose 5%-0.2% Nacl-Kcl,14,613.18,5.0,14.0,42,2020
Potassium Chloride/D5-0.45nacl,Dextrose 5%-0.45% Nacl-Kcl,1041,40295.39,150.0,1041.0,7080,2019
Potassium Chloride/D5-0.45nacl,Dextrose 5%-0.45% Nacl-Kcl,971,33387.56,219.0,971.0,6061,2020
Potassium Chloride/D5-0.45nacl,Dextrose 5%-0.45% Nacl-Kcl,826,30416.15,150.0,837.0,5784,2021
Potassium Chloride/D5-0.45nacl,Dextrose 5%-1/2ns-Kcl,590,23110.92,95.0,590.0,4033,2022
Potassium Chloride/D5-0.45nacl,Kcl-D5w-0.45% Nacl,511,24091.08,65.0,511.0,3850,2023
Potassium Chloride/D5-0.45nacl,Kcl-D5w-0.45% Nacl,601,26303.590000000004,90.0,601.0,4354,2024
Potassium Chloride/D5-0.9%nacl,Dextrose 5%-Ns-Kcl,177,3529.33,30.0,177.0,1399,2019
Potassium Chloride/D5-0.9%nacl,Dextrose 5%-Ns-Kcl,109,3187.02,20.0,109.0,932,2020
Potassium Chloride/D5-0.9%nacl,Dextrose 5%-Ns-Kcl,127,5362.349999999999,25.0,127.0,1066,2021
Potassium Chloride/D5-0.9%nacl,Dextrose 5%-Ns-Kcl,142,7284.369999999999,25.0,142.0,1101,2022
Potassium Chloride/D5-0.9%nacl,Kcl-D5w-0.9% Nacl,178,7883.08,25.0,178.0,1216,2023
Potassium Chloride/D5-0.9%nacl,Kcl-D5w-0.9% Nacl,160,8266.480000000001,30.0,160.0,1061,2024
Potassium Citrate,Potassium Citrate Er,294190,49168925.90000001,79500.0,491675.7000000002,14484223,2019
Potassium Citrate,Potassium Citrate Er,292394,48163063.14,80023.0,516011.9000000001,15237303,2020
Potassium Citrate,Potassium Citrate Er,291873,43899155.18999999,82803.0,536469.4,15857940,2021
Potassium Citrate,Potassium Citrate Er,286884,40676551.38,82975.0,551084.6000000001,16297247,2022
Potassium Citrate,Potassium Citrate Er,298019,38939187.85999999,87618.0,591013.8999999999,17479550,2023
Potassium Citrate,Potassium Citrate Er,331660,30933951.789999995,98204.0,672619.0999999999,19913237,2024
Potassium Citrate/Citric Acid,Potassium Citrate-Citric Acid,316,18212.36,115.0,321.1,7567,2019
Potassium Citrate/Citric Acid,Potassium Citrate-Citric Acid,198,17261.95,75.0,208.4,5258,2020
Potassium Citrate/Citric Acid,Potassium Citrate-Citric Acid,334,21533.8,115.0,346.50000000000006,8040,2021
Potassium Citrate/Citric Acid,Potassium Citrate-Citric Acid,402,23174.21,140.0,410.0,10106,2022
Potassium Citrate/Citric Acid,Potassium Citrate-Citric Acid,441,22139.72,155.0,452.19999999999993,10691,2023
Potassium Citrate/Citric Acid,Potassium Citrate-Citric Acid,188,16675.69,75.0,196.2,4967,2024
Potassium Iodide,Sski,11,4233.24,5.0,11.0,311,2022
"Potassium Phos,m-Basic-D-Basic",Potassium Phosphate,59,8734.5,5.0,59.0,406,2019
"Potassium Phos,m-Basic-D-Basic",Potassium Phosphate,68,10810.58,20.0,68.0,737,2020
"Potassium Phos,m-Basic-D-Basic",Potassium Phosphate,38,5578.07,15.0,38.0,476,2021
"Potassium Phos,m-Basic-D-Basic",Potassium Phosphate,32,2058.23,10.0,32.0,500,2022
"Potassium Phos,m-Basic-D-Basic",Potassium Phosphate,80,6596.290000000001,15.0,80.0,480,2023
"Potassium Phos,m-Basic-D-Basic",Potassium Phosphate,82,10998.34,20.0,82.0,529,2024
"Potassium Phosphate,monobasic",K-Phos Original,634,23729.880000000005,200.0,666.0,14834,2019
"Potassium Phosphate,monobasic",K-Phos Original,826,23525.750000000004,235.0,876.6000000000001,17267,2020
"Potassium Phosphate,monobasic",K-Phos Original,987,33140.77,275.0,1034.0,21368,2021
"Potassium Phosphate,monobasic",K-Phos Original,924,27234.69,260.0,932.2,17107,2022
"Potassium Phosphate,monobasic",K-Phos Original,839,25864.070000000003,225.0,845.0,16248,2023
"Potassium Phosphate,monobasic",K-Phos Original,723,21792.02,220.0,787.0,15380,2024
Povidone-Iodine,Betadine,23,332.37,11.0,23.0,398,2019
Povidone-Iodine,Betadine,16,251.84,12.0,16.0,228,2020
Povidone-Iodine,Betadine,22,330.25,12.0,22.0,67,2021
Povidone-Iodine,Betadine,18,290.24,11.0,18.0,279,2022
Povidone-Iodine,Betadine,15,212.67,5.0,15.0,224,2023
Povidone-Iodine,Betadine,25,406.79,16.0,25.0,407,2024
Pralsetinib,Gavreto,24,373523.89,10.0,24.0,720,2021
Pralsetinib,Gavreto,212,3433872.84,85.0,212.8,6334,2022
Pralsetinib,Gavreto,183,2875402.82,70.0,183.0,5490,2023
Pralsetinib,Gavreto,431,6204174.940000001,150.0,435.0,12890,2024
Pramipexole Di-Hcl,Pramipexole Dihydrochloride,1372370,35720052.01999999,328023.0,2329689.299999999,68112278,2019
Pramipexole Di-Hcl,Pramipexole Dihydrochloride,1342721,36798501.23,323799.0,2405666.7,70506795,2020
Pramipexole Di-Hcl,Pramipexole Dihydrochloride,1291674,31718681.30999999,319672.0,2396524.0000000005,70261802,2021
Pramipexole Di-Hcl,Pramipexole Dihydrochloride,1259961,29774509.140000008,313288.0,2379869.099999999,69713852,2022
Pramipexole Di-Hcl,Pramipexole Dihydrochloride,1258267,29807712.750000007,312861.0,2393821.4,70015545,2023
Pramipexole Di-Hcl,Pramipexole Dihydrochloride,1289170,22894854.71,319643.0,2475471.7,72321807,2024
Pramlintide Acetate,Symlinpen 60,1637,2573631.9,550.0,1696.1000000000004,41651,2019
Pramlintide Acetate,Symlinpen 60,1362,2219604.16,475.0,1466.7,37782,2020
Pramlintide Acetate,Symlinpen 120,1052,1614125.7799999998,360.0,1116.3,28277,2021
Pramlintide Acetate,Symlinpen 120,702,1214286.7,245.0,721.6,18714,2022
Pramlintide Acetate,Symlinpen 60,662,1182186.5399999998,264.0,698.1,18439,2023
Pramlintide Acetate,Symlinpen 60,378,593319.92,145.0,392.8,10182,2024
Prasterone (Dhea),Intrarosa,4838,1318485.7499999995,1661.0,6379.000000000001,183642,2019
Prasterone (Dhea),Intrarosa,4472,1251633.69,1526.0,5821.900000000001,167375,2020
Prasterone (Dhea),Intrarosa,4139,1217321.71,1448.0,5364.999999999999,154155,2021
Prasterone (Dhea),Intrarosa,3456,1094902.27,1198.0,4415.299999999999,126762,2022
Prasterone (Dhea),Intrarosa,2953,967807.27,1020.0,3665.8,104867,2023
Prasterone (Dhea),Intrarosa,3384,1136666.8900000006,1167.0,4319.7,123953,2024
Prasugrel Hcl,Prasugrel Hcl,191035,21045255.019999992,51967.0,327060.2,9768524,2019
Prasugrel Hcl,Prasugrel Hcl,196105,19415806.020000003,55161.0,365170.9999999999,10917286,2020
Prasugrel Hcl,Prasugrel Hcl,190933,20197426.05,55979.0,372447.2999999999,11136331,2021
Prasugrel Hcl,Prasugrel Hcl,174351,20740774.06000001,52103.0,348636.30000000005,10423308,2022
Prasugrel Hcl,Prasugrel Hcl,174169,16005466.819999997,52769.0,354781.1999999999,10611747,2023
Prasugrel Hcl,Prasugrel Hcl,185824,14273424.2,57060.0,387880.0999999999,11602158,2024
Pravastatin Sodium,Pravastatin Sodium,11268970,256282099.02,3044420.0,26218564.300000016,778895942,2019
Pravastatin Sodium,Pravastatin Sodium,10697612,208024229.71000004,2896085.0,25897477.7,769860752,2020
Pravastatin Sodium,Pravastatin Sodium,9999530,178367114.65999997,2789076.0,24769680.9,736498934,2021
Pravastatin Sodium,Pravastatin Sodium,9478835,165926635.19000003,2665466.0,23738022.9,705157615,2022
Pravastatin Sodium,Pravastatin Sodium,9013479,171702557.45,2532309.0,22752314.1,675459853,2023
Pravastatin Sodium,Pravastatin Sodium,8787298,118771034.87,2455860.0,22279766.5,660966255,2024
Praziquantel,Praziquantel,34,14253.62,10.0,34.0,47,2019
Praziquantel,Praziquantel,28,17991.02,10.0,28.4,122,2020
Praziquantel,Praziquantel,44,75714.20000000001,15.0,44.4,602,2021
Praziquantel,Praziquantel,85,122334.74000000002,30.0,86.8,1040,2022
Praziquantel,Praziquantel,58,140159.91,15.0,59.7,807,2023
Praziquantel,Praziquantel,56,275568.71,20.0,57.0,918,2024
Prazosin Hcl,Prazosin Hcl,673590,23368389.730000004,147041.0,822644.2,23505508,2019
Prazosin Hcl,Prazosin Hcl,748459,25700512.220000006,155350.0,953024.9,27295810,2020
Prazosin Hcl,Prazosin Hcl,787221,27572730.65,163805.0,1018401.9,29090187,2021
Prazosin Hcl,Prazosin Hcl,830113,28558128.739999995,171351.0,1077714.6,30727497,2022
Prazosin Hcl,Prazosin Hcl,888686,28067812.98,182801.0,1164597.3999999994,33194714,2023
Prazosin Hcl,Prazosin Hcl,968423,17478055.180000007,196303.0,1271248.3000000005,36199678,2024
Prednicarbate,Prednicarbate,45,3780.47,23.0,47.0,825,2019
Prednicarbate,Prednicarbate,35,2197.96,22.0,35.0,682,2020
Prednicarbate,Prednicarbate,27,1489.73,20.0,27.0,614,2021
Prednicarbate,Prednicarbate,15,339.01,5.0,15.0,161,2022
Prednisolone,Prednisolone,35936,733582.7200000003,27649.0,36012.3,280755,2019
Prednisolone,Prednisolone,24814,589141.26,16430.0,24872.7,216474,2020
Prednisolone,Prednisolone,17848,504260.07000000007,11638.0,17886.0,169070,2021
Prednisolone,Prednisolone,27597,872503.4299999998,19953.0,27696.1,240212,2022
Prednisolone,Prednisolone,12481,397700.96,9922.0,12526.6,102251,2023
Prednisolone,Prednisolone,5150,283138.31000000006,3786.0,5219.2,48242,2024
Prednisolone Acetate,Prednisolone Acetate,2678803,131254151.85000002,1680199.0,3297656.7,82473106,2019
Prednisolone Acetate,Prednisolone Acetate,2488836,119058297.71999995,1522585.0,3103295.6,78239553,2020
Prednisolone Acetate,Prednisolone Acetate,2964914,150114888.75999996,1818421.0,3697256.7999999993,93948090,2021
Prednisolone Acetate,Prednisolone Acetate,3119683,155425485.79999992,1932695.0,3990005.2999999993,102945400,2022
Prednisolone Acetate,Prednisolone Acetate,3341061,155817840.54,2070458.0,4304965.299999999,110923176,2023
Prednisolone Acetate,Prednisolone Acetate,3641408,147407737.35999998,2245931.0,4734926.399999999,122579810,2024
Prednisolone Sodium Phosphate,Prednisolone Sodium Phosphate,5514,297265.09,3688.0,6097.5,101861,2019
Prednisolone Sodium Phosphate,Prednisolone Sodium Phosphate,2989,123538.66999999998,1690.0,3118.399999999999,50998,2020
Prednisolone Sodium Phosphate,Prednisolone Sodium Phosphate,3306,136149.49999999997,1860.0,3853.9,79562,2021
Prednisolone Sodium Phosphate,Prednisolone Sodium Phosphate,4433,176886.30999999997,2761.0,5263.2,104437,2022
Prednisolone Sodium Phosphate,Prednisolone Sodium Phosphate,7439,221856.65,5086.0,8156.800000000001,118672,2023
Prednisolone Sodium Phosphate,Prednisolone Sodium Phosphate,12395,295309.99000000005,9018.0,12636.000000000004,123949,2024
Prednisone,Prednisone,13141965,105545292.95000002,7555418.0,15724815.600000003,288823835,2019
Prednisone,Prednisone,11361926,92430596.37,5950815.0,14111711.300000004,280125366,2020
Prednisone,Prednisone,11300311,86515221.94999999,6184991.0,14043566.800000004,275292726,2021
Prednisone,Prednisone,12629798,94005017.95,7409603.0,15414722.599999998,283650190,2022
Prednisone,Prednisone,13437997,85277054.86999997,8157121.0,16264860.099999998,289297149,2023
Prednisone,Prednisone,14221042,64908231.69999999,8796283.0,17167534.5,299405893,2024
Pregabalin,Lyrica,4021857,1738153230.7700002,1134324.0,4690686.6,131405662,2019
Pregabalin,Pregabalin,4716918,365031728.31999993,1100179.0,5727198.699999999,166033755,2020
Pregabalin,Pregabalin,5047747,300094648.98999995,1218718.0,6232301.200000002,181452253,2021
Pregabalin,Pregabalin,5510579,268586174.92,1363951.0,6915702.7,201596758,2022
Pregabalin,Pregabalin,6042538,277848430.4500001,1519174.0,7671017.6,223804621,2023
Pregabalin,Pregabalin,6821045,196545995.98,1728451.0,8774001.200000001,255920521,2024
Prenat 115/Iron Fum/Folic/Dss,Prenatal 19,64,390.84,15.0,64.0,805,2019
Prenatal 114/Iron A-G/Folate 1,Prenate Elite,37,8631.58,15.0,37.0,1110,2019
Prenatal 114/Iron A-G/Folate 1,Prenate Elite,35,9634.46,15.0,35.0,1050,2020
Prenatal 118/Iron/Folate 6/Dha,Primacare,11,2737.92,5.0,11.0,330,2019
Prenatal 118/Iron/Folate 6/Dha,Primacare,12,3456.02,5.0,12.0,360,2020
Prenatal 118/Iron/Folate 6/Dha,Primacare,12,3826.8,5.0,12.0,360,2021
Prenatal 118/Iron/Folate 6/Dha,Primacare,11,3787.28,5.0,11.0,330,2022
Prenatal 147/Iron/Folic Acid,Azesco,2259,8415591.87,905.0,4455.7,130859,2019
Prenatal 147/Iron/Folic Acid,Azesco,465,1676527.42,176.0,684.3,19766,2020
Prenatal 147/Iron/Folic Acid,Azesco,204,740755.54,64.0,313.0,9292,2021
Prenatal 147/Iron/Folic Acid,Azesco,97,450607.86,30.0,165.0,4872,2022
Prenatal 147/Iron/Folic Acid,Azesco,130,660411.76,46.0,234.0,6919,2023
Prenatal 147/Iron/Folic Acid,Azesco,100,314659.34,49.0,168.0,5014,2024
Prenatal 2/Iron/Folic Acid/Om3,Complete Natal Dha,12,216.96,5.0,12.0,336,2019
Prenatal 25/Iron/Folate 6/Dha,Vitamedmd One Rx,11,1332.54,5.0,11.0,330,2019
Prenatal 25/Iron/Folate 6/Dha,Vitamedmd One Rx,33,4239.51,23.0,34.0,1019,2020
Prenatal 25/Iron/Folate 6/Dha,Vitamedmd One Rx,12,1408.8,5.0,12.0,360,2021
Prenatal 26/Iron Ps/Folic/Dha,Vitafol-One,13,1694.03,5.0,13.0,390,2019
Prenatal 26/Iron Ps/Folic/Dha,Vitafol-One,36,4499.16,15.0,36.0,1080,2020
Prenatal 48/Iron/Folic Acid/B6,Citranatal B-Calm,12,1434.83,5.0,12.0,360,2021
Prenatal 48/Iron/Folic Acid/B6,Citranatal B-Calm,12,1414.08,5.0,12.0,360,2022
Prenatal 78/Iron/Folate 1/Dha,Prenate Dha,12,2939.22,5.0,12.2,344,2019
Prenatal 78/Iron/Folate 1/Dha,Prenate Dha,12,3407.77,5.0,12.0,360,2020
Prenatal 93/Iron/Folate 9/Dha,Tristart Dha,120,35885.100000000006,38.0,222.0,6660,2019
Prenatal 93/Iron/Folate 9/Dha,Tristart Dha,63,26694.0,22.0,149.0,4470,2020
Prenatal 93/Iron/Folate 9/Dha,Tristart Dha,15,3678.9,11.0,19.0,570,2021
Prenatal 93/Iron/Folate 9/Dha,Westgel Dha,12,1241.72,5.0,12.0,360,2024
Prenatal No.52/Iron/Fa/Dha,Vp-Pnv-Dha,52,3195.43,20.0,62.0,1860,2019
Prenatal No.52/Iron/Fa/Dha,Vp-Pnv-Dha,73,3407.24,30.0,73.0,2190,2020
Prenatal No.52/Iron/Fa/Dha,Vp-Pnv-Dha,90,4339.599999999999,40.0,90.0,2678,2021
Prenatal Vit 10/Iron Fum/Folic,Vitafol-Ob,23,1828.66,10.0,23.0,437,2020
Prenatal Vit 10/Iron/Folic/Dha,Vitafol-Ob+dha,24,3168.08,10.0,24.0,720,2020
Prenatal Vit 10/Iron/Folic/Dha,Vitafol-Ob+dha,11,1571.45,5.0,11.0,330,2022
Prenatal Vit 14/Iron Fum/Folic,Completenate,12,245.64,5.0,12.0,360,2020
"Prenatal Vit 65/Iron Fum,ps/Fa",Provida Ob,11,312.95,5.0,11.0,330,2019
"Prenatal Vit 65/Iron Fum,ps/Fa",Provida Ob,26,1239.58,10.0,44.3,1330,2020
Prenatal Vit 85/Iron/Fa 1/Dha,Prenate Pixie,26,5062.92,10.0,26.0,603,2019
Prenatal Vit 85/Iron/Fa 1/Dha,Prenate Pixie,51,10569.7,20.0,51.0,1115,2020
Prenatal Vit 85/Iron/Fa 1/Dha,Prenate Pixie,24,3789.76,5.0,24.0,364,2021
Prenatal Vit 85/Iron/Fa 1/Dha,Prenate Pixie,23,4093.56,5.0,23.0,364,2022
Prenatal Vit 85/Iron/Fa 1/Dha,Prenate Pixie,25,4530.1,5.0,25.0,365,2023
Prenatal Vit 85/Iron/Fa 1/Dha,Prenate Pixie,11,2021.8,5.0,11.0,154,2024
Prenatal Vit 87/Iron/Folic/Dha,Prenate Mini,122,23436.65,40.0,124.2,2814,2019
Prenatal Vit 87/Iron/Folic/Dha,Prenate Mini,84,15249.61,20.0,84.0,1613,2020
Prenatal Vit 87/Iron/Folic/Dha,Prenate Mini,44,10545.88,15.0,44.0,1025,2021
Prenatal Vit 87/Iron/Folic/Dha,Prenate Mini,38,8090.02,10.0,38.0,724,2022
Prenatal Vit 87/Iron/Folic/Dha,Prenate Mini,39,9480.5,10.0,39.0,769,2023
Prenatal Vit 87/Iron/Folic/Dha,Prenate Mini,22,4043.6,5.0,22.0,308,2024
Prenatal Vit No.170/Iron/Folic,Dermacinrx Prenatryl,16,31668.35,15.0,16.0,480,2022
"Prenatal Vit,calc76/Iron/Folic",Pnv 29-1,302,5483.869999999999,101.0,354.1,10226,2019
"Prenatal Vit,calc76/Iron/Folic",Pnv 29-1,365,5876.349999999999,115.0,421.4,11914,2020
"Prenatal Vit,calc76/Iron/Folic",Pnv 29-1,292,4712.37,85.0,320.1,9104,2021
"Prenatal Vit,calc76/Iron/Folic",Pnv 29-1,94,1405.65,20.0,94.0,2442,2022
"Prenatal Vit,calc76/Iron/Folic",Thrivite Rx,25,571.5,10.0,37.0,902,2023
"Prenatal Vit,calc76/Iron/Folic",Thrivite Rx,14,243.43,5.0,14.0,407,2024
"Prenatal Vit,calc78/Iron/Folic",Pretab,106,1464.9299999999998,30.0,106.0,2947,2019
"Prenatal Vit,calc78/Iron/Folic",Pretab,64,819.5200000000001,20.0,64.0,1581,2020
"Prenatal Vit,calc78/Iron/Folic",Pretab,61,717.2700000000001,25.0,63.0,1617,2021
"Prenatal Vit,calc78/Iron/Folic",Pretab,11,153.2,5.0,11.0,330,2022
Prenatal Vit103/Iron Fum/Folic,Tricare,93,3076.15,30.0,93.7,2805,2019
Prenatal Vit103/Iron Fum/Folic,Tricare,68,2925.84,20.0,92.6,2748,2020
Prenatal Vit103/Iron Fum/Folic,Tricare,53,1713.5500000000002,20.0,53.3,1595,2021
Prenatal Vit103/Iron Fum/Folic,Tricare,239,9086.14,74.0,289.2,8675,2022
Prenatal Vit103/Iron Fum/Folic,Tricare,81,3657.5,21.0,114.0,3420,2023
"Prenatal Vit27,calcium/Iron/Fa",Trinatal Rx 1,96,880.88,40.0,96.2,2879,2019
"Prenatal Vit27,calcium/Iron/Fa",Trinatal Rx 1,114,1043.6800000000003,45.0,116.0,3212,2020
"Prenatal Vit27,calcium/Iron/Fa",Trinatal Rx 1,195,1481.86,91.0,195.0,5687,2021
"Prenatal Vit27,calcium/Iron/Fa",Trinatal Rx 1,326,3159.11,110.0,378.3,10597,2022
"Prenatal Vit27,calcium/Iron/Fa",Trinatal Rx 1,397,3794.22,145.0,430.0,12178,2023
"Prenatal Vit27,calcium/Iron/Fa",Trinatal Rx 1,471,5291.8,182.0,641.4,19017,2024
"Prenatal,calc.40/Iron/Folate 1",Pnv-Select,56,3288.78,25.0,56.0,1615,2019
"Prenatal,calc.40/Iron/Folate 1",Pnv-Select,11,653.39,5.0,11.0,308,2020
"Prenatal,calc.40/Iron/Folate 1",Pnv-Select,14,860.3,5.0,14.0,392,2021
"Prenatal,calc.40/Iron/Folate 1",Pnv-Select,25,912.22,10.0,25.0,627,2023
Prenatal56/Iron/Folic Acid/Dha,Ob Complete Petite,12,2217.36,5.0,12.0,360,2020
Prenatal81/Iron/Folic/Docusate,Citranatal Rx,26,3226.67,12.0,38.0,1140,2019
Pretomanid,Pretomanid,12,6502.86,5.0,12.0,312,2021
Pretomanid,Pretomanid,13,11093.39,5.0,15.9,442,2023
Primaquine Phosphate,Primaquine,128,3634.43,41.0,128.0,1240,2019
Primaquine Phosphate,Primaquine,49,795.88,5.0,49.0,343,2020
Primaquine Phosphate,Primaquine,64,1409.88,10.0,64.0,701,2021
Primaquine Phosphate,Primaquine,34,592.96,5.0,34.0,238,2022
Primaquine Phosphate,Primaquine,75,6178.41,25.0,85.0,2460,2023
Primaquine Phosphate,Primaquine,92,5103.34,25.0,110.7,3176,2024
Primidone,Primidone,941397,26503853.06,227597.0,1499080.9,43485482,2019
Primidone,Primidone,939094,28304823.820000004,228186.0,1569722.2999999998,45565594,2020
Primidone,Primidone,931603,29975934.04,234017.0,1605743.4999999998,46669704,2021
Primidone,Primidone,975605,31764796.40000001,244952.0,1683334.7999999998,48883755,2022
Primidone,Primidone,1021879,33781782.76,256262.0,1786064.2000000002,51792518,2023
Primidone,Primidone,1087474,28903020.350000005,274508.0,1948385.2000000004,56439806,2024
Probenecid,Probenecid,20972,1051089.66,6894.0,30665.200000000004,880600,2019
Probenecid,Probenecid,18004,1052866.6000000003,5864.0,26865.6,771728,2020
Probenecid,Probenecid,15688,1155670.86,5267.0,23225.9,664090,2021
Probenecid,Probenecid,13965,992755.0700000002,4776.0,19793.2,560406,2022
Probenecid,Probenecid,12540,877091.21,4301.0,17690.099999999995,499578,2023
Probenecid,Probenecid,12280,654206.1599999999,4111.0,17260.800000000003,483929,2024
Probenecid/Colchicine,Probenecid-Colchicine,19656,822060.3599999998,6220.0,29109.9,841043,2019
Probenecid/Colchicine,Probenecid-Colchicine,16222,896302.8099999999,5082.0,25165.5,725751,2020
Probenecid/Colchicine,Probenecid-Colchicine,13715,906091.76,4307.0,21607.6,620341,2021
Probenecid/Colchicine,Probenecid-Colchicine,11393,735386.1400000001,3674.0,17268.000000000004,494583,2022
Probenecid/Colchicine,Probenecid-Colchicine,10071,592740.44,3200.0,15171.9,430295,2023
Probenecid/Colchicine,Probenecid-Colchicine,9307,520969.48999999993,2978.0,13860.699999999995,391137,2024
Procarbazine Hcl,Matulane,49,98760.28,15.0,49.0,552,2021
Procarbazine Hcl,Matulane,31,39361.21,10.0,31.0,318,2024
Prochlorperazine,Prochlorperazine,2287,261823.24,1350.0,2289.0,19257,2019
Prochlorperazine,Compro,2237,288992.75,1273.0,2240.9,18346,2020
Prochlorperazine,Compro,2206,270365.03,1396.0,2210.0,18386,2021
Prochlorperazine,Compro,1669,184800.83000000005,1130.0,1669.0,13464,2022
Prochlorperazine,Compro,1213,120770.13,798.0,1214.4,8261,2023
Prochlorperazine,Compro,1612,152088.05999999997,998.0,1617.4,13376,2024
Prochlorperazine Edisylate,Prochlorperazine Edisylate,320,127488.82,71.0,320.5,3232,2019
Prochlorperazine Edisylate,Prochlorperazine Edisylate,476,143074.93,90.0,476.4,4285,2020
Prochlorperazine Edisylate,Prochlorperazine Edisylate,360,95960.62,75.0,360.0,3563,2021
Prochlorperazine Edisylate,Prochlorperazine Edisylate,407,80265.97,70.0,407.0,3048,2022
Prochlorperazine Edisylate,Prochlorperazine Edisylate,517,72654.22,100.0,517.0,4096,2023
Prochlorperazine Edisylate,Prochlorperazine Edisylate,656,66188.76,130.0,658.0,5910,2024
Prochlorperazine Maleate,Prochlorperazine Maleate,382880,5273388.010000002,233121.0,394077.8999999999,5068122,2019
Prochlorperazine Maleate,Prochlorperazine Maleate,400357,7428216.730000002,235365.0,406628.8999999999,5230736,2020
Prochlorperazine Maleate,Prochlorperazine Maleate,421115,7703737.86,249547.0,426256.0999999998,5349938,2021
Prochlorperazine Maleate,Prochlorperazine Maleate,440779,7973773.979999999,263536.0,446121.7000000002,5586200,2022
Prochlorperazine Maleate,Prochlorperazine Maleate,475848,8224984.16,285248.0,481049.8999999999,5950989,2023
Prochlorperazine Maleate,Prochlorperazine Maleate,504757,7400915.630000001,305068.0,510150.1000000002,6274754,2024
Progesterone,Progesterone,38,2127.28,16.0,42.1,1013,2019
Progesterone,Progesterone,35,1976.12,15.0,35.7,810,2020
Progesterone,Progesterone,60,3234.9500000000003,23.0,60.0,1384,2021
Progesterone,Progesterone,44,2308.33,18.0,47.5,1066,2022
Progesterone,Progesterone,42,1909.89,15.0,42.0,883,2023
Progesterone,Progesterone,23,441.42,10.0,46.5,1384,2024
"Progesterone, Micronized",Progesterone,207221,15113092.499999998,56867.0,395281.5999999999,11745478,2019
"Progesterone, Micronized",Progesterone,223275,16603508.410000004,62183.0,454963.8000000001,13531392,2020
"Progesterone, Micronized",Progesterone,235638,16183062.280000005,67557.0,503852.70000000007,14997356,2021
"Progesterone, Micronized",Progesterone,264777,16730034.540000005,77417.0,573278.0,17075042,2022
"Progesterone, Micronized",Progesterone,334955,19954206.19,98199.0,731209.8000000002,21767765,2023
"Progesterone, Micronized",Progesterone,458580,17910331.59,132808.0,994160.0,29607653,2024
Promethazine Hcl,Promethazine Hcl,999617,12013538.220000004,344842.0,1035906.9,15243759,2019
Promethazine Hcl,Promethazine Hcl,958329,11817762.859999996,308750.0,997932.5,15186138,2020
Promethazine Hcl,Promethazine Hcl,939673,11235217.85,314307.0,980175.5,14841054,2021
Promethazine Hcl,Promethazine Hcl,945294,11777577.94,331787.0,986408.1000000002,14869061,2022
Promethazine Hcl,Promethazine Hcl,917934,11228290.579999996,323890.0,958709.2999999996,14486983,2023
Promethazine Hcl,Promethazine Hcl,841358,8656733.299999999,299860.0,879183.5999999999,13353338,2024
Promethazine Hcl/Codeine,Promethazine-Codeine,1442,9996.0,1003.0,1478.0,17257,2019
Promethazine Hcl/Codeine,Promethazine-Codeine,1270,9057.83,771.0,1279.1,13794,2020
Promethazine Hcl/Codeine,Promethazine-Codeine,852,6861.609999999998,510.0,856.0,7789,2021
Promethazine Hcl/Codeine,Promethazine-Codeine,1075,8707.579999999998,683.0,1076.4,9171,2022
Promethazine Hcl/Codeine,Promethazine-Codeine,546,3897.650000000001,348.0,546.0,5180,2023
Promethazine Hcl/Codeine,Promethazine-Codeine,422,2753.96,301.0,422.0,3526,2024
Promethazine/Dextromethorphan,Promethazine-Dm,160,1006.21,120.0,166.6,3547,2019
Promethazine/Dextromethorphan,Promethazine-Dm,1656,22192.05,922.0,1656.6,17237,2020
Promethazine/Dextromethorphan,Promethazine-Dm,1430,20000.719999999998,881.0,1432.2,16710,2021
Promethazine/Dextromethorphan,Promethazine-Dm,4073,57446.62000000001,2725.0,4086.2999999999993,45869,2022
Promethazine/Dextromethorphan,Promethazine-Dm,4989,67653.66000000002,3327.0,5002.400000000001,55565,2023
Promethazine/Dextromethorphan,Promethazine-Dm,5320,57046.83000000001,3707.0,5330.0,58778,2024
Propafenone Hcl,Propafenone Hcl,230917,31972033.67,62297.0,398194.0000000001,11709660,2019
Propafenone Hcl,Propafenone Hcl,207345,29192856.24,57077.0,381053.79999999993,11243427,2020
Propafenone Hcl,Propafenone Hcl,181723,24271485.04,51724.0,347351.9,10246789,2021
Propafenone Hcl,Propafenone Hcl,161593,20420612.82,46763.0,314361.80000000005,9253091,2022
Propafenone Hcl,Propafenone Hcl,150109,16583359.460000005,43972.0,300773.60000000003,8859906,2023
Propafenone Hcl,Propafenone Hcl,147270,11371785.47,43302.0,296325.80000000005,8721186,2024
Propantheline Bromide,Propantheline Bromide,233,49226.67999999999,85.0,244.2,6750,2019
Propantheline Bromide,Propantheline Bromide,93,18187.300000000003,35.0,99.0,2805,2020
Propantheline Bromide,Propantheline Bromide,12,836.0,5.0,12.0,360,2021
Proparacaine Hcl,Proparacaine Hcl,87,15667.74,25.0,97.1,2395,2019
Proparacaine Hcl,Proparacaine Hcl,25,817.3,10.0,28.8,457,2020
Proparacaine Hcl,Proparacaine Hcl,15,467.88,15.0,48.0,1352,2021
Proparacaine Hcl,Proparacaine Hcl,16,494.03,16.0,66.3,1990,2022
Proparacaine Hcl,Proparacaine Hcl,309,7746.45,288.0,497.5,13330,2024
Propranolol Hcl,Propranolol Hcl,2361223,100435705.77,590579.0,3863618.2999999984,112847664,2019
Propranolol Hcl,Propranolol Hcl,2385256,96467169.62999997,595965.0,4090207.199999999,119726855,2020
Propranolol Hcl,Propranolol Hcl,2368646,91077917.23,603902.0,4185989.8000000007,122436622,2021
Propranolol Hcl,Propranolol Hcl,2452477,89817081.33999999,631186.0,4393940.8,128308277,2022
Propranolol Hcl,Propranolol Hcl,2614129,87128837.16,674556.0,4759753.099999999,138880418,2023
Propranolol Hcl,Propranolol Hcl,2878911,65358086.00000001,741192.0,5325028.5,155384259,2024
Propranolol/Hydrochlorothiazid,Propranolol-Hydrochlorothiazid,750,25988.88,300.0,854.1,25547,2019
Propranolol/Hydrochlorothiazid,Propranolol-Hydrochlorothiazid,22,541.94,10.0,22.0,644,2020
Propylthiouracil,Propylthiouracil,20874,1119740.8299999998,6333.0,27107.6,748309,2019
Propylthiouracil,Propylthiouracil,18457,980376.36,5596.0,24646.90000000001,678355,2020
Propylthiouracil,Propylthiouracil,15628,885083.37,4736.0,21722.3,605781,2021
Propylthiouracil,Propylthiouracil,14101,769350.2000000002,4274.0,19553.5,543855,2022
Propylthiouracil,Propylthiouracil,13750,735199.7500000003,4194.0,19518.400000000005,542352,2023
Propylthiouracil,Propylthiouracil,12922,533533.1200000001,3934.0,18285.3,504722,2024
"Protein C, Human",Ceprotin,14,721113.95,5.0,14.0,300,2020
Protriptyline Hcl,Protriptyline Hcl,3589,630012.7999999998,1150.0,4136.999999999999,118836,2019
Protriptyline Hcl,Protriptyline Hcl,3197,641703.6000000001,1036.0,3675.6,105047,2020
Protriptyline Hcl,Protriptyline Hcl,2699,635430.88,859.0,3084.799999999999,88781,2021
Protriptyline Hcl,Protriptyline Hcl,2479,622660.9799999999,785.0,2885.9999999999995,83646,2022
Protriptyline Hcl,Protriptyline Hcl,2256,632884.58,736.0,2614.3,75364,2023
Protriptyline Hcl,Protriptyline Hcl,2066,528440.1000000001,617.0,2368.6,67163,2024
Prucalopride Succinate,Motegrity,3512,1765317.4699999995,1116.0,4090.2,120670,2019
Prucalopride Succinate,Motegrity,22612,12289368.630000005,6309.0,27667.9,817901,2020
Prucalopride Succinate,Motegrity,30756,18717760.780000005,8441.0,39166.5,1156169,2021
Prucalopride Succinate,Motegrity,43243,28138682.180000003,11725.0,55416.29999999999,1633122,2022
Prucalopride Succinate,Motegrity,50464,35581969.34,13483.0,67036.80000000002,1975126,2023
Prucalopride Succinate,Motegrity,56364,40654799.68,15368.0,77622.1,2292521,2024
Pseudoephedrine Hcl/Acrivas,Semprex-D,22,5096.280000000001,10.0,22.0,373,2019
Pyrazinamide,Pyrazinamide,420,73321.01,126.0,425.6,11267,2019
Pyrazinamide,Pyrazinamide,139,27927.67,45.0,139.7,4019,2020
Pyrazinamide,Pyrazinamide,155,40795.24,45.0,156.0,4563,2021
Pyrazinamide,Pyrazinamide,302,71746.29000000001,85.0,308.6,7289,2022
Pyrazinamide,Pyrazinamide,310,76260.46,105.0,324.0,8275,2023
Pyrazinamide,Pyrazinamide,331,75311.45000000001,137.0,345.9,9465,2024
Pyridostigmine Bromide,Pyridostigmine Bromide,167319,23148849.39,43192.0,247821.2,7126699,2019
Pyridostigmine Bromide,Pyridostigmine Bromide,164271,22763197.73,42839.0,256222.0000000001,7415665,2020
Pyridostigmine Bromide,Pyridostigmine Bromide,157371,21565454.48,42408.0,254077.3999999999,7366648,2021
Pyridostigmine Bromide,Pyridostigmine Bromide,155896,22478265.869999997,43103.0,261438.9,7568272,2022
Pyridostigmine Bromide,Pyridostigmine Bromide,161712,23902081.26,44989.0,275604.69999999995,7972425,2023
Pyridostigmine Bromide,Pyridostigmine Bromide,182158,18515674.320000008,50494.0,315658.3000000001,9151403,2024
Pyrimethamine,Daraprim,380,13016376.81,145.0,384.0,10838,2019
Pyrimethamine,Daraprim,285,10065276.22,100.0,285.0,8029,2020
Pyrimethamine,Pyrimethamine,263,7085765.9,95.0,263.0,7377,2021
Pyrimethamine,Pyrimethamine,208,4358034.89,75.0,209.0,6120,2022
Pyrimethamine,Pyrimethamine,175,3669881.58,70.0,175.0,5150,2023
Pyrimethamine,Pyrimethamine,224,3512262.51,85.0,224.0,6105,2024
Quetiapine Fumarate,Quetiapine Fumarate,8004246,237296937.51000005,1476886.0,9960579.799999995,279877858,2019
Quetiapine Fumarate,Quetiapine Fumarate,8228754,224721639.2,1496509.0,10514609.4,296425891,2020
Quetiapine Fumarate,Quetiapine Fumarate,8189292,238319578.42999995,1517814.0,10620149.8,299037184,2021
Quetiapine Fumarate,Quetiapine Fumarate,8331864,302771845.56999993,1561760.0,10892190.500000002,305579872,2022
Quetiapine Fumarate,Quetiapine Fumarate,8585605,226738742.78,1618725.0,11369985.8,318387310,2023
Quetiapine Fumarate,Quetiapine Fumarate,8928376,174756903.97000003,1688608.0,12020696.099999994,336157084,2024
Quinapril Hcl,Quinapril Hcl,553961,11106611.5,150521.0,1280336.3,38168982,2019
Quinapril Hcl,Quinapril Hcl,495453,8918683.53,136680.0,1194607.9999999995,35630266,2020
Quinapril Hcl,Quinapril Hcl,428422,7742277.45,121269.0,1057515.9,31536280,2021
Quinapril Hcl,Quinapril Hcl,349337,5761853.63,102994.0,860216.7999999999,25577784,2022
Quinapril Hcl,Quinapril Hcl,1812,26036.689999999995,710.0,2485.5,59208,2023
Quinapril Hcl,Quinapril Hcl,11,33.77,5.0,11.0,330,2024
Quinapril/Hydrochlorothiazide,Quinapril-Hydrochlorothiazide,23343,995226.5600000002,7567.0,46420.9,1384114,2019
Quinapril/Hydrochlorothiazide,Quinapril-Hydrochlorothiazide,19391,816729.6299999999,6284.0,40176.09999999999,1197734,2020
Quinapril/Hydrochlorothiazide,Quinapril-Hydrochlorothiazide,15462,643139.0700000001,5095.0,33363.0,995689,2021
Quinapril/Hydrochlorothiazide,Quinapril-Hydrochlorothiazide,5954,247009.64000000004,2105.0,12960.600000000004,384626,2022
Quinidine Gluconate,Quinidine Gluconate,996,404244.12000000005,331.0,1080.4,29148,2019
Quinidine Gluconate,Quinidine Gluconate,561,280263.81,195.0,667.1,18964,2020
Quinidine Gluconate,Quinidine Gluconate,324,178707.35,125.0,366.0,10477,2021
Quinidine Gluconate,Quinidine Gluconate,284,176249.78999999998,110.0,361.0,10782,2022
Quinidine Gluconate,Quinidine Gluconate,437,219858.2,180.0,496.7,14813,2023
Quinidine Gluconate,Quinidine Gluconate,323,126670.03,120.0,365.1,10554,2024
Quinidine Sulfate,Quinidine Sulfate,1362,28486.33,501.0,1780.2,50604,2019
Quinidine Sulfate,Quinidine Sulfate,1056,22085.24,350.0,1396.0000000000002,37769,2020
Quinidine Sulfate,Quinidine Sulfate,899,18937.58,313.0,1173.6,33366,2021
Quinidine Sulfate,Quinidine Sulfate,445,83633.48,150.0,572.9,14779,2022
Quinidine Sulfate,Quinidine Sulfate,496,301207.6500000001,176.0,576.4000000000001,15425,2023
Quinidine Sulfate,Quinidine Sulfate,462,295566.94999999995,166.0,642.6,17865,2024
Quinine Sulfate,Quinine Sulfate,1719,195637.29,651.0,1871.0,54924,2019
Quinine Sulfate,Quinine Sulfate,1241,103452.78999999998,457.0,1340.5,39565,2020
Quinine Sulfate,Quinine Sulfate,1115,95546.20999999996,413.0,1174.4,34532,2021
Quinine Sulfate,Quinine Sulfate,776,65516.880000000005,260.0,831.7,24794,2022
Quinine Sulfate,Quinine Sulfate,665,54406.88999999999,217.0,721.7,21046,2023
Quinine Sulfate,Quinine Sulfate,572,41494.99,191.0,639.0,17709,2024
Quinupristin/Dalfopristin,Synercid,13,21432.08,5.0,13.0,18,2019
Quinupristin/Dalfopristin,Synercid,11,137012.1,5.0,11.0,73,2021
Quizartinib Dihydrochloride,Vanflyta,94,1903674.19,35.0,94.0,2516,2024
Rabeprazole Sodium,Rabeprazole Sodium,88308,8608168.15,28338.0,139736.00000000006,4152157,2019
Rabeprazole Sodium,Rabeprazole Sodium,85589,7407571.010000002,27594.0,147159.8,4375364,2020
Rabeprazole Sodium,Rabeprazole Sodium,81463,7402175.8500000015,26389.0,144366.5,4291185,2021
Rabeprazole Sodium,Rabeprazole Sodium,80398,7347742.719999999,26102.0,148046.49999999997,4397204,2022
Rabeprazole Sodium,Rabeprazole Sodium,91287,6434570.48,29747.0,171590.69999999998,5102121,2023
Rabeprazole Sodium,Rabeprazole Sodium,120239,6076635.73,39101.0,230770.1000000001,6854275,2024
"Rabies Vacc, Human Diploid/Pf",Imovax Rabies Vaccine,12,3372.0,5.0,12.0,12,2019
"Rabies Vacc, Human Diploid/Pf",Imovax Rabies Vaccine,12,3936.0,5.0,12.0,12,2022
"Rabies Vacc, Human Diploid/Pf",Imovax Rabies Vaccine,47,20721.81,15.0,47.0,47,2023
"Rabies Vacc, Human Diploid/Pf",Imovax Rabies Vaccine,216,79446.52,118.0,216.0,246,2024
Rabies Vaccine (Pcec)/Pf,Rabavert,40,18275.86,15.0,40.0,127,2019
Rabies Vaccine (Pcec)/Pf,Rabavert,135,69301.63999999998,53.0,135.0,135,2023
Rabies Vaccine (Pcec)/Pf,Rabavert,291,130929.31,148.0,291.0,392,2024
Raloxifene Hcl,Raloxifene Hcl,695528,81346484.26000002,171667.0,1314051.3999999994,39054098,2019
Raloxifene Hcl,Raloxifene Hcl,606864,61226750.14000001,153136.0,1209115.9,35965387,2020
Raloxifene Hcl,Raloxifene Hcl,527606,47597346.1,137902.0,1079803.6,32106894,2021
Raloxifene Hcl,Raloxifene Hcl,470486,42177348.02,124789.0,976133.0,28990552,2022
Raloxifene Hcl,Raloxifene Hcl,438588,32641066.98,118034.0,927101.9,27512754,2023
Raloxifene Hcl,Raloxifene Hcl,438566,18310828.480000004,118935.0,946381.2999999996,28083939,2024
Raltegravir Potassium,Isentress,126200,206454881.94999996,23038.0,133940.30000000002,3937337,2019
Raltegravir Potassium,Isentress,100432,180609507.37,19157.0,108720.4,3203788,2020
Raltegravir Potassium,Isentress,84598,158381938.54,16984.0,89114.69999999998,2633335,2021
Raltegravir Potassium,Isentress,70831,140281990.67999998,14607.0,74541.3,2205915,2022
Raltegravir Potassium,Isentress,58111,121718453.47000004,12634.0,61190.1,1810754,2023
Raltegravir Potassium,Isentress,50809,104356437.59,12294.0,53159.9,1573022,2024
Ramelteon,Rozerem,38989,13234098.270000003,11268.0,41228.20000000001,1029299,2019
Ramelteon,Ramelteon,53250,8384277.289999999,16161.0,58436.9,1638653,2020
Ramelteon,Ramelteon,65104,10235313.890000002,19071.0,73227.20000000001,2047980,2021
Ramelteon,Ramelteon,72339,9761439.489999996,20786.0,81391.3,2255635,2022
Ramelteon,Ramelteon,85904,10986921.979999997,24525.0,97355.5,2683061,2023
Ramelteon,Ramelteon,110574,11209501.38,30908.0,125400.1,3441968,2024
Ramipril,Ramipril,1521493,24487798.98,397042.0,3545529.9000000004,105800940,2019
Ramipril,Ramipril,1418878,20867682.26,372394.0,3442691.6,102775249,2020
Ramipril,Ramipril,1294496,18431182.85,348991.0,3219370.9999999995,96110451,2021
Ramipril,Ramipril,1194072,16281780.15,326957.0,3015928.600000001,90024321,2022
Ramipril,Ramipril,1117543,16866656.289999995,308884.0,2850246.0000000005,85068206,2023
Ramipril,Ramipril,1065137,11876353.92,294373.0,2737857.900000001,81682411,2024
Ramucirumab,Cyramza,114,867415.2899999999,35.0,114.0,2373,2019
Ramucirumab,Cyramza,55,473905.83,20.0,55.0,1253,2020
Ramucirumab,Cyramza,129,1311782.77,35.0,129.0,2905,2021
Ramucirumab,Cyramza,153,1281787.5799999998,45.0,153.0,3416,2022
Ramucirumab,Cyramza,213,1913908.02,60.0,213.0,4179,2023
Ramucirumab,Cyramza,154,1395583.43,50.0,154.0,3542,2024
Ranibizumab,Lucentis,1287,2960985.32,365.0,1345.3000000000002,38405,2019
Ranibizumab,Lucentis,956,2176196.03,245.0,980.6,27718,2020
Ranibizumab,Lucentis,770,1734387.34,216.0,788.1999999999999,22303,2021
Ranibizumab,Lucentis,1765,4216140.079999999,447.0,1912.6,54467,2022
Ranibizumab,Lucentis,1234,2815264.21,303.0,1324.9,37739,2023
Ranibizumab,Lucentis,893,1891138.7000000004,227.0,953.6,27191,2024
Ranibizumab-Eqrn,Cimerli,91,129622.07,20.0,99.6,2864,2024
Ranitidine Hcl,Ranitidine Hcl,8106992,115117470.85,2206874.0,13747356.9,403357629,2019
Ranitidine Hcl,Ranitidine Hcl,384760,5951471.760000001,188025.0,607584.8000000002,17342665,2020
Ranitidine Hcl,Ranitidine Hcl,13,119.99,5.0,13.0,390,2021
Ranolazine,Ranexa,777218,296788953.0900001,234510.0,1175518.5,34106503,2019
Ranolazine,Ranolazine Er,870591,154658546.66000003,220749.0,1470500.5,43334245,2020
Ranolazine,Ranolazine Er,839826,126008703.0,223783.0,1505300.700000001,44466192,2021
Ranolazine,Ranolazine Er,830407,126455172.58000004,226788.0,1529912.2000000002,45157942,2022
Ranolazine,Ranolazine Er,867816,117305194.01,239965.0,1621056.1,47754965,2023
Ranolazine,Ranolazine Er,964535,84283359.40999998,268066.0,1826824.2,53772698,2024
Rasagiline Mesylate,Rasagiline Mesylate,167515,86157991.91999999,39603.0,276382.0999999999,8002712,2019
Rasagiline Mesylate,Rasagiline Mesylate,145975,74400134.85,36277.0,260468.10000000003,7614028,2020
Rasagiline Mesylate,Rasagiline Mesylate,129192,51763672.9,33501.0,242037.29999999996,7117048,2021
Rasagiline Mesylate,Rasagiline Mesylate,113980,44191805.09,30352.0,217085.10000000003,6369105,2022
Rasagiline Mesylate,Rasagiline Mesylate,110387,33519108.1,29591.0,216853.7,6338667,2023
Rasagiline Mesylate,Rasagiline Mesylate,114040,21678198.85,31033.0,228464.8,6657786,2024
Ravulizumab-Cwvz,Ultomiris,11,835330.91,5.0,15.3,460,2021
Ravulizumab-Cwvz,Ultomiris,101,6510097.24,35.0,136.6,3338,2022
Ravulizumab-Cwvz,Ultomiris,1075,63315349.89999999,277.0,1642.1999999999998,46935,2023
Ravulizumab-Cwvz,Ultomiris,2030,109178198.54,512.0,3012.7000000000007,87274,2024
Regorafenib,Stivarga,1269,17274592.550000004,440.0,1297.9,33800,2019
Regorafenib,Stivarga,1271,17850756.170000006,455.0,1293.7,34607,2020
Regorafenib,Stivarga,1137,17562405.809999995,405.0,1167.6,31745,2021
Regorafenib,Stivarga,1380,22545169.18,470.0,1395.7,37714,2022
Regorafenib,Stivarga,1448,25223678.19,500.0,1454.5000000000002,39464,2023
Regorafenib,Stivarga,1283,21809929.469999995,460.0,1295.2,35487,2024
Relugolix,Orgovyx,15614,38143322.57999999,3659.0,15742.9,468873,2021
Relugolix,Orgovyx,55110,143891234.83,10315.0,55703.3,1664560,2022
Relugolix,Orgovyx,88443,243999254.03000003,16504.0,89517.29999999999,2675652,2023
Relugolix,Orgovyx,165331,442117696.72,30110.0,167726.09999999995,5011863,2024
Relugolix/Estradiol/Norethindr,Myfembree,56,62237.46,20.0,56.0,1578,2022
Relugolix/Estradiol/Norethindr,Myfembree,254,310871.24,95.0,265.2,7468,2023
Relugolix/Estradiol/Norethindr,Myfembree,362,432280.03,145.0,369.4,10371,2024
Remdesivir,Veklury,43,71694.17,34.0,43.0,100,2022
Remdesivir,Veklury,151,196127.41,77.0,151.0,248,2023
Remdesivir,Veklury,15,14300.35,5.0,15.0,15,2024
Remifentanil Hcl,Remifentanil Hcl,29,1915.22,29.0,29.0,29,2019
Remifentanil Hcl,Remifentanil Hcl,27,1684.26,25.0,27.0,27,2020
Remifentanil Hcl,Remifentanil Hcl,13,812.09,13.0,13.0,13,2024
Repaglinide,Repaglinide,239080,17613539.78,60959.0,406626.7,11989852,2019
Repaglinide,Repaglinide,230768,17279825.91,60189.0,420135.4,12402225,2020
Repaglinide,Repaglinide,225052,13463936.650000004,60309.0,427625.0,12633660,2021
Repaglinide,Repaglinide,222756,12388788.69,60671.0,435807.0999999999,12872357,2022
Repaglinide,Repaglinide,229102,12613702.750000002,63556.0,456079.00000000006,13455683,2023
Repaglinide,Repaglinide,251513,8114902.389999999,70849.0,508312.4000000001,14999615,2024
Repotrectinib,Augtyro,29,577723.8,10.0,29.0,866,2024
Reslizumab,Cinqair,161,493830.52,50.0,161.0,4525,2019
Reslizumab,Cinqair,168,486913.08,60.0,168.0,4728,2020
Reslizumab,Cinqair,181,592814.17,70.0,181.0,4987,2021
Reslizumab,Cinqair,91,383189.28,35.0,91.0,2548,2022
Reslizumab,Cinqair,153,637417.72,60.0,153.0,4176,2023
Reslizumab,Cinqair,167,644235.8,65.0,167.0,4325,2024
Resmetirom,Rezdiffra,7350,31398510.74,2061.0,7928.6,237818,2024
Retapamulin,Altabax,18,8367.12,5.0,18.0,275,2020
Retapamulin,Altabax,11,5744.05,5.0,11.0,240,2021
Revefenacin,Yupelri,94,80904.0,40.0,94.0,2253,2019
Revefenacin,Yupelri,501,454272.8500000001,170.0,513.0,11509,2020
Revefenacin,Yupelri,389,314827.23,120.0,389.2,7877,2021
Revefenacin,Yupelri,546,495231.25,175.0,548.5,12677,2022
Revefenacin,Yupelri,1277,1385839.36,416.0,1278.5,30129,2023
Revefenacin,Yupelri,1988,2361126.54,592.0,1988.0,47221,2024
Rezafungin Acetate,Rezzayo,13,27633.49,5.0,13.0,37,2024
Ribavirin,Ribavirin,391,35524.49,186.0,391.7,8913,2019
Ribavirin,Ribavirin,257,18919.78,151.0,259.3,4350,2020
Ribavirin,Ribavirin,230,12979.84,156.0,230.0,3403,2021
Ribavirin,Ribavirin,165,16728.2,68.0,166.0,3731,2022
Ribavirin,Ribavirin,172,26782.95,60.0,179.1,4841,2023
Ribavirin,Ribavirin,231,29892.29,85.0,237.0,6185,2024
Ribociclib Succinate,Kisqali,3914,44140095.13000001,1245.0,3919.0,105528,2019
Ribociclib Succinate,Kisqali,6429,77589934.33,1900.0,6457.400000000001,175871,2020
Ribociclib Succinate,Kisqali,5292,68598422.59,1630.0,5320.500000000001,145178,2021
Ribociclib Succinate,Kisqali,6234,86172130.61000001,1885.0,6243.2,171960,2022
Ribociclib Succinate,Kisqali,13751,207000968.82,3848.0,13775.9,379653,2023
Ribociclib Succinate,Kisqali,36515,538035933.75,9016.0,36693.00000000001,1008744,2024
Ribociclib Succinate/Letrozole,Kisqali Femara Co-Pack,808,9237482.8,260.0,811.5,22761,2019
Ribociclib Succinate/Letrozole,Kisqali Femara Co-Pack,1029,12891341.2,345.0,1031.0,28873,2020
Ribociclib Succinate/Letrozole,Kisqali Femara Co-Pack,761,10354677.36,265.0,761.0,21310,2021
Ribociclib Succinate/Letrozole,Kisqali Femara Co-Pack,412,5735180.870000001,155.0,414.1,11618,2022
Ribociclib Succinate/Letrozole,Kisqali Femara Co-Pack,865,13434602.81,275.0,872.8,24430,2023
Ribociclib Succinate/Letrozole,Kisqali Femara Co-Pack,430,6284867.399999999,115.0,430.0,12054,2024
Rifabutin,Rifabutin,2444,1325734.4299999997,878.0,2673.3,72905,2019
Rifabutin,Rifabutin,2594,1317307.0199999996,972.0,2910.5,77782,2020
Rifabutin,Rifabutin,2805,1488346.1499999997,1145.0,3107.1000000000004,79420,2021
Rifabutin,Rifabutin,3187,1735500.32,1267.0,3577.0999999999995,92760,2022
Rifabutin,Rifabutin,4369,2226674.02,1717.0,4937.2,129686,2023
Rifabutin,Rifabutin,5001,2081623.9400000004,1969.0,5795.200000000001,154931,2024
Rifampin,Rifampin,52203,3073192.310000001,15288.0,62394.8,1730186,2019
Rifampin,Rifampin,51256,3105371.980000001,14607.0,62342.6,1738655,2020
Rifampin,Rifampin,47006,2883973.140000001,13535.0,57572.60000000002,1615507,2021
Rifampin,Rifampin,48762,3313281.6400000006,13979.0,59725.8,1671561,2022
Rifampin,Rifampin,52551,3899137.780000001,15432.0,66392.49999999999,1883815,2023
Rifampin,Rifampin,56546,3281069.0,16444.0,72670.5,2066338,2024
Rifamycin Sodium,Aemcolo,35,19540.52,25.0,35.0,576,2020
Rifapentine,Priftin,322,33507.56,111.0,396.0,9231,2019
Rifapentine,Priftin,68,4636.82,20.0,75.2,1249,2020
Rifapentine,Priftin,97,10255.84,35.0,114.5,2928,2021
Rifapentine,Priftin,210,18986.05,81.0,210.9,4380,2022
Rifapentine,Priftin,232,26913.08,102.0,247.3,6406,2023
Rifapentine,Priftin,342,36956.130000000005,127.0,381.3,9413,2024
Rifaximin,Xifaxan,245906,507665400.8,63403.0,256818.20000000004,6184819,2019
Rifaximin,Xifaxan,246257,566277646.01,61563.0,260289.3,6357867,2020
Rifaximin,Xifaxan,240846,593391022.7799999,61708.0,249670.7,6066772,2021
Rifaximin,Xifaxan,240819,639953315.0000002,62081.0,249180.5,6014471,2022
Rifaximin,Xifaxan,255268,716644943.9800001,65853.0,262008.9,6274117,2023
Rifaximin,Xifaxan,280807,774417061.0600002,72003.0,287777.0,6888797,2024
Rilonacept,Arcalyst,38,772338.4,15.0,38.0,1064,2019
Rilonacept,Arcalyst,14,285667.96,5.0,14.0,392,2020
Rilonacept,Arcalyst,34,696891.5,10.0,34.0,917,2021
Rilonacept,Arcalyst,200,4240381.050000001,50.0,200.0,5537,2022
Rilonacept,Arcalyst,517,11727021.729999997,175.0,523.5,14553,2023
Rilonacept,Arcalyst,1240,28486994.35,387.0,1255.3,34895,2024
Rilpivirine Hcl,Edurant,19710,23473722.520000007,4548.0,20823.3,613682,2019
Rilpivirine Hcl,Edurant,17526,22238804.61,4287.0,18896.2,557122,2020
Rilpivirine Hcl,Edurant,15327,20102483.99,3777.0,16120.5,475743,2021
Rilpivirine Hcl,Edurant,13370,18905577.210000005,3580.0,14204.2,419468,2022
Rilpivirine Hcl,Edurant,11640,17513531.100000005,3229.0,12424.1,367190,2023
Rilpivirine Hcl,Edurant,10743,16374178.64,2979.0,11414.2,337869,2024
Riluzole,Riluzole,23142,6052083.22,5948.0,32915.2,957424,2019
Riluzole,Riluzole,24853,7120653.640000002,6646.0,36507.39999999999,1067190,2020
Riluzole,Riluzole,23990,6034450.73,6634.0,37004.50000000001,1087871,2021
Riluzole,Riluzole,30033,9266731.060000002,7625.0,44028.8,1276879,2022
Riluzole,Riluzole,36013,9331396.120000005,8763.0,51008.2,1470621,2023
Riluzole,Riluzole,40253,7742803.769999998,9449.0,56610.60000000002,1631984,2024
Rimabotulinumtoxinb,Myobloc,41,55364.15000000001,15.0,121.2,3636,2019
Rimabotulinumtoxinb,Myobloc,69,67886.37,25.0,180.0,5400,2020
Rimabotulinumtoxinb,Myobloc,159,110211.44,63.0,442.5,13274,2021
Rimabotulinumtoxinb,Myobloc,320,246199.15,117.0,880.5,26346,2022
Rimabotulinumtoxinb,Myobloc,298,202512.23,92.0,854.3,25601,2023
Rimabotulinumtoxinb,Myobloc,295,198420.13000000003,100.0,844.5,25336,2024
Rimantadine Hcl,Rimantadine Hcl,1237,175406.26,542.0,1665.3,44140,2019
Rimantadine Hcl,Rimantadine Hcl,1020,138690.5,357.0,1356.2,36739,2020
Rimantadine Hcl,Rimantadine Hcl,714,122953.11,275.0,1058.2,29869,2021
Rimantadine Hcl,Rimantadine Hcl,584,95134.91,211.0,898.2,24768,2022
Rimantadine Hcl,Rimantadine Hcl,448,78457.64999999998,164.0,636.7,17915,2023
Rimantadine Hcl,Rimantadine Hcl,224,47810.42,89.0,336.5,8999,2024
Rimegepant Sulfate,Nurtec Odt,6860,6455467.640000001,2426.0,7056.0,152605,2020
Rimegepant Sulfate,Nurtec Odt,68968,76547716.57,19333.0,70856.69999999998,1582818,2021
Rimegepant Sulfate,Nurtec Odt,146713,193374679.85,38324.0,151165.3,3676136,2022
Rimegepant Sulfate,Nurtec Odt,241447,347332357.9299999,61525.0,247664.0,6283782,2023
Rimegepant Sulfate,Nurtec Odt,310598,451901196.3399999,78257.0,319416.3999999999,8141426,2024
"Ringer's Solution,lactated",Lactated Ringers,7473,226364.67999999996,1628.0,7476.699999999999,55188,2019
"Ringer's Solution,lactated",Lactated Ringers,9462,264674.0900000001,2156.0,9462.9,68743,2020
"Ringer's Solution,lactated",Lactated Ringers,11710,350265.17,2591.0,11710.0,84021,2021
"Ringer's Solution,lactated",Lactated Ringers,13761,484912.1699999999,3047.0,13763.7,101695,2022
"Ringer's Solution,lactated",Lactated Ringers,14894,535062.4500000002,3349.0,14901.5,110093,2023
"Ringer's Solution,lactated",Lactated Ringers,15716,480328.45,3460.0,15718.9,114335,2024
Riociguat,Adempas,27964,289685595.1700001,4849.0,28003.8,819741,2019
Riociguat,Adempas,38750,430837329.68000007,6237.0,38920.5,1142344,2020
Riociguat,Adempas,44921,531351801.41999984,7173.0,45043.600000000006,1317757,2021
Riociguat,Adempas,42742,537792719.5400001,6739.0,42913.0,1259551,2022
Riociguat,Adempas,41583,558755014.1700002,6478.0,41736.0,1229428,2023
Riociguat,Adempas,47812,652245459.96,7207.0,48083.0,1417362,2024
Ripretinib,Qinlock,37,1251641.41,15.0,37.5,1125,2020
Ripretinib,Qinlock,329,12762614.46,120.0,332.8,9976,2021
Ripretinib,Qinlock,271,10894963.480000002,90.0,271.0,8130,2022
Ripretinib,Qinlock,377,15413680.85,145.0,377.0,11287,2023
Ripretinib,Qinlock,612,28064395.21999999,235.0,612.1,18333,2024
Risankizumab-Rzaa,Skyrizi (2 Syringes) Kit,22,332797.8,10.0,40.0,1178,2019
Risankizumab-Rzaa,Skyrizi (2 Syringes) Kit,2272,37014519.77000002,756.0,4875.599999999999,144892,2020
Risankizumab-Rzaa,Skyrizi (2 Syringes) Kit,2491,44398882.90000001,903.0,5957.6,177753,2021
Risankizumab-Rzaa,Skyrizi Pen,11756,224605245.09,3848.0,29055.699999999997,867527,2022
Risankizumab-Rzaa,Skyrizi Pen,28296,585928863.63,8986.0,70274.2,2099972,2023
Risankizumab-Rzaa,Skyrizi Pen,53448,1099627417.53,16163.0,129112.0,3859941,2024
Risdiplam,Evrysdi,136,3635550.28,40.0,142.10000000000002,3656,2020
Risdiplam,Evrysdi,3109,78410854.83999999,631.0,3198.0,80224,2021
Risdiplam,Evrysdi,4064,104361814.84000002,806.0,4157.900000000001,103219,2022
Risdiplam,Evrysdi,4290,116531634.74000002,845.0,4375.4,108042,2023
Risdiplam,Evrysdi,4965,136162768.14999998,940.0,5031.800000000001,123107,2024
Risedronate Sodium,Risedronate Sodium,134451,20329356.799999997,40129.0,228721.3,6738962,2019
Risedronate Sodium,Risedronate Sodium,119312,18529828.87,35765.0,218007.59999999995,6441220,2020
Risedronate Sodium,Risedronate Sodium,114203,16346857.659999998,34696.0,221735.2,6569359,2021
Risedronate Sodium,Risedronate Sodium,116041,15660507.37,35257.0,233592.80000000005,6925682,2022
Risedronate Sodium,Risedronate Sodium,125470,14069875.36,38365.0,263786.80000000005,7834013,2023
Risedronate Sodium,Risedronate Sodium,142881,11996132.79,43934.0,308623.9,9173503,2024
Risperidone,Risperidone,3829934,67904362.76,653271.0,4403936.800000002,121396948,2019
Risperidone,Risperidone,3698539,67805599.29999998,617361.0,4314684.600000001,119329098,2020
Risperidone,Risperidone,3519178,69015097.63999999,591659.0,4125799.5,113739975,2021
Risperidone,Risperidone,3435579,70586887.44999999,577546.0,4023623.3,110168460,2022
Risperidone,Risperidone,3351191,87779235.63999999,560364.0,3931311.3,107336795,2023
Risperidone,Risperidone,3320670,116972453.47,552108.0,3909818.1,106149603,2024
Risperidone Microspheres,Risperdal Consta,169532,195327032.27,30054.0,170049.40000000002,3411972,2019
Risperidone Microspheres,Risperdal Consta,149686,179887049.01,27256.0,150129.80000000002,2994821,2020
Risperidone Microspheres,Risperdal Consta,135265,168700860.25999993,25423.0,135557.49999999997,2672996,2021
Risperidone Microspheres,Risperdal Consta,122502,158393060.49000004,23212.0,122720.9,2391352,2022
Risperidone Microspheres,Risperdal Consta,110070,149756201.83000004,21848.0,110293.7,2141423,2023
Risperidone Microspheres,Risperdal Consta,85616,110290835.36,19331.0,85749.69999999998,1623467,2024
Ritlecitinib Tosylate,Litfulo,348,1351485.4900000002,125.0,348.0,9744,2024
Ritonavir,Ritonavir,122027,20242037.039999995,23614.0,136086.3,4030712,2019
Ritonavir,Ritonavir,92075,13008411.819999997,17803.0,105469.8,3130694,2020
Ritonavir,Ritonavir,72918,9325225.05,14534.0,84575.8,2508887,2021
Ritonavir,Ritonavir,58740,9392931.97,12124.0,68705.5,2033875,2022
Ritonavir,Ritonavir,47273,7614941.600000002,10274.0,55699.9,1648096,2023
Ritonavir,Ritonavir,38960,4768322.470000002,8645.0,46398.2,1374256,2024
Rituximab,Rituxan,2602,27728571.090000007,740.0,2988.7,76557,2019
Rituximab,Rituxan,2122,21991923.660000004,604.0,2937.2000000000003,78354,2020
Rituximab,Rituxan,1570,16292764.989999998,477.0,2130.1,56983,2021
Rituximab,Rituxan,1394,15547171.11,446.0,1925.4000000000003,51264,2022
Rituximab,Rituxan,961,10793702.03,342.0,1550.9,44053,2023
Rituximab,Rituxan,943,10958427.969999995,339.0,1925.7,54568,2024
Rituximab-Abbs,Truxima,173,1411223.06,45.0,192.9,4702,2020
Rituximab-Abbs,Truxima,482,4102485.06,123.0,567.5,14439,2021
Rituximab-Abbs,Truxima,574,4526257.51,169.0,686.2999999999998,17692,2022
Rituximab-Abbs,Truxima,614,4843621.7,176.0,728.7,18596,2023
Rituximab-Abbs,Truxima,824,6332680.51,223.0,1083.4,27093,2024
Rituximab-Arrx,Riabni,12,32324.96,5.0,12.0,252,2021
Rituximab-Arrx,Riabni,12,38287.92,5.0,22.4,672,2022
Rituximab-Arrx,Riabni,95,526142.22,35.0,111.2,2840,2023
Rituximab-Arrx,Riabni,524,3279568.26,176.0,651.5,16965,2024
Rituximab-Pvvr,Ruxience,160,931256.0699999998,45.0,186.2,4582,2021
Rituximab-Pvvr,Ruxience,419,2588256.56,125.0,519.9000000000001,13013,2022
Rituximab-Pvvr,Ruxience,842,5459566.36,259.0,1008.2,25223,2023
Rituximab-Pvvr,Ruxience,1184,7806572.390000002,382.0,1484.5000000000005,37849,2024
"Rituximab/Hyaluronidase,human",Rituxan Hycela,14,95419.8,5.0,14.0,308,2019
"Rituximab/Hyaluronidase,human",Rituxan Hycela,12,6496.11,5.0,12.0,24,2020
"Rituximab/Hyaluronidase,human",Rituxan Hycela,40,277440.06,10.0,40.0,755,2021
"Rituximab/Hyaluronidase,human",Rituxan Hycela,73,508419.65,20.0,116.9,3381,2022
"Rituximab/Hyaluronidase,human",Rituxan Hycela,13,83109.52,5.0,24.4,732,2023
"Rituximab/Hyaluronidase,human",Rituxan Hycela,25,162432.16,10.0,36.3,1065,2024
Rivaroxaban,Xarelto,5631986,3585435980.95,1183093.0,8544009.2,238774100,2019
Rivaroxaban,Xarelto,5798568,4142017545.85,1233115.0,9332421.4,263834032,2020
Rivaroxaban,Xarelto,5733425,4581249661.55,1291737.0,9620887.2,273569484,2021
Rivaroxaban,Xarelto,5772196,5042544921.8,1343871.0,9985077.4,284319230,2022
Rivaroxaban,Xarelto,5892811,5511694348.01,1371650.0,10287901.899999997,293406051,2023
Rivaroxaban,Xarelto,5888827,5436701738.5,1372484.0,10411469.500000002,297530304,2024
Rivastigmine,Rivastigmine,436463,148011072.70999998,105373.0,523956.2,15114069,2019
Rivastigmine,Rivastigmine,368653,115132488.88,91127.0,460388.70000000007,13318005,2020
Rivastigmine,Rivastigmine,325207,95546325.84999998,82158.0,418015.50000000006,12116252,2021
Rivastigmine,Rivastigmine,284817,83182156.61,72834.0,374557.8,10888949,2022
Rivastigmine,Rivastigmine,267807,71373368.89,69419.0,360124.9,10486974,2023
Rivastigmine,Rivastigmine,287181,52088047.02,73953.0,392735.9999999999,11453449,2024
Rivastigmine Tartrate,Rivastigmine,249037,21638051.089999992,58119.0,302323.3,8218496,2019
Rivastigmine Tartrate,Rivastigmine,223591,19472345.65,53182.0,283533.60000000003,7790867,2020
Rivastigmine Tartrate,Rivastigmine,210239,17050690.81,51770.0,277715.99999999994,7666796,2021
Rivastigmine Tartrate,Rivastigmine,210777,17132400.230000004,52113.0,282552.1999999999,7759944,2022
Rivastigmine Tartrate,Rivastigmine,227820,17469849.720000003,55426.0,307950.69999999995,8411826,2023
Rivastigmine Tartrate,Rivastigmine,259556,14243505.46,62541.0,359184.4,9766161,2024
Rizatriptan Benzoate,Rizatriptan,254477,9069464.83,73748.0,274395.0,6466449,2019
Rizatriptan Benzoate,Rizatriptan,294109,10543422.01,84272.0,318559.6,7650148,2020
Rizatriptan Benzoate,Rizatriptan,317881,10643986.679999998,91745.0,346735.10000000003,8517658,2021
Rizatriptan Benzoate,Rizatriptan,343137,11401634.670000002,98841.0,376163.8000000001,9322730,2022
Rizatriptan Benzoate,Rizatriptan,379984,10876619.01,109462.0,417716.5000000001,10495160,2023
Rizatriptan Benzoate,Rizatriptan,428412,8584411.950000001,123153.0,473227.00000000006,12056533,2024
Roflumilast,Daliresp,268504,117227148.13,62667.0,341720.0,9570318,2019
Roflumilast,Daliresp,275508,129264073.31,62942.0,361745.7,10188478,2020
Roflumilast,Daliresp,254970,133154839.34000002,58844.0,339378.3,9595251,2021
Roflumilast,Daliresp,218799,117363947.84999996,53504.0,289152.5,8147237,2022
Roflumilast,Roflumilast,214597,50320603.620000005,55038.0,298394.40000000014,8617213,2023
Roflumilast,Roflumilast,269657,32617055.970000003,66508.0,383266.1999999999,11120821,2024
Rolapitant Hcl,Varubi,529,422623.98999999993,141.0,529.0,10971,2019
Rolapitant Hcl,Varubi,261,213446.51,70.0,261.0,5532,2020
Rolapitant Hcl,Varubi,318,268650.93000000005,91.0,323.2,7348,2021
Rolapitant Hcl,Varubi,298,313736.18000000005,105.0,301.29999999999995,6907,2022
Rolapitant Hcl,Varubi,61,59967.74,20.0,61.0,1414,2023
Rolapitant Hcl,Varubi,180,168900.3,60.0,180.0,3798,2024
Romidepsin,Istodax,22,537088.33,10.0,22.0,492,2019
Romidepsin,Istodax,11,321275.18,5.0,11.0,287,2022
Romidepsin,Romidepsin,15,142589.25,5.0,15.0,105,2024
Romiplostim,Nplate,733,5356623.48,177.0,733.2,10640,2019
Romiplostim,Nplate,843,5078315.21,205.0,843.0,13203,2020
Romiplostim,Nplate,937,7071305.980000002,215.0,937.0,16921,2021
Romiplostim,Nplate,954,7589837.209999999,200.0,958.0,15785,2022
Romiplostim,Nplate,977,8318219.439999999,235.0,978.8,17402,2023
Romiplostim,Nplate,1039,9497560.209999995,271.0,1040.7,20421,2024
Romosozumab-Aqqg,Evenity (2 Syringes),564,1055805.7100000002,155.0,570.0,16662,2019
Romosozumab-Aqqg,Evenity (2 Syringes),4523,8748599.61,1182.0,4642.700000000001,135851,2020
Romosozumab-Aqqg,Evenity (2 Syringes),9271,19278938.63,2227.0,9497.0,278291,2021
Romosozumab-Aqqg,Evenity (2 Syringes),15518,35339754.94,3478.0,15954.3,469208,2022
Romosozumab-Aqqg,Evenity (2 Syringes),19999,49709254.38,4704.0,20669.8,609545,2023
Romosozumab-Aqqg,Evenity (2 Syringes),25665,63723745.41,5987.0,26570.3,784699,2024
Ropeginterferon Alfa-2b-Njft,Besremi,828,11827422.910000002,210.0,830.1999999999999,22586,2022
Ropeginterferon Alfa-2b-Njft,Besremi,1598,24006711.65,453.0,1603.5,43462,2023
Ropeginterferon Alfa-2b-Njft,Besremi,3517,53116312.82000001,934.0,3542.9000000000005,96751,2024
Ropinirole Hcl,Ropinirole Hcl,2698681,58381791.13999999,594331.0,4433046.000000001,128988834,2019
Ropinirole Hcl,Ropinirole Hcl,2698462,59279472.03000001,597939.0,4670878.899999999,136143144,2020
Ropinirole Hcl,Ropinirole Hcl,2630564,55893772.95999999,603931.0,4717627.7,137617652,2021
Ropinirole Hcl,Ropinirole Hcl,2629801,58362223.13999999,608534.0,4797486.299999999,139699694,2022
Ropinirole Hcl,Ropinirole Hcl,2702051,61418460.1,622775.0,4959024.399999999,144133780,2023
Ropinirole Hcl,Ropinirole Hcl,2865276,49196254.17,655916.0,5291020.500000002,153461448,2024
Rosiglitazone Maleate,Avandia,818,243459.25999999995,265.0,1093.4,30981,2019
Rosiglitazone Maleate,Avandia,738,217820.89,252.0,925.9,26327,2020
Rosiglitazone Maleate,Avandia,65,23097.61,30.0,108.7,2992,2021
Rosuvastatin Calcium,Rosuvastatin Calcium,12552622,581687124.47,3660149.0,28759318.1,859016286,2019
Rosuvastatin Calcium,Rosuvastatin Calcium,14930006,535401659.5500001,4434983.0,36090366.9,1077812140,2020
Rosuvastatin Calcium,Rosuvastatin Calcium,17611996,554060221.5099999,5448549.0,43838115.2,1308747704,2021
Rosuvastatin Calcium,Rosuvastatin Calcium,21059853,587487928.2399999,6646683.0,53481496.1,1596369393,2022
Rosuvastatin Calcium,Rosuvastatin Calcium,25188902,594106014.0699998,8021162.0,64819020.29999997,1934446996,2023
Rosuvastatin Calcium,Rosuvastatin Calcium,30117327,431132099.2400002,9586358.0,78223443.90000002,2334030633,2024
Rotigotine,Neupro,75014,63833151.44,18130.0,95065.8,2782910,2019
Rotigotine,Neupro,71916,65717369.66999999,17241.0,92983.9,2723213,2020
Rotigotine,Neupro,66347,63699862.370000005,16208.0,87698.29999999999,2576766,2021
Rotigotine,Neupro,60217,62866922.84,14964.0,80129.40000000001,2354084,2022
Rotigotine,Neupro,52161,58126128.95,13453.0,69585.90000000001,2041753,2023
Rotigotine,Neupro,50058,54958909.190000005,13061.0,67148.40000000001,1961432,2024
Rozanolixizumab-Noli,Rystiggo,15,420543.03,5.0,15.0,238,2023
Rozanolixizumab-Noli,Rystiggo,512,18735661.44,145.0,538.1999999999999,9784,2024
"Rsv Vacc, Pref A And Pref B/Pf",Abrysvo,2029719,664274567.3300002,2028306.0,2032206.5,2560558,2023
"Rsv Vacc, Pref A And Pref B/Pf",Abrysvo,1501907,431001071.8000001,1497371.0,1512020.9,2749297,2024
"Rsv Vaccine, Pref, Mrna/Pf",Mresvia,29819,9115788.350000003,29727.0,29923.1,71367,2024
Rsvpref3 Antigen/As01e/Pf,Arexvy,4278430,1351013283.9500003,4274614.0,4281477.699999999,4881556,2023
Rsvpref3 Antigen/As01e/Pf,Arexvy,2698120,736054032.7100003,2689219.0,2700878.9999999995,4807276,2024
Rucaparib Camsylate,Rubraca,1664,22164062.919999994,520.0,1666.0,49013,2019
Rucaparib Camsylate,Rubraca,2134,29039530.34000001,650.0,2145.0,63617,2020
Rucaparib Camsylate,Rubraca,1886,26009477.24000001,586.0,1888.0,55382,2021
Rucaparib Camsylate,Rubraca,1421,18823251.04,465.0,1421.0,42243,2022
Rucaparib Camsylate,Rubraca,1440,18726458.700000007,500.0,1441.0,42889,2023
Rucaparib Camsylate,Rubraca,924,12094509.899999997,330.0,924.0,27470,2024
Rufinamide,Banzel,24133,82372907.77999997,5442.0,24562.699999999997,657244,2019
Rufinamide,Banzel,25299,93917056.46,5719.0,25925.8,699813,2020
Rufinamide,Banzel,17300,60796874.88,4336.0,18169.8,485157,2021
Rufinamide,Rufinamide,20183,43959318.34000001,5269.0,21317.399999999998,582550,2022
Rufinamide,Rufinamide,20141,41165112.17,5251.0,21511.90000000001,587702,2023
Rufinamide,Rufinamide,20078,31089170.02,5169.0,21630.4,588320,2024
Ruxolitinib Phosphate,Jakafi,68668,901548025.8100004,15284.0,69626.9,2080279,2019
Ruxolitinib Phosphate,Jakafi,77929,1058770855.09,16913.0,79185.00000000001,2365016,2020
Ruxolitinib Phosphate,Jakafi,84641,1221086171.0,18396.0,85480.20000000003,2552139,2021
Ruxolitinib Phosphate,Jakafi,94841,1448191767.07,20528.0,95955.70000000004,2863572,2022
Ruxolitinib Phosphate,Jakafi,108964,1618425654.8200002,24421.0,110367.9,3284485,2023
Ruxolitinib Phosphate,Jakafi,133293,1784809680.11,29820.0,134950.4,4023195,2024
Sacituzumab Govitecan-Hziy,Trodelvy,50,1055612.73,20.0,50.0,1050,2021
Sacituzumab Govitecan-Hziy,Trodelvy,27,584109.84,10.0,27.0,532,2022
Sacituzumab Govitecan-Hziy,Trodelvy,56,806358.32,15.0,56.0,921,2023
Sacituzumab Govitecan-Hziy,Trodelvy,84,1676198.89,30.0,84.0,1422,2024
Sacrosidase,Sucraid,688,6907654.519999998,229.0,696.8000000000001,18651,2019
Sacrosidase,Sucraid,1842,19806935.160000008,544.0,1869.2,50915,2020
Sacrosidase,Sucraid,2332,26314043.349999998,673.0,2353.9,64945,2021
Sacrosidase,Sucraid,2220,25368731.41999999,652.0,2234.6,62543,2022
Sacrosidase,Sucraid,2914,36069243.470000006,857.0,2974.7,85998,2023
Sacrosidase,Sucraid,4053,53075597.75999999,1175.0,4148.8,122412,2024
Sacubitril/Valsartan,Entresto,955107,674308944.2199997,221115.0,1382725.5,40282819,2019
Sacubitril/Valsartan,Entresto,1271089,1010420596.9,293306.0,1929464.2,56371972,2020
Sacubitril/Valsartan,Entresto,1646327,1456184553.0400002,405790.0,2564769.599999999,74933091,2021
Sacubitril/Valsartan,Entresto,2160162,2119732358.84,543074.0,3445631.1999999997,100205505,2022
Sacubitril/Valsartan,Entresto,2750774,2937507652.74,706212.0,4496961.5,130307478,2023
Sacubitril/Valsartan,Entresto,3384891,3480046730.0299997,866140.0,5654387.700000001,163589874,2024
Safinamide Mesylate,Xadago,6027,6278839.01,1396.0,7829.7,224280,2019
Safinamide Mesylate,Xadago,6274,7438754.189999998,1485.0,8537.3,247899,2020
Safinamide Mesylate,Xadago,5536,7619922.260000001,1309.0,7799.0,228439,2021
Safinamide Mesylate,Xadago,4408,6828350.299999999,1079.0,6349.200000000001,186634,2022
Safinamide Mesylate,Xadago,3673,6444295.239999999,890.0,5261.099999999999,154462,2023
Safinamide Mesylate,Xadago,3036,4975389.79,744.0,4445.8,128965,2024
Salicylic Acid,Salicylic Acid,47,15348.71,29.0,47.0,1410,2019
Salicylic Acid,Bensal Hp,25,16003.54,10.0,25.0,750,2020
Salicylic Acid,Bensal Hp,11,10443.42,5.0,11.0,330,2021
Salicylic Acid,Bensal Hp,41,114094.79,28.0,41.0,1056,2024
Salmeterol Xinafoate,Serevent Diskus,37201,17126741.949999996,12495.0,44172.5,1309830,2019
Salmeterol Xinafoate,Serevent Diskus,35000,16677384.739999996,11776.0,41798.9,1234263,2020
Salmeterol Xinafoate,Serevent Diskus,26831,13248636.729999997,9270.0,31568.7,942562,2021
Salmeterol Xinafoate,Serevent Diskus,21856,11137826.400000008,7701.0,25374.7,760859,2022
Salmeterol Xinafoate,Serevent Diskus,18002,9169099.800000004,6354.0,20750.6,622163,2023
Salmeterol Xinafoate,Serevent Diskus,16315,7757625.269999998,5838.0,18654.0,559417,2024
Salsalate,Salsalate,3354,408832.12,1192.0,4341.6,122243,2019
Salsalate,Salsalate,2962,402126.22,985.0,3965.8,111722,2020
Salsalate,Salsalate,2401,297447.11999999994,818.0,3274.5,90220,2021
Salsalate,Salsalate,2149,233502.23,731.0,2926.3,80671,2022
Salsalate,Salsalate,1371,127872.1,473.0,1780.4,48598,2023
Salsalate,Salsalate,1166,100900.68000000002,398.0,1504.8,41577,2024
Sapropterin Dihydrochloride,Kuvan,1982,25164962.46,375.0,1992.3,59769,2019
Sapropterin Dihydrochloride,Kuvan,1792,24021129.49,320.0,1854.3,55624,2020
Sapropterin Dihydrochloride,Kuvan,1751,22091315.71,390.0,1780.0,53394,2021
Sapropterin Dihydrochloride,Kuvan,1829,20226094.35,400.0,1839.0,54964,2022
Sapropterin Dihydrochloride,Sapropterin Dihydrochloride,1729,17542609.6,395.0,1737.7,51975,2023
Sapropterin Dihydrochloride,Sapropterin Dihydrochloride,1955,15722537.420000002,390.0,1955.0,57257,2024
Saquinavir Mesylate,Invirase,1115,1285188.1599999997,365.0,1123.1,32549,2019
Saquinavir Mesylate,Invirase,811,905435.54,285.0,822.0,23162,2020
Saquinavir Mesylate,Invirase,714,801434.7199999999,245.0,733.0,20659,2021
Saquinavir Mesylate,Invirase,11,3071.3,5.0,11.0,143,2022
Sarecycline Hcl,Seysara,40,40400.9,22.0,40.0,1191,2020
Sarecycline Hcl,Seysara,83,89823.26000000001,41.0,83.0,2438,2021
Sarecycline Hcl,Seysara,47,47301.4,20.0,47.0,1410,2022
Sarecycline Hcl,Seysara,96,100999.09,40.0,96.0,2880,2023
Sarecycline Hcl,Seysara,108,114645.99000000002,40.0,112.0,3353,2024
Sargramostim,Leukine,624,2711045.04,141.0,624.8,13446,2019
Sargramostim,Leukine,457,3048125.76,112.0,457.0,10831,2020
Sargramostim,Leukine,381,1648424.56,111.0,382.3,8541,2021
Sargramostim,Leukine,318,1857688.22,76.0,320.2,8107,2022
Sargramostim,Leukine,228,1334655.5999999996,72.0,228.2,6099,2023
Sargramostim,Leukine,273,1964434.02,80.0,273.0,6744,2024
Sarilumab,Kevzara,7855,27981186.309999995,2024.0,8133.5999999999985,228802,2019
Sarilumab,Kevzara,9607,36292586.95000001,2432.0,10008.799999999996,281649,2020
Sarilumab,Kevzara,9993,39834621.710000016,2556.0,10398.5,292408,2021
Sarilumab,Kevzara,12921,54372068.45000002,3233.0,13423.0,377384,2022
Sarilumab,Kevzara,16314,73098801.63000003,4060.0,16969.8,477403,2023
Sarilumab,Kevzara,28106,126201461.26,6815.0,29592.3,833647,2024
Satralizumab-Mwge,Enspryng,308,5146113.62,115.0,320.1,8868,2021
Satralizumab-Mwge,Enspryng,685,11744688.81,215.0,699.8,19681,2022
Satralizumab-Mwge,Enspryng,1013,20294482.03,320.0,1100.5,31195,2023
Satralizumab-Mwge,Enspryng,1549,29176118.37,440.0,1694.2000000000005,48070,2024
Saxagliptin Hcl,Onglyza,146874,83693673.38000001,41497.0,205498.1,5863663,2019
Saxagliptin Hcl,Onglyza,78622,45433109.48000002,23920.0,108521.40000000002,3088826,2020
Saxagliptin Hcl,Onglyza,57481,34749145.550000004,17953.0,78961.09999999996,2239769,2021
Saxagliptin Hcl,Onglyza,36505,21713279.89,11667.0,48209.30000000002,1347654,2022
Saxagliptin Hcl,Onglyza,18891,10208162.48,6215.0,22941.10000000001,622336,2023
Saxagliptin Hcl,Saxagliptin Hcl,11437,2419301.9100000006,3427.0,14863.900000000003,407193,2024
Saxagliptin Hcl/Metformin Hcl,Kombiglyze Xr,36762,19825941.009999994,10864.0,48910.69999999999,1437233,2019
Saxagliptin Hcl/Metformin Hcl,Kombiglyze Xr,20301,10971943.9,6569.0,26292.9,768377,2020
Saxagliptin Hcl/Metformin Hcl,Kombiglyze Xr,15004,8663453.69,4963.0,19516.700000000004,571643,2021
Saxagliptin Hcl/Metformin Hcl,Kombiglyze Xr,10252,5989609.079999999,3537.0,12967.499999999998,379091,2022
Saxagliptin Hcl/Metformin Hcl,Kombiglyze Xr,5560,3087286.7,1933.0,6537.999999999999,188965,2023
Saxagliptin Hcl/Metformin Hcl,Saxagliptin-Metformin Er,1619,583673.2000000001,513.0,1895.2,54322,2024
Scopolamine,Transderm-Scop,55473,6340555.700000001,16002.0,55684.2,915115,2019
Scopolamine,Scopolamine,76715,7538221.039999999,21681.0,77358.00000000001,1344315,2020
Scopolamine,Scopolamine,83529,7391515.21,25352.0,84536.79999999999,1506755,2021
Scopolamine,Scopolamine,93274,8589533.31,29531.0,94812.1,1758086,2022
Scopolamine,Scopolamine,107405,9614656.260000002,33952.0,109477.0,2059229,2023
Scopolamine,Scopolamine,125888,10941823.930000002,39680.0,128142.9,2418446,2024
Secnidazole,Solosec,24,6468.26,10.0,24.0,24,2019
Secnidazole,Solosec,11,3151.73,5.0,11.0,11,2020
Secnidazole,Solosec,24,7019.16,10.0,24.0,24,2022
Secukinumab,Cosentyx Pen (2 Pens),51091,316328304.7499999,14146.0,53503.5,1508408,2019
Secukinumab,Cosentyx Pen (2 Pens),69624,449079617.1299999,18476.0,73460.50000000001,2070765,2020
Secukinumab,Cosentyx Pen (2 Pens),82317,554754179.4099998,21429.0,85743.69999999997,2415399,2021
Secukinumab,Cosentyx Pen (2 Pens),95342,680640290.6700001,24377.0,99195.19999999998,2792632,2022
Secukinumab,Cosentyx Sensoready (2 Pens),102203,785311477.1700002,26165.0,105920.5,2981204,2023
Secukinumab,Cosentyx Sensoready (2 Pens),119311,971715939.8800006,31919.0,123831.00000000004,3484643,2024
Seladelpar Lysine,Livdelzi,177,2284783.59,67.0,181.0,5430,2024
Selegiline,Emsam,2571,4358908.15,890.0,2619.0,77154,2019
Selegiline,Emsam,2811,5128546.98,1020.0,2887.2,85300,2020
Selegiline,Emsam,2543,4845218.14,925.0,2563.2,75828,2021
Selegiline,Emsam,2489,5095435.76,945.0,2558.0,75999,2022
Selegiline,Emsam,2284,4931413.91,845.0,2335.0,68300,2023
Selegiline,Emsam,2312,4980378.03,870.0,2331.0,68543,2024
Selegiline Hcl,Selegiline Hcl,45669,5688167.39,12437.0,76456.39999999998,2244569,2019
Selegiline Hcl,Selegiline Hcl,39798,5602685.630000003,11039.0,70502.3,2064967,2020
Selegiline Hcl,Selegiline Hcl,36652,5149157.210000002,10353.0,66761.3,1952174,2021
Selegiline Hcl,Selegiline Hcl,34719,4415910.359999999,9931.0,63703.4,1862421,2022
Selegiline Hcl,Selegiline Hcl,32094,3941136.4100000006,9083.0,57590.99999999999,1671351,2023
Selegiline Hcl,Selegiline Hcl,31553,3515857.14,8886.0,56830.8,1655116,2024
Selenium Sulfide,Selenium Sulfide,21775,297494.25999999995,9798.0,23166.8,579454,2019
Selenium Sulfide,Selenium Sulfide,19669,264542.04,8672.0,21110.500000000007,548584,2020
Selenium Sulfide,Selenium Sulfide,19500,268746.63000000006,8659.0,21002.5,554017,2021
Selenium Sulfide,Selenium Sulfide,15567,212273.64,7412.0,16840.200000000004,454101,2022
Selenium Sulfide,Selenium Sulfide,18761,253874.48999999996,8543.0,20220.2,554237,2023
Selenium Sulfide,Selenium Sulfide,20867,260579.06000000008,9462.0,22505.899999999998,622418,2024
Selexipag,Uptravi,18622,346599292.3999999,3257.0,18679.800000000003,542585,2019
Selexipag,Uptravi,26246,495123149.36,4248.0,26408.8,768703,2020
Selexipag,Uptravi,28314,558385700.0,4561.0,28623.4,824557,2021
Selexipag,Uptravi,25306,528318902.38,4156.0,25657.1,738160,2022
Selexipag,Uptravi,30189,687280974.55,4844.0,30609.0,891689,2023
Selexipag,Uptravi,36269,829774603.9199998,5576.0,36705.0,1076811,2024
Selinexor,Xpovio,37,869321.0,15.0,37.2,1049,2019
Selinexor,Xpovio,310,6838312.340000001,122.0,310.3,8498,2020
Selinexor,Xpovio,668,14020235.969999995,237.0,670.0,18117,2021
Selinexor,Xpovio,871,20238059.81,265.0,876.6999999999999,24400,2022
Selinexor,Xpovio,706,18543482.6,231.0,710.5,19849,2023
Selinexor,Xpovio,875,24539979.5,280.0,879.1,24452,2024
Selpercatinib,Retevmo,642,10561545.45,235.0,646.0,19322,2021
Selpercatinib,Retevmo,1278,20462391.79,435.0,1289.0,38033,2022
Selpercatinib,Retevmo,1589,26428960.05999999,520.0,1591.0,47183,2023
Selpercatinib,Retevmo,2305,39744804.5,750.0,2315.0,68889,2024
Selumetinib Sulfate,Koselugo,706,11902534.079999998,200.0,706.0,20958,2024
Selumetinib/Vitamin E Tpgs,Koselugo,87,1003791.62,25.0,87.0,2610,2020
Selumetinib/Vitamin E Tpgs,Koselugo,283,3894363.07,85.0,284.0,8360,2021
Selumetinib/Vitamin E Tpgs,Koselugo,354,5077111.9,105.0,354.0,10596,2022
Selumetinib/Vitamin E Tpgs,Koselugo,418,7233657.749999999,120.0,418.0,12453,2023
Semaglutide,Ozempic,387438,403954706.8,104157.0,528629.5000000001,15389735,2019
Semaglutide,Ozempic,1018900,1215904533.82,249195.0,1498126.9999999998,43777407,2020
Semaglutide,Ozempic,1922249,2466086261.2299995,481446.0,2848472.2000000007,83442435,2021
Semaglutide,Ozempic,3434882,4667099435.129999,862331.0,5081996.299999999,148824386,2022
Semaglutide,Ozempic,7171085,9670618798.11,1721681.0,10132234.7,295291728,2023
Semaglutide,Rybelsus,10906364,13792509455.77,2402242.0,15191108.699999996,441494924,2024
Serdexmethylphen/Dexmethylphen,Azstarys,37,12173.12,15.0,37.0,895,2022
Serdexmethylphen/Dexmethylphen,Azstarys,768,321459.53,294.0,776.3,22928,2023
Serdexmethylphen/Dexmethylphen,Azstarys,2035,834065.1100000001,686.0,2058.8,60291,2024
Sertaconazole Nitrate,Ertaczo,70,74521.04000000001,34.0,70.0,2010,2019
Sertaconazole Nitrate,Ertaczo,55,83796.33,15.0,55.0,1490,2020
Sertaconazole Nitrate,Ertaczo,35,45942.81,10.0,37.0,1080,2021
Sertaconazole Nitrate,Ertaczo,119,132401.23,56.0,129.3,3580,2022
Sertaconazole Nitrate,Ertaczo,461,630812.27,180.0,494.3,14824,2023
Sertaconazole Nitrate,Ertaczo,3222,3989051.81,1309.0,3787.0,112594,2024
Sertraline Hcl,Sertraline Hcl,13201737,138640378.15000007,3024538.0,22347130.100000005,650621239,2019
Sertraline Hcl,Sertraline Hcl,13466812,148755566.17999998,3060760.0,23586319.900000013,687259541,2020
Sertraline Hcl,Sertraline Hcl,13590109,154456428.42,3199948.0,24420702.700000003,711655306,2021
Sertraline Hcl,Sertraline Hcl,14028486,156025459.94000003,3343133.0,25528546.5,742385132,2022
Sertraline Hcl,Sertraline Hcl,14519326,167063196.57000002,3472195.0,26740180.30000001,776106230,2023
Sertraline Hcl,Sertraline Hcl,15394360,143254258.56000003,3664786.0,28638815.40000001,828722678,2024
Sevelamer Carbonate,Renvela,742871,548298646.11,201566.0,1025776.0999999996,28494323,2019
Sevelamer Carbonate,Renvela,732963,407773663.15,199154.0,1065358.1999999995,29969174,2020
Sevelamer Carbonate,Sevelamer Carbonate,687293,312713520.9,193865.0,1019226.5000000006,28754310,2021
Sevelamer Carbonate,Sevelamer Carbonate,645514,277683839.9,186075.0,975276.0,27522492,2022
Sevelamer Carbonate,Sevelamer Carbonate,630405,219094676.54,185481.0,968353.8,27303229,2023
Sevelamer Carbonate,Sevelamer Carbonate,638285,131093107.42000002,193539.0,995256.5999999996,28148063,2024
Sevelamer Hcl,Sevelamer Hcl,3439,2765949.1,1077.0,3551.5999999999995,66112,2019
Sevelamer Hcl,Sevelamer Hcl,7036,6015832.360000002,2134.0,7669.500000000001,168322,2020
Sevelamer Hcl,Sevelamer Hcl,8761,7658161.549999999,2635.0,10071.1,221425,2021
Sevelamer Hcl,Sevelamer Hcl,9679,8084408.990000001,2887.0,11480.300000000005,244301,2022
Sevelamer Hcl,Sevelamer Hcl,12279,9295460.289999995,3488.0,14655.100000000002,307074,2023
Sevelamer Hcl,Sevelamer Hcl,15823,10634209.599999996,4410.0,20126.8,459436,2024
Sildenafil Citrate,Viagra,338405,42819283.37999999,80447.0,392810.5,10414580,2019
Sildenafil Citrate,Sildenafil Citrate,382558,30993147.1,91507.0,453479.1,12059652,2020
Sildenafil Citrate,Sildenafil Citrate,456706,26953440.749999996,116417.0,551717.7000000001,14798283,2021
Sildenafil Citrate,Sildenafil Citrate,524064,34589556.129999995,138810.0,652482.6999999998,17487609,2022
Sildenafil Citrate,Sildenafil Citrate,557966,31708237.450000003,151439.0,709727.1999999997,19166773,2023
Sildenafil Citrate,Sildenafil Citrate,513686,27471437.040000007,139495.0,661782.3,17954792,2024
Silodosin,Silodosin,142694,30151914.410000008,41180.0,242919.0000000001,7150284,2019
Silodosin,Silodosin,135538,20311853.58,38909.0,246830.4,7299628,2020
Silodosin,Silodosin,131389,17036363.599999994,39184.0,250413.0,7414708,2021
Silodosin,Silodosin,139629,17480038.009999994,42686.0,271457.6,8038424,2022
Silodosin,Silodosin,157808,19649842.479999997,48551.0,310040.40000000014,9156995,2023
Silodosin,Silodosin,210898,17497078.729999997,65920.0,421344.0,12408845,2024
Siltuximab,Sylvant,24,82044.97,5.0,24.0,504,2019
Silver Sulfadiazine,Silver Sulfadiazine,277184,6344652.260000001,128516.0,286190.30000000005,5413329,2019
Silver Sulfadiazine,Silver Sulfadiazine,258678,5709516.2,118418.0,269531.8999999999,5357988,2020
Silver Sulfadiazine,Silver Sulfadiazine,248824,5061104.309999999,119492.0,260032.9,5351192,2021
Silver Sulfadiazine,Ssd,234906,5056505.840000001,116669.0,248278.1,5292669,2022
Silver Sulfadiazine,Ssd,246225,5182810.219999996,126084.0,263771.9,5852432,2023
Silver Sulfadiazine,Silver Sulfadiazine,252000,4669969.940000001,127627.0,269953.1000000001,6103296,2024
Simvastatin,Simvastatin,21459625,206205642.03,5889031.0,50842020.0,1514908639,2019
Simvastatin,Simvastatin,19940482,182038637.34000003,5470977.0,48944531.49999999,1458719425,2020
Simvastatin,Simvastatin,18217212,159489837.58,5127322.0,45616285.3,1359439885,2021
Simvastatin,Simvastatin,16789093,149208729.61000004,4776733.0,42519252.2,1266703398,2022
Simvastatin,Simvastatin,15388703,166622425.58999997,4379875.0,39227409.3,1168167711,2023
Simvastatin,Simvastatin,14482601,121796709.25,4076085.0,37081101.70000001,1103676535,2024
Sinecatechins,Veregen,11,14825.25,5.0,11.0,110,2019
Sinecatechins,Veregen,13,18591.3,5.0,13.0,122,2020
Sinecatechins,Veregen,86,125509.08,20.0,86.0,959,2021
Sinecatechins,Veregen,22,32840.17,5.0,22.0,110,2022
Siponimod,Mayzent,271,2442324.34,86.0,335.20000000000005,9848,2019
Siponimod,Mayzent,3410,29237655.010000005,925.0,3702.8,110055,2020
Siponimod,Mayzent,5332,47171684.35,1404.0,5756.8,167574,2021
Siponimod,Mayzent,5224,50447027.56999999,1422.0,5736.400000000001,167998,2022
Siponimod,Mayzent,4992,53058868.96999999,1292.0,5550.3,162784,2023
Siponimod,Mayzent,4874,50824338.99,1279.0,5404.2,159415,2024
Sirolimus,Sirolimus,18714,13500771.899999997,4746.0,27202.199999999997,800081,2019
Sirolimus,Sirolimus,21533,15398086.239999998,5374.0,32696.799999999992,966464,2020
Sirolimus,Sirolimus,20429,13220568.69,5121.0,31924.8,944241,2021
Sirolimus,Sirolimus,21169,12516709.489999996,5310.0,33950.00000000001,1003253,2022
Sirolimus,Sirolimus,24419,14511575.37,6140.0,39867.2,1178551,2023
Sirolimus,Sirolimus,26419,11572436.68,6672.0,44632.1,1322690,2024
Sitagliptin,Sitagliptin,1688,542315.1100000001,701.0,3450.4999999999995,103521,2024
Sitagliptin Phos/Metformin Hcl,Janumet Xr,1028119,682248455.7199999,245026.0,1633422.3000000005,48144249,2019
Sitagliptin Phos/Metformin Hcl,Janumet,1001846,730138343.1799997,239411.0,1661474.4,49055673,2020
Sitagliptin Phos/Metformin Hcl,Janumet,921773,733266241.2600001,225999.0,1565683.9000000004,46238450,2021
Sitagliptin Phos/Metformin Hcl,Janumet,827678,709073470.8100001,206525.0,1425291.9,42025258,2022
Sitagliptin Phos/Metformin Hcl,Janumet,734309,668892482.1699998,185959.0,1280343.1,37686016,2023
Sitagliptin Phos/Metformin Hcl,Janumet,695511,584211885.19,174475.0,1174453.8000000005,34541214,2024
Sitagliptin Phosphate,Januvia,4286815,3120098858.360001,918960.0,7248638.0,208020043,2019
Sitagliptin Phosphate,Januvia,4184270,3394924835.670001,910254.0,7450050.899999999,214975321,2020
Sitagliptin Phosphate,Januvia,4009709,3531950653.5,897031.0,7252872.3999999985,209640958,2021
Sitagliptin Phosphate,Januvia,3723471,3505633728.61,840113.0,6787307.1,195504002,2022
Sitagliptin Phosphate,Januvia,3498323,3446734330.2699995,792257.0,6370422.199999998,182634682,2023
Sitagliptin Phosphate,Januvia,3490163,3195725240.549999,778064.0,6219575.899999999,177751150,2024
Smallpox And Mpox Live Vacc/Pf,Jynneos,984,214522.44000000003,670.0,984.0,1207,2024
Sod Phenylbutyrat/Taurursodiol,Relyvrio,303,3161906.05,136.0,303.0,8442,2022
Sod Phenylbutyrat/Taurursodiol,Relyvrio,14558,182377642.7,2999.0,14728.999999999998,412735,2023
Sod Phenylbutyrat/Taurursodiol,Relyvrio,2746,35082606.72,1015.0,2782.9,77963,2024
"Sod Phos,m-B/K Phos,monob",K-Phos No.2,82,4576.960000000001,25.0,82.0,1731,2019
"Sod Phos,m-B/K Phos,monob",K-Phos No.2,79,5645.12,30.0,83.0,2300,2020
"Sod Phos,m-B/K Phos,monob",K-Phos No.2,51,5494.13,20.0,51.0,1420,2021
"Sod Phos,m-B/K Phos,monob",K-Phos No.2,22,2394.31,10.0,22.0,660,2023
"Sod Phos,m-B/K Phos,monob",K-Phos No.2,56,4400.32,20.0,56.0,1168,2024
"Sod Phosphate Mbas/Sod Phos,di",Osmoprep,465,98654.75,444.0,465.6,2056,2019
"Sod Phosphate Mbas/Sod Phos,di",Osmoprep,151,37137.87,137.0,151.2,1077,2020
"Sod Phosphate Mbas/Sod Phos,di",Osmoprep,68,19480.43,61.0,68.0,591,2021
"Sod Phosphate,monobasic-Dibas",Sodium Phosphate,172,17523.710000000003,35.0,172.0,990,2020
"Sod Phosphate,monobasic-Dibas",Sodium Phosphate,136,12725.419999999998,25.0,136.0,772,2021
"Sod Phosphate,monobasic-Dibas",Sodium Phosphate,162,39484.33,35.0,162.0,1046,2022
"Sod Phosphate,monobasic-Dibas",Sodium Phosphate,300,42731.42999999999,70.0,300.0,2237,2023
"Sod Phosphate,monobasic-Dibas",Sodium Phosphate,233,30517.31,45.0,233.0,1795,2024
Sod Picosulf/Mag Ox/Citric Ac,Clenpiq,17940,2544163.6800000006,17699.0,18054.6,61391,2019
Sod Picosulf/Mag Ox/Citric Ac,Clenpiq,17753,2612359.0700000008,17466.0,17793.8,48701,2020
Sod Picosulf/Mag Ox/Citric Ac,Clenpiq,57663,9099321.24,56636.0,57959.49999999998,148927,2021
Sod Picosulf/Mag Ox/Citric Ac,Clenpiq,99670,16466921.889999997,97882.0,100305.0,248001,2022
Sod Picosulf/Mag Ox/Citric Ac,Clenpiq,166447,28982072.52,162743.0,167721.69999999995,382777,2023
Sod Picosulf/Mag Ox/Citric Ac,Clenpiq,134304,22885975.81000001,130810.0,135413.89999999997,314843,2024
Sod Sulf/Pot Chloride/Mag Sulf,Sutab,44903,6888223.929999999,44279.0,44968.8,131595,2021
Sod Sulf/Pot Chloride/Mag Sulf,Sutab,97436,15692612.37,95731.0,97502.80000000002,244401,2022
Sod Sulf/Pot Chloride/Mag Sulf,Sutab,136741,22907400.379999995,133678.0,136848.09999999998,306184,2023
Sod Sulf/Pot Chloride/Mag Sulf,Sutab,115858,18736826.84,113286.0,115902.1,242852,2024
"Sod,pot Chlor/Mag/Sod,pot Phos",Tis-U-Sol Pentalyte,26,183.95,5.0,26.0,220,2022
"Sod,pot Chlor/Mag/Sod,pot Phos",Tis-U-Sol Pentalyte,34,269.96,5.0,34.0,340,2023
Sod/Pot/K Cit/Sod Cit/Cit Acid,Tricitrates,131,11537.39,45.0,131.7,2342,2019
Sod/Pot/K Cit/Sod Cit/Cit Acid,Tricitrates,63,9087.1,25.0,63.7,1567,2020
Sod/Pot/K Cit/Sod Cit/Cit Acid,Tricitrates,25,6133.5,10.0,26.2,641,2021
Sod/Pot/K Cit/Sod Cit/Cit Acid,Tricitrates,11,3977.49,5.0,11.3,338,2022
Sod/Pot/K Cit/Sod Cit/Cit Acid,Tricitrates,35,8676.27,15.0,35.0,976,2023
Sod/Pot/K Cit/Sod Cit/Cit Acid,Tricitrates,33,5037.67,10.0,33.0,638,2024
Sodium Acetate,Sodium Acetate,211,8474.8,40.0,211.0,1468,2019
Sodium Acetate,Sodium Acetate,306,9094.97,60.0,306.0,2019,2020
Sodium Acetate,Sodium Acetate,311,13815.89,45.0,311.0,1869,2021
Sodium Acetate,Sodium Acetate,292,17622.989999999998,60.0,292.0,1588,2022
Sodium Acetate,Sodium Acetate,427,41608.9,75.0,427.0,2816,2023
Sodium Acetate,Sodium Acetate,413,36914.44,80.0,413.0,2745,2024
Sodium Bicarbonate,Sodium Bicarbonate,6144,456201.04,1402.0,6152.000000000001,91719,2019
Sodium Bicarbonate,Sodium Bicarbonate,4135,292043.19999999995,965.0,4136.4,60491,2020
Sodium Bicarbonate,Sodium Bicarbonate,3437,231074.01,766.0,3440.2,44705,2021
Sodium Bicarbonate,Sodium Bicarbonate,4812,313786.26000000007,1107.0,4817.2,73300,2022
Sodium Bicarbonate,Sodium Bicarbonate,5016,378888.1799999999,1167.0,5017.6,77005,2023
Sodium Bicarbonate,Sodium Bicarbonate,4570,291410.78,1144.0,4576.6,62815,2024
Sodium Chloride,Sodium Chloride,234,17951.03,30.0,236.0,1950,2019
Sodium Chloride,Sodium Chloride,183,8988.09,30.0,183.0,1003,2020
Sodium Chloride,Sodium Chloride,92,3788.96,20.0,92.1,855,2021
Sodium Chloride,Sodium Chloride,248,11043.61,55.0,248.0,1668,2022
Sodium Chloride,Sodium Chloride,369,15039.350000000002,80.0,369.0,3029,2023
Sodium Chloride,Sodium Chloride,434,34103.45,80.0,434.0,2935,2024
Sodium Chloride 0.45 %,Sodium Chloride,14383,335538.46,5108.0,14404.1,55968,2019
Sodium Chloride 0.45 %,Sodium Chloride,19295,412099.33,7722.0,19303.6,69019,2020
Sodium Chloride 0.45 %,Sodium Chloride,12143,333649.37999999995,4195.0,12158.8,53184,2021
Sodium Chloride 0.45 %,Sodium Chloride,11524,346208.83,3936.0,11535.7,52770,2022
Sodium Chloride 0.45 %,Sodium Chloride,11680,350132.12,4409.0,11689.1,54656,2023
Sodium Chloride 0.45 %,Sodium Chloride,12281,332273.37999999995,4507.0,12281.4,57301,2024
Sodium Chloride 3 %,Sodium Chloride,69,881.4300000000001,10.0,69.0,433,2019
Sodium Chloride 3 %,Sodium Chloride,83,1172.4,15.0,83.0,496,2020
Sodium Chloride 3 %,Sodium Chloride,90,1412.9,15.0,90.9,1016,2021
Sodium Chloride 3 %,Sodium Chloride,37,1161.11,10.0,37.0,560,2022
Sodium Chloride 3 %,Sodium Chloride,151,11639.28,20.0,151.0,1040,2023
Sodium Chloride 3 %,Sodium Chloride,106,8854.89,25.0,106.0,945,2024
Sodium Chloride 5 %,Sodium Chloride,45,3194.54,10.0,45.0,308,2019
Sodium Chloride For Inhalation,Sodium Chloride,586,10202.84,153.0,586.0,6601,2019
Sodium Chloride For Inhalation,Sodium Chloride,171,5036.82,50.0,171.9,2220,2020
Sodium Chloride For Inhalation,Sodium Chloride,186,5582.8,55.0,186.1,2580,2021
Sodium Chloride For Inhalation,Sodium Chloride,162,4903.35,45.0,162.0,2003,2022
Sodium Chloride Irrig Solution,Sodium Chloride,35010,607175.4000000001,11224.0,35965.8,552850,2019
Sodium Chloride Irrig Solution,Sodium Chloride,32247,593235.6299999998,9799.0,33380.200000000004,542692,2020
Sodium Chloride Irrig Solution,Sodium Chloride,29632,654281.9699999999,9005.0,30840.100000000013,530260,2021
Sodium Chloride Irrig Solution,Sodium Chloride,21753,456847.9199999999,7032.0,22905.1,404322,2022
Sodium Chloride Irrig Solution,Sodium Chloride,19990,429387.0699999999,6074.0,20903.0,358178,2023
Sodium Chloride Irrig Solution,Sodium Chloride,20739,384294.76,6336.0,21566.0,357287,2024
Sodium Chloride/Nahco3/Kcl/Peg,Gavilyte-N,437698,7228725.859999999,426288.0,440680.7,835983,2019
Sodium Chloride/Nahco3/Kcl/Peg,Gavilyte-N,347760,5346282.63,338696.0,350396.70000000007,659352,2020
Sodium Chloride/Nahco3/Kcl/Peg,Nulytely,281116,4916025.720000002,273698.0,282352.7,478348,2021
Sodium Chloride/Nahco3/Kcl/Peg,Peg 3350-Electrolyte,405336,8490863.38,393908.0,407751.8000000001,653037,2022
Sodium Chloride/Nahco3/Kcl/Peg,Peg 3350-Electrolyte,373949,9188813.489999998,362502.0,377246.5,642991,2023
Sodium Chloride/Nahco3/Kcl/Peg,Peg 3350-Electrolyte,325083,7103530.7,315160.0,327484.80000000005,527681,2024
Sodium Fluoride/Potassium Nit,Prevident 5000 Enamel Protect,4744,76081.68,1934.0,5283.0,145341,2019
Sodium Fluoride/Potassium Nit,Prevident 5000 Sensitive,4540,74149.70999999999,1731.0,5043.4,138373,2020
Sodium Fluoride/Potassium Nit,Sodium Fluoride Sensitive,5298,81462.95999999999,2060.0,5885.299999999999,166050,2021
Sodium Fluoride/Potassium Nit,Sodium Fluoride Sensitive,6810,102435.3,2559.0,7696.5999999999985,218402,2022
Sodium Fluoride/Potassium Nit,Prevident 5000 Sensitive,8623,123672.36000000002,3330.0,9855.499999999996,284175,2023
Sodium Fluoride/Potassium Nit,Prevident 5000 Sensitive,10724,145202.2199999999,4229.0,12426.8,357871,2024
Sodium Oxybate,Xyrem,16515,214000549.06,4131.0,16531.0,479928,2019
Sodium Oxybate,Xyrem,17108,246354050.18000004,4418.0,17126.0,496301,2020
Sodium Oxybate,Xyrem,9673,148302540.81000003,2626.0,9673.0,279248,2021
Sodium Oxybate,Xyrem,7295,119824684.99000004,2197.0,7295.0,211450,2022
Sodium Oxybate,Xyrem,4897,81864759.47,1585.0,4897.9,141238,2023
Sodium Oxybate,Sodium Oxybate,5837,97987586.68,1910.0,5850.9,168783,2024
Sodium Phenylbutyrate,Sodium Phenylbutyrate,270,4831963.0200000005,95.0,282.6,7619,2019
Sodium Phenylbutyrate,Sodium Phenylbutyrate,260,3941344.16,80.0,260.3,6580,2020
Sodium Phenylbutyrate,Sodium Phenylbutyrate,413,5269871.42,120.0,429.7000000000001,11236,2021
Sodium Phenylbutyrate,Sodium Phenylbutyrate,550,6327631.59,175.0,581.7,14997,2022
Sodium Phenylbutyrate,Buphenyl,347,4523884.67,115.0,348.6,8928,2023
Sodium Phenylbutyrate,Buphenyl,297,3775666.76,95.0,300.5,7887,2024
Sodium Polystyrene Sulfon/Sorb,Sps,28256,1322365.5699999998,11808.0,29077.3,265915,2019
Sodium Polystyrene Sulfon/Sorb,Sps,45022,3471892.53,17903.0,46433.99999999999,434797,2020
Sodium Polystyrene Sulfon/Sorb,Sps,46022,4764068.559999999,18513.0,47884.7,475219,2021
Sodium Polystyrene Sulfon/Sorb,Sps,44726,4926401.85,18965.0,46508.1,454355,2022
Sodium Polystyrene Sulfon/Sorb,Sps,43353,5745693.229999998,18955.0,45260.90000000003,441313,2023
Sodium Polystyrene Sulfon/Sorb,Sps,41491,5867673.389999997,18274.0,43353.4,423534,2024
Sodium Polystyrene Sulfonate,Sodium Polystyrene Sulfonate,37209,2006661.87,13947.0,42975.49999999999,763936,2019
Sodium Polystyrene Sulfonate,Sodium Polystyrene Sulfonate,22783,1542385.9600000002,8799.0,27431.0,566067,2020
Sodium Polystyrene Sulfonate,Sodium Polystyrene Sulfonate,18724,1291853.7200000002,7318.0,23150.1,517400,2021
Sodium Polystyrene Sulfonate,Sodium Polystyrene Sulfonate,16268,1225578.1000000003,6699.0,20323.5,471555,2022
Sodium Polystyrene Sulfonate,Sodium Polystyrene Sulfonate,16253,1248709.04,6822.0,20989.9,494244,2023
Sodium Polystyrene Sulfonate,Sodium Polystyrene Sulfonate,17441,1204974.7199999995,7419.0,22844.5,537334,2024
Sodium Zirconium Cyclosilicate,Lokelma,3295,2277369.1,1172.0,3806.100000000001,109440,2019
Sodium Zirconium Cyclosilicate,Lokelma,39046,27790978.789999995,11586.0,47980.8,1350817,2020
Sodium Zirconium Cyclosilicate,Lokelma,84952,62183555.01000001,25252.0,107445.8,2950655,2021
Sodium Zirconium Cyclosilicate,Lokelma,142359,105639132.45,43023.0,183247.8,4930821,2022
Sodium Zirconium Cyclosilicate,Lokelma,178087,137407227.61999995,54384.0,230689.9,6142910,2023
Sodium Zirconium Cyclosilicate,Lokelma,221554,162618490.13000005,68258.0,288814.49999999994,7547514,2024
"Sodium, Potassium,mag Sulfates",Suprep,908325,90756000.16,893998.0,921264.0,1797705,2019
"Sodium, Potassium,mag Sulfates",Suprep,794018,83470628.81,779443.0,808261.4,1671962,2020
"Sodium, Potassium,mag Sulfates",Suprep,944702,104338023.47,925334.0,958675.9,2010596,2021
"Sodium, Potassium,mag Sulfates",Suprep,578581,63270717.92,567857.0,588035.6,1229292,2022
"Sodium, Potassium,mag Sulfates",Sod Sulf-Potass Sulf-Mag Sulf,552046,46175328.3,540656.0,561485.4999999999,1077135,2023
"Sodium, Potassium,mag Sulfates",Sod Sulf-Potass Sulf-Mag Sulf,867092,56517157.38,846785.0,876764.8000000002,1551702,2024
"Sodium,calcium,mag,pot Oxybate",Xywav,3697,51777007.60000001,1070.0,3703.0,107208,2021
"Sodium,calcium,mag,pot Oxybate",Xywav,5904,89994506.78,1758.0,5916.0,171673,2022
"Sodium,calcium,mag,pot Oxybate",Xywav,7546,118633801.58,2116.0,7556.0,218400,2023
"Sodium,calcium,mag,pot Oxybate",Xywav,9591,165287229.92999998,2707.0,9591.0,277875,2024
Sodium/Pot/Mag/Calc/Chlor/Acet,Tpn Electrolytes,28,16942.760000000002,10.0,28.0,28,2023
Sofosbuvir,Sovaldi,12,348529.08,5.0,12.0,336,2019
Sofosbuvir,Sovaldi,11,177733.6,5.0,11.0,210,2020
Sofosbuvir,Sovaldi,12,323619.39,5.0,12.0,336,2024
Sofosbuvir/Velpatas/Voxilaprev,Vosevi,158,3958913.09,59.0,158.0,4424,2019
Sofosbuvir/Velpatas/Voxilaprev,Vosevi,68,1774922.85,25.0,68.0,1904,2020
Sofosbuvir/Velpatas/Voxilaprev,Vosevi,75,1959288.76,25.0,75.0,2100,2021
Sofosbuvir/Velpatas/Voxilaprev,Vosevi,78,2057406.92,25.0,78.0,2184,2022
Sofosbuvir/Velpatas/Voxilaprev,Vosevi,56,1427655.13,20.0,56.0,1568,2023
Sofosbuvir/Velpatas/Voxilaprev,Vosevi,71,1715826.65,25.0,71.0,1988,2024
Sofosbuvir/Velpatasvir,Epclusa,21455,490428195.3500001,7280.0,21495.7,597724,2019
Sofosbuvir/Velpatasvir,Sofosbuvir-Velpatasvir,17916,388459490.9700001,6124.0,17966.400000000005,502422,2020
Sofosbuvir/Velpatasvir,Sofosbuvir-Velpatasvir,17946,407691245.07,6296.0,18015.4,504059,2021
Sofosbuvir/Velpatasvir,Sofosbuvir-Velpatasvir,16302,370213875.92,5651.0,16361.7,458057,2022
Sofosbuvir/Velpatasvir,Epclusa,14739,339000813.75999993,5128.0,14775.699999999995,413368,2023
Sofosbuvir/Velpatasvir,Epclusa,13829,285801252.7599999,4814.0,13891.3,388633,2024
Solifenacin Succinate,Solifenacin Succinate,589313,219664811.2,174049.0,827317.5000000002,23145683,2019
Solifenacin Succinate,Solifenacin Succinate,542864,57354038.50999998,156246.0,864704.1000000004,25340723,2020
Solifenacin Succinate,Solifenacin Succinate,642462,51206387.450000025,192923.0,1100460.5000000002,32428996,2021
Solifenacin Succinate,Solifenacin Succinate,716751,56854889.580000006,216063.0,1289865.7000000002,38028891,2022
Solifenacin Succinate,Solifenacin Succinate,776728,61204552.35999999,237066.0,1431261.7999999998,42155874,2023
Solifenacin Succinate,Solifenacin Succinate,1030916,48299906.15999997,324635.0,1963944.5,57851369,2024
Solriamfetol Hcl,Sunosi,152,106221.66999999998,61.0,158.2,4641,2019
Solriamfetol Hcl,Sunosi,3008,2249928.73,908.0,3271.7999999999997,96181,2020
Solriamfetol Hcl,Sunosi,5221,4209725.73,1551.0,5703.999999999999,167667,2021
Solriamfetol Hcl,Sunosi,7084,6293426.67,2113.0,7834.1,230502,2022
Solriamfetol Hcl,Sunosi,8913,8835235.030000003,2660.0,10036.5,296049,2023
Solriamfetol Hcl,Sunosi,10812,10725718.030000005,3101.0,12235.6,363231,2024
Somapacitan-Beco,Sogroya,156,426393.13,50.0,221.0,5889,2024
Somatropin,Genotropin,19589,117583401.07999998,4899.0,21249.6,574472,2019
Somatropin,Genotropin,19180,115190162.37,4941.0,20901.399999999998,566224,2020
Somatropin,Serostim,19872,116216213.41,5154.0,21257.900000000005,573742,2021
Somatropin,Serostim,19670,119118155.81,5123.0,20910.9,565252,2022
Somatropin,Genotropin,19033,118994705.98,4937.0,20245.000000000004,547275,2023
Somatropin,Serostim,19514,124681364.16,4926.0,20910.10000000001,562442,2024
Sonidegib Phosphate,Odomzo,608,6916939.26,190.0,609.0,17938,2019
Sonidegib Phosphate,Odomzo,863,9764215.830000002,242.0,869.0,25889,2020
Sonidegib Phosphate,Odomzo,991,11989260.21,277.0,991.7,29051,2021
Sonidegib Phosphate,Odomzo,821,9957300.41,240.0,821.3000000000001,23852,2022
Sonidegib Phosphate,Odomzo,962,12722977.27,305.0,970.0,28440,2023
Sonidegib Phosphate,Odomzo,1514,18921035.81,465.0,1514.0,45142,2024
Sorafenib Tosylate,Nexavar,3311,42552867.82999999,1169.0,3319.0,97014,2019
Sorafenib Tosylate,Nexavar,2228,28721071.180000007,775.0,2234.7,65061,2020
Sorafenib Tosylate,Nexavar,1760,22408818.750000004,630.0,1764.0,52029,2021
Sorafenib Tosylate,Nexavar,856,10139992.969999995,310.0,857.0,24931,2022
Sorafenib Tosylate,Sorafenib,1132,9619831.45,416.0,1132.0,33386,2023
Sorafenib Tosylate,Sorafenib,1254,7454814.469999997,435.0,1254.0,37317,2024
Sotagliflozin,Inpefa,146,131666.94,56.0,202.0,6060,2023
Sotagliflozin,Inpefa,4470,3365099.4699999997,1128.0,5797.4,172370,2024
Sotalol Hcl,Sotalol,960514,28165661.05,261703.0,1929250.4,57272027,2019
Sotalol Hcl,Sotalol,926447,27876839.970000014,257120.0,1972681.4,58598402,2020
Sotalol Hcl,Sotalol,882390,22737333.53,254749.0,1940915.7000000004,57650356,2021
Sotalol Hcl,Sotalol,850878,21452646.360000007,251154.0,1913503.1,56826791,2022
Sotalol Hcl,Sotalol,833951,23424309.300000004,249162.0,1900010.1,56422583,2023
Sotalol Hcl,Sotalol,846182,16958244.28,254550.0,1950315.4000000004,57912210,2024
Sotatercept-Csrk,Winrevair,9156,153317013.33999997,1777.0,9156.0,192321,2024
Sotorasib,Lumakras,120,2178249.01,45.0,122.0,3660,2021
Sotorasib,Lumakras,2028,35817260.559999995,695.0,2030.8,60750,2022
Sotorasib,Lumakras,2769,50680929.77,955.0,2777.2,83001,2023
Sotorasib,Lumakras,3632,63136779.14999999,1205.0,3643.0,108963,2024
Sparsentan,Filspari,32,362831.08,10.0,32.0,960,2023
Sparsentan,Filspari,1175,13613749.709999995,389.0,1175.0,35088,2024
Spinosad,Spinosad,54,12871.84,36.0,54.0,1620,2021
Spinosad,Spinosad,89,27482.25,54.0,89.0,1556,2022
Spinosad,Spinosad,203,100051.07,84.0,203.0,2926,2023
Spinosad,Spinosad,194,100508.15,114.0,194.0,2387,2024
Spironolact/Hydrochlorothiazid,Spironolactone-Hctz,138234,6768037.640000002,39995.0,273170.6,8103262,2019
Spironolact/Hydrochlorothiazid,Spironolactone-Hctz,129259,6519358.869999999,37495.0,268605.1,7980337,2020
Spironolact/Hydrochlorothiazid,Spironolactone-Hctz,117655,5397665.66,35316.0,254621.6,7564063,2021
Spironolact/Hydrochlorothiazid,Spironolactone-Hctz,108453,4839793.119999999,32458.0,239530.6,7108515,2022
Spironolact/Hydrochlorothiazid,Spironolactone-Hctz,106812,4297411.040000001,32279.0,238865.90000000005,7091767,2023
Spironolact/Hydrochlorothiazid,Spironolactone-Hctz,105237,3692244.89,31771.0,239154.4,7104704,2024
Spironolactone,Spironolactone,5560664,68440771.9,1487992.0,10820406.500000002,319081982,2019
Spironolactone,Spironolactone,5687115,72181362.53999998,1537990.0,11739014.800000004,346748564,2020
Spironolactone,Spironolactone,5828250,75504862.44999997,1658902.0,12456731.9,368245495,2021
Spironolactone,Spironolactone,6235570,80624030.83999999,1825996.0,13588207.900000002,401736936,2022
Spironolactone,Spironolactone,7015164,88331619.33000001,2094285.0,15455136.9,456683373,2023
Spironolactone,Spironolactone,8103728,71631087.14,2440762.0,18029390.3,532411745,2024
Stavudine,Stavudine,730,88196.88,255.0,775.0,23067,2019
Stavudine,Stavudine,12,4486.32,5.0,12.0,360,2020
Stiripentol,Diacomit,58,211921.12,20.0,77.0,2030,2021
Stiripentol,Diacomit,123,439745.8,35.0,139.7,3658,2022
Stiripentol,Diacomit,140,831419.2700000001,45.0,152.0,4433,2023
Stiripentol,Diacomit,180,1031667.19,65.0,180.0,5394,2024
Streptomycin Sulfate,Streptomycin Sulfate,982,4913283.140000001,511.0,1047.7,31408,2019
Streptomycin Sulfate,Streptomycin Sulfate,739,2949785.7800000003,312.0,743.7,21971,2020
Streptomycin Sulfate,Streptomycin Sulfate,448,1467124.3700000003,267.0,459.0,13246,2021
Streptomycin Sulfate,Streptomycin Sulfate,1126,2814258.079999999,632.0,1126.0,33106,2022
Streptomycin Sulfate,Streptomycin Sulfate,917,1964507.93,488.0,917.0,26435,2023
Streptomycin Sulfate,Streptomycin Sulfate,279,597116.66,139.0,279.0,7348,2024
"Sub-Q Insulin Device, 20 Unit",V-Go 20,10626,4806473.23,2934.0,12597.1,375138,2019
"Sub-Q Insulin Device, 20 Unit",V-Go 20,9707,4797771.26,2692.0,11831.3,353530,2020
"Sub-Q Insulin Device, 20 Unit",V-Go 20,10120,5506813.31,2604.0,12804.9,382811,2021
"Sub-Q Insulin Device, 20 Unit",V-Go 20,7416,4475919.83,1995.0,9469.4,283411,2022
"Sub-Q Insulin Device, 20 Unit",V-Go 20,7204,4810391.49,2010.0,9207.399999999998,275461,2023
"Sub-Q Insulin Device, 20 Unit",V-Go 20,6181,4068156.55,1638.0,7994.700000000001,239525,2024
"Sub-Q Insulin Device, 30 Unit",V-Go 30,9727,4426904.71,2758.0,11578.0,345327,2019
"Sub-Q Insulin Device, 30 Unit",V-Go 30,9253,4590676.680000001,2561.0,11318.7,338211,2020
"Sub-Q Insulin Device, 30 Unit",V-Go 30,9835,5298897.500000001,2567.0,12350.1,369153,2021
"Sub-Q Insulin Device, 30 Unit",V-Go 30,7025,4222864.420000001,1959.0,8923.000000000002,266424,2022
"Sub-Q Insulin Device, 30 Unit",V-Go 30,5966,3902662.960000001,1680.0,7466.399999999999,223422,2023
"Sub-Q Insulin Device, 30 Unit",V-Go 30,5079,3244662.3400000003,1438.0,6388.1,191598,2024
"Sub-Q Insulin Device, 40 Unit",V-Go 40,15918,7330679.000000002,4000.0,19137.2,571407,2019
"Sub-Q Insulin Device, 40 Unit",V-Go 40,17985,9102826.65,4461.0,22514.4,672152,2020
"Sub-Q Insulin Device, 40 Unit",V-Go 40,15231,8426184.589999998,3823.0,19510.4,582293,2021
"Sub-Q Insulin Device, 40 Unit",V-Go 40,10799,6641134.989999999,2835.0,13977.9,418235,2022
"Sub-Q Insulin Device, 40 Unit",V-Go 40,8236,5599595.840000002,2229.0,10699.2,320520,2023
"Sub-Q Insulin Device, 40 Unit",V-Go 40,6309,4175283.489999999,1707.0,8173.5,244841,2024
Subcutaneous Insulin Pump,Omnipod,144,59253.33,136.0,210.0,5604,2019
Succimer,Chemet,12,11333.36,5.0,12.0,300,2019
Succimer,Chemet,26,30690.76,10.0,28.0,762,2020
Succimer,Chemet,12,13295.76,5.0,12.0,360,2024
Sucralfate,Sucralfate,1362511,84913668.30000001,441811.0,1722907.6999999995,46196740,2019
Sucralfate,Sucralfate,1495639,101818963.73,483993.0,1985788.8000000005,53413904,2020
Sucralfate,Sucralfate,1566281,106528776.20000003,516882.0,2082899.1,55934266,2021
Sucralfate,Sucralfate,1523152,102662665.61,502034.0,2005402.6,53349265,2022
Sucralfate,Sucralfate,1541315,108970732.19000004,510666.0,2026694.6,53651614,2023
Sucralfate,Sucralfate,1641395,87863628.5,542581.0,2170865.3,57270331,2024
Sucroferric Oxyhydroxide,Velphoro,78217,190850191.33000007,20819.0,98720.8,2914191,2019
Sucroferric Oxyhydroxide,Velphoro,102175,284306630.8,25023.0,130754.1,3870467,2020
Sucroferric Oxyhydroxide,Velphoro,104324,314048924.12000006,25765.0,129647.59999999996,3834185,2021
Sucroferric Oxyhydroxide,Velphoro,115683,355574172.28000003,28328.0,140162.0,4127288,2022
Sucroferric Oxyhydroxide,Velphoro,127742,390734975.6399998,31105.0,150407.39999999997,4421244,2023
Sucroferric Oxyhydroxide,Velphoro,129929,363776569.78,33120.0,153469.19999999995,4490068,2024
Sulconazole Nitrate,Exelderm,143,91941.54,46.0,158.0,4725,2019
Sulfacetamide Sodium,Sulfacetamide Sodium,10720,693623.84,6624.0,12917.3,317013,2019
Sulfacetamide Sodium,Sulfacetamide Sodium,7935,550178.2,4424.0,9497.499999999998,239615,2020
Sulfacetamide Sodium,Sulfacetamide Sodium,7009,482955.26,3697.0,8433.0,221623,2021
Sulfacetamide Sodium,Sulfacetamide Sodium,6903,610561.1899999998,3547.0,8220.5,227550,2022
Sulfacetamide Sodium,Sulfacetamide Sodium,4804,459160.44000000006,2430.0,5696.200000000001,160091,2023
Sulfacetamide Sodium,Sulfacetamide Sodium,5904,424587.87,3188.0,7296.000000000001,199537,2024
Sulfacetamide Sodium/Sulfur,Sodium Sulfacetamide-Sulfur,37,13730.49,15.0,37.0,1110,2020
Sulfacetamide Sodium/Sulfur,Sodium Sulfacetamide-Sulfur,76,7484.519999999999,33.0,76.0,2247,2021
Sulfacetamide Sodium/Sulfur,Sodium Sulfacetamide-Sulfur,41,12269.55,15.0,43.0,1290,2022
Sulfacetamide Sodium/Sulfur,Sodium Sulfacetamide-Sulfur,24,6217.74,10.0,24.0,720,2023
Sulfacetamide/Prednisolone,Blephamide S.O.P.,317,55626.49,159.0,336.9,5462,2019
Sulfacetamide/Prednisolone,Blephamide,118,33574.05,71.0,151.1,3567,2020
Sulfacetamide/Prednisolone,Blephamide,56,18296.300000000003,20.0,94.7,2629,2021
Sulfacetamide/Prednisolone Sp,Sulfacetamide-Prednisolone,4641,82491.93999999999,2608.0,5556.900000000001,120440,2019
Sulfacetamide/Prednisolone Sp,Sulfacetamide-Prednisolone,4828,92123.83000000002,2662.0,5735.800000000001,120421,2020
Sulfacetamide/Prednisolone Sp,Sulfacetamide-Prednisolone,5549,103038.29,3267.0,6532.599999999999,139095,2021
Sulfacetamide/Prednisolone Sp,Sulfacetamide-Prednisolone,5498,108766.39000000004,3137.0,6758.299999999999,144404,2022
Sulfacetamide/Prednisolone Sp,Sulfacetamide-Prednisolone,2312,45703.75,1526.0,2886.0,63247,2023
Sulfacetamide/Prednisolone Sp,Sulfacetamide-Prednisolone,224,4769.969999999999,154.0,295.79999999999995,6729,2024
Sulfadiazine,Sulfadiazine,321,191355.28999999995,135.0,321.2,8900,2019
Sulfadiazine,Sulfadiazine,314,163217.30999999997,125.0,314.0,8994,2020
Sulfadiazine,Sulfadiazine,293,177118.71000000002,120.0,294.7,8563,2021
Sulfadiazine,Sulfadiazine,149,162894.45,55.0,150.3,3610,2022
Sulfadiazine,Sulfadiazine,75,110642.09,30.0,75.3,2067,2023
Sulfadiazine,Sulfadiazine,60,101142.75,20.0,60.1,1479,2024
Sulfamethoxazole/Trimethoprim,Sulfamethoxazole-Trimethoprim,3451471,20625544.380000003,2421515.0,3727077.6999999993,49658648,2019
Sulfamethoxazole/Trimethoprim,Sulfamethoxazole-Trimethoprim,3108104,17475124.5,2100640.0,3410550.700000001,47391272,2020
Sulfamethoxazole/Trimethoprim,Sulfamethoxazole-Trimethoprim,3054147,16029900.620000005,2112785.0,3358602.3000000003,46205763,2021
Sulfamethoxazole/Trimethoprim,Sulfamethoxazole-Trimethoprim,3020638,17398745.38,2105666.0,3326580.1,45530747,2022
Sulfamethoxazole/Trimethoprim,Sulfamethoxazole-Trimethoprim,3010218,18790504.93,2108966.0,3323518.099999999,45651000,2023
Sulfamethoxazole/Trimethoprim,Sulfamethoxazole-Trimethoprim,3086605,15404906.35,2164705.0,3424961.4999999995,47433152,2024
Sulfasalazine,Sulfasalazine,404886,15732409.069999997,115155.0,674743.2000000001,19802743,2019
Sulfasalazine,Sulfasalazine Dr,422953,15851685.680000003,121226.0,720530.0000000001,21051680,2020
Sulfasalazine,Sulfasalazine,388311,11881193.409999996,116361.0,643132.0000000001,18597619,2021
Sulfasalazine,Sulfasalazine,403205,13322704.58,115105.0,701168.0999999997,20573386,2022
Sulfasalazine,Sulfasalazine Dr,412141,13531544.5,118585.0,742985.8999999999,21796222,2023
Sulfasalazine,Sulfasalazine Dr,410972,12378021.440000003,121299.0,773661.3000000003,22710320,2024
Sulindac,Sulindac,151700,2683967.19,59488.0,191932.0,5182366,2019
Sulindac,Sulindac,136432,2510882.789999999,50149.0,174909.00000000003,4776834,2020
Sulindac,Sulindac,126724,2400653.770000001,47280.0,159551.6,4330201,2021
Sulindac,Sulindac,113867,2279404.85,43594.0,143760.50000000003,3856039,2022
Sulindac,Sulindac,102981,2070996.88,40574.0,129565.5,3443405,2023
Sulindac,Sulindac,98156,1674899.6300000004,38656.0,121706.50000000004,3213412,2024
Sumatriptan,Sumatriptan,9188,3049103.14,3121.0,9507.3,227732,2019
Sumatriptan,Sumatriptan,9230,3358337.15,3201.0,9632.100000000002,237980,2020
Sumatriptan,Sumatriptan,9410,2949105.7199999983,3289.0,9708.4,241640,2021
Sumatriptan,Sumatriptan,9303,2840832.169999999,3198.0,9635.7,246768,2022
Sumatriptan,Sumatriptan,10278,2633822.7400000007,3506.0,10646.1,269522,2023
Sumatriptan,Sumatriptan,11539,2079713.5400000005,3822.0,12111.600000000002,309035,2024
Sumatriptan Succ/Naproxen Sod,Sumatriptan Succ-Naproxen Sod,1728,1415264.15,580.0,1749.2,38027,2019
Sumatriptan Succ/Naproxen Sod,Treximet,2302,1655262.3000000005,725.0,2371.4,58610,2020
Sumatriptan Succ/Naproxen Sod,Sumatriptan Succ-Naproxen Sod,2263,1897366.88,640.0,2293.4,60516,2021
Sumatriptan Succ/Naproxen Sod,Sumatriptan Succ-Naproxen Sod,2631,1965134.3900000004,663.0,2655.4,72163,2022
Sumatriptan Succ/Naproxen Sod,Sumatriptan Succ-Naproxen Sod,2667,1702222.0599999996,567.0,2697.5,74438,2023
Sumatriptan Succ/Naproxen Sod,Sumatriptan Succ-Naproxen Sod,2557,1088469.74,528.0,2576.9,71191,2024
Sumatriptan Succinate,Sumatriptan Succinate,1119225,48808712.68000001,284949.0,1272007.7999999998,31495030,2019
Sumatriptan Succinate,Sumatriptan Succinate,1235345,51709905.220000006,308521.0,1412682.7999999998,35768327,2020
Sumatriptan Succinate,Sumatriptan Succinate,1224932,47433734.24000001,309842.0,1408805.0,36327643,2021
Sumatriptan Succinate,Sumatriptan Succinate,1235927,45607034.93999999,314482.0,1429693.5000000002,37131594,2022
Sumatriptan Succinate,Sumatriptan Succinate,1251213,43201944.08999999,320442.0,1450066.8,37917642,2023
Sumatriptan Succinate,Sumatriptan Succinate,1311071,30308204.58,336764.0,1523190.5000000002,40012482,2024
Sunitinib Malate,Sutent,6259,63611538.80000001,1836.0,6442.300000000001,160127,2019
Sunitinib Malate,Sutent,4076,41470055.36999999,1255.0,4214.6,105252,2020
Sunitinib Malate,Sutent,2514,26767684.02,820.0,2568.900000000001,63528,2021
Sunitinib Malate,Sunitinib Malate,2528,20073866.29,830.0,2553.9000000000005,64718,2022
Sunitinib Malate,Sunitinib Malate,2969,21682193.459999997,941.0,3005.2,77981,2023
Sunitinib Malate,Sunitinib Malate,2911,15286808.7,980.0,2941.6000000000004,76320,2024
Sutimlimab-Jome,Enjaymo,58,980120.42,10.0,58.0,987,2023
Sutimlimab-Jome,Enjaymo,39,888033.44,10.0,39.0,1057,2024
Suvorexant,Belsomra,140673,51818096.44000001,39036.0,149707.99999999997,4279963,2019
Suvorexant,Belsomra,151908,59321915.87999999,41687.0,162883.1,4658377,2020
Suvorexant,Belsomra,156819,64842982.62999999,43015.0,168168.30000000002,4804320,2021
Suvorexant,Belsomra,169879,74491936.63,47138.0,182526.8,5214535,2022
Suvorexant,Belsomra,198084,92527482.01999998,54473.0,214013.8,6127048,2023
Suvorexant,Belsomra,189941,85924794.96000001,51545.0,205121.40000000008,5873877,2024
"Syr,ndl,insulin,1ml-Sharps Bin",Ulticare,12,242.28,5.0,12.0,360,2019
"Syrge-Ndl,ins 0.3 Ml Half Mark",Veo Insulin Syringe,13706,270387.95,4947.0,28022.6,832709,2019
"Syrge-Ndl,ins 0.3 Ml Half Mark",Veo Insulin Syringe,13471,270245.00999999995,4812.0,28492.7,847972,2020
"Syrge-Ndl,ins 0.3 Ml Half Mark",Veo Insulin Syringe,13129,295382.25000000006,4849.0,28538.7,849514,2021
"Syrge-Ndl,ins 0.3 Ml Half Mark",Veo Insulin Syringe,12987,313906.13,4825.0,29698.300000000003,885424,2022
"Syrge-Ndl,ins 0.3 Ml Half Mark",Veo Insulin Syringe,11806,295994.62,4488.0,27507.4,820705,2023
"Syrge-Ndl,ins 0.3 Ml Half Mark",Veo Insulin Syringe,10962,283300.98,4237.0,26202.1,780914,2024
"Syrge-Ndl,ins 0.5 Ml Half Mark",Droplet Insulin Syringe,94,2673.45,47.0,152.0,4506,2019
"Syrge-Ndl,ins 0.5 Ml Half Mark",Droplet Insulin Syringe,938,58577.63000000001,361.0,2647.6,79357,2020
"Syrge-Ndl,ins 0.5 Ml Half Mark",Droplet Insulin Syringe,1062,64652.83,401.0,2894.3,86606,2021
"Syrge-Ndl,ins 0.5 Ml Half Mark",Droplet Insulin Syringe,966,56049.83999999998,353.0,2407.5000000000005,71846,2022
"Syrge-Ndl,ins 0.5 Ml Half Mark",Droplet Insulin Syringe,1025,57829.62,382.0,2482.8,73647,2023
"Syrge-Ndl,ins 0.5 Ml Half Mark",Droplet Insulin Syringe,805,40746.01000000002,285.0,1976.6,58721,2024
"Syring-Needl,disp,insul,0.3 Ml",Insulin Syringe,91576,2611048.1700000004,29581.0,135349.1,3962955,2019
"Syring-Needl,disp,insul,0.3 Ml",Insulin Syringe,81625,2463187.840000001,25933.0,120307.3,3527914,2020
"Syring-Needl,disp,insul,0.3 Ml",Insulin Syringe,69204,2154662.6500000004,22051.0,100961.30000000005,2965525,2021
"Syring-Needl,disp,insul,0.3 Ml",Insulin Syringe,58055,1891700.17,18316.0,84592.10000000002,2487283,2022
"Syring-Needl,disp,insul,0.3 Ml",Insulin Syringe,48054,1546763.62,15021.0,71406.59999999999,2104578,2023
"Syring-Needl,disp,insul,0.3 Ml",Trueplus Insulin Syringe,38673,1179019.85,12317.0,57028.9,1681492,2024
"Syringe And Needle,insulin,1ml",Insulin Syringe,439156,13141424.78,139621.0,726117.8,21314594,2019
"Syringe And Needle,insulin,1ml",Insulin Syringe,391975,11965584.240000002,124379.0,657611.1,19322797,2020
"Syringe And Needle,insulin,1ml",Ulticare Insulin Syringe,323702,10172768.07,103762.0,552507.7,16257982,2021
"Syringe And Needle,insulin,1ml",Insulin Syringe,256215,8358232.130000002,83128.0,446572.6,13157892,2022
"Syringe And Needle,insulin,1ml",Trueplus Insulin Syringe,202499,6717947.529999999,66386.0,361481.8,10656185,2023
"Syringe And Needle,insulin,1ml",Insulin Syringe,156995,4954455.219999999,51512.0,280548.2,8279428,2024
"Syringe W-Ndl, Disp,insul,2 Ml",Insulin Syringe,28,610.6,5.0,28.0,840,2020
"Syringe With Needle, Insulin",Monoject Insulin Safety Syrng,8299,274408.8800000001,1917.0,8476.3,224613,2019
"Syringe With Needle, Insulin",Monoject Insulin Safety Syrng,8048,253418.86999999997,1862.0,8157.899999999999,217078,2020
"Syringe With Needle, Insulin",Monoject Insulin Safety Syrng,5175,165209.35,1220.0,5281.299999999999,141247,2021
"Syringe With Needle, Insulin",Monoject Insulin Safety Syrng,3507,105328.6,840.0,3599.100000000001,94467,2022
"Syringe With Needle, Insulin",Monoject Insulin Safety Syrng,1439,40623.16,362.0,1462.3,37757,2023
"Syringe With Needle, Insulin",Monoject Insulin Safety Syrng,388,10495.16,105.0,389.3,9512,2024
"Syringe,insul U-500,ndl,0.5ml",Insulin Syringe U-500,1526,55262.780000000006,473.0,2068.4,60946,2019
"Syringe,insul U-500,ndl,0.5ml",Insulin Syringe U-500,1498,58357.86000000001,479.0,2065.1,61213,2020
"Syringe,insul U-500,ndl,0.5ml",Insulin Syringe U-500,1125,43814.19,355.0,1567.3,46660,2021
"Syringe,insul U-500,ndl,0.5ml",Insulin Syringe U-500,869,36435.23,277.0,1181.8,34643,2022
"Syringe,insul U-500,ndl,0.5ml",Insulin Syringe U-500,554,24503.75,181.0,783.5999999999999,23219,2023
"Syringe,insul U-500,ndl,0.5ml",Insulin Syringe U-500,461,20263.829999999994,171.0,617.5,18061,2024
"Syringe,insulin,needless 1 Ml",Luer-Lok Syringe,16,84.26,5.0,21.6,622,2020
"Syringe,insulin,needless 1 Ml",Insulin Syringe,47,801.24,15.0,47.0,1410,2021
"Syringe,insulin,needless 1 Ml",Insulin Syringe,32,203.92,10.0,32.0,938,2022
"Syringe,insulin,needless 1 Ml",Insulin Syringe,27,333.26,10.0,27.0,810,2023
"Syringe,needle,insuln,safe,1ml",Magellan Insulin Safety Syrng,2480,71547.37999999999,460.0,2505.8,57684,2019
"Syringe,needle,insuln,safe,1ml",Safetyglide Insulin Syringe,1785,52635.19,329.0,1790.8000000000002,42880,2020
"Syringe,needle,insuln,safe,1ml",Magellan Insulin Safety Syrng,1575,45101.16,365.0,1596.8000000000002,37854,2021
"Syringe,needle,insuln,safe,1ml",Safetyglide Insulin Syringe,1305,41598.66,351.0,1327.2,31972,2022
"Syringe,needle,insuln,safe,1ml",Safetyglide Insulin Syringe,1547,60396.779999999984,416.0,1615.6,39784,2023
"Syringe,needle,insuln,safe,1ml",Safetyglide Insulin Syringe,1431,42992.45999999999,350.0,1545.6,42180,2024
"Syringe,needle,insuln,sf 0.5ml",Easy Touch Insulin Safety,1221,39385.55,427.0,1238.7,26649,2019
"Syringe,needle,insuln,sf 0.5ml",Safetyglide Insulin Syringe,520,15506.940000000002,135.0,545.6999999999999,13864,2020
"Syringe,needle,insuln,sf 0.5ml",Safetyglide Insulin Syringe,405,11322.440000000002,125.0,421.2000000000001,10622,2021
"Syringe,needle,insuln,sf 0.5ml",Safetyglide Insulin Syringe,525,19252.63,156.0,567.0999999999999,14760,2022
"Syringe,needle,insuln,sf 0.5ml",Safetyglide Insulin Syringe,663,34923.85,200.0,701.5999999999999,18100,2023
"Syringe,needle,insuln,sf 0.5ml",Safetyglide Insulin Syringe,797,40862.69,235.0,856.2,22831,2024
"Syringe,needle,insuln,sf,0.3ml",Safetyglide Insulin Syringe,11,463.87,5.0,11.0,275,2021
"Syringe,needle,insuln,sf,0.3ml",Safetyglide Insulin Syringe,331,11592.12,118.0,379.7000000000001,9754,2022
"Syringe,needle,insuln,sf,0.3ml",Safetyglide Insulin Syringe,260,11842.85,103.0,326.1,8605,2023
"Syringe,needle,insuln,sf,0.3ml",Safetyglide Insulin Syringe,219,10579.46,80.0,231.6,5952,2024
"Syringe-Needle,insulin,0.5 Ml",Insulin Syringe,448475,12635576.6,142075.0,750768.4,22132442,2019
"Syringe-Needle,insulin,0.5 Ml",Insulin Syringe,404556,11899063.18,126900.0,692429.2,20442200,2020
"Syringe-Needle,insulin,0.5 Ml",Insulin Syringe,333700,10163667.02,105684.0,582307.0,17222191,2021
"Syringe-Needle,insulin,0.5 Ml",Insulin Syringe,276125,8785563.219999999,87926.0,499508.5000000002,14811301,2022
"Syringe-Needle,insulin,0.5 Ml",Insulin Syringe,232892,7345053.210000003,75141.0,433445.0999999999,12862620,2023
"Syringe-Needle,insulin,0.5 Ml",Trueplus Insulin Syringe,191709,5755802.83,61992.0,362124.1,10751633,2024
Tacrolimus,Tacrolimus,274137,55940794.69999999,82379.0,380482.4,10978809,2019
Tacrolimus,Tacrolimus,339796,83899397.34000003,99348.0,478040.7000000001,13870134,2020
Tacrolimus,Tacrolimus,351672,82141573.46999998,112560.0,508716.6,14794991,2021
Tacrolimus,Envarsus Xr,365947,86723711.47000001,122638.0,533478.2999999999,15510142,2022
Tacrolimus,Tacrolimus,396728,84552138.41000003,146244.0,576355.3999999999,16697217,2023
Tacrolimus,Tacrolimus,494640,77044279.83000001,197080.0,703064.3,20293161,2024
Tadalafil,Cialis,214658,200499860.78000003,54309.0,278356.4000000001,8253551,2019
Tadalafil,Tadalafil,207603,137813516.71000004,50716.0,280635.9,8332690,2020
Tadalafil,Tadalafil,189303,116160986.20999996,45713.0,260402.5,7716060,2021
Tadalafil,Tadalafil,193083,108188131.04999998,46814.0,275444.99999999994,8154167,2022
Tadalafil,Tadalafil,206672,98549711.67000005,51602.0,306848.5000000001,9053821,2023
Tadalafil,Tadalafil,238511,81624229.11000001,60282.0,368777.3999999999,10922580,2024
Tafamidis,Vyndamax,261,6626159.25,114.0,350.0,10500,2019
Tafamidis,Vyndamax,8515,190036037.73,1817.0,9852.4,295436,2020
Tafamidis,Vyndamax,19663,429375247.23,3894.0,21995.9,659776,2021
Tafamidis,Vyndamax,29402,689086457.83,5644.0,33223.9,996459,2022
Tafamidis,Vyndamax,45104,1126868426.7999997,8510.0,51153.8,1534083,2023
Tafamidis,Vyndamax,98896,2504980200.93,16340.0,112301.30000000002,3368326,2024
Tafamidis Meglumine,Vyndaqel,4230,88344123.96000002,1123.0,4572.7,137167,2019
Tafamidis Meglumine,Vyndaqel,7314,151748202.81000006,1672.0,7847.7,235176,2020
Tafamidis Meglumine,Vyndaqel,4109,85120799.72999999,1098.0,4401.7,131906,2021
Tafamidis Meglumine,Vyndaqel,3209,69962861.66000001,916.0,3417.0,102503,2022
Tafamidis Meglumine,Vyndaqel,3244,72272868.59,931.0,3383.0,101490,2023
Tafamidis Meglumine,Vyndaqel,9001,207777475.7799999,2106.0,9570.3,287110,2024
Tafasitamab-Cxix,Monjuvi,23,281301.66000000003,10.0,23.0,644,2023
Tafasitamab-Cxix,Monjuvi,47,308376.33,15.0,47.0,700,2024
Tafenoquine Succinate,Krintafel,21,3152.36,5.0,24.6,702,2022
Tafluprost/Pf,Zioptan,60046,17579677.710000005,15546.0,83849.79999999997,2496565,2019
Tafluprost/Pf,Zioptan,63053,19904453.290000003,16301.0,91963.2,2711126,2020
Tafluprost/Pf,Zioptan,53589,17417726.299999997,14363.0,79408.30000000002,2344906,2021
Tafluprost/Pf,Zioptan,50580,18279308.510000005,13643.0,76246.90000000001,2249747,2022
Tafluprost/Pf,Zioptan,47802,12722173.54,13650.0,72019.7,2127632,2023
Tafluprost/Pf,Tafluprost,59937,13211334.409999996,16287.0,92514.9,2739772,2024
Talazoparib Tosylate,Talzenna,59,840266.01,25.0,59.0,1770,2019
Talazoparib Tosylate,Talzenna,126,1903009.95,50.0,126.0,3764,2020
Talazoparib Tosylate,Talzenna,106,1463989.38,45.0,106.0,3144,2021
Talazoparib Tosylate,Talzenna,142,2031769.63,60.0,142.0,4236,2022
Talazoparib Tosylate,Talzenna,125,1960611.81,50.0,125.0,3724,2023
Talazoparib Tosylate,Talzenna,1191,18328318.82,375.0,1191.1,35263,2024
Taliglucerase Alfa,Elelyso,64,2370550.17,20.0,64.0,1792,2019
Taliglucerase Alfa,Elelyso,42,1710378.92,15.0,42.0,1176,2020
Taliglucerase Alfa,Elelyso,62,2757330.75,25.0,62.0,1736,2021
Taliglucerase Alfa,Elelyso,65,2998748.18,25.0,65.0,1820,2022
Taliglucerase Alfa,Elelyso,39,1845416.89,15.0,39.0,1092,2023
Taliglucerase Alfa,Elelyso,53,2244457.66,20.0,53.0,1465,2024
Talimogene Laherparepvec,Imlygic,13,250035.11,5.0,13.0,196,2020
Tamoxifen Citrate,Tamoxifen Citrate,341297,15780682.82,92585.0,691978.0,20607240,2019
Tamoxifen Citrate,Tamoxifen Citrate,325709,15857762.88,89403.0,695553.6999999998,20729973,2020
Tamoxifen Citrate,Tamoxifen Citrate,309698,12746527.359999998,88642.0,682688.7999999999,20347989,2021
Tamoxifen Citrate,Tamoxifen Citrate,302270,10544677.489999998,88717.0,679404.1999999997,20247047,2022
Tamoxifen Citrate,Tamoxifen Citrate,297664,10135700.47,88831.0,677244.9,20182286,2023
Tamoxifen Citrate,Tamoxifen Citrate,309492,8272333.119999998,92674.0,709218.7999999999,21132376,2024
Tamsulosin Hcl,Tamsulosin Hcl,16199062,303131068.83000004,4455171.0,32532258.7,960350246,2019
Tamsulosin Hcl,Tamsulosin Hcl,16635200,302486092.64,4667283.0,35164693.300000004,1038725749,2020
Tamsulosin Hcl,Tamsulosin Hcl,17043259,293310434.25999993,5004087.0,37075763.1,1095322053,2021
Tamsulosin Hcl,Tamsulosin Hcl,17826974,345634830.0599999,5336926.0,39390265.000000015,1162820507,2022
Tamsulosin Hcl,Tamsulosin Hcl,18879859,380657614.3499999,5710088.0,42147797.50000001,1242966118,2023
Tamsulosin Hcl,Tamsulosin Hcl,20562302,297817390.5,6233330.0,46285316.60000001,1363209834,2024
Tapentadol Hcl,Nucynta,114982,84422687.36000001,30293.0,115344.8,3204700,2019
Tapentadol Hcl,Nucynta Er,110552,88265000.35999998,28084.0,110860.7,3092429,2020
Tapentadol Hcl,Nucynta,96359,85736288.46,24359.0,96603.00000000004,2695671,2021
Tapentadol Hcl,Nucynta,85943,89208064.85,21791.0,86106.6,2407204,2022
Tapentadol Hcl,Nucynta,68898,78165375.11999999,18326.0,69013.0,1921343,2023
Tapentadol Hcl,Nucynta,62408,71961869.25,16531.0,62523.19999999999,1743915,2024
Tapinarof,Vtama,192,276658.69,92.0,198.0,5801,2022
Tapinarof,Vtama,3473,5806580.43,1225.0,3672.4,108096,2023
Tapinarof,Vtama,6107,8843119.069999998,1934.0,6287.2,185945,2024
Tasimelteon,Hetlioz,3065,50351700.08999998,1163.0,3102.0,93032,2019
Tasimelteon,Hetlioz,3516,62857678.60000002,1320.0,3544.0,106320,2020
Tasimelteon,Hetlioz,2990,65837131.3,1120.0,3008.0,90225,2021
Tasimelteon,Hetlioz,2528,60034797.65999998,1000.0,2538.7,76154,2022
Tasimelteon,Hetlioz,1847,46469208.44999999,695.0,1873.0,56190,2023
Tasimelteon,Hetlioz,2161,45740252.69000001,840.0,2197.4,65829,2024
Tavaborole,Kerydin,1631,2553516.16,579.0,1723.6,49913,2019
Tavaborole,Kerydin,1550,2555021.16,513.0,1770.1,52227,2020
Tavaborole,Tavaborole,8317,6525735.609999999,3136.0,10048.6,298158,2021
Tavaborole,Tavaborole,17323,12582128.06,5483.0,20892.7,621099,2022
Tavaborole,Tavaborole,21436,13899058.689999998,6839.0,25358.2,752988,2023
Tavaborole,Tavaborole,25889,16966328.919999998,7942.0,30055.6,889714,2024
Tazarotene,Tazorac,1060,584657.2300000001,420.0,1097.1,29401,2019
Tazarotene,Tazorac,1224,633103.1399999999,482.0,1281.3,35069,2020
Tazarotene,Tazarotene,1237,549510.3400000002,483.0,1309.5,35885,2021
Tazarotene,Tazarotene,1590,652228.84,708.0,1663.6,47061,2022
Tazarotene,Tazarotene,1848,852905.21,761.0,1927.0,53889,2023
Tazarotene,Tazarotene,2134,853171.7399999998,842.0,2317.2000000000003,65651,2024
Tazemetostat Hydrobromide,Tazverik,11,178305.1,5.0,11.0,330,2020
Tazemetostat Hydrobromide,Tazverik,114,1782006.35,45.0,114.0,3420,2021
Tazemetostat Hydrobromide,Tazverik,198,3604671.59,70.0,198.0,5940,2022
Tazemetostat Hydrobromide,Tazverik,247,4771072.32,90.0,247.0,7388,2023
Tazemetostat Hydrobromide,Tazverik,514,9143642.79,190.0,514.0,15315,2024
Tbo-Filgrastim,Granix,470,988999.46,176.0,472.7,9363,2019
Tbo-Filgrastim,Granix,600,1326030.94,193.0,601.0,11577,2020
Tbo-Filgrastim,Granix,260,593412.86,85.0,260.0,5392,2021
Tbo-Filgrastim,Granix,376,797167.0699999998,112.0,377.1,7609,2022
Tbo-Filgrastim,Granix,234,535891.6000000001,83.0,236.6,5105,2023
Tbo-Filgrastim,Granix,2926,1904432.03,1012.0,2928.2,23056,2024
Teclistamab-Cqyv,Tecvayli,14,134985.76,5.0,14.0,98,2023
Teclistamab-Cqyv,Tecvayli,28,398902.34,10.0,28.0,521,2024
Tedizolid Phosphate,Sivextro,656,2396975.33,298.0,664.8,6873,2019
Tedizolid Phosphate,Sivextro,334,2792921.77,110.0,342.0,7318,2020
Tedizolid Phosphate,Sivextro,369,2755312.33,120.0,372.2,7011,2021
Tedizolid Phosphate,Sivextro,529,4460115.21,167.0,542.2,10458,2022
Tedizolid Phosphate,Sivextro,210,1390419.16,65.0,212.0,3158,2023
Tedizolid Phosphate,Sivextro,416,4310941.05,125.0,418.2,10375,2024
Teduglutide,Gattex,3914,169164480.20999998,1153.0,3976.1,119130,2019
Teduglutide,Gattex,4381,195784725.27,1282.0,4448.700000000001,133282,2020
Teduglutide,Gattex,4127,195400336.48000005,1222.0,4207.8,125897,2021
Teduglutide,Gattex,4082,196812903.71,1184.0,4193.8,125402,2022
Teduglutide,Gattex,4282,213126891.59,1182.0,4433.4,132884,2023
Teduglutide,Gattex,4885,242418617.5000001,1353.0,5021.0,150590,2024
Tegaserod Hydrogen Maleate,Zelnorm,23,8854.75,13.0,23.0,675,2019
Tegaserod Hydrogen Maleate,Zelnorm,473,171570.65000000002,160.0,492.0,12545,2020
Tegaserod Hydrogen Maleate,Zelnorm,100,34679.280000000006,40.0,101.0,2980,2021
Telavancin Hcl,Vibativ,129,325466.82,30.0,129.2,841,2019
Telavancin Hcl,Vibativ,127,382912.15,30.0,127.0,804,2020
Telavancin Hcl,Vibativ,51,215409.82,20.0,51.0,340,2021
Telavancin Hcl,Vibativ,32,138812.38,10.0,32.0,199,2022
Telavancin Hcl,Vibativ,38,137059.18,10.0,38.0,243,2023
Telavancin Hcl,Vibativ,37,167285.63,10.0,37.0,221,2024
Telmisartan,Telmisartan,648904,38205391.38,179340.0,1304177.2999999996,38953050,2019
Telmisartan,Telmisartan,729599,42556399.70999999,191069.0,1617424.7999999998,48364851,2020
Telmisartan,Telmisartan,685548,35829166.660000004,186372.0,1611137.8999999994,48181540,2021
Telmisartan,Telmisartan,714973,33245702.209999997,198527.0,1728119.4,51636797,2022
Telmisartan,Telmisartan,758562,37232316.98,215191.0,1874711.9,56041398,2023
Telmisartan,Telmisartan,883892,25508824.61,254294.0,2210163.1,66052567,2024
Telmisartan/Amlodipine,Telmisartan-Amlodipine,2053,334914.11000000004,731.0,3390.7000000000003,101109,2019
Telmisartan/Amlodipine,Telmisartan-Amlodipine,1416,235838.33,470.0,2383.4,71287,2020
Telmisartan/Amlodipine,Telmisartan-Amlodipine,1682,273778.59,560.0,3124.0,93233,2021
Telmisartan/Amlodipine,Telmisartan-Amlodipine,2150,347210.81999999995,691.0,4079.9,121792,2022
Telmisartan/Amlodipine,Telmisartan-Amlodipine,3392,590113.6899999998,1137.0,6680.7,197620,2023
Telmisartan/Amlodipine,Telmisartan-Amlodipine,5567,871075.1000000001,1783.0,11651.8,346515,2024
Telmisartan/Hydrochlorothiazid,Telmisartan-Hydrochlorothiazid,139037,18743504.160000004,40188.0,269913.10000000003,8069772,2019
Telmisartan/Hydrochlorothiazid,Telmisartan-Hydrochlorothiazid,137411,19449211.750000004,38363.0,290693.6,8692445,2020
Telmisartan/Hydrochlorothiazid,Telmisartan-Hydrochlorothiazid,109115,15486089.690000003,31701.0,244859.40000000008,7325315,2021
Telmisartan/Hydrochlorothiazid,Telmisartan-Hydrochlorothiazid,95112,13177545.8,28317.0,219648.9,6572922,2022
Telmisartan/Hydrochlorothiazid,Telmisartan-Hydrochlorothiazid,91905,11939222.680000002,27759.0,213438.6,6386982,2023
Telmisartan/Hydrochlorothiazid,Telmisartan-Hydrochlorothiazid,99431,6731949.94,29871.0,234083.90000000008,6999363,2024
Telotristat Etiprate,Xermelo,831,5114610.360000001,280.0,831.2,23093,2019
Telotristat Etiprate,Xermelo,985,6684632.279999999,340.0,994.8,27528,2020
Telotristat Etiprate,Xermelo,1021,7646676.200000002,295.0,1029.3,28283,2021
Telotristat Etiprate,Xermelo,1009,8131275.0,321.0,1010.8,28101,2022
Telotristat Etiprate,Xermelo,975,8596962.339999998,335.0,975.0,26924,2023
Telotristat Etiprate,Xermelo,1225,11562477.770000003,395.0,1227.9,34118,2024
Temazepam,Temazepam,2456252,28845764.0,537893.0,2689575.3,78638582,2019
Temazepam,Temazepam,2402152,28180616.4,504334.0,2639003.2,77560429,2020
Temazepam,Temazepam,2255303,26386711.99,475567.0,2487463.4000000004,73257421,2021
Temazepam,Temazepam,2134846,25719647.97,450256.0,2352402.8000000007,69236820,2022
Temazepam,Temazepam,2030349,24120933.919999994,423194.0,2238685.3,65938051,2023
Temazepam,Temazepam,1886841,21225568.33000001,396899.0,2090614.1000000003,61609192,2024
Temozolomide,Temozolomide,28,11837.97,10.0,28.0,784,2020
Temozolomide,Temozolomide,43,33934.27,15.0,43.0,1184,2021
Temozolomide,Temozolomide,53,24676.21,15.0,53.0,932,2022
Temozolomide,Temozolomide,18,5945.79,5.0,18.0,113,2023
Temozolomide,Temozolomide,11,3408.55,5.0,11.0,57,2024
Temsirolimus,Torisel,36,129673.57,10.0,36.0,987,2019
Temsirolimus,Temsirolimus,33,94211.28,5.0,33.0,924,2020
Temsirolimus,Temsirolimus,38,96226.16,5.0,38.0,1043,2021
Temsirolimus,Temsirolimus,47,130531.14,5.0,47.0,1316,2022
Temsirolimus,Temsirolimus,23,64054.26,5.0,23.0,644,2023
Tenapanor Hcl,Ibsrela,1133,2046631.19,385.0,1253.0,37540,2022
Tenapanor Hcl,Ibsrela,8748,18542181.81,2513.0,10409.8,311459,2023
Tenapanor Hcl,Xphozah,44491,123689303.24,11602.0,52660.1,1576754,2024
Tenofovir Alafenamide,Vemlidy,65757,81073557.01,11571.0,71849.19999999998,2151449,2019
Tenofovir Alafenamide,Vemlidy,80822,107772784.14000002,14270.0,90266.2,2702771,2020
Tenofovir Alafenamide,Vemlidy,87004,115752674.66999996,15308.0,90925.7,2720583,2021
Tenofovir Alafenamide,Vemlidy,92984,133436005.69,16492.0,98053.4,2935606,2022
Tenofovir Alafenamide,Vemlidy,101919,157530039.4,18287.0,107740.7,3229058,2023
Tenofovir Alafenamide,Vemlidy,108432,164228279.94,19526.0,115705.2,3468950,2024
Tenofovir Disoproxil Fumarate,Tenofovir Disoproxil Fumarate,80974,16822120.029999997,19219.0,91515.60000000002,2721236,2019
Tenofovir Disoproxil Fumarate,Tenofovir Disoproxil Fumarate,62478,12931634.909999996,15552.0,83495.99999999999,2485299,2020
Tenofovir Disoproxil Fumarate,Tenofovir Disoproxil Fumarate,54225,10146607.98,13658.0,78439.79999999999,2335287,2021
Tenofovir Disoproxil Fumarate,Tenofovir Disoproxil Fumarate,51688,12188110.96,12827.0,78688.1,2348943,2022
Tenofovir Disoproxil Fumarate,Tenofovir Disoproxil Fumarate,49374,13056200.209999995,12484.0,79512.50000000003,2373931,2023
Tenofovir Disoproxil Fumarate,Tenofovir Disoproxil Fumarate,51818,8515465.2,13092.0,86580.99999999999,2587794,2024
Tepotinib Hcl,Tepmetko,36,751577.5,10.0,36.0,1080,2021
Tepotinib Hcl,Tepmetko,130,2783027.45,50.0,130.0,3900,2022
Tepotinib Hcl,Tepmetko,291,6282697.03,105.0,291.0,8543,2023
Tepotinib Hcl,Tepmetko,606,12690327.850000003,215.0,611.0,18054,2024
Teprotumumab-Trbw,Tepezza,251,13274409.639999997,65.0,251.0,4931,2020
Teprotumumab-Trbw,Tepezza,447,23746991.370000005,130.0,447.0,9138,2021
Teprotumumab-Trbw,Tepezza,675,35983512.2,195.0,675.0,13136,2022
Teprotumumab-Trbw,Tepezza,898,49270886.35000001,270.0,898.4,18499,2023
Teprotumumab-Trbw,Tepezza,1162,64636144.99999999,325.0,1162.0,24063,2024
Terazosin Hcl,Terazosin Hcl,1300480,27870771.34,358499.0,2970143.1,88181101,2019
Terazosin Hcl,Terazosin Hcl,1191025,28935745.110000003,332728.0,2815555.0,83637860,2020
Terazosin Hcl,Terazosin Hcl,1075351,27435520.43,307537.0,2591013.999999999,76952878,2021
Terazosin Hcl,Terazosin Hcl,984698,26665428.11,286644.0,2391094.8000000007,70925953,2022
Terazosin Hcl,Terazosin Hcl,917990,27688197.05,268616.0,2237795.9,66326672,2023
Terazosin Hcl,Terazosin Hcl,868211,20561056.24999999,253901.0,2118237.9000000004,62681034,2024
Terbinafine Hcl,Terbinafine Hcl,283172,3389556.329999999,135830.0,383208.6000000001,10713278,2019
Terbinafine Hcl,Terbinafine Hcl,255509,3014055.2499999995,120208.0,352496.6,9863728,2020
Terbinafine Hcl,Terbinafine Hcl,296109,3791761.94,144562.0,420072.0,11789404,2021
Terbinafine Hcl,Terbinafine Hcl,347930,4848369.45,171189.0,506127.4,14282960,2022
Terbinafine Hcl,Terbinafine Hcl,372088,5602461.329999998,186506.0,549753.6000000001,15551396,2023
Terbinafine Hcl,Terbinafine Hcl,436623,4992237.91,215882.0,661004.8999999997,18800790,2024
Terbutaline Sulfate,Terbutaline Sulfate,2719,802192.3300000002,862.0,3033.0000000000005,77974,2019
Terbutaline Sulfate,Terbutaline Sulfate,2263,644353.2699999999,751.0,2627.5,69781,2020
Terbutaline Sulfate,Terbutaline Sulfate,1914,483313.68000000005,674.0,2206.9,57984,2021
Terbutaline Sulfate,Terbutaline Sulfate,1184,294085.89,433.0,1384.9,34799,2022
Terbutaline Sulfate,Terbutaline Sulfate,1182,309400.7,450.0,1343.5000000000002,33841,2023
Terbutaline Sulfate,Terbutaline Sulfate,1125,194718.14,457.0,1240.4,29958,2024
Terconazole,Terconazole,39366,1337787.49,23509.0,39864.7,306703,2019
Terconazole,Terconazole,36669,1248348.1500000004,21023.0,37096.40000000001,282503,2020
Terconazole,Terconazole,35958,1186239.2799999998,20918.0,36395.6,285993,2021
Terconazole,Terconazole,36244,1229097.2500000002,21159.0,36795.59999999999,292048,2022
Terconazole,Terconazole,37312,1185888.21,22527.0,37893.9,302696,2023
Terconazole,Terconazole,40692,1129398.0499999996,24687.0,41280.9,330069,2024
Teriflunomide,Aubagio,71940,621364854.56,13059.0,85061.90000000001,2464432,2019
Teriflunomide,Aubagio,69098,667353805.34,12713.0,84371.90000000002,2517609,2020
Teriflunomide,Aubagio,66213,624872047.94,12263.0,74188.7,2215015,2021
Teriflunomide,Aubagio,59066,590738244.85,11090.0,65731.9,1963955,2022
Teriflunomide,Aubagio,43372,323349247.14000005,9963.0,47759.09999999999,1428159,2023
Teriflunomide,Aubagio,56860,161123817.66999996,12198.0,63278.19999999999,1878057,2024
Teriparatide,Forteo,103691,388431714.52,23757.0,111740.5,3192203,2019
Teriparatide,Forteo,81854,318759648.43,19325.0,88061.90000000001,2516440,2020
Teriparatide,Forteo,64125,252583418.50000003,15653.0,67956.19999999998,1943498,2021
Teriparatide,Forteo,74516,289368205.59,18227.0,78073.69999999998,2228880,2022
Teriparatide,Forteo,88073,348905953.93999994,20714.0,91427.19999999998,2610165,2023
Teriparatide,Forteo,102964,319546094.41,24391.0,109068.5,3118315,2024
Tesamorelin Acetate,Egrifta,2697,14679697.219999995,705.0,2743.0,82276,2019
Tesamorelin Acetate,Egrifta Sv,1275,7773005.270000001,365.0,1319.0,39497,2020
Tesamorelin Acetate,Egrifta Sv,2334,15106477.45,637.0,2366.0,70901,2021
Tesamorelin Acetate,Egrifta Sv,2466,17233366.03,672.0,2507.0,75166,2022
Tesamorelin Acetate,Egrifta Sv,2413,18103438.45,656.0,2443.0,73249,2023
Tesamorelin Acetate,Egrifta Sv,3041,23060670.87999999,792.0,3206.0,96153,2024
Testosterone,Testosterone,227341,108077349.70999996,63143.0,288288.60000000003,8440597,2019
Testosterone,Testosterone,256906,91543689.14000005,69450.0,331750.70000000007,9738091,2020
Testosterone,Testosterone,260928,77338508.96000001,70494.0,341742.1,10033387,2021
Testosterone,Testosterone,269797,72092310.94000001,73425.0,354577.89999999985,10406961,2022
Testosterone,Testosterone,303703,70168194.68000002,82252.0,401552.0000000001,11771177,2023
Testosterone,Testosterone,351582,58164510.70999999,94378.0,468174.0,13723184,2024
Testosterone Cypionate,Testosterone Cypionate,521816,24626079.680000003,144130.0,853144.9999999999,24456263,2019
Testosterone Cypionate,Testosterone Cypionate,555260,28326522.31,149282.0,889334.2999999997,25501154,2020
Testosterone Cypionate,Testosterone Cypionate,563116,27957958.499999996,153344.0,907284.8,26048862,2021
Testosterone Cypionate,Testosterone Cypionate,583850,27766897.41,161420.0,938066.0,26915499,2022
Testosterone Cypionate,Testosterone Cypionate,678963,26987692.649999995,188458.0,1083978.3000000005,31037840,2023
Testosterone Cypionate,Testosterone Cypionate,842642,30564398.100000005,230968.0,1318094.2000000004,37676855,2024
Testosterone Enanthate,Xyosted,2682,1007740.3,849.0,3551.3000000000006,102246,2019
Testosterone Enanthate,Xyosted,7580,3902515.869999999,2051.0,9056.400000000003,258731,2020
Testosterone Enanthate,Xyosted,10919,6336158.789999998,2795.0,13141.900000000003,375920,2021
Testosterone Enanthate,Xyosted,13569,8735230.92,3554.0,16440.6,471045,2022
Testosterone Enanthate,Xyosted,18808,13165188.89,4788.0,22763.4,651781,2023
Testosterone Enanthate,Xyosted,24459,16829281.099999998,6220.0,29664.3,848658,2024
Testosterone Undecanoate,Aveed,87,101748.52,35.0,139.0,4011,2019
Testosterone Undecanoate,Aveed,128,165843.41000000003,45.0,235.9,7040,2020
Testosterone Undecanoate,Jatenzo,214,278444.28,75.0,338.90000000000003,10083,2021
Testosterone Undecanoate,Jatenzo,1102,1080559.7799999998,345.0,1320.1,39226,2022
Testosterone Undecanoate,Jatenzo,1943,1770131.220000001,635.0,2299.9,68105,2023
Testosterone Undecanoate,Jatenzo,3304,3149556.340000001,1061.0,3919.9,116202,2024
"Tetanus, Diphtheria Tox,adult",Tdvax,5795,216140.55,5769.0,5839.0,35723,2019
"Tetanus, Diphtheria Tox,adult",Tdvax,2562,114712.27,2545.0,2573.0,17825,2020
"Tetanus, Diphtheria Tox,adult",Tdvax,3182,139938.78,3180.0,3184.0,24499,2021
"Tetanus, Diphtheria Tox,adult",Tdvax,4338,214192.90000000005,4287.0,4338.0,29602,2022
"Tetanus, Diphtheria Tox,adult",Tdvax,3922,186457.09000000003,3895.0,3924.0,21148,2023
"Tetanus, Diphtheria Tox,adult",Tdvax,2803,134951.75999999998,2796.0,2805.0,17929,2024
"Tetanus,diphtheria Toxd Ped/Pf",Diphtheria-Tetanus Toxoids-Ped,189,12947.19,102.0,189.0,189,2023
"Tetanus,diphtheria Toxd Ped/Pf",Diphtheria-Tetanus Toxoids-Ped,23,1150.0,23.0,23.0,23,2024
Tetanus-Diphtheria Toxoids/Pf,Tenivac,10793,508887.1799999999,10755.0,10857.0,65471,2019
Tetanus-Diphtheria Toxoids/Pf,Tenivac,6017,305614.03,5977.0,6025.0,14730,2020
Tetanus-Diphtheria Toxoids/Pf,Tenivac,14160,644275.17,14146.0,14162.0,22780,2021
Tetanus-Diphtheria Toxoids/Pf,Tenivac,23474,1096091.7100000002,23445.0,23478.0,35401,2022
Tetanus-Diphtheria Toxoids/Pf,Tenivac,23723,1260399.3200000003,23659.0,23740.0,53174,2023
Tetanus-Diphtheria Toxoids/Pf,Tenivac,18988,916006.9099999996,18929.0,19011.0,42259,2024
Tetrabenazine,Tetrabenazine,16601,67289218.61999999,4428.0,17009.7,454353,2019
Tetrabenazine,Tetrabenazine,16680,61371046.20999999,4524.0,17182.500000000004,458506,2020
Tetrabenazine,Tetrabenazine,15792,48470666.69000001,4318.0,16088.999999999998,425125,2021
Tetrabenazine,Tetrabenazine,16543,44097989.14000002,4614.0,16873.100000000006,440522,2022
Tetrabenazine,Tetrabenazine,15358,37787923.44,4327.0,15932.200000000008,412272,2023
Tetrabenazine,Tetrabenazine,15834,25745027.970000006,4702.0,16549.000000000004,430144,2024
Tetracaine Hcl,Tetracaine Hcl,11,27.75,5.0,11.0,330,2022
Tetracaine Hcl/Pf,Tetracaine Hcl,35,273.57,23.0,35.0,238,2019
Tetracaine Hcl/Pf,Tetracaine Hcl,57,541.45,20.0,57.0,146,2020
Tetracaine Hcl/Pf,Tetracaine Hcl,35,331.67,25.0,35.0,81,2021
Tetracaine Hcl/Pf,Tetracaine Hcl,20,205.62,11.0,20.0,290,2022
Tetracaine Hcl/Pf,Tetracaine Hcl,38,418.01,17.0,38.0,108,2023
Tetracaine Hcl/Pf,Tetracaine Hcl,30,300.0,10.0,30.0,57,2024
Tetracycline Hcl,Tetracycline Hcl,3901,889822.96,2264.0,4042.4,78857,2019
Tetracycline Hcl,Tetracycline Hcl,3046,598805.1000000001,1545.0,3168.6,62028,2020
Tetracycline Hcl,Tetracycline Hcl,3106,523978.34,1853.0,3257.8,61109,2021
Tetracycline Hcl,Tetracycline Hcl,3661,564206.83,2267.0,3755.6,68925,2022
Tetracycline Hcl,Tetracycline Hcl,3858,603692.57,2807.0,3992.2000000000007,66234,2023
Tetracycline Hcl,Tetracycline Hcl,4632,482806.7300000002,3410.0,4829.4,78371,2024
Tezacaftor/Ivacaftor,Symdeko,5773,136456867.08999994,950.0,5956.800000000001,167277,2019
Tezacaftor/Ivacaftor,Symdeko,418,9647889.59,140.0,418.0,11704,2020
Tezacaftor/Ivacaftor,Symdeko,353,8463600.319999998,135.0,353.0,9884,2021
Tezacaftor/Ivacaftor,Symdeko,289,7387248.229999998,115.0,294.2,8260,2022
Tezacaftor/Ivacaftor,Symdeko,291,7552358.229999999,105.0,295.5,8288,2023
Tezacaftor/Ivacaftor,Symdeko,377,9508301.320000002,135.0,385.0,10814,2024
Tezepelumab-Ekko,Tezspire,2770,10795435.389999997,782.0,2779.8,78216,2022
Tezepelumab-Ekko,Tezspire,12878,55465725.20000001,3377.0,13026.999999999998,366516,2023
Tezepelumab-Ekko,Tezspire,31159,136233474.7,7464.0,31794.000000000004,893949,2024
Thalidomide,Thalomid,2780,20573860.18,954.0,2802.5000000000005,78544,2019
Thalidomide,Thalomid,2461,18060028.63,816.0,2479.9000000000005,69495,2020
Thalidomide,Thalomid,2149,16292442.390000002,716.0,2156.4,60411,2021
Thalidomide,Thalomid,1813,13336801.73,608.0,1817.7,50899,2022
Thalidomide,Thalomid,1360,9740109.800000004,445.0,1364.3,38208,2023
Thalidomide,Thalomid,1293,9541887.309999997,458.0,1293.9,36227,2024
Theophylline Anhydrous,Theophylline Anhydrous,175446,18801343.45,50158.0,236899.6,6798068,2019
Theophylline Anhydrous,Theophylline Anhydrous,151571,17858599.950000003,42834.0,211404.80000000005,6076950,2020
Theophylline Anhydrous,Theophylline Anhydrous,126235,15868095.0,35918.0,178996.89999999997,5144866,2021
Theophylline Anhydrous,Theophylline Er,108209,12855886.820000002,31128.0,153707.79999999993,4430622,2022
Theophylline Anhydrous,Theophylline Er,102025,10911190.08,28107.0,153465.9,4426995,2023
Theophylline Anhydrous,Theophylline Er,92933,7581442.760000001,25889.0,139367.3,4010697,2024
Thiamine Hcl,Vitamin B-1,91,544.0,20.0,91.0,2647,2022
Thiamine Hcl,Vitamin B-1,95,664.8199999999999,21.0,97.3,2743,2023
Thiamine Hcl,Vitamin B-1,186,2101.92,58.0,483.6,14400,2024
Thioguanine,Tabloid,116,88013.4,30.0,146.9,3614,2019
Thioguanine,Tabloid,113,88506.23999999999,25.0,138.9,3476,2020
Thioguanine,Tabloid,84,94875.18,20.0,113.1,2920,2021
Thioguanine,Tabloid,47,181222.43,10.0,62.2,1481,2022
Thioguanine,Tabloid,37,161853.78,10.0,37.0,675,2023
Thioguanine,Tabloid,26,157113.49,5.0,26.0,333,2024
Thioridazine Hcl,Thioridazine Hcl,21293,1285024.3500000006,5871.0,22205.5,564169,2019
Thioridazine Hcl,Thioridazine Hcl,20274,1165042.62,5752.0,21140.1,567972,2020
Thioridazine Hcl,Thioridazine Hcl,19109,1064338.57,5242.0,19727.3,518775,2021
Thioridazine Hcl,Thioridazine Hcl,18143,958152.39,5028.0,18682.500000000007,487462,2022
Thioridazine Hcl,Thioridazine Hcl,16477,897550.9999999998,4608.0,17009.4,448838,2023
Thioridazine Hcl,Thioridazine Hcl,15033,764751.7600000002,4212.0,15513.400000000003,410942,2024
Thiothixene,Thiothixene,6908,634036.4699999999,2256.0,7770.0,208664,2019
Thiothixene,Thiothixene,12523,1311936.5399999998,3905.0,13622.1,371433,2020
Thiothixene,Thiothixene,13176,1440244.6700000002,4040.0,14295.400000000003,396425,2021
Thiothixene,Thiothixene,12864,1340166.35,3791.0,13973.200000000004,382494,2022
Thiothixene,Thiothixene,12188,1201468.8400000003,3511.0,13189.600000000006,357585,2023
Thiothixene,Thiothixene,11744,1007666.85,3502.0,12697.5,347578,2024
"Thyroid,pork",Armour Thyroid,169560,8575440.879999999,47138.0,281546.30000000005,8312674,2019
"Thyroid,pork",Armour Thyroid,170415,9455590.72,47972.0,297839.4,8804397,2020
"Thyroid,pork",Armour Thyroid,180420,10906010.330000002,50377.0,326018.7,9644210,2021
"Thyroid,pork",Armour Thyroid,173088,11204736.000000004,48868.0,315608.2,9347520,2022
"Thyroid,pork",Armour Thyroid,177000,12293515.69,49692.0,329731.00000000006,9760023,2023
"Thyroid,pork",Armour Thyroid,206638,13696453.799999995,58939.0,393572.29999999993,11652971,2024
Tiagabine Hcl,Tiagabine Hcl,17090,7982490.360000001,5049.0,18083.200000000004,468802,2019
Tiagabine Hcl,Tiagabine Hcl,15984,7299949.79,4634.0,17006.600000000002,444272,2020
Tiagabine Hcl,Tiagabine Hcl,13959,6490861.539999999,4012.0,14955.000000000002,395723,2021
Tiagabine Hcl,Tiagabine Hcl,12118,5526145.749999999,3518.0,12938.4,344588,2022
Tiagabine Hcl,Tiagabine Hcl,10126,4100420.829999999,2989.0,10778.300000000005,284298,2023
Tiagabine Hcl,Tiagabine Hcl,9474,3248598.290000001,2789.0,10211.499999999996,273348,2024
Ticagrelor,Brilinta,742886,382333295.88,193469.0,1053834.9,30561776,2019
Ticagrelor,Brilinta,732260,407898202.9200001,188726.0,1079379.2000000002,31332711,2020
Ticagrelor,Brilinta,661936,400848076.85,176828.0,998657.7000000002,28917472,2021
Ticagrelor,Brilinta,640021,411875320.84,173707.0,979588.2,28224411,2022
Ticagrelor,Brilinta,656273,439369320.8,179067.0,1009910.4,28976448,2023
Ticagrelor,Brilinta,688744,435191222.5899999,187309.0,1056487.9,30178992,2024
Tick-Borne Encephalitis Vaccin,Ticovac,54,15482.79,22.0,54.0,54,2024
Tigecycline,Tygacil,1431,1440812.1899999997,384.0,1431.0,6722,2019
Tigecycline,Tigecycline,1128,1335901.22,326.0,1128.0,5978,2020
Tigecycline,Tygacil,1543,1784815.7899999998,424.0,1543.0,8737,2021
Tigecycline,Tigecycline,986,979031.28,273.0,986.0,4950,2022
Tigecycline,Tigecycline,1553,1416330.81,370.0,1553.0,7089,2023
Tigecycline,Tigecycline,1495,896995.69,360.0,1495.0,7621,2024
Tildrakizumab-Asmn,Ilumya,47,637378.86,20.0,108.4,3228,2019
Tildrakizumab-Asmn,Ilumya,137,1938483.01,45.0,324.79999999999995,9690,2020
Tildrakizumab-Asmn,Ilumya,117,1777442.1099999996,39.0,291.20000000000005,8708,2021
Tildrakizumab-Asmn,Ilumya,177,2869952.11,61.0,414.7,12327,2022
Tildrakizumab-Asmn,Ilumya,258,4498161.7,81.0,657.3000000000001,19623,2023
Tildrakizumab-Asmn,Ilumya,191,3160224.9400000004,55.0,503.6,15076,2024
Timolol,Betimol,5401,1174907.62,1816.0,9098.2,261009,2019
Timolol,Betimol,8678,1789672.8799999994,2828.0,14087.500000000004,403406,2020
Timolol,Betimol,9830,2059878.81,3135.0,15780.600000000002,450464,2021
Timolol,Betimol,7969,1861132.55,2560.0,13115.699999999995,376095,2022
Timolol,Betimol,4259,1041910.1700000002,1425.0,6721.5,190612,2023
Timolol,Betimol,2716,649975.64,945.0,4274.700000000001,121101,2024
Timolol Maleate,Timolol Maleate,2610742,78129454.01000004,797331.0,4806217.300000001,139996388,2019
Timolol Maleate,Timolol Maleate,2404795,68886549.01,756012.0,4624690.7,135234732,2020
Timolol Maleate,Timolol Maleate,2429166,65557577.53999999,768284.0,4832150.799999998,141647634,2021
Timolol Maleate,Timolol Maleate,2444663,62626464.41000001,784438.0,4985949.299999999,146689757,2022
Timolol Maleate,Timolol Maleate,2538213,58459020.49999999,805529.0,5198016.700000001,152949801,2023
Timolol Maleate,Timolol Maleate,2728589,46837538.510000005,859256.0,5668777.5,166978704,2024
Timolol Maleate/Pf,Timoptic Ocudose,9245,5657324.27,2704.0,13588.7,409164,2019
Timolol Maleate/Pf,Timoptic Ocudose,9138,6178334.390000003,2656.0,13442.299999999996,398860,2020
Timolol Maleate/Pf,Timolol Maleate,7315,4425480.019999999,2325.0,10787.3,325014,2021
Timolol Maleate/Pf,Timolol Maleate,8411,4507794.239999999,2607.0,13391.3,409129,2022
Timolol Maleate/Pf,Timolol Maleate,9647,4492416.080000002,2954.0,15361.9,465056,2023
Timolol Maleate/Pf,Timolol Maleate,12727,4290484.19,3886.0,20593.800000000003,614239,2024
Tinidazole,Tinidazole,1243,100338.77000000002,598.0,1351.0,23764,2019
Tinidazole,Tinidazole,660,65522.600000000006,299.0,721.0000000000001,12478,2020
Tinidazole,Tinidazole,680,69723.65,286.0,738.0999999999999,12334,2021
Tinidazole,Tinidazole,774,63097.09,358.0,821.4000000000001,11841,2022
Tinidazole,Tinidazole,1003,72359.83,491.0,1129.1,17058,2023
Tinidazole,Tinidazole,1234,81712.05,653.0,1420.7,25546,2024
Tiopronin,Thiola,912,6803277.859999999,310.0,916.0,27480,2019
Tiopronin,Thiola Ec,1697,14365058.859999996,615.0,1728.0,51840,2020
Tiopronin,Thiola Ec,1977,17240917.05,705.0,1977.0,59295,2021
Tiopronin,Thiola Ec,2146,17273020.500000004,780.0,2158.0,64334,2022
Tiopronin,Thiola Ec,2209,18279294.64,805.0,2222.1000000000004,65865,2023
Tiopronin,Thiola Ec,2570,21393544.819999997,950.0,2584.0,76948,2024
Tiotropium Br/Olodaterol Hcl,Stiolto Respimat,302400,152218671.71000004,78750.0,387436.0999999999,11586388,2019
Tiotropium Br/Olodaterol Hcl,Stiolto Respimat,337498,182394048.54,84545.0,439000.5999999999,13145231,2020
Tiotropium Br/Olodaterol Hcl,Stiolto Respimat,404123,236308404.22,104293.0,539417.6000000001,16163922,2021
Tiotropium Br/Olodaterol Hcl,Stiolto Respimat,422712,260916664.53,109564.0,570399.3,17092543,2022
Tiotropium Br/Olodaterol Hcl,Stiolto Respimat,450868,291793371.45,119156.0,616708.6,18482614,2023
Tiotropium Br/Olodaterol Hcl,Stiolto Respimat,489884,304781208.12000006,128770.0,673287.7000000001,20175899,2024
Tiotropium Bromide,Spiriva,2447493,1424454574.99,629180.0,3420808.7,101899604,2019
Tiotropium Bromide,Spiriva,2224623,1386404445.59,571095.0,3167165.4000000004,94392603,2020
Tiotropium Bromide,Spiriva,1939022,1278820396.62,511130.0,2761769.9000000004,82224833,2021
Tiotropium Bromide,Spiriva Handihaler,1727857,1185669766.64,461908.0,2462528.600000001,73252834,2022
Tiotropium Bromide,Spiriva Handihaler,1502782,1064266689.9899998,412719.0,2143852.4999999995,63864933,2023
Tiotropium Bromide,Spiriva Handihaler,1274431,853466361.7,357639.0,1818283.0000000005,54376132,2024
Tipranavir,Aptivus,624,1078802.09,245.0,637.0,19084,2019
Tipranavir,Aptivus,614,1110663.66,235.0,620.0,18557,2020
Tipranavir,Aptivus,510,958207.42,205.0,510.0,15090,2021
Tipranavir,Aptivus,446,884776.0199999999,170.0,448.0,13203,2022
Tipranavir,Aptivus,321,680498.3,120.0,321.0,9630,2023
Tipranavir,Aptivus,318,640393.99,125.0,318.0,9252,2024
Tirbanibulin,Klisyri,324,334098.19,169.0,324.1,8385,2021
Tirbanibulin,Klisyri,297,319826.08,152.0,297.0,7535,2022
Tirbanibulin,Klisyri,548,656578.55,291.0,552.0,9336,2023
Tirbanibulin,Klisyri,494,626128.5099999999,324.0,498.0,8335,2024
Tirzepatide,Mounjaro,39468,46700706.11,14080.0,44956.4,1280022,2022
Tirzepatide,Mounjaro,1521598,1965517131.54,345170.0,1792562.0,51127151,2023
Tirzepatide,Mounjaro,4694910,5825309627.679997,961674.0,5603829.700000001,159820615,2024
Tisotumab Vedotin-Tftv,Tivdak,25,678375.5800000001,10.0,25.0,525,2024
Tivozanib Hcl,Fotivda,130,3237329.9400000004,45.0,130.0,3535,2021
Tivozanib Hcl,Fotivda,871,22778172.84,285.0,871.2,24203,2022
Tivozanib Hcl,Fotivda,1253,34296324.80999999,405.0,1253.0,34803,2023
Tivozanib Hcl,Fotivda,1527,43958403.55,490.0,1527.0,42480,2024
Tizanidine Hcl,Tizanidine Hcl,5019050,95823509.68999998,1629819.0,6281660.6,167971046,2019
Tizanidine Hcl,Tizanidine Hcl,5352544,95851861.00999998,1660131.0,6780551.6000000015,181495213,2020
Tizanidine Hcl,Tizanidine Hcl,5382337,89129723.02000006,1733089.0,6873235.0,183141734,2021
Tizanidine Hcl,Tizanidine Hcl,5561807,83976739.35999997,1819394.0,7154543.600000001,189994090,2022
Tizanidine Hcl,Tizanidine Hcl,5846521,82336448.86999997,1936513.0,7553407.400000002,199843700,2023
Tizanidine Hcl,Tizanidine Hcl,6270719,68808859.06000002,2101842.0,8170298.600000001,215300834,2024
Tobramycin,Tobramycin,102136,3522030.8400000003,75627.0,104672.3,1900413,2019
Tobramycin,Tobramycin,82337,2160388.11,58857.0,84530.60000000005,1549632,2020
Tobramycin,Tobramycin,78680,1289942.6000000003,55966.0,80881.30000000003,1555147,2021
Tobramycin,Tobramycin,78346,2108062.12,56726.0,80683.99999999999,1514889,2022
Tobramycin,Tobramycin,95448,1925276.04,70099.0,98321.3,1789373,2023
Tobramycin,Tobramycin,97605,2403375.02,71805.0,100786.69999999998,1819228,2024
Tobramycin In 0.225% Sod Chlor,Tobramycin,269,501973.79,65.0,269.0,3796,2019
Tobramycin In 0.225% Sod Chlor,Tobramycin,243,356815.92000000004,70.0,243.0,3198,2020
Tobramycin In 0.225% Sod Chlor,Tobramycin,253,387293.7299999999,71.0,262.1,3184,2021
Tobramycin In 0.225% Sod Chlor,Tobramycin,196,360699.53,60.0,221.4,4072,2022
Tobramycin In 0.225% Sod Chlor,Tobramycin,127,311061.15,40.0,139.4,2656,2023
Tobramycin In 0.225% Sod Chlor,Tobramycin,181,100467.02,55.0,195.7,3442,2024
Tobramycin Sulfate,Tobramycin Sulfate,6825,11441113.02,2739.0,6912.999999999999,123462,2019
Tobramycin Sulfate,Tobramycin Sulfate,5129,5349371.819999999,1856.0,5203.299999999999,83273,2020
Tobramycin Sulfate,Tobramycin Sulfate,3738,1703025.15,1241.0,3822.500000000001,49628,2021
Tobramycin Sulfate,Tobramycin Sulfate,4218,766677.3200000001,1316.0,4303.1,55919,2022
Tobramycin Sulfate,Tobramycin Sulfate,3936,356843.03,1164.0,4008.1,49308,2023
Tobramycin Sulfate,Tobramycin Sulfate,5403,3267603.6500000004,1946.0,5462.2,93607,2024
Tobramycin/Dexamethasone,Tobramycin-Dexamethasone,348047,35632116.95000002,251373.0,358781.69999999995,6298464,2019
Tobramycin/Dexamethasone,Tobramycin-Dexamethasone,327080,32718827.87,231354.0,338186.5,5963132,2020
Tobramycin/Dexamethasone,Tobramycin-Dexamethasone,291238,28338166.410000004,208312.0,302804.50000000006,5498638,2021
Tobramycin/Dexamethasone,Tobramycin-Dexamethasone,292896,27335110.850000005,211443.0,305601.1,5567141,2022
Tobramycin/Dexamethasone,Tobradex,339832,26330996.23,248563.0,355599.00000000006,6490438,2023
Tobramycin/Dexamethasone,Tobradex,379830,21568370.71,279742.0,398786.8,7449599,2024
Tobramycin/Lotepred Etab,Zylet,4600,1380078.2899999998,2844.0,4986.400000000001,111162,2019
Tobramycin/Lotepred Etab,Zylet,3047,1006814.6699999998,1724.0,3383.9999999999995,77633,2020
Tobramycin/Lotepred Etab,Zylet,3350,1179574.48,1986.0,3657.4,83710,2021
Tobramycin/Lotepred Etab,Zylet,3343,1304722.06,2141.0,3671.6,85500,2022
Tobramycin/Lotepred Etab,Zylet,3311,1496629.1899999997,2062.0,3691.7999999999993,87554,2023
Tobramycin/Lotepred Etab,Zylet,2992,1236484.9,1779.0,3309.199999999999,78177,2024
Tocilizumab,Actemra,27276,96249451.79,6514.0,29413.1,821601,2019
Tocilizumab,Actemra,32062,117135525.61999996,8259.0,34411.3,957109,2020
Tocilizumab,Actemra,38613,142210006.40000004,10006.0,40780.80000000001,1123333,2021
Tocilizumab,Actemra,47364,174889475.06000003,11661.0,49784.3,1374914,2022
Tocilizumab,Actemra,59097,234047507.1,13994.0,62081.40000000001,1727104,2023
Tocilizumab,Actemra,69536,271216463.4699999,16029.0,74619.2,2085314,2024
Tocilizumab-Aazg,Tyenne Autoinjector,752,1638929.4399999997,210.0,755.0,20203,2024
Tofacitinib Citrate,Xeljanz Xr,130154,622710263.12,26182.0,142062.40000000002,4239237,2019
Tofacitinib Citrate,Xeljanz Xr,146256,738980392.9499999,28567.0,160879.7,4806687,2020
Tofacitinib Citrate,Xeljanz Xr,149425,782555799.6199999,29338.0,161313.80000000002,4819823,2021
Tofacitinib Citrate,Xeljanz Xr,125699,704764437.2499999,25611.0,136136.0,4070251,2022
Tofacitinib Citrate,Xeljanz Xr,114350,678496399.6399999,23798.0,122600.5,3665742,2023
Tofacitinib Citrate,Xeljanz Xr,114152,676343481.81,23932.0,122775.60000000002,3673416,2024
Tofersen,Qalsody,35,551231.24,15.0,35.0,966,2024
Tolazamide,Tolazamide,40,2613.94,15.0,40.0,892,2019
Tolbutamide,Tolbutamide,74,3469.7200000000003,15.0,76.0,1065,2019
Tolbutamide,Tolbutamide,12,540.72,5.0,12.0,360,2020
Tolcapone,Tasmar,248,2006408.0,80.0,287.0,7347,2019
Tolcapone,Tolcapone,167,1110379.43,60.0,225.0,6695,2020
Tolcapone,Tolcapone,165,1010410.47,60.0,203.7,5715,2021
Tolcapone,Tolcapone,168,526354.74,50.0,180.0,4160,2022
Tolcapone,Tolcapone,61,163035.72999999998,20.0,65.0,1566,2023
Tolcapone,Tolcapone,55,110551.0,20.0,55.0,1338,2024
Tolmetin Sodium,Tolmetin Sodium,120,30255.23,49.0,165.2,4712,2019
Tolmetin Sodium,Tolmetin Sodium,22,6797.63,12.0,38.0,1095,2020
Tolmetin Sodium,Tolectin 600,1092,2290837.31,437.0,1236.0,36732,2024
Tolterodine Tartrate,Tolterodine Tartrate Er,540294,75059097.58,152664.0,767392.1,22003619,2019
Tolterodine Tartrate,Tolterodine Tartrate Er,489545,68068749.64,139085.0,721486.1,20693959,2020
Tolterodine Tartrate,Tolterodine Tartrate Er,453049,67953634.06000002,130721.0,693568.3999999999,19947813,2021
Tolterodine Tartrate,Tolterodine Tartrate Er,422559,61265436.30000001,122259.0,655397.3999999999,18858717,2022
Tolterodine Tartrate,Tolterodine Tartrate Er,410165,50372962.35999999,120230.0,651603.4,18780079,2023
Tolterodine Tartrate,Tolterodine Tartrate Er,432267,34103431.51,127350.0,704310.4000000001,20348386,2024
Tolvaptan,Samsca,3643,41153071.07,1202.0,3710.0,100383,2019
Tolvaptan,Samsca,4463,55255898.83000001,1504.0,4540.099999999999,123119,2020
Tolvaptan,Tolvaptan,4455,57755883.06000002,1555.0,4518.099999999999,124810,2021
Tolvaptan,Jynarque,4945,65347881.8,1656.0,5059.6,140482,2022
Tolvaptan,Jynarque,6400,77945662.17,2045.0,6649.400000000001,181238,2023
Tolvaptan,Tolvaptan,7963,94389955.81,2515.0,8337.400000000001,232573,2024
Topiramate,Topiramate,2683671,103650152.90999997,610633.0,3931210.100000001,114940780,2019
Topiramate,Topiramate,2660044,113399363.25,605590.0,4128285.4,120943245,2020
Topiramate,Topiramate,2579012,111234361.54999998,602820.0,4128153.5,120846024,2021
Topiramate,Topiramate,2550447,109332465.04999998,602538.0,4156933.1,121559016,2022
Topiramate,Topiramate,2564035,93620435.58999996,609996.0,4255228.800000001,124367505,2023
Topiramate,Topiramate,2709469,71683812.63000001,651204.0,4561389.9,133282670,2024
Topotecan Hcl,Topotecan Hcl,28,16269.89,10.0,28.0,394,2021
Topotecan Hcl,Topotecan Hcl,12,8594.87,5.0,12.0,140,2022
Topotecan Hcl,Topotecan Hcl,13,8181.22,5.0,13.0,273,2023
Toremifene Citrate,Fareston,485,631772.5899999999,150.0,524.0,14716,2019
Toremifene Citrate,Fareston,602,644030.17,190.0,661.4,18740,2020
Toremifene Citrate,Toremifene Citrate,592,603973.1500000003,200.0,634.0,18168,2021
Toremifene Citrate,Toremifene Citrate,564,559313.68,190.0,593.0,16965,2022
Toremifene Citrate,Toremifene Citrate,549,529936.8300000001,190.0,573.2,16473,2023
Toremifene Citrate,Toremifene Citrate,358,304316.27,135.0,386.0,10903,2024
Torsemide,Torsemide,1571594,29498607.579999994,445792.0,2635706.2,75937824,2019
Torsemide,Torsemide,1692484,35458983.379999995,483632.0,3012600.4999999986,87161035,2020
Torsemide,Torsemide,1803775,40729431.37000001,541997.0,3311805.7,95790799,2021
Torsemide,Torsemide,1974274,46294076.53,599014.0,3668574.600000001,105919253,2022
Torsemide,Torsemide,2170535,49571317.76000001,658411.0,4061619.7000000016,116972450,2023
Torsemide,Torsemide,2409596,44512049.620000005,724183.0,4529635.099999999,129935453,2024
Trabectedin,Yondelis,13,113489.78,5.0,13.0,273,2020
Trabectedin,Yondelis,22,174894.5,10.0,22.0,253,2021
Trabectedin,Yondelis,13,103267.31,5.0,13.0,13,2023
Trabectedin,Yondelis,15,121602.24,5.0,15.0,315,2024
Tralokinumab-Ldrm,Adbry,900,3152463.83,305.0,903.6,23102,2022
Tralokinumab-Ldrm,Adbry,3958,14976635.919999998,1257.0,4012.7,108749,2023
Tralokinumab-Ldrm,Adbry,6777,25549109.51,2084.0,6866.3,187282,2024
Tramadol Hcl,Tramadol Hcl,13028723,108316426.20999998,4339200.0,13323859.1,273841363,2019
Tramadol Hcl,Tramadol Hcl,12496756,100839601.36999996,3967401.0,12755609.5,265273495,2020
Tramadol Hcl,Tramadol Hcl,12027742,100706972.11,3978124.0,12252052.099999998,252405237,2021
Tramadol Hcl,Tramadol Hcl,11722160,103750141.56000005,3976778.0,11927681.7,244043840,2022
Tramadol Hcl,Tramadol Hcl,11738319,100739801.65,4103437.0,11915924.799999995,241427314,2023
Tramadol Hcl,Tramadol Hcl,12003386,94401698.84999998,4251826.0,12188846.2,244516224,2024
Tramadol Hcl/Acetaminophen,Tramadol Hcl-Acetaminophen,291889,5241258.770000001,119492.0,296262.49999999994,5405623,2019
Tramadol Hcl/Acetaminophen,Tramadol Hcl-Acetaminophen,252906,4677824.27,100042.0,256312.8,4736427,2020
Tramadol Hcl/Acetaminophen,Tramadol Hcl-Acetaminophen,230117,4384337.850000001,99698.0,232499.0,4165387,2021
Tramadol Hcl/Acetaminophen,Tramadol Hcl-Acetaminophen,206666,4161720.5200000014,92386.0,208433.2,3669029,2022
Tramadol Hcl/Acetaminophen,Tramadol Hcl-Acetaminophen,194030,2773443.53,88525.0,195393.30000000008,3411647,2023
Tramadol Hcl/Acetaminophen,Tramadol Hcl-Acetaminophen,183315,2294318.7499999995,84372.0,184608.3,3212603,2024
Tramadol Hcl/Celecoxib,Seglentis,181,54475.3,102.0,181.0,3884,2022
Tramadol Hcl/Celecoxib,Seglentis,1056,325299.83,406.0,1060.2,20857,2023
Tramadol Hcl/Celecoxib,Seglentis,398,128169.12,129.0,400.5,8209,2024
Trametinib Dimethyl Sulfoxide,Mekinist,3655,39802532.74000001,1230.0,3692.8,110378,2019
Trametinib Dimethyl Sulfoxide,Mekinist,4290,48155113.12999999,1455.0,4321.3,129386,2020
Trametinib Dimethyl Sulfoxide,Mekinist,5087,61363638.86999999,1658.0,5147.200000000001,154183,2021
Trametinib Dimethyl Sulfoxide,Mekinist,5438,69237440.11999999,1760.0,5475.599999999999,164054,2022
Trametinib Dimethyl Sulfoxide,Mekinist,5418,75835093.55000001,1779.0,5445.900000000001,163117,2023
Trametinib Dimethyl Sulfoxide,Mekinist,6832,96314914.12999997,2180.0,6911.7,207044,2024
Trandolapril,Trandolapril,25484,663126.98,8074.0,47256.8,1400966,2019
Trandolapril,Trandolapril,20563,498688.58,6592.0,39677.2,1175784,2020
Trandolapril,Trandolapril,15816,371147.56,5115.0,31104.6,924207,2021
Trandolapril,Trandolapril,13478,320006.9,4385.0,26616.4,789965,2022
Trandolapril,Trandolapril,11281,312302.4699999999,3767.0,22254.799999999992,657515,2023
Trandolapril,Trandolapril,10967,210248.35000000003,3553.0,21073.7,617965,2024
Trandolapril/Verapamil Hcl,Trandolapril-Verapamil Er,1530,219436.24000000005,615.0,1738.8,51678,2019
Trandolapril/Verapamil Hcl,Trandolapril-Verapamil Er,1086,161679.55000000005,440.0,1193.3000000000002,35040,2020
Trandolapril/Verapamil Hcl,Trandolapril-Verapamil Er,647,88434.5,255.0,771.5,22286,2021
Trandolapril/Verapamil Hcl,Trandolapril-Verapamil Er,711,101136.04999999996,280.0,831.1,24769,2022
Trandolapril/Verapamil Hcl,Trandolapril-Verapamil Er,554,87978.18000000002,210.0,706.0,21019,2023
Trandolapril/Verapamil Hcl,Trandolapril-Verapamil Er,412,62560.25999999999,155.0,531.1,15826,2024
Tranexamic Acid,Tranexamic Acid,4851,477210.88,3069.0,4967.799999999999,46533,2019
Tranexamic Acid,Tranexamic Acid,5589,535307.9,3404.0,5728.900000000001,53627,2020
Tranexamic Acid,Tranexamic Acid,7737,611229.66,5263.0,7893.3,61492,2021
Tranexamic Acid,Tranexamic Acid,10263,754128.0600000002,7070.0,10498.0,84972,2022
Tranexamic Acid,Tranexamic Acid,13540,846942.06,9722.0,13828.4,115212,2023
Tranexamic Acid,Tranexamic Acid,38168,1277885.2400000002,32163.0,38701.600000000006,259187,2024
Tranylcypromine Sulfate,Tranylcypromine Sulfate,6453,2504957.74,2112.0,7178.9,199011,2019
Tranylcypromine Sulfate,Tranylcypromine Sulfate,6057,2172584.98,2000.0,6828.200000000001,189705,2020
Tranylcypromine Sulfate,Tranylcypromine Sulfate,5589,1920770.15,1871.0,6278.0,174201,2021
Tranylcypromine Sulfate,Tranylcypromine Sulfate,5177,1837449.6600000004,1755.0,5809.4,161517,2022
Tranylcypromine Sulfate,Tranylcypromine Sulfate,4655,1402153.8700000003,1555.0,5272.5,146298,2023
Tranylcypromine Sulfate,Tranylcypromine Sulfate,5080,1122403.8899999997,1729.0,5786.999999999999,158907,2024
Trastuzumab,Herceptin,1945,11196258.299999995,490.0,1948.6,42112,2019
Trastuzumab,Herceptin,1445,8228305.149999999,410.0,1445.0,31054,2020
Trastuzumab,Herceptin,1035,5696082.19,290.0,1037.4,22253,2021
Trastuzumab,Herceptin,666,3774930.44,175.0,667.1,13930,2022
Trastuzumab,Herceptin,608,3086882.04,145.0,608.0,12044,2023
Trastuzumab,Herceptin,673,3264666.51,155.0,674.1,14096,2024
Trastuzumab-Anns,Kanjinti,112,501033.86,35.0,112.0,2191,2020
Trastuzumab-Anns,Kanjinti,273,1120296.46,80.0,273.0,5532,2021
Trastuzumab-Anns,Kanjinti,559,2640249.4000000004,115.0,559.0,11313,2022
Trastuzumab-Anns,Kanjinti,523,2442069.4700000007,135.0,523.0,11260,2023
Trastuzumab-Anns,Kanjinti,201,894306.4500000001,60.0,201.0,4242,2024
Trastuzumab-Dkst,Ogivri,64,309234.89,20.0,64.0,1358,2020
Trastuzumab-Dkst,Ogivri,323,1538196.4200000002,91.0,323.0,6882,2021
Trastuzumab-Dkst,Ogivri,136,608592.99,40.0,136.0,2884,2022
Trastuzumab-Dkst,Ogivri,65,297318.99,20.0,65.0,1265,2023
Trastuzumab-Dkst,Ogivri,191,619027.4800000001,35.0,191.0,3495,2024
Trastuzumab-Dttb,Ontruzant,135,603467.7200000001,45.0,135.0,2835,2022
Trastuzumab-Dttb,Ontruzant,155,633471.16,55.0,155.0,3357,2023
Trastuzumab-Dttb,Ontruzant,615,2675627.350000001,155.0,615.0,12588,2024
Trastuzumab-Hyaluronidase-Oysk,Herceptin Hylecta,29,133395.72,10.0,29.0,609,2021
Trastuzumab-Hyaluronidase-Oysk,Herceptin Hylecta,32,158664.88,10.0,32.0,672,2022
Trastuzumab-Hyaluronidase-Oysk,Herceptin Hylecta,47,236028.02,15.0,47.0,994,2023
Trastuzumab-Hyaluronidase-Oysk,Herceptin Hylecta,25,112279.15,10.0,25.0,525,2024
Trastuzumab-Pkrb,Herzuma,15,89642.25,5.0,15.0,315,2021
Trastuzumab-Pkrb,Herzuma,11,51654.35,5.0,11.0,231,2023
Trastuzumab-Pkrb,Herzuma,33,133867.83000000002,10.0,33.0,693,2024
Trastuzumab-Qyyp,Trazimera,102,511525.99,30.0,102.0,1992,2021
Trastuzumab-Qyyp,Trazimera,390,1559518.17,110.0,390.0,7940,2022
Trastuzumab-Qyyp,Trazimera,632,2752171.26,167.0,632.0,13431,2023
Trastuzumab-Qyyp,Trazimera,2206,8378709.509999998,520.0,2206.0,45352,2024
Travoprost,Travatan Z,1117580,345353421.65,286996.0,1640825.6999999993,45877126,2019
Travoprost,Travoprost,818285,215941235.69,238831.0,1258946.9,35387447,2020
Travoprost,Travoprost,528263,128099568.92,148984.0,888688.6999999998,25400039,2021
Travoprost,Travoprost,459448,108776823.29,124614.0,796080.7999999998,22892964,2022
Travoprost,Travoprost,403514,93964071.53999996,109275.0,708891.6000000001,20417325,2023
Travoprost,Travoprost,376339,61272607.51,101684.0,669471.2999999998,19319268,2024
Trazodone Hcl,Trazodone Hcl,13351665,164986790.90000004,3317461.0,20865418.200000003,606885624,2019
Trazodone Hcl,Trazodone Hcl,14120936,178347649.5,3448693.0,22871227.4,666554326,2020
Trazodone Hcl,Trazodone Hcl,14462541,180851693.68,3654918.0,24075352.8,701766811,2021
Trazodone Hcl,Trazodone Hcl,15210904,192818081.95999995,3919938.0,25783716.200000003,750726831,2022
Trazodone Hcl,Trazodone Hcl,16276859,207440616.17,4216120.0,27934490.89999999,811931242,2023
Trazodone Hcl,Trazodone Hcl,17632656,159468513.9,4556125.0,30650646.5,888723755,2024
Tremelimumab-Actl,Imjudo,13,516885.27,13.0,13.0,316,2024
Treprostinil,Tyvaso Dpi,1968,45109515.23,595.0,1974.2000000000005,55307,2022
Treprostinil,Tyvaso Dpi,16088,378930624.8499999,2884.0,16101.5,450892,2023
Treprostinil,Tyvaso Dpi,27463,660689692.2,4606.0,27507.4,770341,2024
Treprostinil Diolamine,Orenitram Er,14634,109795411.88000004,1946.0,14655.9,407559,2019
Treprostinil Diolamine,Orenitram Er,17250,145840255.07999998,2157.0,17308.199999999997,481272,2020
Treprostinil Diolamine,Orenitram Er,17702,156187214.59,2236.0,17777.3,488925,2021
Treprostinil Diolamine,Orenitram Er,16339,155725221.49999997,2230.0,16419.9,455968,2022
Treprostinil Diolamine,Orenitram Er,15122,172922232.42000002,2036.0,15219.0,429949,2023
Treprostinil Diolamine,Orenitram Er,18908,216462965.58000004,2383.0,19088.8,543859,2024
Treprostinil Sodium,Remodulin,268,3780619.159999999,80.0,268.0,5937,2019
Treprostinil Sodium,Remodulin,284,3510287.73,80.0,284.0,6170,2020
Treprostinil Sodium,Remodulin,367,4203609.58,105.0,367.6,7168,2021
Treprostinil Sodium,Remodulin,551,7278117.549999999,160.0,554.6,10726,2022
Treprostinil Sodium,Remodulin,1024,9986943.66,210.0,1024.4,14312,2023
Treprostinil Sodium,Remodulin,1139,12221804.66,275.0,1139.3,19367,2024
Treprostinil/Neb Accessories,Tyvaso Refill Kit,86,1555760.63,30.0,86.0,2422,2019
Treprostinil/Neb Accessories,Tyvaso Refill Kit,125,2383618.99,50.0,125.0,3510,2020
Treprostinil/Neb Accessories,Tyvaso Refill Kit,130,2542277.09,50.0,130.0,3642,2021
Treprostinil/Neb Accessories,Tyvaso Refill Kit,157,3195687.97,60.0,157.0,4396,2022
Treprostinil/Neb Accessories,Tyvaso Refill Kit,57,1188906.94,20.0,57.0,1596,2023
Treprostinil/Neb Accessories,Tyvaso Refill Kit,224,4588529.45,85.0,224.0,6272,2024
Tretinoin,Tretinoin,53572,6734910.320000001,23225.0,58722.80000000002,1548786,2019
Tretinoin,Tretinoin,51810,5889969.880000001,21162.0,57287.89999999999,1556669,2020
Tretinoin,Tretinoin,63091,6865111.98,26891.0,69311.3,1918153,2021
Tretinoin,Tretinoin,80259,7913491.519999998,33820.0,87819.29999999999,2444523,2022
Tretinoin,Tretinoin,106739,9543938.31,44872.0,118719.59999999998,3324722,2023
Tretinoin,Tretinoin,138761,9856489.1,60642.0,159212.09999999998,4554725,2024
Tretinoin Microspheres,Retin-A Micro Pump,568,361968.42,221.0,583.4,16788,2019
Tretinoin Microspheres,Retin-A Micro Pump,399,190347.36,139.0,404.7,11677,2020
Tretinoin Microspheres,Retin-A Micro,250,122834.98,90.0,259.9,7293,2021
Tretinoin Microspheres,Retin-A Micro,280,154333.86999999994,105.0,284.9,8296,2022
Tretinoin Microspheres,Tretinoin Microsphere,352,169775.36000000002,134.0,375.1,10955,2023
Tretinoin Microspheres,Tretinoin Microsphere,463,210261.16,172.0,562.3,16598,2024
Tretinoin/Benzoyl Peroxide,Twyneo,13,6083.74,5.0,13.0,390,2024
Triamcinolone Acetonide,Triamcinolone Acetonide,4482210,56006886.2,2653053.0,4823658.399999999,106226091,2019
Triamcinolone Acetonide,Triamcinolone Acetonide,4521143,55909377.08,2581569.0,4931197.3,113510116,2020
Triamcinolone Acetonide,Triamcinolone Acetonide,4728063,58164628.71999999,2793915.0,5157635.999999999,121238318,2021
Triamcinolone Acetonide,Triamcinolone Acetonide,4858149,61431532.04000002,2888035.0,5364023.6,129066692,2022
Triamcinolone Acetonide,Triamcinolone Acetonide,5138123,63369811.88999999,3076153.0,5706387.499999998,138538540,2023
Triamcinolone Acetonide,Triamcinolone Acetonide,5540703,57912483.42,3347685.0,6185195.0,151495664,2024
Triamterene,Dyrenium,1067,382236.77,365.0,1119.5,27590,2019
Triamterene,Triamterene,1082,368424.02,395.0,1140.7,29203,2020
Triamterene,Triamterene,1116,337366.51,380.0,1194.6,28882,2021
Triamterene,Triamterene,1305,382577.44,470.0,1353.3000000000002,34775,2022
Triamterene,Triamterene,1420,394871.4399999999,510.0,1521.1,39790,2023
Triamterene,Triamterene,1283,375415.50000000006,490.0,1476.1,39443,2024
Triamterene/Hydrochlorothiazid,Triamterene-Hydrochlorothiazid,3084662,39775159.88,820966.0,7219768.8,215495787,2019
Triamterene/Hydrochlorothiazid,Triamterene-Hydrochlorothiazid,2920134,39696069.940000005,780218.0,7117949.800000001,212550636,2020
Triamterene/Hydrochlorothiazid,Triamterene-Hydrochlorothiazid,2681113,34006681.72000001,739614.0,6700230.999999997,200103677,2021
Triamterene/Hydrochlorothiazid,Triamterene-Hydrochlorothiazid,2484448,30795726.879999988,691079.0,6311423.800000002,188471442,2022
Triamterene/Hydrochlorothiazid,Triamterene-Hydrochlorothiazid,2316128,28667627.28,645879.0,5939825.699999996,177337535,2023
Triamterene/Hydrochlorothiazid,Triamterene-Hydrochlorothiazid,2214275,20279184.079999994,617718.0,5733103.7,171110972,2024
Triazolam,Triazolam,51188,3787699.69,18368.0,54082.99999999999,1409805,2019
Triazolam,Triazolam,44709,3251268.26,15597.0,47098.7,1270435,2020
Triazolam,Triazolam,43773,3007750.29,17057.0,45954.49999999999,1154274,2021
Triazolam,Triazolam,41704,2776692.3,16420.0,43567.3,1062818,2022
Triazolam,Triazolam,38546,2365821.540000001,15859.0,40037.2,941251,2023
Triazolam,Triazolam,42644,1664382.6699999992,19534.0,44160.90000000001,931898,2024
Trientine Hcl,Trientine Hcl,305,4461803.74,95.0,305.0,6967,2019
Trientine Hcl,Trientine Hcl,388,4160976.5300000007,120.0,388.0,9210,2020
Trientine Hcl,Trientine Hcl,407,3357611.9400000004,145.0,407.0,11026,2021
Trientine Hcl,Trientine Hcl,469,3706551.55,180.0,471.4,13169,2022
Trientine Hcl,Trientine Hcl,410,2237584.61,160.0,411.1,11525,2023
Trientine Hcl,Trientine Hcl,399,3122618.6,155.0,400.6,10826,2024
Trientine Tetrahydrochloride,Cuvrior,49,839495.6500000001,15.0,49.0,1444,2024
Trifarotene,Aklief,19,12935.53,5.0,19.0,570,2022
Trifarotene,Aklief,34,24832.32,15.0,34.0,1020,2023
Trifarotene,Aklief,47,32021.42,26.0,47.5,1402,2024
Trifluoperazine Hcl,Trifluoperazine Hcl,10656,629885.5000000002,3376.0,11991.8,337788,2019
Trifluoperazine Hcl,Trifluoperazine Hcl,17306,1043231.09,5104.0,19270.6,551969,2020
Trifluoperazine Hcl,Trifluoperazine Hcl,19150,1083399.2399999998,5525.0,21178.3,599856,2021
Trifluoperazine Hcl,Trifluoperazine Hcl,22316,1194763.9,6036.0,24830.700000000008,713418,2022
Trifluoperazine Hcl,Trifluoperazine Hcl,23115,1195823.47,6132.0,26031.1,746551,2023
Trifluoperazine Hcl,Trifluoperazine Hcl,22834,1047581.9,6007.0,25857.4,735651,2024
Trifluridine,Trifluridine,1443,235478.84,626.0,1789.9999999999995,44080,2019
Trifluridine,Trifluridine,1554,267372.0,625.0,2010.9000000000003,50146,2020
Trifluridine,Trifluridine,985,168154.02,435.0,1298.0000000000002,32261,2021
Trifluridine,Trifluridine,769,129685.13,339.0,970.5,24432,2022
Trifluridine,Trifluridine,785,130462.48000000004,349.0,1022.5000000000002,24800,2023
Trifluridine,Trifluridine,990,159565.26999999996,449.0,1210.8000000000002,29715,2024
Trifluridine/Tipiracil Hcl,Lonsurf,2440,23607223.93,800.0,2441.0,66836,2019
Trifluridine/Tipiracil Hcl,Lonsurf,2982,29607477.430000007,910.0,2982.0,79729,2020
Trifluridine/Tipiracil Hcl,Lonsurf,3071,32422147.999999996,960.0,3077.6,81561,2021
Trifluridine/Tipiracil Hcl,Lonsurf,3817,44828007.73999998,1243.0,3835.4,103128,2022
Trifluridine/Tipiracil Hcl,Lonsurf,5343,60942294.11000001,1600.0,5347.0,143068,2023
Trifluridine/Tipiracil Hcl,Lonsurf,8412,94064116.91,2402.0,8460.599999999999,228762,2024
Triheptanoin,Dojolvi,24,405870.28,5.0,24.0,719,2021
Triheptanoin,Dojolvi,48,976175.34,15.0,48.0,1410,2022
Triheptanoin,Dojolvi,45,821053.9800000001,20.0,45.2,1354,2023
Triheptanoin,Dojolvi,71,1265804.9800000002,30.0,71.0,2130,2024
Trihexyphenidyl Hcl,Trihexyphenidyl Hcl,168111,1897617.3100000003,39142.0,196803.69999999992,5488836,2019
Trihexyphenidyl Hcl,Trihexyphenidyl Hcl,166417,2040803.51,38434.0,199242.6,5555173,2020
Trihexyphenidyl Hcl,Trihexyphenidyl Hcl,156178,2213813.369999999,36363.0,189914.7,5262146,2021
Trihexyphenidyl Hcl,Trihexyphenidyl Hcl,152327,2258849.599999999,35921.0,184910.8,5095419,2022
Trihexyphenidyl Hcl,Trihexyphenidyl Hcl,149475,2213694.3300000005,35522.0,180420.00000000003,4947846,2023
Trihexyphenidyl Hcl,Trihexyphenidyl Hcl,145271,1825282.42,34598.0,176776.10000000006,4854777,2024
Trimethobenzamide Hcl,Trimethobenzamide Hcl,1756,171861.74,741.0,1837.2,40216,2019
Trimethobenzamide Hcl,Trimethobenzamide Hcl,838,124957.77,308.0,884.1,19926,2020
Trimethobenzamide Hcl,Trimethobenzamide Hcl,89,33287.09,41.0,90.3,1452,2021
Trimethobenzamide Hcl,Tigan,24,15298.86,5.0,24.0,277,2022
Trimethobenzamide Hcl,Tigan,12,6049.61,5.0,12.0,69,2023
Trimethobenzamide Hcl,Trimethobenzamide Hcl,44,35896.1,10.0,44.0,688,2024
Trimethoprim,Trimethoprim,180785,2754458.1,57859.0,276991.19999999995,7858102,2019
Trimethoprim,Trimethoprim,168433,2632585.27,53057.0,265900.0,7576257,2020
Trimethoprim,Trimethoprim,127703,2492682.12,42929.0,207274.60000000003,5856098,2021
Trimethoprim,Trimethoprim,116505,5307815.63,38623.0,192774.10000000003,5439402,2022
Trimethoprim,Trimethoprim,116893,5714121.830000003,38591.0,190742.4,5347132,2023
Trimethoprim,Trimethoprim,122043,6228939.970000003,39628.0,200814.1,5618628,2024
Trimipramine Maleate,Surmontil,535,156134.82,180.0,573.4,15162,2019
Trimipramine Maleate,Trimipramine Maleate,488,123137.45,175.0,506.6,14710,2020
Trimipramine Maleate,Trimipramine Maleate,330,79598.83,125.0,358.0,10376,2021
Trimipramine Maleate,Trimipramine Maleate,302,67566.32,110.0,320.0,9285,2022
Trimipramine Maleate,Trimipramine Maleate,339,89877.97,130.0,355.2,10206,2023
Trimipramine Maleate,Trimipramine Maleate,225,58676.66,90.0,249.0,7104,2024
Triptorelin Pamoate,Trelstar,3137,6767397.600000002,1112.0,7464.5,222034,2019
Triptorelin Pamoate,Trelstar,3241,7251890.91,1237.0,7838.999999999999,233517,2020
Triptorelin Pamoate,Trelstar,4238,9839567.010000004,1451.0,10211.2,304109,2021
Triptorelin Pamoate,Trelstar,4887,10928276.829999998,1692.0,11050.4,329470,2022
Triptorelin Pamoate,Trelstar,4201,10094859.4,1557.0,10684.000000000002,318662,2023
Triptorelin Pamoate,Trelstar,5128,12295249.030000009,1953.0,14278.500000000002,426429,2024
Trofinetide,Daybue,87,5243171.19,25.0,87.0,2456,2023
Trofinetide,Daybue,368,21320128.33000001,105.0,368.0,10236,2024
Tropicamide,Tropicamide,1701,19563.17,1638.0,2099.1,56752,2019
Tropicamide,Tropicamide,40,895.12,27.0,48.7,1109,2020
Tropicamide,Tropicamide,97,1124.41,83.0,121.9,3143,2021
Tropicamide,Tropicamide,57,872.54,47.0,72.4,1918,2022
Tropicamide,Tropicamide,15,160.67,15.0,19.9,563,2023
Tropicamide,Tropicamide,533,4510.17,508.0,760.3000000000001,20059,2024
Trospium Chloride,Trospium Chloride,214380,23274455.42,71056.0,370642.2,10925292,2019
Trospium Chloride,Trospium Chloride,215089,22413525.790000003,72030.0,375876.6000000001,11056818,2020
Trospium Chloride,Trospium Chloride,235047,21254489.130000003,79241.0,414050.7,12168471,2021
Trospium Chloride,Trospium Chloride,253394,24758710.0,85585.0,447774.1,13149823,2022
Trospium Chloride,Trospium Chloride,310244,28974874.73,108872.0,547132.7999999999,16013985,2023
Trospium Chloride,Trospium Chloride,401207,29922664.72000001,141316.0,707250.3999999998,20643551,2024
Tucatinib,Tukysa,215,2939723.4399999995,80.0,215.0,6264,2020
Tucatinib,Tukysa,1605,25784111.139999997,555.0,1620.3,47058,2021
Tucatinib,Tukysa,1513,26579874.319999997,530.0,1516.3,44486,2022
Tucatinib,Tukysa,1507,29120422.77,525.0,1508.7,44429,2023
Tucatinib,Tukysa,2256,44679550.82999999,790.0,2282.3,67198,2024
Typhoid Vi Polysacch Vaccine,Typhim Vi,12437,1323940.15,12420.0,12543.0,38947,2019
Typhoid Vi Polysacch Vaccine,Typhim Vi,2405,255623.16,2401.0,2422.8,4364,2020
Typhoid Vi Polysacch Vaccine,Typhim Vi,2160,238298.01000000007,2157.0,2168.0,3450,2021
Typhoid Vi Polysacch Vaccine,Typhim Vi,9656,1209914.11,9647.0,9673.0,13359,2022
Typhoid Vi Polysacch Vaccine,Typhim Vi,16479,2208664.5500000003,16446.0,16491.0,25003,2023
Typhoid Vi Polysacch Vaccine,Typhim Vi,22071,2619004.919999999,22034.0,22091.0,48190,2024
Ubidecarenone,Co Q-10,13,104.0,5.0,13.1,369,2023
Ublituximab-Xiiy,Briumvi,20,489779.87,5.0,49.1,1349,2024
Ubrogepant,Ubrelvy,24909,24202955.42000001,7339.0,25489.4,510474,2020
Ubrogepant,Ubrelvy,78959,84037762.39999996,20944.0,82429.90000000001,1879437,2021
Ubrogepant,Ubrelvy,129570,157030134.35000005,33159.0,135402.69999999998,3365197,2022
Ubrogepant,Ubrelvy,166206,220515138.21,42077.0,172495.5,4234722,2023
Ubrogepant,Ubrelvy,238556,310859453.4800001,61158.0,246090.4,6182620,2024
Ulipristal Acetate,Ella,13,451.49,5.0,13.0,17,2019
Umeclidinium Brm/Vilanterol Tr,Anoro Ellipta,1312326,668371321.92,326081.0,1627648.5000000002,48532208,2019
Umeclidinium Brm/Vilanterol Tr,Anoro Ellipta,1520738,819057162.6299999,357341.0,1930123.4,57557403,2020
Umeclidinium Brm/Vilanterol Tr,Anoro Ellipta,1280954,718380589.4000001,309813.0,1624988.3,48387382,2021
Umeclidinium Brm/Vilanterol Tr,Anoro Ellipta,1127335,661391008.12,271566.0,1438171.1,42738107,2022
Umeclidinium Brm/Vilanterol Tr,Anoro Ellipta,1061624,649181391.3299999,260684.0,1357639.1000000003,40361912,2023
Umeclidinium Brm/Vilanterol Tr,Anoro Ellipta,1044751,600718387.2000003,255165.0,1334990.4,39748721,2024
Umeclidinium Bromide,Incruse Ellipta,1021468,411126506.5100001,247809.0,1230108.1999999995,36361601,2019
Umeclidinium Bromide,Incruse Ellipta,1054775,449180506.5900001,249297.0,1301005.9999999998,38413315,2020
Umeclidinium Bromide,Incruse Ellipta,887125,394908065.7699999,215027.0,1101479.6,32329842,2021
Umeclidinium Bromide,Incruse Ellipta,748282,336739086.34000003,183418.0,930537.3,27203609,2022
Umeclidinium Bromide,Incruse Ellipta,651525,295181449.8999999,163741.0,811206.6000000002,23659169,2023
Umeclidinium Bromide,Incruse Ellipta,570145,237223272.6399999,146171.0,707519.8999999999,20831699,2024
Upadacitinib,Rinvoq,187,1005064.08,72.0,199.0,5970,2019
Upadacitinib,Rinvoq,26963,144284699.25000003,5949.0,28620.3,858120,2020
Upadacitinib,Rinvoq,59489,344412253.22,11556.0,62737.100000000006,1881108,2021
Upadacitinib,Rinvoq,83327,514798672.9500001,15709.0,86658.2,2598536,2022
Upadacitinib,Rinvoq,119035,801815169.1499997,22661.0,123757.8,3708214,2023
Upadacitinib,Rinvoq,161517,1124402418.9400003,31041.0,174231.90000000002,5217999,2024
Urea,Urea,44,3521.12,15.0,44.0,841,2019
Urea,Urea,21,1867.08,5.0,21.0,385,2020
Urea,Urea,27,2617.52,13.0,27.0,478,2021
Urea,Urea,26,2935.45,10.0,26.0,441,2022
Urea,Urea,53,5582.09,20.0,53.0,999,2023
Urea,Urea,78,6970.0,25.0,81.4,1748,2024
Ursodiol,Ursodiol,268239,76506622.96,69877.0,406787.5,11895752,2019
Ursodiol,Ursodiol,264365,71308041.19000001,68678.0,422434.6000000001,12385302,2020
Ursodiol,Ursodiol,257449,61035493.69000001,68714.0,429906.5,12632087,2021
Ursodiol,Ursodiol,259638,65527728.61000001,70416.0,441527.5999999999,12960375,2022
Ursodiol,Ursodiol,279285,60463947.690000005,76030.0,477753.3000000001,14011976,2023
Ursodiol,Ursodiol,312326,48811366.85999999,83791.0,535478.3000000002,15674298,2024
Ustekinumab,Stelara,14944,308892657.71000004,4092.0,27001.0,800519,2019
Ustekinumab,Stelara,22728,503147955.21,5687.0,37446.39999999998,1103418,2020
Ustekinumab,Stelara,35190,833798233.7299997,8648.0,55398.9,1627877,2021
Ustekinumab,Stelara,55854,1421852758.73,12690.0,84472.79999999999,2480652,2022
Ustekinumab,Stelara,73053,1951381600.9000008,16253.0,111332.89999999998,3270427,2023
Ustekinumab,Stelara,85101,2252981771.46,18464.0,130349.50000000004,3838444,2024
Valacyclovir Hcl,Valacyclovir,1427255,55540355.940000005,533143.0,1872787.1,41208283,2019
Valacyclovir Hcl,Valacyclovir,1500828,68554829.07,550878.0,2068698.2,46760611,2020
Valacyclovir Hcl,Valacyclovir,1543679,71702228.32,585191.0,2200996.3000000003,49801159,2021
Valacyclovir Hcl,Valacyclovir,1673650,80272086.34,643039.0,2427181.4999999995,54633651,2022
Valacyclovir Hcl,Valacyclovir,1847642,80155109.94999999,719809.0,2739040.3,62080475,2023
Valacyclovir Hcl,Valacyclovir,2141758,72942260.43,844958.0,3248157.3,74218273,2024
Valbenazine Tosylate,Ingrezza,62607,413508829.5899999,14592.0,63330.89999999998,1837792,2019
Valbenazine Tosylate,Ingrezza,84007,580799136.39,19141.0,86562.89999999998,2525697,2020
Valbenazine Tosylate,Ingrezza,96454,680744819.4300002,22697.0,96940.8,2818256,2021
Valbenazine Tosylate,Ingrezza,128278,938427661.86,29977.0,128924.8,3689865,2022
Valbenazine Tosylate,Ingrezza,170619,1278101740.61,38823.0,171449.80000000002,4711356,2023
Valbenazine Tosylate,Ingrezza,195113,1470001391.8300006,44176.0,197445.80000000008,5314724,2024
Valganciclovir Hcl,Valganciclovir Hcl,71664,53549460.870000005,25189.0,75185.0,2204882,2019
Valganciclovir Hcl,Valganciclovir Hcl,76936,37752301.23,27003.0,82434.49999999997,2417542,2020
Valganciclovir Hcl,Valganciclovir Hcl,78313,40687431.09000002,28795.0,87771.90000000001,2581892,2021
Valganciclovir Hcl,Valganciclovir Hcl,75360,31825923.519999992,30057.0,93863.6,2769920,2022
Valganciclovir Hcl,Valganciclovir Hcl,80186,31464893.25000001,32605.0,99389.39999999997,2926231,2023
Valganciclovir Hcl,Valganciclovir Hcl,86294,20456460.91,35453.0,108627.3,3203495,2024
Valproic Acid,Valproic Acid,57807,2384375.52,17075.0,62136.2,1602529,2019
Valproic Acid,Valproic Acid,53519,2339720.35,16198.0,57920.49999999999,1505984,2020
Valproic Acid,Valproic Acid,51217,2232440.11,15103.0,55183.6,1399472,2021
Valproic Acid,Valproic Acid,49811,2081231.58,14697.0,53638.49999999999,1347638,2022
Valproic Acid,Valproic Acid,50196,2241779.64,14613.0,54491.69999999998,1364623,2023
Valproic Acid,Valproic Acid,49337,2106372.03,14324.0,53164.3,1322468,2024
Valproic Acid (As Sodium Salt),Valproic Acid,199893,7974757.99,43016.0,203508.5,4633201,2019
Valproic Acid (As Sodium Salt),Valproic Acid,182520,7408716.06,40556.0,186770.60000000003,4322945,2020
Valproic Acid (As Sodium Salt),Valproic Acid,176400,6899489.640000001,39261.0,180889.00000000003,4203042,2021
Valproic Acid (As Sodium Salt),Valproic Acid,171096,6517258.21,38240.0,175662.99999999997,4117580,2022
Valproic Acid (As Sodium Salt),Valproic Acid,172602,6518817.899999998,38644.0,177242.39999999994,4157629,2023
Valproic Acid (As Sodium Salt),Valproic Acid,179591,7859071.289999999,39803.0,184510.7,4310742,2024
Valsartan,Valsartan,1580198,74017181.65999998,451860.0,3244744.7,95871552,2019
Valsartan,Valsartan,1878302,96438342.53000002,523779.0,4129152.4,122448220,2020
Valsartan,Valsartan,2126180,103926019.93,597321.0,4992361.500000001,148455378,2021
Valsartan,Valsartan,2792918,111286545.72999996,789869.0,6654995.499999997,197544966,2022
Valsartan,Valsartan,3294446,125827252.85,942667.0,8015538.199999999,237928009,2023
Valsartan,Valsartan,4004212,111210876.64,1151576.0,9874187.499999998,293178116,2024
Valsartan/Hydrochlorothiazide,Valsartan-Hydrochlorothiazide,1018435,46772433.29999998,284013.0,2305229.6,68887142,2019
Valsartan/Hydrochlorothiazide,Valsartan-Hydrochlorothiazide,1096580,58356946.77000001,292377.0,2590578.0,77404547,2020
Valsartan/Hydrochlorothiazide,Valsartan-Hydrochlorothiazide,1059400,59522720.67999999,290216.0,2629689.2,78661467,2021
Valsartan/Hydrochlorothiazide,Valsartan-Hydrochlorothiazide,1115540,56685191.50000001,309774.0,2823096.3000000003,84447772,2022
Valsartan/Hydrochlorothiazide,Valsartan-Hydrochlorothiazide,1145349,61523156.76000001,320712.0,2940470.8999999994,87947328,2023
Valsartan/Hydrochlorothiazide,Valsartan-Hydrochlorothiazide,1224163,40093565.97,344314.0,3170167.8000000003,94800009,2024
Vamorolone,Agamree,11,213180.0,5.0,11.0,308,2024
Vancomycin Hcl,Vancomycin Hcl,219509,82074418.89999998,67308.0,221738.50000000003,2104133,2019
Vancomycin Hcl,Vancomycin Hcl,197882,41789915.540000014,57288.0,200864.8,1861270,2020
Vancomycin Hcl,Vancomycin Hcl,174500,29656122.01,48535.0,177602.19999999995,1549669,2021
Vancomycin Hcl,Vancomycin Hcl,154422,27399614.96,43348.0,157881.69999999998,1425596,2022
Vancomycin Hcl,Vancomycin Hcl,152164,24415833.870000005,44216.0,155649.39999999997,1414741,2023
Vancomycin Hcl,Vancomycin Hcl,144310,19507038.02,44152.0,148139.3,1411922,2024
Vancomycin Hcl In 5 % Dextrose,Vancomycin Hcl,1951,209936.85999999996,624.0,1951.0,6383,2019
Vancomycin Hcl In 5 % Dextrose,Vancomycin Hcl,1084,121789.24000000003,354.0,1084.0,3565,2020
Vancomycin Hcl In 5 % Dextrose,Vancomycin,1071,132700.87000000002,328.0,1071.0,3426,2021
Vancomycin Hcl In 5 % Dextrose,Vancomycin Hcl,479,46291.49000000002,145.0,479.0,1316,2022
Vancomycin Hcl In 5 % Dextrose,Vancomycin,518,38340.3,170.0,518.0,1376,2023
Vancomycin Hcl In 5 % Dextrose,Vancomycin Hcl,339,28676.21,105.0,339.0,837,2024
Vancomycin/0.9 % Sod Chloride,Vancomycin Hcl-0.9% Nacl,3553,296396.2200000001,1038.0,3553.0,10565,2019
Vancomycin/0.9 % Sod Chloride,Vancomycin Hcl-0.9% Nacl,2269,201862.12999999995,716.0,2269.0,6503,2020
Vancomycin/0.9 % Sod Chloride,Vancomycin Hcl-0.9% Nacl,2691,219962.25999999995,762.0,2691.0,7605,2021
Vancomycin/0.9 % Sod Chloride,Vancomycin Hcl-0.9% Nacl,1351,175168.00000000003,393.0,1351.0,4809,2022
Vancomycin/0.9 % Sod Chloride,Vancomycin Hcl-0.9% Nacl,1353,214863.96,367.0,1353.0,5580,2023
Vancomycin/0.9 % Sod Chloride,Vancomycin Hcl-0.9% Nacl,1253,150375.03,357.0,1253.0,4523,2024
Vancomycin/Water For Inj (Peg),Vancomycin Hcl,402,54067.420000000006,115.0,402.0,1178,2020
Vancomycin/Water For Inj (Peg),Vancomycin Hcl,2472,207809.9400000001,648.0,2472.0,7339,2021
Vancomycin/Water For Inj (Peg),Vancomycin Hcl,5001,365327.3200000001,1454.0,5006.7,14362,2022
Vancomycin/Water For Inj (Peg),Vancomycin Hcl,8361,622704.1499999999,2229.0,8397.7,26689,2023
Vancomycin/Water For Inj (Peg),Vancomycin Hcl,11999,872420.3800000001,3308.0,11999.0,36266,2024
Vandetanib,Caprelsa,430,5693196.64,150.0,431.0,12926,2019
Vandetanib,Caprelsa,369,4958757.899999999,135.0,369.0,11046,2020
Vandetanib,Caprelsa,190,2846568.27,75.0,190.0,5700,2021
Vandetanib,Caprelsa,26,381884.03,10.0,26.0,778,2022
Vandetanib,Caprelsa,86,1342281.4700000002,35.0,86.0,2580,2023
Vandetanib,Caprelsa,132,2099880.6700000004,55.0,132.0,3936,2024
Vardenafil Hcl,Levitra,230,57767.56999999999,90.0,274.0,7440,2019
Vardenafil Hcl,Vardenafil Hcl,232,24567.12,85.0,242.0,6123,2020
Vardenafil Hcl,Vardenafil Hcl,496,70723.58,190.0,505.4,12199,2021
Vardenafil Hcl,Vardenafil Hcl,918,149188.27999999997,355.0,939.5,21715,2022
Vardenafil Hcl,Vardenafil Hcl,838,74657.92999999998,340.0,849.0,22428,2023
Vardenafil Hcl,Vardenafil Hcl,816,59315.02,345.0,828.0,20870,2024
Varenicline Tartrate,Chantix,251299,115895310.27,83998.0,271953.0999999999,7678780,2019
Varenicline Tartrate,Chantix,211199,104601961.7,69163.0,232254.2,6576710,2020
Varenicline Tartrate,Chantix,45366,22444692.290000003,16796.0,49171.3,1369903,2021
Varenicline Tartrate,Varenicline Tartrate,92055,39236122.33999999,31234.0,106615.8,2934897,2022
Varenicline Tartrate,Varenicline Tartrate,191409,83412017.33,64525.0,228846.4,6510459,2023
Varenicline Tartrate,Varenicline Tartrate,263214,91277018.25,86243.0,316338.30000000005,9077046,2024
Varicella Vaccine Live/Pf,Varivax Vaccine,529,81251.11,430.0,543.0,2107,2019
Varicella Vaccine Live/Pf,Varivax Vaccine,189,30117.02,158.0,195.0,601,2020
Varicella Vaccine Live/Pf,Varivax Vaccine,401,69401.63999999998,311.0,401.0,430,2021
Varicella Vaccine Live/Pf,Varivax Vaccine,888,157637.66999999998,733.0,888.0,915,2022
Varicella Vaccine Live/Pf,Varivax Vaccine,1394,267887.06,1133.0,1394.0,2031,2023
Varicella Vaccine Live/Pf,Varivax Vaccine,1717,287083.4399999999,1452.0,1721.0,2330,2024
Varicella-Zoster Ge/As01b/Pf,Shingrix,5454259,905964433.86,4007708.0,5545939.5,17762480,2019
Varicella-Zoster Ge/As01b/Pf,Shingrix,4738384,821701596.0899999,3654181.0,4787888.9,11453825,2020
Varicella-Zoster Ge/As01b/Pf,Shingrix,3337922,619977230.2900002,2661593.0,3356574.2000000007,6521233,2021
Varicella-Zoster Ge/As01b/Pf,Shingrix,3612021,707435858.0499997,2775904.0,3631650.2,6352228,2022
Varicella-Zoster Ge/As01b/Pf,Shingrix,5417608,1152724533.11,4067652.0,5445598.100000001,8834107,2023
Varicella-Zoster Ge/As01b/Pf,Shingrix,3710214,727447409.8299999,2921238.0,3736900.3,7320735,2024
Vedolizumab,Entyvio,1603,10709076.060000002,510.0,2086.3,58828,2019
Vedolizumab,Entyvio,2289,16160858.499999998,730.0,3013.2000000000003,85673,2020
Vedolizumab,Entyvio,2851,21246333.56,860.0,3897.900000000001,111451,2021
Vedolizumab,Entyvio,3427,27363275.750000004,1005.0,4756.1,136185,2022
Vedolizumab,Entyvio,4649,39527121.31,1376.0,6585.099999999999,189361,2023
Vedolizumab,Entyvio,7683,63622004.040000014,2258.0,10432.600000000002,299873,2024
Velaglucerase Alfa,Vpriv,174,5085822.759999999,50.0,174.0,3911,2019
Velaglucerase Alfa,Vpriv,214,7032906.849999999,65.0,218.2,5159,2020
Velaglucerase Alfa,Vpriv,204,6416115.54,60.0,204.0,5124,2021
Velaglucerase Alfa,Vpriv,166,5449534.079999999,50.0,166.0,4433,2022
Velaglucerase Alfa,Vpriv,188,6879932.419999999,55.0,188.0,5005,2023
Velaglucerase Alfa,Vpriv,214,7117097.390000001,65.0,214.0,5583,2024
Vemurafenib,Zelboraf,554,3802664.940000001,210.0,554.9,14837,2019
Vemurafenib,Zelboraf,545,3704534.33,205.0,547.3,14909,2020
Vemurafenib,Zelboraf,584,3827867.39,225.0,594.0,16370,2021
Vemurafenib,Zelboraf,668,4907448.7700000005,245.0,692.4,19346,2022
Vemurafenib,Zelboraf,591,4418974.590000001,225.0,605.9,16679,2023
Vemurafenib,Zelboraf,560,3994266.389999999,220.0,566.5,15643,2024
Venetoclax,Venclexta,22918,203860704.5899999,6250.0,23035.5,664682,2019
Venetoclax,Venclexta,43116,392672432.13000005,10823.0,43398.8,1243054,2020
Venetoclax,Venclexta,55153,503544239.06000006,13667.0,55374.4,1575316,2021
Venetoclax,Venclexta,60406,551221989.5799999,15480.0,60728.20000000001,1713645,2022
Venetoclax,Venclexta,64325,589686391.2300001,16454.0,64891.09999999999,1799925,2023
Venetoclax,Venclexta,81793,715904297.3299998,20377.0,82359.40000000001,2268309,2024
Venlafaxine Besylate,Venlafaxine Besylate Er,287,46039.35,70.0,299.1,5396,2023
Venlafaxine Besylate,Venlafaxine Besylate Er,573,80342.01000000001,165.0,573.7,9786,2024
Venlafaxine Hcl,Venlafaxine Hcl,4962615,170413707.17,1022899.0,8084328.7,236320532,2019
Venlafaxine Hcl,Venlafaxine Hcl,4976792,166615316.35000002,1014496.0,8529282.2,250175947,2020
Venlafaxine Hcl,Venlafaxine Hcl,4856979,161422729.99,1013176.0,8602508.000000002,252492881,2021
Venlafaxine Hcl,Venlafaxine Hcl Er,4872572,145496263.83999997,1028882.0,8814949.500000002,258649816,2022
Venlafaxine Hcl,Venlafaxine Hcl,4912094,145369436.89999998,1040232.0,9046322.299999995,265231664,2023
Venlafaxine Hcl,Venlafaxine Hcl,5079753,114332841.42999996,1074102.0,9564670.6,280274961,2024
Verapamil Hcl,Verapamil Er,1157298,42359776.68999999,316562.0,2216109.5,65361722,2019
Verapamil Hcl,Verapamil Er,1063735,43164074.43,293307.0,2171565.2,64200093,2020
Verapamil Hcl,Verapamil Er,939137,39472664.79,265365.0,1981914.4,58582896,2021
Verapamil Hcl,Verapamil Er,833285,35697973.37,240021.0,1773884.8000000005,52336314,2022
Verapamil Hcl,Verapamil Er,739411,32155499.919999994,217324.0,1568521.9000000004,46201430,2023
Verapamil Hcl,Verapamil Er,720930,24995837.020000007,210819.0,1557133.5999999994,45881677,2024
Vericiguat,Verquvo,1200,974658.44,350.0,1651.1999999999998,47806,2021
Vericiguat,Verquvo,9050,7912939.840000001,2379.0,12443.8,358605,2022
Vericiguat,Verquvo,20729,19608547.92,5426.0,29426.400000000005,846122,2023
Vericiguat,Verquvo,31967,30172454.96,8195.0,46721.79999999998,1356660,2024
Vestronidase Alfa-Vjbk,Mepsevii,12,901094.52,5.0,12.0,336,2024
Vibegron,Gemtesa,33281,17668468.990000002,10799.0,41894.8,1127386,2021
Vibegron,Gemtesa,230093,135099123.79000005,59195.0,310487.0,8547982,2022
Vibegron,Gemtesa,655411,429997876.8900001,172633.0,946243.7000000002,26132285,2023
Vibegron,Gemtesa,1195468,811538651.5899999,314293.0,1823388.3,51111899,2024
Vigabatrin,Sabril,1145,25496459.33,390.0,1157.0,34660,2019
Vigabatrin,Sabril,1332,27392789.789999995,450.0,1348.0,40379,2020
Vigabatrin,Sabril,1226,24311143.94,450.0,1228.0,36782,2021
Vigabatrin,Sabril,1211,24305812.269999992,425.0,1219.2,36570,2022
Vigabatrin,Vigabatrin,1141,20658058.010000005,410.0,1149.4,34190,2023
Vigabatrin,Vigabatrin,1118,18672282.56,385.0,1118.0,33468,2024
Vilazodone Hcl,Viibryd,212371,66484045.13000001,50968.0,247445.99999999997,7045271,2019
Vilazodone Hcl,Viibryd,221885,74980925.8,52456.0,263792.5,7557934,2020
Vilazodone Hcl,Viibryd,212733,77212892.14000002,50910.0,255275.8999999999,7310484,2021
Vilazodone Hcl,Viibryd,138443,43080208.99999999,37963.0,164779.39999999997,4668185,2022
Vilazodone Hcl,Vilazodone Hcl,194463,26804123.51,50067.0,246764.3,7120740,2023
Vilazodone Hcl,Vilazodone Hcl,223412,22628348.46,54864.0,290063.49999999994,8395226,2024
Viloxazine Hcl,Qelbree,189,107824.2,70.0,190.1,5430,2022
Viloxazine Hcl,Qelbree,1836,1072046.05,614.0,1877.7,52810,2023
Viloxazine Hcl,Qelbree,4091,2261602.8999999994,1287.0,4314.1,120321,2024
Viltolarsen,Viltepso,17,1636264.43,5.0,17.0,476,2024
Vinblastine Sulfate,Vinblastine Sulfate,11,804.1,5.0,11.0,308,2019
Vincristine Sulfate,Vincristine Sulfate,44,472.85,15.0,44.0,1031,2019
Vincristine Sulfate,Vincristine Sulfate,57,511.61,20.0,57.0,1197,2020
Vincristine Sulfate,Vincristine Sulfate,79,660.57,25.0,79.0,1659,2021
Vincristine Sulfate,Vincristine Sulfate,63,544.15,25.0,63.0,1323,2022
Vincristine Sulfate,Vincristine Sulfate,105,1305.35,40.0,105.0,2205,2023
Vincristine Sulfate,Vincristine Sulfate,85,1254.69,25.0,85.0,1813,2024
Vinorelbine Tartrate,Vinorelbine Tartrate,47,4331.34,15.0,47.0,1232,2019
Vinorelbine Tartrate,Vinorelbine Tartrate,49,6490.16,15.0,49.0,1274,2020
Vinorelbine Tartrate,Vinorelbine Tartrate,62,12294.37,25.0,62.0,1699,2021
Vinorelbine Tartrate,Vinorelbine Tartrate,11,2681.08,5.0,11.0,280,2022
Vinorelbine Tartrate,Vinorelbine Tartrate,12,595.03,5.0,12.0,336,2023
Vinorelbine Tartrate,Vinorelbine Tartrate,52,3417.04,10.0,52.0,1106,2024
Vismodegib,Erivedge,4991,56179966.02,1542.0,5044.0,144132,2019
Vismodegib,Erivedge,5858,67223228.15,1801.0,5902.7,167258,2020
Vismodegib,Erivedge,5139,61130494.14,1622.0,5158.3,146980,2021
Vismodegib,Erivedge,3925,47507971.9,1261.0,3944.7,112179,2022
Vismodegib,Erivedge,2797,36145076.37000002,946.0,2825.0,80820,2023
Vismodegib,Erivedge,3634,45163082.81999999,1187.0,3666.2,104790,2024
Vit B Comp No.3/Folic/C/Biotin,Vp-Vite Rx,47,231.24,5.0,47.0,329,2020
Vit B Comp No.3/Folic/C/Biotin,Rena-Vite Rx,89,1079.27,30.0,119.0,3570,2021
Vit B Comp No.3/Folic/C/Biotin,Rena-Vite Rx,169,3258.24,38.0,267.3,8020,2022
Vit B Comp No.3/Folic/C/Biotin,Rena-Vite Rx,393,7381.119999999999,109.0,638.6,19138,2023
Vit B Comp No.3/Folic/C/Biotin,Rena-Vite Rx,508,9426.43,136.0,853.3,25523,2024
Voclosporin,Lupkynis,307,3459098.35,130.0,307.0,9150,2022
Voclosporin,Lupkynis,660,7928811.68,255.0,660.0,19590,2023
Voclosporin,Lupkynis,954,11367631.329999998,380.0,955.0,28485,2024
Vonoprazan Fumarate,Voquezna,16241,12557757.199999996,5487.0,20002.4,594018,2024
Vorapaxar Sulfate,Zontivity,2935,1287648.299999999,800.0,4070.4,120290,2019
Vorapaxar Sulfate,Zontivity,1188,486451.26,369.0,1542.8,45170,2020
Vorapaxar Sulfate,Zontivity,671,305161.7,219.0,854.0,24459,2021
Vorapaxar Sulfate,Zontivity,570,302433.5800000001,179.0,738.5,21657,2022
Vorapaxar Sulfate,Zontivity,664,384820.0800000001,160.0,847.0,25028,2023
Vorapaxar Sulfate,Zontivity,43,26570.66,20.0,61.0,1830,2024
Vorasidenib Citrate,Voranigo,74,2890508.7800000003,25.0,74.0,2220,2024
Voriconazole,Voriconazole,17651,23342748.410000004,6515.0,18176.2,518845,2019
Voriconazole,Voriconazole,16216,12025344.660000002,5251.0,16816.699999999997,480169,2020
Voriconazole,Voriconazole,10874,6201639.240000001,3488.0,11719.2,327418,2021
Voriconazole,Voriconazole,10433,5833957.21,3185.0,11550.300000000005,314611,2022
Voriconazole,Voriconazole,11037,6062580.399999999,3479.0,12396.4,344373,2023
Voriconazole,Voriconazole,12727,4914569.07,3950.0,14341.3,396020,2024
Vorinostat,Zolinza,94,845276.9999999999,40.0,98.0,2876,2019
Vorinostat,Zolinza,88,1151894.72,35.0,88.0,2610,2020
Vorinostat,Zolinza,81,683216.0900000001,35.0,81.0,2402,2021
Vorinostat,Zolinza,109,1301736.5,45.0,109.0,3138,2022
Vorinostat,Zolinza,102,1233558.32,40.0,102.0,2977,2023
Vorinostat,Zolinza,157,1221314.28,55.0,165.0,4590,2024
Vortioxetine Hydrobromide,Trintellix,440014,194392121.43,94890.0,513796.4,14641399,2019
Vortioxetine Hydrobromide,Trintellix,470817,223719937.6,97755.0,562417.5,16006952,2020
Vortioxetine Hydrobromide,Trintellix,449428,230362026.70000008,95342.0,544028.3,15453568,2021
Vortioxetine Hydrobromide,Trintellix,446698,244723376.26,95439.0,545919.3,15468972,2022
Vortioxetine Hydrobromide,Trintellix,436782,252909171.58,94029.0,537750.1,15186290,2023
Vortioxetine Hydrobromide,Trintellix,436130,249265084.85999995,94210.0,541613.8999999999,15243934,2024
Voxelotor,Oxbryta,2552,27218449.360000003,622.0,2560.5,76783,2020
Voxelotor,Oxbryta,4137,43713476.06999999,1011.0,4188.0,125589,2021
Voxelotor,Oxbryta,4939,51996029.68,1215.0,5011.7,150345,2022
Voxelotor,Oxbryta,5851,67394040.72000003,1390.0,5971.9,179050,2023
Voxelotor,Oxbryta,3616,43604886.73,918.0,3696.6,110545,2024
Vutrisiran Sodium,Amvuttra,181,21980219.53,55.0,538.2,16146,2023
Vutrisiran Sodium,Amvuttra,433,51018737.10000001,133.0,1284.4,38531,2024
Warfarin Sodium,Warfarin Sodium,9510426,128554747.21999995,1962927.0,16767460.9,455392150,2019
Warfarin Sodium,Warfarin Sodium,7853582,107838420.85999995,1672075.0,14743623.499999998,407253101,2020
Warfarin Sodium,Warfarin Sodium,6506358,82016403.65999995,1434403.0,12658183.200000005,352101880,2021
Warfarin Sodium,Warfarin Sodium,5532708,70849932.12999998,1244169.0,11008652.000000002,307269383,2022
Warfarin Sodium,Warfarin Sodium,4773701,64821527.969999984,1082567.0,9571394.500000002,267842255,2023
Warfarin Sodium,Warfarin Sodium,4293014,39895419.52,969341.0,8637049.6,242140906,2024
"Water For Irrigation,sterile",Water,10189,236310.62,2594.0,10279.100000000002,147762,2019
"Water For Irrigation,sterile",Water,8928,247699.56,2360.0,9015.9,150575,2020
"Water For Irrigation,sterile",Water,8432,246181.75,2186.0,8540.000000000002,147685,2021
"Water For Irrigation,sterile",Water,7159,228155.9699999999,1863.0,7246.500000000001,124935,2022
"Water For Irrigation,sterile",Water,8064,282696.45,2473.0,8178.299999999999,167669,2023
"Water For Irrigation,sterile",Water,7024,217915.83,2162.0,7169.8,137329,2024
Weed Pollen-Short Ragweed,Ragwitek,11,3337.2,5.0,11.0,330,2020
Weed Pollen-Short Ragweed,Ragwitek,12,3853.71,5.0,12.0,360,2021
Weed Pollen-Short Ragweed,Ragwitek,11,3706.67,5.0,11.0,330,2022
Weed Pollen-Short Ragweed,Ragwitek,23,8400.23,10.0,23.0,690,2023
Weed Pollen-Short Ragweed,Ragwitek,23,8036.27,10.0,23.0,690,2024
Xanomeline Tart/Trospium Chlor,Cobenfy,256,353406.17,112.0,258.3,5636,2024
Yellow Fever Vaccine Live/Pf,Stamaril,1223,213401.17,1223.0,1227.0,4498,2019
Yellow Fever Vaccine Live/Pf,Stamaril,169,29593.34,169.0,169.0,174,2020
Yellow Fever Vaccine Live/Pf,Yf-Vax,83,15375.4,83.0,83.0,87,2021
Yellow Fever Vaccine Live/Pf,Yf-Vax,1183,243668.47,1180.0,1185.0,1561,2022
Yellow Fever Vaccine Live/Pf,Yf-Vax,3768,794945.5000000001,3757.0,3770.0,5959,2023
Yellow Fever Vaccine Live/Pf,Yf-Vax,6065,1277428.55,6060.0,6071.0,15236,2024
Zafirlukast,Zafirlukast,33246,3445991.76,10818.0,42805.600000000006,1247124,2019
Zafirlukast,Zafirlukast,32365,3313963.849999999,10548.0,43150.20000000001,1256108,2020
Zafirlukast,Zafirlukast,30853,3296516.37,9810.0,42503.1,1244923,2021
Zafirlukast,Zafirlukast,27453,3069249.01,8773.0,37700.4,1102798,2022
Zafirlukast,Zafirlukast,25956,2896316.6400000006,8122.0,36470.6,1072659,2023
Zafirlukast,Zafirlukast,25755,2107774.11,7950.0,36232.69999999999,1063707,2024
Zaleplon,Zaleplon,83154,2215154.37,25810.0,90633.0,2602202,2019
Zaleplon,Zaleplon,88633,2194264.0000000005,27078.0,97678.0,2824038,2020
Zaleplon,Zaleplon,91894,2380714.7100000004,28209.0,101679.5,2938040,2021
Zaleplon,Zaleplon,82231,2401195.5999999987,25412.0,90931.40000000002,2620072,2022
Zaleplon,Zaleplon,84446,2409957.5800000005,26535.0,94006.19999999998,2697562,2023
Zaleplon,Zaleplon,88063,1780905.2799999998,28286.0,98266.0,2807437,2024
Zanamivir,Relenza,37,2540.6800000000003,21.0,37.0,407,2019
Zanamivir,Relenza,127,8492.77,51.0,127.7,1746,2020
Zanamivir,Relenza,69,4893.56,24.0,69.0,1059,2021
Zanamivir,Relenza,75,5426.48,25.0,77.0,1113,2022
Zanamivir,Relenza,81,5897.26,31.0,81.7,1100,2023
Zanamivir,Relenza,22,1628.37,5.0,24.0,519,2024
Zanubrutinib,Brukinsa,191,2508202.3,60.0,191.0,5730,2020
Zanubrutinib,Brukinsa,2930,37528611.37,831.0,2953.0,88119,2021
Zanubrutinib,Brukinsa,15282,196077463.88000005,3725.0,15381.7,460315,2022
Zanubrutinib,Brukinsa,43157,576158574.3299999,9842.0,43330.100000000006,1295540,2023
Zanubrutinib,Brukinsa,110650,1460269189.5699997,21800.0,111042.9,3324504,2024
Zavegepant Hcl,Zavzpret,230,280456.31999999995,88.0,236.4,6660,2023
Zavegepant Hcl,Zavzpret,2604,2970149.8200000003,813.0,2716.9000000000005,73564,2024
Ziconotide Acetate,Prialt,23,49506.31,10.0,23.0,197,2019
Ziconotide Acetate,Prialt,23,40298.87,10.0,23.0,135,2020
Ziconotide Acetate,Prialt,11,38612.3,5.0,11.0,11,2023
Zidovudine,Zidovudine,4344,176681.8999999999,1385.0,4654.799999999999,136011,2019
Zidovudine,Zidovudine,3422,141199.65,1095.0,3728.2,109103,2020
Zidovudine,Zidovudine,2501,109299.89000000004,810.0,2742.8,78612,2021
Zidovudine,Zidovudine,1777,91758.42,580.0,1978.6,56504,2022
Zidovudine,Zidovudine,1541,89092.38,535.0,1662.1,48301,2023
Zidovudine,Zidovudine,1164,60659.850000000006,390.0,1199.0,33891,2024
Zileuton,Zileuton Er,2162,6163056.529999999,745.0,2444.7000000000003,72017,2019
Zileuton,Zileuton Er,2663,7380939.390000001,819.0,3059.6000000000004,91272,2020
Zileuton,Zileuton Er,3258,9111576.79,949.0,3679.400000000001,109490,2021
Zileuton,Zileuton Er,4702,11671237.830000002,1183.0,5042.400000000001,150348,2022
Zileuton,Zileuton Er,5843,13307282.689999994,1397.0,6354.599999999999,189288,2023
Zileuton,Zileuton Er,8231,19457235.18999999,1778.0,9381.8,280213,2024
Zilucoplan Sodium,Zilbrysq,445,16830440.79,115.0,445.0,12460,2024
Zinc/Copper/Manganese/Selenium,Tralement,12,1986.43,5.0,12.0,31,2021
Zinc/Copper/Manganese/Selenium,Tralement,12,7902.21,5.0,12.0,80,2022
Ziprasidone Hcl,Ziprasidone Hcl,711581,62675781.68,126052.0,833768.6,23604662,2019
Ziprasidone Hcl,Ziprasidone Hcl,673141,57130016.24,119002.0,802174.4000000003,22753332,2020
Ziprasidone Hcl,Ziprasidone Hcl,625421,56032372.46999998,111359.0,748730.2000000001,21239200,2021
Ziprasidone Hcl,Ziprasidone Hcl,580690,58661051.16,105370.0,696866.5999999999,19756709,2022
Ziprasidone Hcl,Ziprasidone Hcl,541172,47186578.43000001,100622.0,656207.3999999998,18621934,2023
Ziprasidone Hcl,Ziprasidone Hcl,499459,32946311.16,94068.0,614617.9000000003,17409338,2024
Ziprasidone Mesylate,Geodon,1177,205809.98,384.0,1177.6,4336,2019
Ziprasidone Mesylate,Geodon,819,185228.61,276.0,819.6,3349,2020
Ziprasidone Mesylate,Ziprasidone Mesylate,685,138263.05000000002,203.0,685.0,2547,2021
Ziprasidone Mesylate,Ziprasidone Mesylate,818,147935.64,274.0,818.0,2824,2022
Ziprasidone Mesylate,Ziprasidone Mesylate,1006,188874.50999999995,327.0,1006.7,3906,2023
Ziprasidone Mesylate,Ziprasidone Mesylate,944,195074.89,357.0,944.0,3698,2024
Ziv-Aflibercept,Zaltrap,22,215357.8,10.0,22.0,532,2020
Zoledronic Ac/Mannitol/0.9nacl,Zoledronic Acid,29,3954.15,10.0,42.6,1248,2019
Zoledronic Ac/Mannitol/0.9nacl,Zoledronic Acid,67,11088.81,25.0,108.4,3114,2020
Zoledronic Ac/Mannitol/0.9nacl,Zoledronic Acid,148,20093.56,40.0,190.1,5528,2021
Zoledronic Ac/Mannitol/0.9nacl,Zoledronic Acid,76,11576.86,30.0,105.0,3032,2022
Zoledronic Ac/Mannitol/0.9nacl,Zoledronic Acid,129,19759.77,40.0,247.5,7303,2023
Zoledronic Ac/Mannitol/0.9nacl,Zoledronic Acid,193,29674.959999999995,50.0,308.2,8904,2024
Zoledronic Acid,Zoledronic Acid,1557,469061.56000000006,447.0,2131.7,61072,2019
Zoledronic Acid,Zoledronic Acid,1960,579077.56,541.0,2747.1000000000004,79621,2020
Zoledronic Acid,Zoledronic Acid,2063,459129.26,535.0,2726.0,78215,2021
Zoledronic Acid,Zoledronic Acid,2418,511213.17,636.0,3411.2999999999997,98315,2022
Zoledronic Acid,Zoledronic Acid,3086,649161.04,764.0,4357.599999999999,125755,2023
Zoledronic Acid,Zoledronic Acid,2640,280655.69,774.0,4237.399999999999,122611,2024
Zoledronic Acid/Mannitol-Water,Zoledronic Acid,1959,602208.6199999998,1934.0,14501.3,431698,2019
Zoledronic Acid/Mannitol-Water,Zoledronic Acid,1623,379335.57,1589.0,11789.6,350299,2020
Zoledronic Acid/Mannitol-Water,Zoledronic Acid,1840,390277.13,1822.0,13887.7,412379,2021
Zoledronic Acid/Mannitol-Water,Zoledronic Acid,2916,618534.7,2870.0,22687.6,677338,2022
Zoledronic Acid/Mannitol-Water,Zoledronic Acid,3851,785438.3000000002,3795.0,32404.0,967302,2023
Zoledronic Acid/Mannitol-Water,Zoledronic Acid,4592,705456.4599999998,4513.0,40277.89999999999,1208507,2024
Zolmitriptan,Zolmitriptan Odt,18082,4602057.94,6192.0,18821.1,399151,2019
Zolmitriptan,Zolmitriptan Odt,19079,5224789.41,6561.0,19857.4,442308,2020
Zolmitriptan,Zolmitriptan Odt,17619,4283981.399999999,6093.0,18449.4,427890,2021
Zolmitriptan,Zolmitriptan Odt,15667,3901522.44,5339.0,16462.800000000003,390690,2022
Zolmitriptan,Zolmitriptan,15270,3149193.85,5209.0,16030.3,381628,2023
Zolmitriptan,Zolmitriptan Odt,15693,2324653.64,5239.0,16534.5,390308,2024
Zolpidem Tartrate,Zolpidem Tartrate,6871028,73775936.25999999,1536313.0,8213195.2,241377533,2019
Zolpidem Tartrate,Zolpidem Tartrate,7169110,66108583.28,1551259.0,8684286.4,255801163,2020
Zolpidem Tartrate,Zolpidem Tartrate,7132151,70034047.19999999,1557577.0,8737834.5,257498098,2021
Zolpidem Tartrate,Zolpidem Tartrate,6982947,71055839.53000002,1554330.0,8622894.1,253979000,2022
Zolpidem Tartrate,Zolpidem Tartrate,7029773,70334679.38999999,1578398.0,8717296.1,256549257,2023
Zolpidem Tartrate,Zolpidem Tartrate,7171503,56659181.54999999,1632811.0,8964272.899999999,263829463,2024
Zonisamide,Zonisamide,301747,22439286.12999999,69188.0,422554.5999999999,12280452,2019
Zonisamide,Zonisamide,302446,24497063.409999996,69152.0,446438.1,12972263,2020
Zonisamide,Zonisamide,297980,25429511.79,69886.0,455129.5999999999,13211802,2021
Zonisamide,Zonisamide,298031,23040698.15000001,70501.0,463970.9,13443724,2022
Zonisamide,Zonisamide,301961,24027573.540000003,71653.0,477024.6,13794443,2023
Zonisamide,Zonisamide,317841,21055151.599999998,75751.0,510149.2,14767805,2024
Zoster Vaccine Live/Pf,Zostavax,1929,441189.15,1908.0,1949.0,13101,2019
Zoster Vaccine Live/Pf,Zostavax,160,37287.29,159.0,161.0,1263,2020
Zoster Vaccine Live/Pf,Zostavax,12,3041.51,11.0,12.0,128,2021
