Gnrc_Name,Brnd_Name,Tot_Clms,Tot_Drug_Cst,Tot_Benes,Tot_30day_Fills,Tot_Day_Suply,year
Atorvastatin Calcium,Atorvastatin Calcium,63972233,842381424.5100001,19620926.0,156135983.8,4634677734,2022
Amlodipine Besylate,Amlodipine Besylate,44852631,340239063.65999997,13584532.0,106261757.39999999,3152828838,2022
Levothyroxine Sodium,Levothyroxine Sodium,43950751,995036396.5000001,11789434.0,100610369.5,2964939652,2022
Lisinopril,Lisinopril,35070952,265182025.59000003,10625286.0,85276057.80000001,2533567128,2022
Gabapentin,Gabapentin,33098365,690712097.6199998,9029262.0,51281313.90000002,1491568670,2022
Metformin Hcl,Metformin Hcl,31371030,384775386.47000015,9297646.0,74917496.09999998,2226295346,2022
Losartan Potassium,Losartan Potassium,30471700,368173428.4899999,9228779.0,74680169.39999999,2223618031,2022
Omeprazole,Omeprazole,27081531,388390244.90000004,8197546.0,59016035.80000001,1747289788,2022
Metoprolol Succinate,Metoprolol Succinate,26966675,544342439.6199999,8157238.0,63693674.99999999,1890966669,2022
Furosemide,Furosemide,21895127,134829834.76999995,6786626.0,41813859.500000015,1197138825,2022
Pantoprazole Sodium,Pantoprazole Sodium,21121153,351086219.5800001,6562154.0,42953350.19999999,1263041770,2022
Rosuvastatin Calcium,Rosuvastatin Calcium,21059853,587487928.2399999,6646683.0,53481496.099999994,1596369393,2022
Hydrocodone/Acetaminophen,Hydrocodone-Acetaminophen,19633438,417610604.43,6625350.0,19681275.9,415312504,2022
Apixaban,Eliquis,17993528,14443609917.289997,4189263.0,28483387.800000004,797309676,2022
Hydrochlorothiazide,Hydrochlorothiazide,17922107,95670325.92999999,5550503.0,44535854.20000001,1328574390,2022
Tamsulosin Hcl,Tamsulosin Hcl,17826974,345634830.0599999,5336926.0,39390265.000000015,1162820507,2022
Simvastatin,Simvastatin,16789093,149208729.61000004,4776733.0,42519252.199999996,1266703398,2022
Metoprolol Tartrate,Metoprolol Tartrate,15985330,129817133.27,4634036.0,34926763.99999999,1025467071,2022
Albuterol Sulfate,Albuterol Sulfate Hfa,15965991,807149940.9899999,6397646.0,19312041.800000004,479647767,2022
Trazodone Hcl,Trazodone Hcl,15210904,192818081.95999995,3919938.0,25783716.200000003,750726831,2022
Carvedilol,Carvedilol,14038473,160420544.16000003,4098142.0,31150929.7,919847286,2022
Sertraline Hcl,Sertraline Hcl,14028486,156025459.94000003,3343133.0,25528546.499999996,742385132,2022
Potassium Chloride,Klor-Con M20,13833806,408420082.5500001,3862179.0,25755104.199999996,737317888,2022
Prednisone,Prednisone,12629798,94005017.94999999,7409603.0,15414722.599999998,283650190,2022
Clopidogrel Bisulfate,Clopidogrel,11983500,189292598.80999997,3533999.0,26526789.800000004,783069926,2022
Tramadol Hcl,Tramadol Hcl,11722160,103750141.56000003,3976778.0,11927681.700000001,244043840,2022
Fluticasone Propionate,Fluticasone Propionate,11674239,456205888.7300001,4803344.0,19429818.100000005,580500890,2022
Alprazolam,Alprazolam,11135328,107138003.79,2507359.0,12043059.3,331688279,2022
Montelukast Sodium,Montelukast Sodium,10922380,191901658.27,3135861.0,23577289.000000007,700203688,2022
Duloxetine Hcl,Duloxetine Hcl,10746503,470996222.54000014,2547833.0,19220013.400000002,563875777,2022
Famotidine,Famotidine,10710682,168289785.50999993,3258933.0,20107712.999999996,585818562,2022
Escitalopram Oxalate,Escitalopram Oxalate,10455708,157910572.15999997,2570955.0,19475579.399999995,569484994,2022
Meloxicam,Meloxicam,10090404,65168568.83,3728457.0,16694841.6,489408410,2022
Latanoprost,Latanoprost,9545896,210957965.85000005,2571109.0,17197363.200000003,491891547,2022
Pravastatin Sodium,Pravastatin Sodium,9478835,165926635.19000003,2665466.0,23738022.9,705157615,2022
Clonazepam,Clonazepam,8499259,73692073.07999998,1586453.0,9294836.100000001,264502286,2022
Allopurinol,Allopurinol,8413585,126654061.18999997,2290612.0,19853466.799999997,588317312,2022
Quetiapine Fumarate,Quetiapine Fumarate,8331864,302771845.56999993,1561760.0,10892190.500000002,305579872,2022
Oxycodone Hcl/Acetaminophen,Oxycodone-Acetaminophen,7868456,286296640.31,2265735.0,7879283.500000001,180615018,2022
Diclofenac Sodium,Diclofenac Sodium,7605339,471437144.1700001,2910583.0,9253646.5,227716049,2022
Lorazepam,Lorazepam,7504273,68449636.88999999,1816888.0,8082503.199999998,208434509,2022
Oxycodone Hcl,Oxycodone Hcl,7379459,521293375.2599999,2466848.0,7390903.199999997,153020923,2022
Alendronate Sodium,Alendronate Sodium,7242537,81577974.88,2091768.0,15969962.100000001,473177815,2022
Bupropion Hcl,Bupropion Hcl Sr,7024678,274467865.22999996,1668938.0,12558766.1,370656763,2022
Zolpidem Tartrate,Zolpidem Tartrate,6982947,71055839.53000002,1554330.0,8622894.1,253979000,2022
Donepezil Hcl,Donepezil Hcl,6941010,105386092.25000001,1595827.0,11447660.999999998,326231278,2022
Amoxicillin,Amoxicillin,6931356,28237789.800000004,5305824.0,6987662.099999998,49433949,2022
"Insulin Glargine,hum.Rec.Anlog",Lantus Solostar,6808055,4072395609.87,1739962.0,11735706.300000003,331867824,2022
Mirtazapine,Mirtazapine,6782847,151502962.54000005,1521513.0,9651314.999999998,271518782,2022
Glipizide,Glipizide,6750116,89511465.46,1897347.0,15913103.799999993,472965160,2022
Azithromycin,Azithromycin,6573895,60166780.45,5198832.0,6827500.100000001,51658560,2022
Citalopram Hydrobromide,Citalopram Hbr,6511582,53843204.690000005,1537908.0,12889022.1,378419344,2022
Atenolol,Atenolol,6503733,62119953.48999999,1781267.0,16347643.600000001,487045649,2022
Fluoxetine Hcl,Fluoxetine Hcl,6357662,97777914.93999997,1425863.0,11843567.899999997,348467821,2022
Spironolactone,Spironolactone,6235570,80624030.83999999,1825996.0,13588207.900000002,401736936,2022
Finasteride,Finasteride,6044512,101591934.33999999,1709882.0,14242319.600000001,422265232,2022
Buspirone Hcl,Buspirone Hcl,5894170,107409455.37000002,1349637.0,8519978.499999998,243975467,2022
Rivaroxaban,Xarelto,5772196,5042544921.8,1343871.0,9985077.4,284319230,2022
Tizanidine Hcl,Tizanidine Hcl,5561807,83976739.35999997,1819394.0,7154543.600000001,189994090,2022
Warfarin Sodium,Warfarin Sodium,5532708,70849932.12999998,1244169.0,11008652.000000002,307269383,2022
Pregabalin,Pregabalin,5510579,268586174.92,1363951.0,6915702.7,201596758,2022
Ibuprofen,Ibuprofen,5473305,52210417.309999995,2784617.0,6284972.4,131942560,2022
Lisinopril/Hydrochlorothiazide,Lisinopril-Hydrochlorothiazide,5342516,48429894.620000005,1559312.0,14065533.899999995,420744817,2022
Ezetimibe,Ezetimibe,5222660,297454416.62,1526718.0,12648233.900000002,377365188,2022
Cyclobenzaprine Hcl,Cyclobenzaprine Hcl,5180059,79739046.50000001,1825851.0,6253803.300000002,160167688,2022
Empagliflozin,Jardiance,5027481,5148228313.540003,1272574.0,9105237.400000002,268284093,2022
Cephalexin,Cephalexin,5020185,43584669.55999999,3982974.0,5325637.500000002,55300856,2022
Venlafaxine Hcl,Venlafaxine Hcl Er,4872572,145496263.83999997,1028882.0,8814949.500000002,258649816,2022
Hydralazine Hcl,Hydralazine Hcl,4860683,97213127.05000001,1386123.0,9364365.8,272267186,2022
Triamcinolone Acetonide,Triamcinolone Acetonide,4858149,61431532.04000002,2888035.0,5364023.6,129066692,2022
Memantine Hcl,Memantine Hcl,4763428,287014982.82,1027678.0,7036903.100000001,196543865,2022
Glimepiride,Glimepiride,4519316,54565414.96,1248020.0,10872058.999999996,324044155,2022
Diltiazem Hcl,Diltiazem 24hr Er (Cd),4343942,181842101.0,1212102.0,9285886.8,272549220,2022
Divalproex Sodium,Divalproex Sodium,4251693,265085570.15000013,747489.0,4974456.5,133122639,2022
Oxybutynin Chloride,Oxybutynin Chloride,4207115,144995361.12,1180631.0,7661084.100000001,222374626,2022
Losartan/Hydrochlorothiazide,Losartan-Hydrochlorothiazide,4201841,85435055.99000002,1211681.0,10807017.400000002,323312805,2022
Baclofen,Baclofen,4176992,120721377.73999998,1213751.0,5496356.0,149762480,2022
Dulaglutide,Trulicity,4174280,5581472135.650002,895871.0,5968630.600000002,171391611,2022
Isosorbide Mononitrate,Isosorbide Mononitrate Er,4117420,74866104.58000001,1149687.0,8705590.3,256584910,2022
Methylprednisolone,Methylprednisolone,4005703,40441816.47,3363326.0,4060764.5,28562569,2022
Amoxicillin/Potassium Clav,Amoxicillin-Clavulanate Potass,3989813,52288579.92999998,3368993.0,4006301.5,36198249,2022
Doxycycline Hyclate,Doxycycline Hyclate,3844583,91924330.62,2870563.0,4164676.1999999993,59471393,2022
Levetiracetam,Levetiracetam,3744036,215109260.78000003,785551.0,5631235.199999999,158103461,2022
Celecoxib,Celecoxib,3731395,188625469.67999995,1271648.0,6022978.6,175794140,2022
Sitagliptin Phosphate,Januvia,3723471,3505633728.6099997,840113.0,6787307.1,195504002,2022
Varicella-Zoster Ge/As01b/Pf,Shingrix,3612021,707435858.0499997,2775904.0,3631650.2,6352228,2022
Lamotrigine,Lamotrigine,3536996,189644533.57999995,693248.0,5294619.199999999,153783846,2022
Fluticasone/Umeclidin/Vilanter,Trelegy Ellipta,3515422,2971640378.18,857170.0,4625732.9,138369836,2022
Risperidone,Risperidone,3435579,70586887.44999999,577546.0,4023623.3,110168460,2022
Semaglutide,Ozempic,3434882,4667099435.129999,862331.0,5081996.299999999,148824386,2022
Budesonide/Formoterol Fumarate,Symbicort,3263847,1675972043.8500006,883949.0,4514718.8,135281408,2022
Ciprofloxacin Hcl,Ciprofloxacin Hcl,3256959,25183259.770000003,2554115.0,3299357.1,29126269,2022
Aripiprazole,Aripiprazole,3248742,853551275.4000003,657514.0,4178635.900000001,119567932,2022
Olanzapine,Olanzapine,3219457,132428541.04,562687.0,3750396.0000000005,102217614,2022
Prednisolone Acetate,Prednisolone Acetate,3119683,155425485.79999992,1932695.0,3990005.2999999993,102945400,2022
Mirabegron,Myrbetriq,3026523,1895761389.9699993,717445.0,4520944.3,127253229,2022
Sulfamethoxazole/Trimethoprim,Sulfamethoxazole-Trimethoprim,3020638,17398745.38,2105666.0,3326580.1,45530747,2022
Carbidopa/Levodopa,Carbidopa-Levodopa,2971679,347770938.81,739988.0,5148156.599999999,147517042,2022
Hydroxyzine Hcl,Hydroxyzine Hcl,2924614,56906438.54999999,866653.0,3693425.8,96648997,2022
Amitriptyline Hcl,Amitriptyline Hcl,2901836,63077192.90000002,720107.0,5142266.1000000015,152269202,2022
Fluticasone Propion/Salmeterol,Advair Diskus,2890901,1189596332.93,833199.0,4105581.3,122989952,2022
Estradiol,Estradiol,2874392,238874827.7199999,1060760.0,6630356.3999999985,197536778,2022
Clonidine Hcl,Clonidine Hcl,2845105,27940600.959999997,775682.0,5131254.8999999985,148187945,2022
Paroxetine Hcl,Paroxetine Hcl,2837149,44348263.38,641779.0,5281230.699999999,155192605,2022
"Pen Needle, Diabetic",Ultra-Fine Mini Pen Needle,2794007,218809745.14999995,983000.0,5663048.1000000015,166828557,2022
Valsartan,Valsartan,2792918,111286545.72999997,789869.0,6654995.499999997,197544966,2022
Ketoconazole,Ketoconazole,2640073,77533371.16000001,1267034.0,2873536.200000001,77004343,2022
Ropinirole Hcl,Ropinirole Hcl,2629801,58362223.139999986,608534.0,4797486.299999999,139699694,2022
Nifedipine,Nifedipine Er,2629544,131147925.17000002,740032.0,5509431.999999999,162915889,2022
Pioglitazone Hcl,Pioglitazone Hcl,2571866,47395248.059999995,719856.0,6208081.2,185195341,2022
Topiramate,Topiramate,2550447,109332465.04999998,602538.0,4156933.0999999996,121559016,2022
Ondansetron Hcl,Ondansetron Hcl,2511915,50301161.14000001,1292819.0,2596334.899999999,34266694,2022
Triamterene/Hydrochlorothiazid,Triamterene-Hydrochlorothiazid,2484448,30795726.879999988,691079.0,6311423.800000002,188471442,2022
Lovastatin,Lovastatin,2461291,27773728.390000004,659868.0,6328274.899999999,188578021,2022
Propranolol Hcl,Propranolol Hcl,2452477,89817081.33999999,631186.0,4393940.8,128308277,2022
Timolol Maleate,Timolol Maleate,2444663,62626464.41000001,784438.0,4985949.299999999,146689757,2022
Morphine Sulfate,Morphine Sulfate Er,2364234,91171221.87,521391.0,2369219.3000000003,64503408,2022
Nitrofurantoin Monohyd/M-Cryst,Nitrofurantoin Mono-Macro,2348236,55655350.78000001,1771463.0,2451915.7999999993,23873838,2022
Diazepam,Diazepam,2291881,23461858.610000003,618078.0,2430378.9999999995,60473535,2022
Mupirocin,Mupirocin,2273298,24070778.890000004,1631564.0,2305760.7,37840823,2022
Fluticasone/Vilanterol,Breo Ellipta,2238940,1155777113.0099998,555452.0,2925121.6999999997,86953396,2022
Dorzolamide Hcl/Timolol Maleat,Dorzolamide-Timolol,2222528,72934492.10000001,690804.0,4637662.4,138690655,2022
Dapagliflozin Propanediol,Farxiga,2217887,2089074034.9999998,566260.0,3743746.1000000015,110293031,2022
Olmesartan Medoxomil,Olmesartan Medoxomil,2199530,73160190.68,614450.0,5300797.700000001,158333905,2022
Ondansetron,Ondansetron Odt,2196721,50090540.41999999,1372036.0,2242874.4999999995,24750819,2022
Sacubitril/Valsartan,Entresto,2160162,2119732358.84,543074.0,3445631.1999999993,100205505,2022
Brimonidine Tartrate,Alphagan P,2158051,243747960.79999998,651539.0,3831856.000000001,110250943,2022
Amiodarone Hcl,Amiodarone Hcl,2135707,65362626.429999985,706249.0,4176791.5999999987,121281526,2022
Temazepam,Temazepam,2134846,25719647.97,450256.0,2352402.8000000007,69236820,2022
Insulin Aspart,Novolog Flexpen,2129520,1803450403.5800002,600543.0,3350676.8000000003,91322787,2022
Naproxen,Naproxen,2091055,31569729.59,920529.0,2668013.3,69868915,2022
Chlorthalidone,Chlorthalidone,2078622,54212755.17999999,607912.0,4888525.100000001,145748522,2022
Esomeprazole Magnesium,Esomeprazole Magnesium,2071875,200054329.94000006,540103.0,4155553.7999999993,123178557,2022
Methotrexate Sodium,Methotrexate,2062706,79879320.38999999,571482.0,3902290.4000000004,114276456,2022
Hydroxychloroquine Sulfate,Hydroxychloroquine Sulfate,2051319,146910755.27,609371.0,4079667.9000000004,120713471,2022
Azelastine Hcl,Azelastine Hcl,1989268,83844285.38000003,854709.0,2910180.5999999987,84654144,2022
Torsemide,Torsemide,1974274,46294076.529999994,599014.0,3668574.600000001,105919253,2022
Acetaminophen With Codeine,Acetaminophen-Codeine,1957144,32033384.71999999,874451.0,1964748.7000000004,31679770,2022
Fluconazole,Fluconazole,1943619,28497011.59,1098042.0,2077922.1,21017633,2022
Nystatin,Nystatin,1917288,48897174.46999999,877744.0,1999642.7999999996,37037403,2022
Irbesartan,Irbesartan,1902925,61036193.53000001,520034.0,4712348.4,140693907,2022
Benztropine Mesylate,Benztropine Mesylate,1854543,24545828.630000006,320864.0,2118241.6999999993,58535552,2022
Meclizine Hcl,Meclizine Hcl,1796288,20683251.639999997,694635.0,2114809.6000000006,48505251,2022
Chlorhexidine Gluconate,Chlorhexidine Gluconate,1782189,11017264.620000001,1150083.0,1826072.1000000003,34116111,2022
Insulin Lispro,Humalog Kwikpen U-100,1739933,1229462547.3100004,526547.0,2802467.6000000015,75430067,2022
Tiotropium Bromide,Spiriva Handihaler,1727857,1185669766.6399999,461908.0,2462528.6000000006,73252834,2022
Benazepril Hcl,Benazepril Hcl,1724921,21295454.870000005,461341.0,4322412.7,128750434,2022
Insulin Detemir,Levemir Flextouch,1723559,1208193065.1799998,414865.0,2731892.1,75101338,2022
Dextroamphetamine/Amphetamine,Dextroamphetamine-Amphetamine,1717992,86512826.55000004,359267.0,1787801.7999999996,52524882,2022
Linaclotide,Linzess,1717691,1239011044.0299997,447767.0,2426706.6999999997,72045977,2022
Nitroglycerin,Nitroglycerin,1713544,41513090.86000001,946786.0,2058457.4000000006,46178407,2022
Doxazosin Mesylate,Doxazosin Mesylate,1685164,36046029.60000001,449786.0,3760174.0999999996,111345440,2022
Valacyclovir Hcl,Valacyclovir,1673650,80272086.34,643039.0,2427181.4999999995,54633651,2022
Enalapril Maleate,Enalapril Maleate,1646305,38092013.99999999,433166.0,3782100.500000001,112333147,2022
Dicyclomine Hcl,Dicyclomine Hcl,1606509,37741851.33999999,571682.0,2202197.7,58156806,2022
Buprenorphine Hcl/Naloxone Hcl,Buprenorphine-Naloxone,1604957,334560531.34000003,274414.0,1612162.3000000003,33282362,2022
Nirmatrelvir/Ritonavir,Paxlovid (Eua),1583282,16430293.22,1561124.0,1583347.5999999999,8038408,2022
Cyclosporine,Restasis,1568903,1569087611.12,578743.0,2513992.4000000004,74280712,2022
Hydrocortisone,Hydrocortisone,1562377,33697428.63,758610.0,1827656.6999999995,43752364,2022
Levocetirizine Dihydrochloride,Levocetirizine Dihydrochloride,1559201,28912304.37,503360.0,2844541.4000000004,84091970,2022
Icosapent Ethyl,Icosapent Ethyl,1540725,738026369.0100005,361281.0,2333850.8000000003,69057519,2022
Bumetanide,Bumetanide,1530965,84110894.34000002,425055.0,2616392.5,74122835,2022
Sucralfate,Sucralfate,1523152,102662665.61,502034.0,2005402.5999999999,53349265,2022
Fenofibrate,Fenofibrate,1498285,61199590.92000001,403730.0,3484747.8999999994,103609673,2022
Bimatoprost,Lumigan,1482360,644007068.5399997,387599.0,2510439.9999999995,71794666,2022
Methocarbamol,Methocarbamol,1471259,19805316.770000003,617078.0,1645104.8999999997,38875963,2022
Levofloxacin,Levofloxacin,1386951,12008959.319999998,1066309.0,1394923.3999999992,11854687,2022
Clobetasol Propionate,Clobetasol Propionate,1381855,97541033.59000003,734265.0,1484170.6999999995,38163337,2022
Anastrozole,Anastrozole,1377086,36407157.23,420749.0,3164915.0000000005,94319005,2022
Digoxin,Digoxin,1365844,42425320.33,360339.0,2718481.4999999995,79222017,2022
Fenofibrate Nanocrystallized,Fenofibrate,1307890,61119806.82000001,333499.0,2730594.7999999993,80564163,2022
Insulin Degludec,Tresiba Flextouch U-100,1277333,1195907205.9700003,352052.0,2351074.400000001,67993916,2022
Cefdinir,Cefdinir,1271203,26095901.820000015,1093586.0,1276375.7999999998,10981069,2022
Linagliptin,Tradjenta,1264111,946172964.1299999,269435.0,1985996.4000000001,54432453,2022
Pramipexole Di-Hcl,Pramipexole Dihydrochloride,1259961,29774509.140000008,313288.0,2379869.099999999,69713852,2022
Ipratropium Bromide,Ipratropium Bromide,1242277,100540204.08,516957.0,1790844.1,48469271,2022
Sumatriptan Succinate,Sumatriptan Succinate,1235927,45607034.93999999,314482.0,1429693.5000000002,37131594,2022
Ketorolac Tromethamine,Ketorolac Tromethamine,1214996,31975258.779999994,748860.0,1401287.0,33628124,2022
Amlodipine Besylate/Benazepril,Amlodipine Besylate-Benazepril,1207752,28200822.95,325985.0,3009548.2,89938893,2022
Ramipril,Ramipril,1194072,16281780.15,326957.0,3015928.600000001,90024321,2022
Lactulose,Lactulose,1167613,61847019.339999996,336742.0,1290428.2,26054612,2022
Acyclovir,Acyclovir,1153275,29642221.160000008,361321.0,1814855.9,48160135,2022
Clindamycin Hcl,Clindamycin Hcl,1128720,11000420.46,837186.0,1133773.5,8313837,2022
Umeclidinium Brm/Vilanterol Tr,Anoro Ellipta,1127335,661391008.12,271566.0,1438171.1,42738107,2022
Clozapine,Clozapine,1126165,116832516.21,119390.0,1130484.5,27078125,2022
Valsartan/Hydrochlorothiazide,Valsartan-Hydrochlorothiazide,1115540,56685191.50000001,309774.0,2823096.3000000003,84447772,2022
Clotrimazole/Betamethasone Dip,Clotrimazole-Betamethasone,1074430,32613115.980000008,530947.0,1131867.1999999993,25650154,2022
Hydroxyzine Pamoate,Hydroxyzine Pamoate,1062375,13422390.31,287586.0,1244256.4000000004,33191337,2022
Ofloxacin,Ofloxacin,1038153,20811740.69999999,752119.0,1092275.5999999999,22410053,2022
Dexamethasone,Dexamethasone,1024708,17149876.240000002,646851.0,1097669.4000000001,14926235,2022
Terazosin Hcl,Terazosin Hcl,984698,26665428.11,286644.0,2391094.8000000007,70925953,2022
Doxycycline Monohydrate,Doxycycline Monohydrate,984663,24814895.44,735550.0,1083810.8,16286863,2022
Primidone,Primidone,975605,31764796.40000001,244952.0,1683334.7999999998,48883755,2022
Oxcarbazepine,Oxcarbazepine,962358,83666465.52000003,202151.0,1278051.3000000003,36319363,2022
Promethazine Hcl,Promethazine Hcl,945294,11777577.940000001,331787.0,986408.1000000002,14869061,2022
Ammonium Lactate,Ammonium Lactate,926696,23970597.27,391626.0,1034303.2,29940715,2022
Carbamazepine,Carbamazepine,917677,97249747.08000001,211241.0,1213565.4000000006,34002558,2022
Evolocumab,Repatha Sureclick,903437,703060560.2899998,193166.0,1293322.4000000001,37517778,2022
Alcohol Antiseptic Pads,Easy Touch Alcohol Prep Pads,888697,16299508.379999999,288490.0,1498245.7000000002,44110121,2022
Nebivolol Hcl,Nebivolol Hcl,886188,102812480.50999998,242292.0,1797901.7,53403853,2022
Lithium Carbonate,Lithium Carbonate,885524,10823606.889999999,173901.0,1084479.5999999999,30469483,2022
Calcitriol,Calcitriol,884662,23368607.079999994,260558.0,1830816.0999999999,53796194,2022
Ergocalciferol (Vitamin D2),Vitamin D2,882663,5480895.32,284176.0,1807762.7000000002,53355485,2022
Flecainide Acetate,Flecainide Acetate,874240,61988350.10999999,265922.0,1970252.1000000006,58570876,2022
Dorzolamide Hcl,Dorzolamide Hcl,862109,26431633.63,265588.0,1698884.5999999999,50671351,2022
"Peg3350/Sod Sulf,bicarb,cl/Kcl",Gavilyte-G,853081,13170196.189999998,827904.0,857021.0,1376266,2022
Metronidazole,Metronidazole,852359,39961863.550000004,567916.0,901135.8,16255129,2022
Sotalol Hcl,Sotalol,850878,21452646.360000007,251154.0,1913503.1,56826791,2022
Erythromycin Base,Erythromycin,848779,16296666.75,524092.0,878810.0999999999,12623881,2022
Brimonidine Tartrate/Timolol,Brimonidine Tartrate-Timolol,845452,296168150.65999997,250506.0,1335391.6999999995,37891718,2022
Fentanyl,Fentanyl,841059,95179824.28999999,176675.0,843198.7,23139161,2022
Verapamil Hcl,Verapamil Er,833285,35697973.37,240021.0,1773884.8000000003,52336314,2022
Ranolazine,Ranolazine Er,830407,126455172.58000003,226788.0,1529912.2000000002,45157942,2022
Prazosin Hcl,Prazosin Hcl,830113,28558128.739999995,171351.0,1077714.6,30727497,2022
Sitagliptin Phos/Metformin Hcl,Janumet,827678,709073470.8100001,206525.0,1425291.9000000001,42025258,2022
Ipratropium/Albuterol Sulfate,Combivent Respimat,804924,266921534.74999997,251101.0,906204.1999999998,19204934,2022
Lidocaine,Lidocaine,804918,140585856.55,244188.0,918012.8000000002,25388533,2022
Nortriptyline Hcl,Nortriptyline Hcl,799396,13364204.070000002,225143.0,1342187.0000000005,39608719,2022
Doxepin Hcl,Doxepin Hcl,795987,48404729.69,200927.0,1066624.0,31047112,2022
Haloperidol,Haloperidol,768289,28295199.549999993,138207.0,829058.3999999999,22043426,2022
Umeclidinium Bromide,Incruse Ellipta,748282,336739086.34000003,183418.0,930537.2999999999,27203609,2022
Lurasidone Hcl,Latuda,736472,1203458601.4899998,130752.0,777832.3,21492098,2022
Midodrine Hcl,Midodrine Hcl,731242,63233230.13000001,197914.0,970592.4999999999,25857542,2022
Solifenacin Succinate,Solifenacin Succinate,716751,56854889.580000006,216063.0,1289865.7000000002,38028891,2022
Telmisartan,Telmisartan,714973,33245702.209999993,198527.0,1728119.4,51636797,2022
Neomycin/Polymyxin B/Dexametha,Neomycin-Polymyxin-Dexameth,704771,10253435.189999996,527708.0,723191.4000000001,11246441,2022
Dexlansoprazole,Dexilant,704034,309168267.98999995,186405.0,1016975.2000000002,29934682,2022
Lansoprazole,Lansoprazole,699126,42983611.36999999,194243.0,1334932.6999999997,39247862,2022
Lipase/Protease/Amylase,Zenpep,672738,1106273013.0600002,163446.0,805004.3999999999,22380381,2022
Letrozole,Letrozole,668920,19698436.5,198718.0,1487099.1999999995,44332222,2022
Alfuzosin Hcl,Alfuzosin Hcl Er,666194,19499093.019999996,212080.0,1521050.6999999997,45385989,2022
Moxifloxacin Hcl,Moxifloxacin,649006,23603939.39,423019.0,656889.1000000001,10434468,2022
Cefuroxime Axetil,Cefuroxime,647242,16098137.529999996,532848.0,654058.2000000002,5682167,2022
Sevelamer Carbonate,Sevelamer Carbonate,645514,277683839.9,186075.0,975275.9999999999,27522492,2022
Labetalol Hcl,Labetalol Hcl,644774,30229198.629999995,174849.0,1244720.5000000002,36326773,2022
Metoclopramide Hcl,Metoclopramide Hcl,643245,6665742.68,214576.0,780288.3,19712114,2022
Bictegrav/Emtricit/Tenofov Ala,Biktarvy,641231,2524806158.5299997,95692.0,670205.5,20010572,2022
Ticagrelor,Brilinta,640021,411875320.84000003,173707.0,979588.2,28224411,2022
Bisoprolol Fumarate,Bisoprolol Fumarate,631361,26411385.709999997,190492.0,1490996.0999999999,44341215,2022
Hydromorphone Hcl,Hydromorphone Hcl,619743,21025616.23,176428.0,620628.5999999999,13638363,2022
Colchicine,Colchicine,617391,74195764.21,204396.0,876847.7000000002,22845094,2022
Testosterone Cypionate,Testosterone Cypionate,583850,27766897.41,161420.0,938066.0,26915499,2022
Mometasone Furoate,Mometasone Furoate,583145,34678315.1,308126.0,681170.6999999997,17824126,2022
Ziprasidone Hcl,Ziprasidone Hcl,580690,58661051.160000004,105370.0,696866.5999999999,19756709,2022
Lacosamide,Lacosamide,580098,398134234.44000006,134529.0,677838.6,18240797,2022
"Sodium, Potassium,mag Sulfates",Suprep,578581,63270717.919999994,567857.0,588035.6,1229292,2022
Liraglutide,Victoza 3-Pak,569902,832373893.2700002,160098.0,854405.6999999998,25119887,2022
"Diphth,pertuss(Acell),tet Vac",Boostrix Tdap,569119,36097707.16999999,567148.0,570225.4,822837,2022
Dutasteride,Dutasteride,563771,30665279.83,161711.0,1234962.9,36746350,2022
Paliperidone Palmitate,Invega Sustenna,560834,1722298162.3500006,97236.0,621705.6,17420519,2022
Methimazole,Methimazole,559982,7284042.529999999,159964.0,1140666.9000000004,33516165,2022
Methadone Hcl,Methadone Hcl,544675,11827483.370000005,109462.0,546587.4000000001,15064658,2022
Dabigatran Etexilate Mesylate,Dabigatran Etexilate,542885,298527767.90000004,176297.0,1139221.5999999999,33610816,2022
Adalimumab,Humira(Cf) Pen,532330,4329903625.97,107906.0,562199.1,15780277,2022
Gemfibrozil,Gemfibrozil,530246,11434304.349999998,141362.0,1067465.6,31532117,2022
Phenytoin Sodium Extended,Phenytoin Sodium Extended,528358,30227803.699999996,126680.0,739606.7,20657756,2022
Olmesartan/Hydrochlorothiazide,Olmesartan-Hydrochlorothiazide,526824,33763713.660000004,146576.0,1233700.7999999998,36920489,2022
Sildenafil Citrate,Sildenafil Citrate,524064,34589556.129999995,138810.0,652482.6999999998,17487609,2022
Cilostazol,Cilostazol,521044,13371776.059999999,146955.0,926273.6000000001,27264787,2022
Desvenlafaxine Succinate,Desvenlafaxine Succinate Er,518707,52166013.5,118615.0,761185.1,22282310,2022
Methylphenidate Hcl,Methylphenidate Er,514328,34510138.599999994,136384.0,542026.2,15823140,2022
Folic Acid,Folic Acid,513093,2477919.7500000005,151041.0,1052235.4,31177925,2022
Omega-3 Acid Ethyl Esters,Omega-3 Acid Ethyl Esters,508337,47196597.45,142801.0,897351.4000000001,26538114,2022
Butalb/Acetaminophen/Caffeine,Butalbital-Acetaminophen-Caffe,506391,21955459.840000004,126255.0,523731.49999999994,10171883,2022
Fluocinonide,Fluocinonide,489907,52007098.84999999,249479.0,522485.70000000007,14207241,2022
Methenamine Hippurate,Methenamine Hippurate,474318,43867553.699999996,125561.0,696811.2999999999,19748886,2022
Raloxifene Hcl,Raloxifene Hcl,470486,42177348.019999996,124789.0,976133.0000000001,28990552,2022
Travoprost,Travoprost,459448,108776823.29,124614.0,796080.7999999998,22892964,2022
Ibandronate Sodium,Ibandronate Sodium,458254,23399039.779999994,136087.0,1048104.2000000001,31344532,2022
Vortioxetine Hydrobromide,Trintellix,446698,244723376.26,95439.0,545919.3,15468972,2022
Nabumetone,Nabumetone,446284,10013409.35,176436.0,567887.2000000001,15225743,2022
Leflunomide,Leflunomide,444990,44813793.77000001,133539.0,877212.0000000001,26109206,2022
Budesonide/Glycopyr/Formoterol,Breztri Aerosphere,442548,346553827.36999995,125142.0,550815.7999999999,16492519,2022
Prochlorperazine Maleate,Prochlorperazine Maleate,440779,7973773.9799999995,263536.0,446121.7000000002,5586200,2022
Ciclopirox,Ciclopirox,438766,16052401.939999996,203819.0,476516.00000000006,13530660,2022
Betamethasone Dipropionate,Betamethasone Dipropionate,436640,27160287.920000006,228289.0,461125.2999999999,11371759,2022
Metolazone,Metolazone,436480,17084347.4,134962.0,646565.8000000002,17272873,2022
Buprenorphine Hcl,Buprenorphine Hcl,431278,141261217.13000003,93245.0,434534.0000000001,11526735,2022
Insulin Nph Hum/Reg Insulin Hm,Novolin 70-30,428993,191171194.99000007,113279.0,619791.9,17104963,2022
Fluorouracil,Fluorouracil,428790,44297832.04000002,376729.0,444580.5999999999,11525834,2022
Insulin Nph Human Isophane,Humulin N,425044,110637474.78000003,135447.0,869849.1000000001,25291251,2022
Tiotropium Br/Olodaterol Hcl,Stiolto Respimat,422712,260916664.52999997,109564.0,570399.3,17092543,2022
Tolterodine Tartrate,Tolterodine Tartrate Er,422559,61265436.30000001,122259.0,655397.3999999999,18858717,2022
Clotrimazole,Clotrimazole,422115,13190448.859999996,178114.0,446127.4000000001,10950592,2022
Cariprazine Hcl,Vraylar,410852,562652094.07,81321.0,428480.6000000001,12124814,2022
Liothyronine Sodium,Liothyronine Sodium,407408,23454523.36,115810.0,894586.2999999999,26579785,2022
Mesalamine,Mesalamine,405951,269009932.55999994,108317.0,669493.4,19567305,2022
Sodium Chloride/Nahco3/Kcl/Peg,Peg 3350-Electrolyte,405336,8490863.38,393908.0,407751.8000000001,653037,2022
Sulfasalazine,Sulfasalazine,403205,13322704.58,115105.0,701168.0999999997,20573386,2022
Eszopiclone,Eszopiclone,395747,16829038.72,110332.0,465296.49999999994,13698145,2022
Hydroxyurea,Hydroxyurea,381288,14228527.0,95136.0,706641.2000000001,20844555,2022
Amantadine Hcl,Amantadine,376228,91910267.53000002,95861.0,540693.2000000001,15250670,2022
Alirocumab,Praluent Pen,374721,276899823.65999997,81127.0,550382.7,15983660,2022
Diphenoxylate Hcl/Atropine,Diphenoxylate-Atropine,371457,13130141.160000002,136252.0,393943.09999999986,7435980,2022
Naloxone Hcl,Naloxone Hcl,370877,33070592.330000002,331432.0,379785.59999999986,4131224,2022
Tacrolimus,Envarsus Xr,365947,86723711.47000001,122638.0,533478.2999999999,15510142,2022
Nitrofurantoin Macrocrystal,Nitrofurantoin,365662,15571581.130000003,146707.0,501140.8,12370446,2022
Bisoprolol/Hydrochlorothiazide,Bisoprolol-Hydrochlorothiazide,358861,12886816.149999999,99375.0,867708.9,25894171,2022
Quinapril Hcl,Quinapril Hcl,349337,5761853.63,102994.0,860216.7999999999,25577784,2022
Terbinafine Hcl,Terbinafine Hcl,347930,4848369.45,171189.0,506127.4,14282960,2022
Irbesartan/Hydrochlorothiazide,Irbesartan-Hydrochlorothiazide,347492,10552590.059999999,94475.0,817875.7999999999,24481410,2022
Loperamide Hcl,Loperamide,346192,10239239.96,138297.0,371809.5,6621869,2022
Rizatriptan Benzoate,Rizatriptan,343137,11401634.670000002,98841.0,376163.80000000005,9322730,2022
"Insulin Regular, Human",Humulin R,340421,263363507.75999996,92791.0,489418.3000000001,12989223,2022
Oxycodone Myristate,Xtampza Er,339913,221651298.25,76620.0,340084.79999999993,9496782,2022
"Estrogens, Conjugated",Premarin,332921,126390319.75000003,121308.0,626507.8999999999,18545256,2022
Lenalidomide,Revlimid,324977,5790687156.160002,62234.0,325108.7000000001,8783993,2022
Ciclopirox Olamine,Ciclopirox,322895,11329356.479999999,160771.0,356888.0000000001,9623027,2022
Penicillin V Potassium,Penicillin V Potassium,320775,2361208.29,245503.0,328102.4,3065500,2022
Mycophenolate Mofetil,Mycophenolate Mofetil,318700,47622578.64999998,83417.0,540485.4,15987839,2022
Etanercept,Enbrel Sureclick,318284,2269646646.92,57223.0,342260.1,9640294,2022
Clindamycin Phosphate,Clindamycin Phosphate,317824,17783663.72,153584.0,342565.0,9516429,2022
Calcium Acetate,Calcium Acetate,308645,32113851.97,92366.0,468091.0,13290813,2022
"Fenofibrate,micronized",Fenofibrate,303670,13230619.929999998,82894.0,592342.4999999998,17448655,2022
Tamoxifen Citrate,Tamoxifen Citrate,302270,10544677.489999998,88717.0,679404.1999999997,20247047,2022
Phenobarbital,Phenobarbital,301175,11812521.950000001,68459.0,358278.0,10066955,2022
Zonisamide,Zonisamide,298031,23040698.150000006,70501.0,463970.89999999997,13443724,2022
Netarsudil Mesylate,Rhopressa,293061,138079653.95999998,82854.0,447879.30000000005,12564199,2022
Tobramycin/Dexamethasone,Tobramycin-Dexamethasone,292896,27335110.850000005,211443.0,305601.1,5567141,2022
Buprenorphine,Buprenorphine,292454,115333240.98999998,84126.0,294005.0000000002,8174527,2022
Potassium Citrate,Potassium Citrate Er,286884,40676551.38,82975.0,551084.6000000001,16297247,2022
Rivastigmine,Rivastigmine,284817,83182156.61,72834.0,374557.8,10888949,2022
Paliperidone,Paliperidone Er,281486,121636493.76999998,58113.0,303673.5000000001,8187682,2022
Fluvoxamine Maleate,Fluvoxamine Maleate,280426,15712300.430000002,62185.0,320425.69999999995,8588508,2022
"Syringe-Needle,insulin,0.5 Ml",Insulin Syringe,276125,8785563.219999999,87926.0,499508.5000000002,14811301,2022
Colestipol Hcl,Colestipol Hcl,274703,25962225.459999993,88695.0,429730.3,12342359,2022
Budesonide,Budesonide Ec,273830,77569473.5,82572.0,345919.3000000001,9100657,2022
Isosorbide Dinitrate,Isosorbide Dinitrate,271743,19531209.759999998,73792.0,413093.3,11555666,2022
Bromfenac Sodium,Prolensa,271610,88165773.90000004,162601.0,347520.8,9608070,2022
Testosterone,Testosterone,269797,72092310.94000001,73425.0,354577.89999999985,10406961,2022
Haloperidol Decanoate,Haloperidol Decanoate,265118,15705158.209999999,47381.0,270078.30000000005,7104174,2022
"Progesterone, Micronized",Progesterone,264777,16730034.540000003,77417.0,573278.0,17075042,2022
Carisoprodol,Carisoprodol,263743,4681433.039999998,64814.0,276289.60000000003,7801930,2022
Azathioprine,Azathioprine,263656,19990716.259999998,70771.0,502729.5999999999,14928435,2022
Erenumab-Aooe,Aimovig Autoinjector,263016,236243766.43999997,53517.0,320484.99999999994,9505923,2022
Ursodiol,Ursodiol,259638,65527728.61000001,70416.0,441527.5999999999,12960375,2022
"Syringe And Needle,insulin,1ml",Insulin Syringe,256215,8358232.130000002,83128.0,446572.60000000003,13157892,2022
Dolutegravir Sodium,Tivicay,254612,587440402.8399999,39564.0,264799.30000000005,7762805,2022
Trospium Chloride,Trospium Chloride,253394,24758710.0,85585.0,447774.10000000003,13149823,2022
Fluorometholone,Fluorometholone,253364,20937671.189999998,121482.0,359978.50000000006,9501722,2022
Brexpiprazole,Rexulti,253088,366557781.24000007,52688.0,271225.39999999997,7742340,2022
Olopatadine Hcl,Olopatadine Hcl,252897,11313577.249999998,84600.0,296037.19999999995,7911355,2022
Betamethasone/Propylene Glyc,Betamethasone Diprop Augmented,247420,14294558.539999997,132547.0,263000.00000000006,6591422,2022
Lifitegrast,Xiidra,245236,243700950.85000008,85635.0,376631.30000000005,11299801,2022
Clonidine,Clonidine,244712,36978398.36,66043.0,342684.7999999999,9759251,2022
Candesartan Cilexetil,Candesartan Cilexetil,243908,28636819.71,67098.0,525558.2,15661315,2022
Rifaximin,Xifaxan,240819,639953315.0000002,62081.0,249180.49999999997,6014471,2022
Megestrol Acetate,Megestrol Acetate,237016,16461321.439999998,78048.0,278997.89999999997,7406363,2022
Silver Sulfadiazine,Ssd,234906,5056505.840000001,116669.0,248278.1,5292669,2022
Enoxaparin Sodium,Enoxaparin Sodium,230347,34651177.91,101616.0,233311.09999999998,2921232,2022
Vibegron,Gemtesa,230093,135099123.79000005,59195.0,310487.0,8547982,2022
Emtricitabine/Tenofov Alafenam,Descovy,230020,505851224.38000005,38041.0,239666.80000000002,7146823,2022
Cefadroxil,Cefadroxil,229962,3142943.030000001,183310.0,242518.49999999994,2704788,2022
Pentoxifylline,Pentoxifylline,227768,7312109.6499999985,59811.0,344986.20000000007,10068794,2022
Denosumab,Prolia,227079,357023777.6599999,133066.0,1280870.2999999998,38383149,2022
Dupilumab,Dupixent Pen,223545,815870279.34,52504.0,231315.30000000005,6399545,2022
Repaglinide,Repaglinide,222756,12388788.69,60671.0,435807.0999999999,12872357,2022
Fludrocortisone Acetate,Fludrocortisone Acetate,221276,5566400.06,62189.0,331251.1,9358879,2022
Dronedarone Hcl,Multaq,221067,259892984.75999996,58291.0,368334.8,10733269,2022
Roflumilast,Daliresp,218799,117363947.84999995,53504.0,289152.5,8147237,2022
Cholestyramine (With Sugar),Cholestyramine,218361,22554414.990000002,78157.0,302815.80000000005,8557481,2022
Canagliflozin,Invokana,215224,198551824.54999995,59256.0,350939.7,10246255,2022
Lisdexamfetamine Dimesylate,Vyvanse,214399,84210619.06,52858.0,223378.99999999997,6558395,2022
Rivastigmine Tartrate,Rivastigmine,210777,17132400.230000004,52113.0,282552.1999999999,7759944,2022
Minocycline Hcl,Minocycline Hcl,209887,7215297.719999998,98237.0,253588.90000000002,6279582,2022
Empagliflozin/Metformin Hcl,Synjardy,208885,192613076.04000002,54892.0,343179.8,10193020,2022
Abiraterone Acetate,Abiraterone Acetate,207931,639773627.79,40514.0,214510.5,6403499,2022
Tramadol Hcl/Acetaminophen,Tramadol Hcl-Acetaminophen,206666,4161720.5200000014,92386.0,208433.2,3669029,2022
Dofetilide,Dofetilide,204882,59948482.00999999,58958.0,416679.50000000023,12390362,2022
Diclofenac Epolamine,Diclofenac Epolamine,203382,156133053.37999997,54663.0,243807.1,7226279,2022
Indapamide,Indapamide,203349,4217100.090000002,59732.0,464693.5,13845485,2022
Diclofenac Potassium,Diclofenac Potassium,200071,32288869.04,91288.0,215496.79999999993,5019050,2022
Brinzolamide/Brimonidine Tart,Simbrinza,199376,51291332.320000015,51611.0,298555.8,8684904,2022
Netarsudil Mesylat/Latanoprost,Rocklatan,198534,99247895.16,53149.0,293356.8000000001,8117195,2022
Insulin Aspart Prot/Insuln Asp,Insulin Aspart Prot Mix 70-30,197268,211494830.45,54208.0,285713.79999999993,7874296,2022
Tadalafil,Tadalafil,193083,108188131.04999998,46814.0,275444.99999999994,8154167,2022
Ciclesonide,Alvesco,191487,27230892.640000004,83463.0,350345.89999999997,10432449,2022
Gentamicin Sulfate,Gentamicin Sulfate,190994,8064547.499999997,112688.0,196715.80000000002,3662899,2022
Galcanezumab-Gnlm,Emgality Pen,190828,157411793.06,40979.0,215119.90000000002,6334287,2022
Ceftriaxone Sodium,Ceftriaxone,190685,12891019.279999997,82904.0,190725.09999999998,942026,2022
Loteprednol Etabonate,Lotemax Sm,190329,49480575.13000001,95553.0,235868.2,5992684,2022
Lubiprostone,Lubiprostone,189206,61556441.95999999,52874.0,224778.40000000002,5977879,2022
Medroxyprogesterone Acetate,Medroxyprogesterone Acetate,187912,4124570.9700000007,51856.0,353002.80000000005,9912245,2022
Modafinil,Modafinil,184902,34136005.72,49975.0,226106.00000000003,6636419,2022
Chlorpromazine Hcl,Chlorpromazine Hcl,181424,64158903.320000015,34956.0,190778.5000000001,4930903,2022
0.9 % Sodium Chloride,Sodium Chloride,179716,4294902.8100000005,60584.0,181422.70000000007,1300510,2022
Naltrexone Hcl,Naltrexone Hcl,178294,10562069.610000001,48128.0,207927.69999999995,5835575,2022
Molnupiravir,Lagevrio (Eua),176411,1727358.8199999998,174839.0,176423.80000000005,887331,2022
Ibrutinib,Imbruvica,175936,2561017587.189999,30731.0,177948.2,5060731,2022
Pitavastatin Calcium,Livalo,174905,101711653.78,46557.0,321824.80000000005,9585488,2022
Prasugrel Hcl,Prasugrel Hcl,174351,20740774.060000006,52103.0,348636.30000000005,10423308,2022
"Thyroid,pork",Armour Thyroid,173088,11204736.000000004,48868.0,315608.2,9347520,2022
Atenolol/Chlorthalidone,Atenolol-Chlorthalidone,172797,6990368.4399999995,50920.0,401482.00000000006,11991751,2022
Fluticasone Furoate,Arnuity Ellipta,171744,50020359.05999997,46207.0,219049.90000000002,6547620,2022
Valproic Acid (As Sodium Salt),Valproic Acid,171096,6517258.21,38240.0,175662.99999999997,4117580,2022
Suvorexant,Belsomra,169879,74491936.63,47138.0,182526.8,5214535,2022
Fluphenazine Hcl,Fluphenazine Hcl,169837,47851035.82,35502.0,180894.8,4885226,2022
Latanoprostene Bunod,Vyzulta,168746,69573938.42999999,47706.0,248883.69999999995,7029343,2022
Collagenase Clostridium Hist.,Santyl,166152,119159254.71,74164.0,173942.20000000007,3139386,2022
Etodolac,Etodolac,166081,9091794.1,68253.0,202844.40000000002,5313536,2022
Naloxegol Oxalate,Movantik,165853,68647178.80999999,46170.0,183933.59999999992,5031846,2022
Perphenazine,Perphenazine,165331,11501585.350000003,34997.0,184812.70000000007,5127446,2022
Lidocaine/Prilocaine,Lidocaine-Prilocaine,165207,4852425.5200000005,89545.0,172709.00000000003,4125463,2022
Enzalutamide,Xtandi,164282,2111997541.2800002,31639.0,166220.9,4965457,2022
"Diph,pertuss(Acell),tet Vac/Pf",Adacel Tdap,163151,9798122.96,162800.0,163216.0,294147,2022
Felodipine,Felodipine Er,162683,5471861.320000001,46685.0,362931.60000000003,10769119,2022
Abacavir/Dolutegravir/Lamivudi,Triumeq,162639,591762680.4499998,26604.0,170922.69999999998,5099017,2022
Bicalutamide,Bicalutamide,162421,5857113.23,54653.0,272786.7,7987299,2022
Polymyxin B Sulf/Trimethoprim,Polymyxin B Sul-Trimethoprim,161596,1463192.5000000005,128169.0,207270.29999999996,5291350,2022
Propafenone Hcl,Propafenone Hcl,161593,20420612.819999997,46763.0,314361.80000000005,9253091,2022
Exenatide Microspheres,Bydureon Bcise,160802,184348490.08999997,44856.0,224504.19999999998,6463250,2022
"Pen Needle,dual Safety,diabetc",Autoshield Duo Pen Needle,159657,13453513.14,41826.0,173694.19999999998,4212740,2022
Pilocarpine Hcl,Pilocarpine Hcl,159336,13461966.78,52563.0,288945.79999999993,8499279,2022
Cinacalcet Hcl,Cinacalcet Hcl,157763,81706856.4,39211.0,232038.9,6713748,2022
Oseltamivir Phosphate,Oseltamivir Phosphate,156594,8300745.3999999985,140999.0,156622.4,1095930,2022
Pyridostigmine Bromide,Pyridostigmine Bromide,155896,22478265.869999994,43103.0,261438.89999999997,7568272,2022
Vancomycin Hcl,Vancomycin Hcl,154422,27399614.96,43348.0,157881.69999999998,1425596,2022
Febuxostat,Febuxostat,154233,27877296.509999998,42684.0,258755.3000000001,7633999,2022
Trihexyphenidyl Hcl,Trihexyphenidyl Hcl,152327,2258849.599999999,35921.0,184910.80000000002,5095419,2022
Amlodipine Besylate/Valsartan,Amlodipine-Valsartan,151819,10290923.810000002,44516.0,344471.10000000003,10292419,2022
Lidocaine Hcl,Lidocaine Hcl Viscous,150346,3155802.6699999995,84425.0,151531.19999999998,1453554,2022
Galantamine Hbr,Galantamine Hbr,150043,14429224.519999998,38729.0,216259.4,6125273,2022
Elviteg/Cob/Emtri/Tenof Alafen,Genvoya,149253,582571577.4100001,25089.0,155932.9,4663157,2022
Insulin Lispro Protamin/Lispro,Humalog Mix 75-25 Kwikpen,148909,147763057.70000002,42270.0,216621.20000000004,6007850,2022
Memantine Hcl/Donepezil Hcl,Namzaric,147432,81212204.06,31719.0,174999.10000000006,4313340,2022
Rimegepant Sulfate,Nurtec Odt,146713,193374679.84999996,38324.0,151165.3,3676136,2022
Exemestane,Exemestane,146374,37358241.32000001,40915.0,288188.8999999999,8580114,2022
Brinzolamide,Brinzolamide,145968,54415765.199999996,42753.0,269766.8000000001,8037321,2022
Dextromethorphan Hbr/Quinidine,Nuedexta,144086,132836428.65,26626.0,148138.09999999998,2796159,2022
Sodium Zirconium Cyclosilicate,Lokelma,142359,105639132.44999999,43023.0,183247.80000000002,4930821,2022
Halobetasol Propionate,Halobetasol Propionate,141621,17787195.790000003,60323.0,149193.20000000004,4122650,2022
Silodosin,Silodosin,139629,17480038.009999994,42686.0,271457.6,8038424,2022
Vilazodone Hcl,Viibryd,138443,43080208.999999985,37963.0,164779.39999999997,4668185,2022
Acetazolamide,Acetazolamide Er,137050,10316804.57,51911.0,179425.9,4535491,2022
Glipizide/Metformin Hcl,Glipizide-Metformin,136659,8900699.149999999,38018.0,300497.3999999999,8957252,2022
Insulin Glargine-Yfgn,Insulin Glargine-Yfgn,136140,11502277.799999997,42034.0,142331.20000000004,2730167,2022
Atomoxetine Hcl,Atomoxetine Hcl,136084,20904314.260000005,35448.0,157827.5,4529522,2022
Bethanechol Chloride,Bethanechol Chloride,131104,8289749.52,36270.0,174237.69999999995,4776110,2022
Ubrogepant,Ubrelvy,129570,157030134.35000005,33159.0,135402.69999999998,3365197,2022
Valbenazine Tosylate,Ingrezza,128278,938427661.8600001,29977.0,128924.79999999999,3689865,2022
Insulin Glargine/Lixisenatide,Soliqua 100-33,128113,135244376.63,33430.0,205327.09999999998,5926726,2022
Minoxidil,Minoxidil,127483,2745221.9700000007,40404.0,241705.6000000001,7122632,2022
Glycopyrrolate,Glycopyrrolate,127114,4956782.730000002,34841.0,143510.49999999997,3727976,2022
Nintedanib Esylate,Ofev,126851,1551732788.47,23460.0,128515.29999999999,3844590,2022
Tofacitinib Citrate,Xeljanz Xr,125699,704764437.2499999,25611.0,136136.0,4070251,2022
Clobazam,Clobazam,125220,49729760.70999999,25200.0,144520.1,4157741,2022
Neomycin/Polymyxin B/Hydrocort,Neomycin-Polymyxin-Hydrocort,122892,8149268.3,95213.0,127057.8,1904680,2022
Risperidone Microspheres,Risperdal Consta,122502,158393060.49000004,23212.0,122720.90000000001,2391352,2022
Trimethoprim,Trimethoprim,116505,5307815.63,38623.0,192774.10000000003,5439402,2022
Risedronate Sodium,Risedronate Sodium,116041,15660507.37,35257.0,233592.80000000005,6925682,2022
Sucroferric Oxyhydroxide,Velphoro,115683,355574172.28000003,28328.0,140162.0,4127288,2022
Betamethasone Valerate,Betamethasone Valerate,115197,4529282.569999998,59080.0,122278.20000000001,2843803,2022
Eplerenone,Eplerenone,115106,15340483.089999992,34070.0,241788.9,7196128,2022
Cyproheptadine Hcl,Cyproheptadine Hcl,115035,3359122.9,34617.0,141528.49999999997,3871440,2022
Difluprednate,Difluprednate,114962,21034852.37,62652.0,132252.7,3252515,2022
Colesevelam Hcl,Colesevelam Hcl,114692,37052652.71,34950.0,175081.70000000004,5018406,2022
Palbociclib,Ibrance,114150,1646105814.92,22745.0,114606.50000000004,3162482,2022
Cefpodoxime Proxetil,Cefpodoxime Proxetil,113985,7143809.849999999,97267.0,115181.90000000001,888213,2022
Rasagiline Mesylate,Rasagiline Mesylate,113980,44191805.089999996,30352.0,217085.10000000003,6369105,2022
Sulindac,Sulindac,113867,2279404.8499999996,43594.0,143760.50000000003,3856039,2022
Desmopressin Acetate,Desmopressin Acetate,113729,11149840.1,32718.0,156598.0,4419339,2022
"Pen Needle, Diabetic, Safety",Novofine Autocover,113208,9457939.270000001,29229.0,121475.7,2914840,2022
Apremilast,Otezla,109645,497555720.14000016,27252.0,117447.1,3467704,2022
Spironolact/Hydrochlorothiazid,Spironolactone-Hctz,108453,4839793.119999999,32458.0,239530.6,7108515,2022
Theophylline Anhydrous,Theophylline Er,108209,12855886.820000002,31128.0,153707.79999999993,4430622,2022
Parenteral Amino Acid 20% No.1,Prosol,107464,18079934.559999995,9639.0,107464.0,743657,2022
Deutetrabenazine,Austedo,107260,692515196.8399999,22650.0,108148.00000000003,2922689,2022
Pimavanserin Tartrate,Nuplazid,106712,418963796.8199999,21468.0,112348.79999999999,2765863,2022
Glatiramer Acetate,Copaxone,103956,537645802.5899999,24025.0,110433.5,3058603,2022
Dapagliflozin/Metformin Hcl,Xigduo Xr,103811,90793134.12,26795.0,168734.89999999997,5015859,2022
Amlodipine Bes/Olmesartan Med,Amlodipine-Olmesartan,103476,8328361.739999998,30084.0,223608.8,6680286,2022
Acarbose,Acarbose,102309,5567253.029999999,27085.0,186098.39999999997,5491614,2022
Guanfacine Hcl,Guanfacine Hcl,102182,5040276.7,27837.0,122935.90000000001,3517248,2022
Imipramine Hcl,Imipramine Hcl,101653,2019519.43,30788.0,142207.49999999997,4132736,2022
Fesoterodine Fumarate,Fesoterodine Fumarate Er,101606,45480958.62999998,29630.0,136569.40000000002,3777488,2022
Imiquimod,Imiquimod,100431,4320001.1899999995,66751.0,118469.40000000004,3161864,2022
Dalfampridine,Dalfampridine Er,100095,85069976.31,19968.0,124500.49999999999,3681426,2022
Sod Picosulf/Mag Ox/Citric Ac,Clenpiq,99670,16466921.889999997,97882.0,100305.0,248001,2022
Atropine Sulfate,Atropine Sulfate,97736,4794604.55,56724.0,127403.29999999999,3047531,2022
Imatinib Mesylate,Imatinib Mesylate,97499,246165193.52999997,22920.0,101139.4,3009639,2022
Sod Sulf/Pot Chloride/Mag Sulf,Sutab,97436,15692612.370000001,95731.0,97502.80000000002,244401,2022
Secukinumab,Cosentyx Pen (2 Pens),95342,680640290.6700001,24377.0,99195.19999999998,2792632,2022
Telmisartan/Hydrochlorothiazid,Telmisartan-Hydrochlorothiazid,95112,13177545.8,28317.0,219648.89999999997,6572922,2022
Dolutegravir Sodium/Lamivudine,Dovato,94843,273938062.03000003,15422.0,97727.0,2922507,2022
Ruxolitinib Phosphate,Jakafi,94841,1448191767.07,20528.0,95955.70000000003,2863572,2022
Nateglinide,Nateglinide,94259,7510830.07,26203.0,177611.30000000002,5240127,2022
Darunavir/Cobicistat,Prezcobix,93845,228756160.68999997,16623.0,99100.3,2926869,2022
Scopolamine,Scopolamine,93274,8589533.31,29531.0,94812.1,1758086,2022
Tenofovir Alafenamide,Vemlidy,92984,133436005.69,16492.0,98053.4,2935606,2022
Varenicline Tartrate,Varenicline Tartrate,92055,39236122.33999999,31234.0,106615.8,2934897,2022
Mometasone/Formoterol,Dulera,91980,38231192.05999997,28071.0,119022.69999999997,3524397,2022
Benazepril/Hydrochlorothiazide,Benazepril-Hydrochlorothiazide,91258,4155379.9600000004,27464.0,208222.09999999992,6177248,2022
Ferric Citrate,Auryxia,89631,155369906.87000006,21231.0,111608.79999999999,3247710,2022
Emtricitab/Rilpiviri/Tenof Ala,Odefsey,89358,319724786.14,16033.0,94921.9,2835523,2022
Bepotastine Besilate,Bepotastine Besilate,88630,24388003.459999997,26836.0,114750.40000000002,3216584,2022
Epinephrine,Epinephrine,87742,24130884.699999996,67348.0,94829.9,1899607,2022
Fluoride (Sodium),Sodium Fluoride,87411,1408939.17,37098.0,117875.20000000003,3372384,2022
Dolutegravir/Rilpivirine,Juluca,87329,296954531.34,15017.0,91279.7,2722906,2022
Clorazepate Dipotassium,Clorazepate Dipotassium,86234,9427543.600000001,24801.0,90714.8,2564194,2022
Tapentadol Hcl,Nucynta,85943,89208064.85,21791.0,86106.6,2407204,2022
Entacapone,Entacapone,84706,18968966.92,22609.0,132278.69999999995,3713296,2022
Nadolol,Nadolol,84517,6043333.09,26648.0,155541.4,4572026,2022
Upadacitinib,Rinvoq,83327,514798672.9500001,15709.0,86658.2,2598536,2022
Zaleplon,Zaleplon,82231,2401195.5999999987,25412.0,90931.40000000002,2620072,2022
Ezetimibe/Simvastatin,Ezetimibe-Simvastatin,81442,12672266.62,26000.0,182326.99999999997,5426368,2022
Phenytoin,Phenytoin,81053,3211086.5,21487.0,86728.29999999999,2125039,2022
Brivaracetam,Briviact,80925,121892063.75999999,15284.0,87084.89999999998,2451668,2022
Rabeprazole Sodium,Rabeprazole Sodium,80398,7347742.719999999,26102.0,148046.49999999997,4397204,2022
Tretinoin,Tretinoin,80259,7913491.519999998,33820.0,87819.29999999999,2444523,2022
Darunavir/Cob/Emtri/Tenof Alaf,Symtuza,79753,366484732.60999995,13759.0,81919.79999999999,2450796,2022
Dorzolamide/Timolol/Pf,Dorzolamide-Timolol,79485,14776570.070000002,22426.0,122149.49999999999,3626820,2022
Cyanocobalamin (Vitamin B-12),Cyanocobalamin Injection,78960,746332.56,26474.0,142602.1,4156279,2022
Tobramycin,Tobramycin,78346,2108062.12,56726.0,80683.99999999999,1514889,2022
Linagliptin/Metformin Hcl,Jentadueto,78067,53771131.419999994,19698.0,108929.2,3214400,2022
Daptomycin,Daptomycin,77027,92761722.83,18176.0,77028.2,469511,2022
Estazolam,Estazolam,76796,4352123.8,13629.0,77413.1,2303046,2022
Dimethyl Fumarate,Dimethyl Fumarate,76161,362899990.63000005,17827.0,80491.29999999999,2386712,2022
Levalbuterol Tartrate,Levalbuterol Tartrate Hfa,75867,5356135.1,25924.0,87959.90000000001,2246509,2022
Niacin,Niacin Er,75827,8401240.43,23240.0,132229.1,3876095,2022
Clomipramine Hcl,Clomipramine Hcl,75584,19616355.630000003,19252.0,84048.09999999999,2346212,2022
Darunavir Ethanolate,Prezista,75581,157738689.39999998,14468.0,79164.40000000001,2310622,2022
Valganciclovir Hcl,Valganciclovir Hcl,75360,31825923.519999992,30057.0,93863.59999999999,2769920,2022
Entecavir,Entecavir,74964,24997390.54,19035.0,120394.50000000001,3590681,2022
Teriparatide,Forteo,74516,289368205.59,18227.0,78073.69999999998,2228880,2022
Leucovorin Calcium,Leucovorin Calcium,73960,3506733.8099999996,20740.0,149682.2,4347691,2022
Glyburide,Glyburide,73493,1488555.59,22341.0,136002.00000000003,3991414,2022
Ramelteon,Ramelteon,72339,9761439.489999996,20786.0,81391.3,2255635,2022
Abatacept,Orencia Clickject,72099,401416553.25,16377.0,76587.5,2150947,2022
Fosinopril Sodium,Fosinopril Sodium,71880,1445706.7700000007,22002.0,153122.7,4533941,2022
Ciprofloxacin Hcl/Dexameth,Ciprofloxacin-Dexamethasone,71870,11986397.82,47052.0,72900.50000000001,1016544,2022
Raltegravir Potassium,Isentress,70831,140281990.67999998,14607.0,74541.3,2205915,2022
Eslicarbazepine Acetate,Aptiom,70216,103156607.69000001,13454.0,75676.90000000002,1912612,2022
"Calcitonin,salmon,synthetic",Calcitonin-Salmon,70097,6646609.849999999,22399.0,91312.0,2712387,2022
Ertapenem Sodium,Ertapenem,69153,37244362.48999999,22123.0,69160.40000000001,383828,2022
Pomalidomide,Pomalyst,69130,1393786149.87,16238.0,69141.70000000001,1912372,2022
Patiromer Calcium Sorbitex,Veltassa,68122,71143680.57000001,17994.0,81365.10000000002,2300001,2022
Plecanatide,Trulance,68077,45615853.34000001,19726.0,87136.5,2587606,2022
Econazole Nitrate,Econazole Nitrate,67320,3948653.69,32674.0,72312.7,1910332,2022
Macitentan,Opsumit,65672,774048987.71,10212.0,66243.0,1974138,2022
Empagliflozin/Linagliptin,Glyxambi,65620,58029699.00999999,17180.0,99429.79999999999,2944368,2022
Epoetin Alfa,Epogen,64918,101108014.75000003,17070.0,68465.20000000001,1530327,2022
Balsalazide Disodium,Balsalazide Disodium,64525,13277619.019999998,17758.0,108967.80000000002,3195579,2022
Aripiprazole Lauroxil,Aristada,64039,184727411.86000004,14144.0,73686.5,2117588,2022
Fenofibric Acid (Choline),Fenofibric Acid,63616,5717291.250000001,19136.0,122558.70000000001,3638725,2022
Methotrexate Sodium/Pf,Methotrexate Sodium,63526,1075268.2899999998,18659.0,97561.3,2778673,2022
Calcipotriene,Calcipotriene,63338,14597989.770000003,31036.0,68114.79999999999,1896540,2022
Glycopyrrolate/Formoterol Fum,Bevespi Aerosphere,63105,32157902.400000006,18231.0,75495.3,2258137,2022
"Insulin Pump Cart,cont Inf,bt",Omnipod Dash Pods (Gen 4),61745,83131005.16999997,16164.0,113742.0,3352216,2022
Armodafinil,Armodafinil,61462,7116135.210000001,17276.0,71863.7,2108618,2022
Omeprazole/Sodium Bicarbonate,Omeprazole-Sodium Bicarbonate,61142,128569210.32999998,12828.0,76369.60000000002,2273517,2022
Venetoclax,Venclexta,60406,551221989.5799999,15480.0,60728.20000000001,1713645,2022
Rotigotine,Neupro,60217,62866922.84,14964.0,80129.40000000001,2354084,2022
Teriflunomide,Aubagio,59066,590738244.85,11090.0,65731.9,1963955,2022
Ambrisentan,Ambrisentan,59023,305035099.06000006,10462.0,60614.5,1813388,2022
Finerenone,Kerendia,59010,50207297.81000002,15942.0,82212.6,2442409,2022
Ritonavir,Ritonavir,58740,9392931.97,12124.0,68705.5,2033875,2022
"Syring-Needl,disp,insul,0.3 Ml",Insulin Syringe,58055,1891700.17,18316.0,84592.10000000002,2487283,2022
Nystatin/Triamcinolone Acet,Nystatin-Triamcinolone,57970,2804309.7600000002,26396.0,60047.9,1172223,2022
Besifloxacin Hcl,Besivance,57721,12306240.940000001,39377.0,61679.3,1522101,2022
Candesartan/Hydrochlorothiazid,Candesartan-Hydrochlorothiazid,57622,9890631.889999999,15212.0,116299.70000000003,3477916,2022
Beclomethasone Dipropionate,Qvar Redihaler,57329,17874776.770000007,18114.0,78205.59999999999,2333996,2022
Omalizumab,Xolair,56920,171981172.20000002,11579.0,57988.999999999985,1600863,2022
Ustekinumab,Stelara,55854,1421852758.73,12690.0,84472.79999999999,2480652,2022
Immune Globul G/Gly/Iga Avg 46,Gamunex-C,55828,535814757.77,9935.0,56620.5,1418413,2022
Fluocinolone Acetonide Oil,Fluocinolone Acetonide Oil,55525,4049986.1600000006,38415.0,70423.2,1730336,2022
Indomethacin,Indomethacin,55191,1113655.94,21315.0,63876.19999999998,1458439,2022
Relugolix,Orgovyx,55110,143891234.83,10315.0,55703.3,1664560,2022
Acalabrutinib,Calquence,54918,762633714.5999997,12337.0,55160.0,1648730,2022
Fremanezumab-Vfrm,Ajovy Autoinjector,54855,44167778.099999994,14234.0,65073.100000000006,1921431,2022
Olmesartan/Amlodipin/Hcthiazid,Olmesartan-Amlodipine-Hctz,54802,9773680.870000001,15364.0,110056.90000000004,3289401,2022
Clarithromycin,Clarithromycin,54520,2071001.8199999998,42568.0,55940.20000000001,767362,2022
Fluphenazine Decanoate,Fluphenazine Decanoate,54176,6207230.07,12119.0,59467.49999999999,1554925,2022
Desonide,Desonide,53631,4920916.459999998,33186.0,55899.59999999999,1326274,2022
Cromolyn Sodium,Cromolyn Sodium,53393,5639847.219999999,20879.0,70582.29999999997,1950918,2022
Azilsartan Medoxomil,Edarbi,52273,18333485.73,12255.0,79970.99999999999,2392876,2022
Tenofovir Disoproxil Fumarate,Tenofovir Disoproxil Fumarate,51688,12188110.959999999,12827.0,78688.1,2348943,2022
Cimetidine,Cimetidine,51358,2709623.63,15613.0,71307.7,2024240,2022
Osimertinib Mesylate,Tagrisso,50925,846998820.4999998,11286.0,51376.19999999999,1536105,2022
Glucagon,Baqsimi,50916,24626618.62,28099.0,53847.09999999999,705494,2022
Tafluprost/Pf,Zioptan,50580,18279308.510000005,13643.0,76246.90000000001,2249747,2022
Peg3350/Sod Sul/Nacl/Kcl/Asb/C,Peg3350-Sod Sul-Nacl-Kcl-Asb-C,50539,6547694.459999997,49723.0,50601.8,106335,2022
Apalutamide,Erleada,50450,709900815.3600001,10464.0,51381.9,1537250,2022
Asenapine Maleate,Asenapine Maleate,50357,21439844.49,13262.0,55877.599999999984,1584387,2022
Chlordiazepoxide Hcl,Chlordiazepoxide Hcl,50071,522446.43,13886.0,51210.09999999999,1460644,2022
Fluocinolone Acetonide,Fluocinolone Acetonide,50030,3947970.539999999,25746.0,53154.49999999998,1421099,2022
Valproic Acid,Valproic Acid,49811,2081231.58,14697.0,53638.499999999985,1347638,2022
Dexamethasone Sodium Phosphate,Dexamethasone Sodium Phosphate,49329,1910507.7000000002,27174.0,56932.89999999998,1190342,2022
Rifampin,Rifampin,48762,3313281.6400000006,13979.0,59725.799999999996,1671561,2022
Cefepime Hcl,Cefepime Hcl,48448,10207854.459999999,13444.0,48470.99999999999,283266,2022
Onabotulinumtoxina,Botox,48337,68914506.56,17797.0,134300.80000000002,4017532,2022
Alogliptin Benzoate,Alogliptin,48237,8348477.539999999,10320.0,54378.09999999999,1431139,2022
Desloratadine,Desloratadine,47673,2540924.4699999997,16035.0,74125.9,2166552,2022
Gatifloxacin,Gatifloxacin,47585,2946538.37,31233.0,48056.40000000001,740389,2022
Tocilizumab,Actemra,47364,174889475.06000003,11661.0,49784.299999999996,1374914,2022
Lumateperone Tosylate,Caplyta,46236,68960661.28,10898.0,47228.19999999999,1318836,2022
Cenobamate,Xcopri,46222,59418267.089999996,7954.0,49522.100000000006,1435421,2022
Oxymorphone Hcl,Oxymorphone Hcl Er,46065,24259288.230000004,11703.0,46134.899999999994,1292879,2022
Immun Glob G(Igg)/Gly/Iga Ov50,Gammagard Liquid,45925,448600730.81000006,8653.0,46320.3,1162670,2022
Benzonatate,Benzonatate,45735,617730.6500000001,34534.0,45917.100000000006,495840,2022
Aspirin/Dipyridamole,Aspirin-Dipyridamole Er,45575,10516929.250000002,14832.0,57672.600000000006,1622944,2022
Abaloparatide,Tymlos,45531,116068677.02000001,10202.0,48675.49999999999,1457905,2022
Loxapine Succinate,Loxapine,44883,2716402.0800000005,10816.0,48898.99999999999,1333004,2022
Sodium Polystyrene Sulfon/Sorb,Sps,44726,4926401.85,18965.0,46508.1,454355,2022
Hepatitis A And B Vaccine/Pf,Twinrix,44393,6193638.420000001,28751.0,44419.3,55699,2022
Dronabinol,Dronabinol,43777,9526223.479999999,13698.0,44518.50000000001,1137248,2022
Perampanel,Fycompa,43330,50932301.990000024,8865.0,46472.3,1301586,2022
Prucalopride Succinate,Motegrity,43243,28138682.180000003,11725.0,55416.29999999999,1633122,2022
Nepafenac,Ilevro,43010,15492389.19,25447.0,55574.400000000016,1543785,2022
Riociguat,Adempas,42742,537792719.5400001,6739.0,42913.0,1259551,2022
Emtricitabine/Tenofovir (Tdf),Emtricitabine-Tenofovir Disop,42724,18051116.830000002,12862.0,46478.799999999996,1382989,2022
Meropenem,Meropenem,42633,11166321.31,11523.0,42638.00000000001,218233,2022
Immun Glob G(Igg)/Pro/Iga 0-50,Hizentra,42240,402908157.5399999,8367.0,42544.8,1081166,2022
Triazolam,Triazolam,41704,2776692.2999999993,16420.0,43567.3,1062818,2022
Cevimeline Hcl,Cevimeline Hcl,41692,9091729.22,12476.0,67717.3,1967266,2022
Dextroamphetamine Sulfate,Dextroamphetamine Sulfate Er,41558,6734796.82,13870.0,43358.49999999999,1260941,2022
Cefazolin Sodium,Cefazolin Sodium,41195,2550504.5,10343.0,41196.100000000006,260855,2022
Naratriptan Hcl,Naratriptan Hcl,40927,1873081.5499999996,11840.0,44588.600000000006,1116306,2022
Permethrin,Permethrin,40900,2698156.859999999,23945.0,41282.1,414994,2022
Azilsartan Med/Chlorthalidone,Edarbyclor,40791,13519355.939999998,9670.0,60688.100000000006,1817855,2022
Ethambutol Hcl,Ethambutol Hcl,40207,2279210.22,9893.0,52412.69999999998,1516531,2022
Cabergoline,Cabergoline,40197,5087926.79,11150.0,71446.1,2068538,2022
Azelastine/Fluticasone,Azelastine-Fluticasone,39671,7158052.739999999,14204.0,51040.49999999999,1494602,2022
Tirzepatide,Mounjaro,39468,46700706.11,14080.0,44956.399999999994,1280022,2022
Pirfenidone,Esbriet,38696,341710096.06000006,9992.0,39331.600000000006,1173425,2022
Dapsone,Dapsone,38228,3198738.6299999994,11588.0,51420.89999999999,1488580,2022
Misoprostol,Misoprostol,37472,1970406.91,14910.0,45199.70000000002,1040202,2022
Amiloride Hcl,Amiloride Hcl,37014,621954.8200000001,11133.0,63148.700000000004,1812131,2022
Cholestyramine/Aspartame,Cholestyramine Light,36885,3764633.8200000008,13587.0,46118.1,1259722,2022
"Heparin Sodium,porcine",Heparin Sodium,36780,2003117.7699999998,8250.0,36891.9,396681,2022
Saxagliptin Hcl,Onglyza,36505,21713279.889999997,11667.0,48209.30000000002,1347654,2022
Mepolizumab,Nucala,36398,143006044.75,9026.0,37291.7,1050056,2022
Insulin Aspart (Niacinamide),Fiasp Flextouch,36275,37990058.45,11433.0,60245.4,1714535,2022
Terconazole,Terconazole,36244,1229097.2500000002,21159.0,36795.59999999999,292048,2022
Milnacipran Hcl,Savella,36074,19111649.759999998,11213.0,43398.6,1238308,2022
Hydrocodone Bitartrate,Hydrocodone Bitartrate Er,36015,20408663.659999993,9904.0,36073.2,1030697,2022
Ixekizumab,Taltz Autoinjector,35930,253746745.94000006,10178.0,36940.09999999999,1038066,2022
Iloperidone,Fanapt,35791,67969702.77000001,8104.0,36514.1,949375,2022
Haloperidol Lactate,Haloperidol Lactate,35718,933394.6400000001,14132.0,36322.70000000001,478831,2022
Mexiletine Hcl,Mexiletine Hcl,35714,5414104.449999998,10699.0,59756.4,1751408,2022
Carbidopa/Levodopa/Entacapone,Carbidopa-Levodopa-Entacapone,35675,10727776.35,9029.0,55595.1,1520357,2022
Epoetin Alfa-Epbx,Retacrit,35525,20935511.500000007,9419.0,37325.100000000006,786340,2022
Enalapril/Hydrochlorothiazide,Enalapril-Hydrochlorothiazide,34853,799075.5599999997,10697.0,70531.5,2100702,2022
Selegiline Hcl,Selegiline Hcl,34719,4415910.359999999,9931.0,63703.4,1862421,2022
Neomycin Sulfate,Neomycin Sulfate,34628,268839.74000000005,32030.0,34731.6,82555,2022
Esketamine Hcl,Spravato,34438,46155856.24000002,3663.0,34446.700000000004,227404,2022
Famciclovir,Famciclovir,33782,2201164.4899999998,13101.0,40593.70000000001,862821,2022
Chlorzoxazone,Chlorzoxazone,33585,12140130.599999998,10553.0,36839.899999999994,1015201,2022
Mycophenolate Sodium,Mycophenolic Acid,33446,13951554.85,8962.0,51498.29999999999,1530367,2022
Midazolam Hcl/Pf,Midazolam Hcl,32843,102105.37000000001,29349.0,32848.1,34507,2022
Cannabidiol (Cbd),Epidiolex,32721,149088496.05,5919.0,34175.6,979818,2022
"Estrogen,con/M-Progest Acet",Prempro,32582,10210017.099999998,11241.0,43331.1,1245754,2022
Alclometasone Dipropionate,Alclometasone Dipropionate,32312,1675208.4400000006,22003.0,33583.799999999996,816281,2022
Empaglifloz/Linaglip/Metformin,Trijardy Xr,31469,25248069.850000005,8128.0,44824.09999999999,1334368,2022
Atovaquone,Atovaquone,30918,27211730.97,8454.0,33001.40000000001,893084,2022
Naproxen Sodium,Naproxen Sodium,30607,5635586.83,15349.0,32798.200000000004,724050,2022
Interferon Beta-1a,Avonex Pen,30507,249367442.63000008,8767.0,32046.4,902614,2022
Dexmethylphenidate Hcl,Dexmethylphenidate Hcl Er,30415,3499156.659999999,10166.0,31246.3,912763,2022
Lanthanum Carbonate,Lanthanum Carbonate,30359,33890966.93,8153.0,35895.3,1046213,2022
Piperacillin Sodium/Tazobactam,Piperacillin-Tazobactam,30295,6049074.789999998,8986.0,30295.3,151904,2022
Methylnaltrexone Bromide,Relistor,30095,68545376.02000003,9631.0,31733.899999999998,898224,2022
Riluzole,Riluzole,30033,9266731.060000002,7625.0,44028.8,1276879,2022
Levobunolol Hcl,Levobunolol Hcl,29662,885371.26,8973.0,61079.299999999996,1787108,2022
Acebutolol Hcl,Acebutolol Hcl,29414,1561601.8800000001,8692.0,58315.9,1721531,2022
Tafamidis,Vyndamax,29402,689086457.83,5644.0,33223.9,996459,2022
"Pnv,calcium 72/Iron/Folic Acid",Preplus,29237,297770.41,8044.0,32628.800000000007,849032,2022
Fat Emulsion/Olive/Soy/Phospho,Clinolipid,29176,8236746.0600000005,3465.0,29176.0,202036,2022
Diphenhydramine Hcl,Diphenhydramine Hcl,28732,1153903.980000001,7495.0,29219.699999999997,431781,2022
Ivermectin,Ivermectin,28718,3387509.9800000004,17884.0,30915.200000000004,446616,2022
Alpha-1-Proteinase Inhibitor,Prolastin C,27904,306502597.36999995,8031.0,27911.399999999998,759160,2022
Prednisolone,Prednisolone,27597,872503.4299999998,19953.0,27696.100000000002,240212,2022
Zafirlukast,Zafirlukast,27453,3069249.0099999993,8773.0,37700.4,1102798,2022
Lamivudine,Lamivudine,27313,4177437.31,7561.0,33174.60000000001,960212,2022
Doravirine,Pifeltro,27257,47449374.57000001,5338.0,28216.5,838729,2022
Levomilnacipran Hcl,Fetzima,27052,14166056.19,7785.0,30587.100000000002,869705,2022
Ampicillin Trihydrate,Ampicillin Trihydrate,26649,393086.8100000001,17227.0,28129.200000000008,331477,2022
Norgestimate-Ethinyl Estradiol,Sprintec,26449,451680.20999999996,9875.0,27498.599999999988,760185,2022
Belimumab,Benlysta,26356,114194710.21000004,5832.0,26843.6,750394,2022
Methazolamide,Methazolamide,26255,8863596.379999999,7558.0,37360.99999999999,1048343,2022
Fingolimod Hcl,Gilenya,26171,267159339.84000006,5767.0,27636.9,812393,2022
Bempedoic Acid/Ezetimibe,Nexlizet,25887,16211723.809999999,7051.0,40748.8,1218762,2022
Dasatinib,Sprycel,25751,315684282.26000005,7331.0,26102.3,774129,2022
Aflibercept,Eylea,25462,65392603.949999996,6109.0,26856.699999999993,761405,2022
Certolizumab Pegol,Cimzia,25341,159725539.08,6839.0,26972.600000000002,760150,2022
Selexipag,Uptravi,25306,528318902.38,4156.0,25657.100000000002,738160,2022
Dantrolene Sodium,Dantrolene Sodium,24484,1976284.69,6799.0,26574.899999999994,680231,2022
Cabozantinib S-Malate,Cabometyx,24450,567624941.3000001,6266.0,24539.500000000004,727774,2022
Hydrocodone/Ibuprofen,Hydrocodone-Ibuprofen,24339,1826783.8900000004,8605.0,24386.999999999996,624584,2022
Pentosan Polysulfate Sodium,Elmiron,23989,23664175.689999998,7207.0,29036.600000000002,803289,2022
Atogepant,Qulipta,23950,27571846.79999999,6439.0,26616.599999999995,791346,2022
Ivabradine Hcl,Corlanor,23800,15725531.670000002,6862.0,31856.999999999996,901169,2022
Efinaconazole,Jublia,23672,26463841.089999996,7193.0,26213.400000000005,770816,2022
"Cyclosporine, Modified",Cyclosporine Modified,23601,4149652.19,6413.0,35885.500000000015,1057403,2022
Desipramine Hcl,Desipramine Hcl,23562,1619063.8199999998,7500.0,29729.099999999995,846883,2022
Tetanus-Diphtheria Toxoids/Pf,Tenivac,23474,1096091.7100000002,23445.0,23478.0,35401,2022
Naproxen/Esomeprazole Mag,Naproxen-Esomeprazole Mag,23362,43747312.50000001,6607.0,29469.899999999994,881954,2022
Amlodipine/Atorvastatin,Amlodipine-Atorvastatin,23271,4783320.459999999,7163.0,41936.2,1234003,2022
Insulin Degludec/Liraglutide,Xultophy 100-3.6,23102,32780462.919999998,6437.0,35094.4,1021249,2022
Elexacaftor/Tezacaftor/Ivacaft,Trikafta,23049,621915629.64,3215.0,23547.000000000004,660868,2022
Lemborexant,Dayvigo,22869,7350203.840000001,6147.0,24105.799999999996,703436,2022
Carvedilol Phosphate,Carvedilol Er,22787,7687289.29,7338.0,37375.7,1086512,2022
Captopril,Captopril,22601,1791985.0000000005,6676.0,32102.800000000003,907799,2022
Bempedoic Acid,Nexletol,22523,13229845.420000002,6168.0,33227.4,993484,2022
Oxiconazole Nitrate,Oxiconazole Nitrate,22349,17036643.350000005,7180.0,25560.5,753937,2022
Trifluoperazine Hcl,Trifluoperazine Hcl,22316,1194763.9,6036.0,24830.700000000008,713418,2022
Methotrexate/Pf,Otrexup,22226,15015189.690000001,5627.0,27128.100000000002,772075,2022
Eltrombopag Olamine,Promacta,22215,271117011.08,6429.0,22644.800000000003,672259,2022
Levocarnitine,Levocarnitine,22198,2306664.5000000014,5968.0,24893.800000000003,630336,2022
Efavirenz/Emtricit/Tenofovr Df,Efavirenz-Emtric-Tenofov Disop,22183,22595483.86,6092.0,23252.800000000003,693351,2022
Fosfomycin Tromethamine,Fosfomycin Tromethamine,22174,4830767.45,8932.0,24216.000000000004,382992,2022
Mercaptopurine,Mercaptopurine,21929,2631965.8399999994,6431.0,39196.8,1160356,2022
Salmeterol Xinafoate,Serevent Diskus,21856,11137826.400000008,7701.0,25374.699999999997,760859,2022
Sodium Chloride Irrig Solution,Sodium Chloride,21753,456847.9199999999,7032.0,22905.100000000002,404322,2022
Piroxicam,Piroxicam,21741,3191391.850000001,7521.0,26207.000000000004,764646,2022
Abemaciclib,Verzenio,21593,300821722.81000006,5634.0,21639.899999999998,599460,2022
Acetic Acid,Acetic Acid,21389,396832.1800000001,9623.0,22612.2,344642,2022
Parenteral Amino Acid 15% No.5,Clinisol,21197,3233649.7199999997,2620.0,21197.0,144647,2022
Etravirine,Etravirine,21185,27189642.34,5611.0,22362.3,666956,2022
Sirolimus,Sirolimus,21169,12516709.489999996,5310.0,33950.00000000001,1003253,2022
Calcifediol,Rayaldee,20975,29063505.800000004,4182.0,22825.6,675173,2022
Olaparib,Lynparza,20411,267891047.01,5523.0,20590.1,613779,2022
Acitretin,Acitretin,20314,9338157.57,5861.0,24869.899999999994,725359,2022
Rufinamide,Rufinamide,20183,43959318.34000001,5269.0,21317.399999999994,582550,2022
Butalbit/Acetamin/Caff/Codeine,Butalb-Acetaminoph-Caff-Codein,20169,2904189.22,6583.0,20232.9,423400,2022
Oxazepam,Oxazepam,19904,1256061.68,7006.0,20472.300000000003,571679,2022
Hepatitis A Virus Vaccine/Pf,Havrix,19845,1867852.3,18347.0,19857.3,31423,2022
Somatropin,Serostim,19670,119118155.81,5123.0,20910.9,565252,2022
Darolutamide,Nubeqa,19656,244138015.79000005,4205.0,19840.0,594156,2022
Eletriptan Hydrobromide,Eletriptan Hbr,19582,3936179.3800000004,6090.0,20789.6,477258,2022
Ixazomib Citrate,Ninlaro,19413,233293872.49,4925.0,19491.0,539992,2022
Paricalcitol,Paricalcitol,19370,3068405.73,5410.0,35575.600000000006,1036193,2022
Ofatumumab,Kesimpta Pen,19234,178899581.74,3967.0,20433.7,592086,2022
Flunisolide,Flunisolide,19194,1323586.0699999998,7396.0,24478.6,699664,2022
Droxidopa,Droxidopa,18847,59092129.54,4872.0,20693.3,597828,2022
Butorphanol Tartrate,Butorphanol Tartrate,18771,2022940.7400000002,5043.0,18886.4,387993,2022
Azelaic Acid,Azelaic Acid,18710,3420977.38,8119.0,20907.700000000004,604546,2022
Gabapentin Enacarbil,Horizant,18669,15993519.480000004,5015.0,22149.4,655825,2022
Metaxalone,Metaxalone,18626,2911559.850000001,6575.0,20018.4,536713,2022
Atovaquone/Proguanil Hcl,Atovaquone-Proguanil Hcl,18620,2038172.5500000003,17472.0,20715.899999999998,474179,2022
Interferon Beta-1a/Albumin,Rebif Rebidose,18491,179505953.26999998,5521.0,19095.099999999995,522307,2022
Felbamate,Felbamate,18438,12995593.629999999,4711.0,21792.2,612000,2022
Fluocinolone/Shower Cap,Fluocinolone Acetonide,18386,1565810.9899999998,8858.0,19806.500000000004,544959,2022
Golimumab,Simponi,18305,121776568.48000005,5047.0,20709.300000000003,604637,2022
Bromocriptine Mesylate,Bromocriptine Mesylate,18183,4879452.049999999,5432.0,21786.0,575689,2022
Thioridazine Hcl,Thioridazine Hcl,18143,958152.3899999999,5028.0,18682.500000000007,487462,2022
Abacavir Sulfate/Lamivudine,Abacavir-Lamivudine,18002,8087570.89,4566.0,22075.500000000004,651254,2022
Norethindrone Acetate,Norethindrone Acetate,17999,1039082.5099999999,5920.0,26024.099999999995,739573,2022
Dutasteride/Tamsulosin Hcl,Dutasteride-Tamsulosin,17681,3360613.8800000004,5458.0,32125.800000000003,952274,2022
Leuprolide Acetate,Lupron Depot,17597,70669891.95,5763.0,40933.39999999999,1217184,2022
Estradiol/Norethindrone Acet,Combipatch,17496,2289989.4500000007,5704.0,28102.7,819961,2022
Tavaborole,Tavaborole,17323,12582128.06,5483.0,20892.699999999997,621099,2022
Everolimus,Afinitor,17319,140525988.01,5099.0,18325.300000000007,527611,2022
Desoximetasone,Desoximetasone,17295,3105012.15,7565.0,19424.6,526757,2022
Fentanyl Citrate/Pf,Fentanyl Citrate,16938,63531.219999999994,15063.0,16938.0,17540,2022
Immun Globg(Igg)/Malt/Iga Ov50,Octagam,16737,206537669.14,3326.0,16903.899999999998,424896,2022
Nilotinib Hcl,Tasigna,16716,239053942.78999996,5240.0,16896.0,469826,2022
Tetrabenazine,Tetrabenazine,16543,44097989.14000002,4614.0,16873.100000000006,440522,2022
Treprostinil Diolamine,Orenitram Er,16339,155725221.49999997,2230.0,16419.9,455968,2022
Diflorasone Diacetate,Diflorasone Diacetate,16322,15282399.350000003,5617.0,17778.0,522038,2022
Sofosbuvir/Velpatasvir,Sofosbuvir-Velpatasvir,16302,370213875.92,5651.0,16361.7,458057,2022
Fluorometholone Acetate,Flarex,16276,2293059.34,9103.0,18200.799999999996,430545,2022
Sodium Polystyrene Sulfonate,Sodium Polystyrene Sulfonate,16268,1225578.1000000003,6699.0,20323.499999999996,471555,2022
Butalbital/Aspirin/Caffeine,Butalbital-Aspirin-Caffeine,16260,1145879.13,5576.0,16429.200000000004,310032,2022
Darifenacin Hydrobromide,Darifenacin Er,16220,3197475.4600000004,5247.0,24372.800000000003,709186,2022
Pimecrolimus,Pimecrolimus,16216,6010573.320000002,7479.0,17405.1,476890,2022
Orphenadrine Citrate,Orphenadrine Citrate Er,16022,889442.1999999998,6860.0,17027.7,380674,2022
Norethindrone,Norethindrone,15953,306538.38,5784.0,19972.200000000004,570823,2022
Eluxadoline,Viberzi,15916,22705942.88,5332.0,17101.1,488003,2022
Olanzapine/Samidorphan Malate,Lybalvi,15728,22668878.0,3782.0,15966.9,452923,2022
Zolmitriptan,Zolmitriptan Odt,15667,3901522.4400000004,5339.0,16462.800000000003,390690,2022
Selenium Sulfide,Selenium Sulfide,15567,212273.64,7412.0,16840.200000000004,454101,2022
Bacitracin/Polymyxin B Sulfate,Bacitracin-Polymyxin,15557,233084.38,9923.0,15918.000000000005,206646,2022
Romosozumab-Aqqg,Evenity (2 Syringes),15518,35339754.94,3478.0,15954.300000000001,469208,2022
Abacavir Sulfate,Abacavir,15474,4035120.8000000007,4227.0,17817.1,514070,2022
Cefprozil,Cefprozil,15450,548492.1800000002,12359.0,15486.7,151479,2022
Zanubrutinib,Brukinsa,15282,196077463.88000003,3725.0,15381.699999999999,460315,2022
Istradefylline,Nourianz,14905,35194280.64999999,3400.0,19823.000000000004,593583,2022
Naftifine Hcl,Naftin,14737,5812845.940000002,5394.0,16630.3,489563,2022
Glyburide/Metformin Hcl,Glyburide-Metformin Hcl,14609,280500.82,4709.0,26008.500000000004,775518,2022
Canagliflozin/Metformin Hcl,Invokamet Xr,14484,10671432.950000001,4659.0,20014.4,591978,2022
Naltrexone Microspheres,Vivitrol,14481,22411550.990000002,4548.0,14490.2,406125,2022
Ondansetron Hcl/Pf,Ondansetron Hcl,14224,203223.12,4183.0,14284.9,177520,2022
Propylthiouracil,Propylthiouracil,14101,769350.2000000002,4274.0,19553.5,543855,2022
Benralizumab,Fasenra Pen,13986,78664024.02999999,4068.0,23443.699999999997,697821,2022
Probenecid,Probenecid,13965,992755.0700000002,4776.0,19793.199999999997,560406,2022
Acamprosate Calcium,Acamprosate Calcium,13906,1976731.3000000003,5016.0,14898.000000000002,393347,2022
Darbepoetin Alfa In Polysorbat,Aranesp,13818,37094784.96999999,3467.0,14333.999999999998,323532,2022
"Ringer's Solution,lactated",Lactated Ringers,13761,484912.16999999987,3047.0,13763.699999999999,101695,2022
Pioglitazone Hcl/Metformin Hcl,Pioglitazone-Metformin,13714,1588607.4399999997,4295.0,27852.999999999996,831044,2022
Testosterone Enanthate,Xyosted,13569,8735230.92,3554.0,16440.6,471045,2022
Trandolapril,Trandolapril,13478,320006.9,4385.0,26616.399999999998,789965,2022
Rilpivirine Hcl,Edurant,13370,18905577.210000005,3580.0,14204.199999999999,419468,2022
Axitinib,Inlyta,13328,223582236.87000006,3657.0,13366.9,395289,2022
Betaxolol Hcl,Betoptic S,13193,1826903.2899999996,4112.0,24717.3,726723,2022
Lenvatinib Mesylate,Lenvima,13167,288197453.5299999,3798.0,13264.3,395790,2022
"Syrge-Ndl,ins 0.3 Ml Half Mark",Veo Insulin Syringe,12987,313906.13,4825.0,29698.300000000003,885424,2022
Sarilumab,Kevzara,12921,54372068.45000002,3233.0,13423.0,377384,2022
Thiothixene,Thiothixene,12864,1340166.35,3791.0,13973.200000000004,382494,2022
Norethindrone-E.Estradiol-Iron,Norethindrone-E.Estradiol-Iron,12839,359591.35,4845.0,13798.0,377923,2022
Cetirizine Hcl,Zerviate,12691,3647870.540000001,5300.0,14924.6,393310,2022
Immun Glob G(Igg)/Gly/Iga 0-50,Gammaplex,12621,168444843.64,2757.0,12792.5,324278,2022
Norethindrone Ac-Eth Estradiol,Larin,12507,408761.94999999984,4419.0,14079.999999999998,341756,2022
Midazolam Hcl,Midazolam Hcl,12505,47494.53999999999,11329.0,12508.0,14465,2022
Guselkumab,Tremfya,12418,162263959.63,3664.0,22013.09999999999,657622,2022
Dihydroergotamine Mesylate,Trudhesa,12301,27928592.739999995,2632.0,12828.600000000002,373631,2022
Anagrelide Hcl,Anagrelide Hcl,12185,3929290.53,3552.0,17506.6,510612,2022
Carteolol Hcl,Carteolol Hcl,12184,321737.99999999994,3748.0,24482.5,718763,2022
Maraviroc,Selzentry,12143,21598904.689999994,3264.0,12434.7,368610,2022
Filgrastim-Sndz,Zarxio,12118,22332691.269999996,4175.0,12166.4,169510,2022
Tiagabine Hcl,Tiagabine Hcl,12118,5526145.749999999,3518.0,12938.4,344588,2022
Insulin Lispro-Aabc,Lyumjev Kwikpen U-100,12099,11633624.620000005,3889.0,20730.200000000008,598812,2022
Posaconazole,Posaconazole,12054,36024696.1,3441.0,12480.400000000001,358546,2022
Lidocaine Hcl/Pf,Lidocaine Hcl,12006,145686.81000000003,7688.0,12015.6,45470,2022
Nicotine,Nicotrol,11836,7456261.139999999,4473.0,12279.599999999999,270709,2022
Risankizumab-Rzaa,Skyrizi Pen,11756,224605245.09,3848.0,29055.699999999993,867527,2022
Ertugliflozin Pidolate,Steglatro,11670,4722435.65,3552.0,15112.500000000002,432235,2022
Mupirocin Calcium,Mupirocin,11552,4097885.11,5382.0,11872.3,234608,2022
Sodium Chloride 0.45 %,Sodium Chloride,11524,346208.83,3936.0,11535.7,52770,2022
Levonorgestrel/Ethin.Estradiol,Vienva,11501,212044.83999999994,4330.0,12299.800000000001,335019,2022
Flurbiprofen Sodium,Flurbiprofen Sodium,11460,552758.6900000001,6692.0,12395.799999999996,257612,2022
Naldemedine Tosylate,Symproic,11443,5273666.47,3396.0,12424.7,360976,2022
Linezolid,Linezolid,11409,3725443.4,7047.0,11546.2,151075,2022
Probenecid/Colchicine,Probenecid-Colchicine,11393,735386.1400000001,3674.0,17268.000000000004,494583,2022
Isoniazid,Isoniazid,11161,101185.79000000001,3429.0,13797.000000000002,394611,2022
Atazanavir Sulfate,Atazanavir Sulfate,11119,5435942.400000001,3145.0,12848.0,374281,2022
Midazolam,Nayzilam,10969,10512657.980000004,4159.0,11134.5,179992,2022
"Sub-Q Insulin Device, 40 Unit",V-Go 40,10799,6641134.989999999,2835.0,13977.9,418235,2022
Ampicillin Sodium,Ampicillin Sodium,10796,2043488.9500000004,3028.0,10800.7,33195,2022
Norethindrone-Ethin. Estradiol,Alyacen,10675,233856.13000000006,3843.0,10979.4,292243,2022
Voriconazole,Voriconazole,10433,5833957.21,3185.0,11550.300000000003,314611,2022
Tranexamic Acid,Tranexamic Acid,10263,754128.0600000002,7070.0,10498.0,84972,2022
Saxagliptin Hcl/Metformin Hcl,Kombiglyze Xr,10252,5989609.079999999,3537.0,12967.499999999998,379091,2022
Dextrose 5 %-0.45 % Sod Chlord,Dextrose 5%-0.45% Nacl,10199,275055.95999999996,4831.0,10234.3,38557,2022
Itraconazole,Itraconazole,9942,4156353.2999999993,3200.0,12546.099999999999,341669,2022
Pindolol,Pindolol,9768,775513.3600000002,2809.0,13999.900000000003,398632,2022
Opicapone,Ongentys,9692,8162347.289999999,2274.0,12841.7,376364,2022
Sevelamer Hcl,Sevelamer Hcl,9679,8084408.990000001,2887.0,11480.300000000005,244301,2022
Carbidopa,Carbidopa,9657,5548097.55,2766.0,15808.5,452441,2022
Typhoid Vi Polysacch Vaccine,Typhim Vi,9656,1209914.1099999999,9647.0,9673.0,13359,2022
Acetylcysteine,Acetylcysteine,9603,961867.3799999995,2178.0,9607.7,95761,2022
Ampicillin Sod/Sulbactam Sod,Ampicillin-Sulbactam,9431,1224059.95,2464.0,9431.0,27927,2022
Obeticholic Acid,Ocaliva,9422,84296486.8,2820.0,10279.4,307442,2022
Diclofenac Sodium/Misoprostol,Diclofenac Sodium-Misoprostol,9396,1438055.0899999994,3524.0,11160.099999999999,314606,2022
Flurbiprofen,Flurbiprofen,9392,242811.23999999996,5028.0,10862.9,231010,2022
Deferasirox,Jadenu,9334,32372557.899999995,2686.0,9552.099999999999,283244,2022
Nevirapine,Nevirapine Er,9322,1850885.6800000002,2468.0,11939.7,356515,2022
Sumatriptan,Sumatriptan,9303,2840832.169999999,3198.0,9635.7,246768,2022
Diroximel Fumarate,Vumerity,9287,82535291.39000002,2406.0,10132.5,302225,2022
Cabotegravir/Rilpivirine,Cabenuva,9250,53920420.709999986,2298.0,12446.3,368678,2022
Hydrocortisone Valerate,Hydrocortisone Valerate,9054,1162289.8099999996,4456.0,9704.7,245583,2022
Vericiguat,Verquvo,9050,7912939.840000001,2379.0,12443.800000000001,358605,2022
Levocarnitine (With Sugar),Levocarnitine,9033,1036457.3599999999,2577.0,9373.999999999998,213167,2022
Efavirenz,Efavirenz,8929,4429073.419999998,2718.0,10324.2,307656,2022
Aliskiren Hemifumarate,Aliskiren,8869,2365969.7700000005,3135.0,12553.8,368792,2022
Codeine/Butalbital/Asa/Caffein,Butalbital Compound-Codeine,8806,1220755.98,3175.0,8824.199999999999,189553,2022
Abatacept/Maltose,Orencia,8784,37848016.5,1804.0,8957.899999999998,249013,2022
Interferon Beta-1b,Betaseron,8746,79031273.82999998,2721.0,8969.1,248663,2022
Timolol Maleate/Pf,Timolol Maleate,8411,4507794.239999999,2607.0,13391.300000000001,409129,2022
Ibuprofen/Famotidine,Ibuprofen-Famotidine,8236,13286439.61,2263.0,9310.8,277564,2022
Cyclopentolate Hcl,Cyclopentolate Hcl,8216,89230.65999999997,6613.0,9459.400000000001,186464,2022
Epinastine Hcl,Epinastine Hcl,7989,667638.3600000001,2861.0,10268.299999999996,273136,2022
Timolol,Betimol,7969,1861132.55,2560.0,13115.699999999995,376095,2022
Amiloride/Hydrochlorothiazide,Amiloride-Hydrochlorothiazide,7677,191688.54999999996,2487.0,15702.299999999996,467359,2022
Edaravone,Radicava,7667,101613520.86,1829.0,7667.0,202142,2022
"Insulin Pump Cart,automated,bt",Omnipod 5 G6 Pods (Gen 5),7513,9525694.89,3009.0,13769.900000000003,408160,2022
"Sub-Q Insulin Device, 20 Unit",V-Go 20,7416,4475919.83,1995.0,9469.400000000001,283411,2022
Immun Glob G(Igg)-Ifas/Glycine,Panzyga,7406,105315669.11000001,1575.0,7480.7,188346,2022
Famotidine/Pf,Famotidine,7299,58753.49,1667.0,7334.0,114009,2022
Sodium Oxybate,Xyrem,7295,119824684.99000005,2197.0,7295.0,211450,2022
Ethosuximide,Ethosuximide,7190,861449.93,2490.0,7924.499999999996,219358,2022
Metoprolol/Hydrochlorothiazide,Metoprolol-Hydrochlorothiazide,7161,421674.93000000005,2488.0,11848.6,349552,2022
Bosentan,Bosentan,7159,37621531.28,2061.0,7161.2,213259,2022
"Water For Irrigation,sterile",Water,7159,228155.9699999999,1863.0,7246.500000000001,124935,2022
Infliximab,Remicade,7159,50340731.35,1878.0,9318.900000000001,269858,2022
Clobetasol Propionate/Emoll,Clobetasol Emollient,7116,997069.7199999999,2974.0,7463.900000000001,189953,2022
Solriamfetol Hcl,Sunosi,7084,6293426.67,2113.0,7834.1,230502,2022
Isosorbide Dinit/Hydralazine,Bidil,7045,2786371.7899999996,2174.0,9322.7,243512,2022
Citric Ac/Gluconolact/Mag Carb,Renacidin,7029,1407811.3499999996,1922.0,7294.2,142720,2022
"Sub-Q Insulin Device, 30 Unit",V-Go 30,7025,4222864.420000001,1959.0,8923.000000000002,266424,2022
Sulfacetamide Sodium,Sulfacetamide Sodium,6903,610561.1899999998,3547.0,8220.5,227550,2022
Sodium Fluoride/Potassium Nit,Sodium Fluoride Sensitive,6810,102435.29999999999,2559.0,7696.5999999999985,218402,2022
Bosutinib,Bosulif,6798,92417224.67999996,2132.0,6828.3,204254,2022
Pegfilgrastim,Neulasta,6649,50285840.429999985,1709.0,6664.200000000002,143470,2022
Pembrolizumab,Keytruda,6578,75119474.09000002,1338.0,6626.000000000001,141982,2022
Butalbital/Acetaminophen,Butalbital-Acetaminophen,6513,1562837.0,2000.0,6822.8,143664,2022
Flumazenil,Flumazenil,6365,56239.12,5633.0,6365.0,7179,2022
Ribociclib Succinate,Kisqali,6234,86172130.61000001,1885.0,6243.2,171960,2022
Norgestrel-Ethinyl Estradiol,Cryselle,6226,128300.86,2200.0,6399.299999999999,172530,2022
Erythromycin Base In Ethanol,Erythromycin,6210,263468.73,2850.0,6541.5,181628,2022
Amikacin Sulfate,Amikacin Sulfate,6201,526376.3800000001,1581.0,6278.799999999999,54189,2022
Desmopressin (Nonrefrigerated),Desmopressin Acetate,6194,1296650.51,2155.0,7154.900000000001,176925,2022
Fluvastatin Sodium,Fluvastatin Er,6185,1275270.71,2111.0,10431.4,303782,2022
Demeclocycline Hcl,Demeclocycline Hcl,6136,2825646.48,1808.0,6625.799999999999,163348,2022
Niraparib Tosylate,Zejula,5991,76772300.04,1696.0,6010.0,179291,2022
Dextrose 5 % In Water,Dextrose In Water,5955,133191.70000000007,1927.0,5958.1,51564,2022
Quinapril/Hydrochlorothiazide,Quinapril-Hydrochlorothiazide,5954,247009.64000000004,2105.0,12960.600000000004,384626,2022
Levalbuterol Hcl,Levalbuterol Hcl,5927,458640.35,1560.0,5929.3,58536,2022
Fondaparinux Sodium,Fondaparinux Sodium,5922,8241559.480000002,1886.0,6054.7,140897,2022
"Sodium,calcium,mag,pot Oxybate",Xywav,5904,89994506.78,1758.0,5916.0,171673,2022
Methylprednisolone Sod Succ,Methylprednisolone Sodium Succ,5851,218192.61000000002,1805.0,6354.4000000000015,115737,2022
Dabrafenib Mesylate,Tafinlar,5779,63336378.82000002,1830.0,5797.4,173087,2022
Atazanavir Sulfate/Cobicistat,Evotaz,5675,9743954.029999997,1533.0,5796.7,172928,2022
Cenegermin-Bkbj,Oxervate,5628,194495585.70999998,1526.0,5628.0,78457,2022
Meperidine Hcl/Pf,Meperidine Hcl,5606,75326.16999999998,4941.0,5606.2,11587,2022
Sulfacetamide/Prednisolone Sp,Sulfacetamide-Prednisolone,5498,108766.39000000003,3137.0,6758.299999999999,144404,2022
Amikacin Liposomal/Neb.Accessr,Arikayce,5474,75722755.1,1579.0,5668.399999999998,159586,2022
Alosetron Hcl,Alosetron Hcl,5453,6851577.84,1637.0,5899.400000000001,172772,2022
Trametinib Dimethyl Sulfoxide,Mekinist,5438,69237440.11999999,1760.0,5475.599999999999,164054,2022
Phenylephrine Hcl,Phenylephrine Hcl,5409,174703.93,5115.0,5560.0,66867,2022
Disulfiram,Disulfiram,5337,419775.17000000004,1823.0,5761.000000000001,159749,2022
Octreotide Acetate,Octreotide Acetate,5274,5033864.1400000015,1433.0,5370.9,94144,2022
Alectinib Hcl,Alecensa,5267,83061130.27999999,1735.0,5364.800000000001,160546,2022
Moexipril Hcl,Moexipril Hcl,5246,252325.01000000004,1866.0,8150.299999999998,239271,2022
Siponimod,Mayzent,5224,50447027.56999999,1422.0,5736.400000000001,167998,2022
Codeine Sulfate,Codeine Sulfate,5214,512844.95999999996,1824.0,5219.9,133480,2022
Methylprednisolone Acetate,Methylprednisolone Acetate,5202,93934.71000000002,3432.0,5364.700000000001,33677,2022
Tranylcypromine Sulfate,Tranylcypromine Sulfate,5177,1837449.6600000004,1755.0,5809.4,161517,2022
Aprepitant,Aprepitant,5158,4645936.610000002,1802.0,5267.300000000001,77273,2022
Isavuconazonium Sulfate,Cresemba,5085,29919422.949999996,1371.0,5430.2,147681,2022
Eculizumab,Soliris,5047,210886288.56,1265.0,5050.900000000001,108455,2022
Vancomycin/Water For Inj (Peg),Vancomycin Hcl,5001,365327.3200000001,1454.0,5006.7,14362,2022
Tolvaptan,Jynarque,4945,65347881.8,1656.0,5059.6,140482,2022
Voxelotor,Oxbryta,4939,51996029.68,1215.0,5011.7,150345,2022
Chlordiazepoxide/Clidinium Br,Chlordiazepoxide-Clidinium,4937,2662783.319999999,1693.0,5591.200000000001,154222,2022
Ceftazidime,Ceftazidime,4911,563035.5599999998,1285.0,4931.0,32712,2022
Hydrocortisone Butyrate,Hydrocortisone Butyrate,4898,2484597.620000001,1929.0,5012.2,133046,2022
Levodopa,Inbrija,4896,13814986.039999995,1332.0,5087.6,101921,2022
Fostemsavir Tromethamine,Rukobia,4888,41519438.330000006,1236.0,4973.0,148449,2022
Triptorelin Pamoate,Trelstar,4887,10928276.829999998,1692.0,11050.400000000001,329470,2022
Sodium Bicarbonate,Sodium Bicarbonate,4812,313786.26000000007,1107.0,4817.2,73300,2022
Magnesium Sulfate,Magnesium Sulfate,4803,92042.49000000003,901.0,4832.6,38417,2022
Ospemifene,Osphena,4786,1690800.8499999999,1636.0,6825.5,201229,2022
Lasmiditan Succinate,Reyvow,4777,3966922.66,1349.0,4890.5,106519,2022
Lamivudine/Zidovudine,Lamivudine-Zidovudine,4763,1311043.9900000002,1560.0,5424.7,159264,2022
Emtricita/Rilpivirine/Tenof Df,Complera,4759,16514087.860000001,1540.0,4852.0,144191,2022
Hydrocortisone/Acetic Acid,Hydrocortisone-Acetic Acid,4735,545055.9199999999,3135.0,5168.499999999998,95813,2022
Zileuton,Zileuton Er,4702,11671237.830000002,1183.0,5042.400000000001,150348,2022
Dipyridamole,Dipyridamole,4676,466148.24000000005,1617.0,5458.4,148189,2022
Ethinyl Estradiol/Drospirenone,Drospirenone-Ethinyl Estradiol,4660,173223.48999999993,1805.0,4867.200000000001,132802,2022
Desogestrel-Ethinyl Estradiol,Apri,4652,83574.89,1745.0,4835.400000000001,130119,2022
Elviteg/Cob/Emtri/Tenofo Disop,Stribild,4647,18848871.559999995,1470.0,4775.0,142098,2022
Oxaprozin,Oxaprozin,4570,386655.35999999987,1605.0,5723.400000000001,167153,2022
Dicloxacillin Sodium,Dicloxacillin Sodium,4565,223046.58,2780.0,4916.0,76504,2022
Mifepristone,Korlym,4538,142729931.48,1132.0,4539.0,135769,2022
"Octreotide Acetate,mi-Spheres",Sandostatin Lar Depot,4490,25890722.639999997,1483.0,4536.3,126572,2022
Prednisolone Sodium Phosphate,Prednisolone Sodium Phosphate,4433,176886.30999999997,2761.0,5263.2,104437,2022
Safinamide Mesylate,Xadago,4408,6828350.299999999,1079.0,6349.200000000001,186634,2022
Disopyramide Phosphate,Disopyramide Phosphate,4396,1174809.5300000003,1428.0,6880.099999999999,197170,2022
Natalizumab,Tysabri,4353,36408715.69,1029.0,4449.8,125149,2022
Pazopanib Hcl,Votrient,4348,49088478.39000001,1445.0,4371.2,129582,2022
Pimozide,Pimozide,4343,492557.01,1489.0,4708.4,132959,2022
"Tetanus, Diphtheria Tox,adult",Tdvax,4338,214192.90000000005,4287.0,4338.0,29602,2022
"Meloxicam, Submicronized",Meloxicam,4327,5352202.06,1269.0,5065.6,149742,2022
Imipenem/Cilastatin Sodium,Imipenem-Cilastatin Sodium,4306,1614072.1600000004,1014.0,4306.0,20257,2022
Arformoterol Tartrate,Arformoterol Tartrate,4298,1599559.92,1255.0,4299.5,79525,2022
Emtricitabine,Emtricitabine,4270,1635316.04,1396.0,4602.9,132991,2022
"Measles,mumps,rubella Vacc/Pf",M-M-R Ii Vaccine,4265,461447.09,3822.0,4267.1,5709,2022
Tobramycin Sulfate,Tobramycin Sulfate,4218,766677.3200000001,1316.0,4303.1,55919,2022
Perindopril Erbumine,Perindopril Erbumine,4133,195526.05,1305.0,8495.5,251882,2022
Teduglutide,Gattex,4082,196812903.71,1184.0,4193.8,125402,2022
Fulvestrant,Fulvestrant,4078,5197003.71,904.0,4103.5,114977,2022
Promethazine/Dextromethorphan,Promethazine-Dm,4073,57446.62000000001,2725.0,4086.2999999999993,45869,2022
Risdiplam,Evrysdi,4064,104361814.84000002,806.0,4157.900000000001,103219,2022
Filgrastim-Aafi,Nivestym,4059,3597070.559999999,1293.0,4078.6000000000004,33709,2022
Ganciclovir,Zirgan,3974,1922993.4999999998,1376.0,4343.9000000000015,87255,2022
Formoterol Fumarate,Perforomist,3974,2066019.1900000002,1190.0,3979.9,73763,2022
Vismodegib,Erivedge,3925,47507971.9,1261.0,3944.7000000000003,112179,2022
Aclidinium Bromide,Tudorza Pressair,3861,2736992.9299999992,1344.0,4623.5,133040,2022
Encorafenib,Braftovi,3836,50481259.6,1050.0,3869.5,115634,2022
Trifluridine/Tipiracil Hcl,Lonsurf,3817,44828007.73999998,1243.0,3835.4,103128,2022
Pitolisant Hcl,Wakix,3802,42065327.17999999,1130.0,3864.0,111543,2022
Olanzapine Pamoate,Zyprexa Relprevv,3784,4121688.0999999996,672.0,3784.0,80931,2022
Erythromycin Ethylsuccinate,Erythromycin Ethylsuccinate,3738,2137054.819999999,891.0,3818.1,58171,2022
Baricitinib,Olumiant,3724,10617757.000000002,1050.0,4053.0,121297,2022
Ketoprofen,Ketoprofen,3699,5819346.479999998,1334.0,3906.2,113003,2022
Decitabine/Cedazuridine,Inqovi,3681,28950508.50000001,1100.0,3724.3,103111,2022
Tetracycline Hcl,Tetracycline Hcl,3661,564206.83,2267.0,3755.6000000000004,68925,2022
Palonosetron Hcl,Palonosetron Hcl,3603,445374.00999999995,922.0,3623.7999999999997,83187,2022
Hyoscyamine Sulfate,Hyoscyamine Sulfate,3583,109293.86000000002,1303.0,3747.599999999999,73464,2022
Phenelzine Sulfate,Phenelzine Sulfate,3563,273943.47000000003,1280.0,4039.0,109716,2022
Peginterferon Alfa-2a,Pegasys,3558,13589419.299999999,958.0,3670.3999999999996,98770,2022
Micafungin Sodium,Micafungin,3551,2883112.3799999994,970.0,3551.2,21034,2022
Exenatide,Byetta,3549,3316688.939999999,1415.0,3982.3,119213,2022
Binimetinib,Mektovi,3533,41799745.379999995,941.0,3542.0,105953,2022
"Syringe With Needle, Insulin",Monoject Insulin Safety Syrng,3507,105328.59999999999,840.0,3599.100000000001,94467,2022
Opium Tincture,Opium Tincture,3478,1495796.0099999993,1265.0,3652.5999999999995,102542,2022
Fluocinonide/Emollient Base,Fluocinonide-E,3472,344116.3000000001,1673.0,3609.1000000000004,98255,2022
Prasterone (Dhea),Intrarosa,3456,1094902.27,1198.0,4415.299999999999,126762,2022
Corticotropin,Acthar,3452,214549021.36999997,948.0,3617.7,85505,2022
Vedolizumab,Entyvio,3427,27363275.750000004,1005.0,4756.1,136185,2022
Peginterferon Beta-1a,Plegridy Pen,3420,27913719.259999998,1115.0,3604.4000000000005,101258,2022
Lopinavir/Ritonavir,Lopinavir-Ritonavir,3404,2930602.51,1091.0,3578.4,102272,2022
Lanreotide Acetate,Somatuline Depot,3403,32070251.929999996,1072.0,3472.1000000000004,97546,2022
Phenazopyridine Hcl,Phenazopyridine Hcl,3385,54280.090000000004,1941.0,3405.2999999999997,22964,2022
Tobramycin/Lotepred Etab,Zylet,3343,1304722.06,2141.0,3671.6000000000004,85500,2022
Glycopyrrolate/Neb.Accessories,Lonhala Magnair Refill,3342,4559858.199999999,1022.0,3418.0,102138,2022
Erlotinib Hcl,Erlotinib Hcl,3330,7040527.180000002,1130.0,3356.0,100001,2022
Ethacrynic Acid,Ethacrynic Acid,3235,1879859.8299999998,1160.0,3644.6999999999994,93384,2022
Levorphanol Tartrate,Levorphanol Tartrate,3211,14082504.329999998,789.0,3233.0,89221,2022
Tafamidis Meglumine,Vyndaqel,3209,69962861.66000001,916.0,3417.0,102503,2022
Lanadelumab-Flyo,Takhzyro,3205,145408207.14,876.0,3230.1,89941,2022
"Poliomyelitis Vaccine, Killed",Ipol,3201,169561.21,2690.0,3209.0,8907,2022
Rifabutin,Rifabutin,3187,1735500.32,1267.0,3577.0999999999995,92760,2022
Bexarotene,Bexarotene,3182,37894802.05,743.0,3305.3000000000006,97689,2022
Edoxaban Tosylate,Savaysa,3167,1321525.07,1125.0,3584.1999999999994,98791,2022
Clemastine Fumarate,Clemastine Fumarate,3165,16091013.24,1020.0,3464.5000000000005,83551,2022
Ergotamine Tartrate/Caffeine,Ergotamine-Caffeine,3150,3342634.9399999995,1303.0,3234.7000000000003,84729,2022
"Mening Vac A,c,y,w-135 Dip/Pf",Menveo A-C-Y-W-135-Dip,3139,487797.49000000017,2556.0,3145.0,5418,2022
"Insulin Pump Cart,cont Inf,rf",Omnipod Classic Pods (Gen 3),3123,3755518.9899999998,996.0,5410.6,158846,2022
Olanzapine/Fluoxetine Hcl,Olanzapine-Fluoxetine Hcl,3008,1071144.8599999999,1018.0,3397.2999999999993,100238,2022
Calcipotriene/Betamethasone,Enstilar,2991,3466193.1999999997,997.0,3141.8,89332,2022
Clindamycin Phos/Benzoyl Perox,Clindamycin-Benzoyl Peroxide,2987,375356.72,1222.0,3089.099999999999,84447,2022
Belumosudil Mesylate,Rezurock,2981,65021089.24,698.0,3023.0,90449,2022
Flavoxate Hcl,Flavoxate Hcl,2922,210648.37999999992,973.0,3122.1999999999994,70860,2022
Zoledronic Acid/Mannitol-Water,Zoledronic Acid,2916,618534.7,2870.0,22687.6,677338,2022
Letermovir,Prevymis,2897,21282358.359999996,790.0,2989.3,83768,2022
Carboplatin,Carboplatin,2882,156112.18000000002,715.0,2895.5,61821,2022
Granisetron Hcl,Granisetron Hcl,2879,445726.5099999999,1161.0,2923.9,47393,2022
Nisoldipine,Nisoldipine,2852,859609.9899999999,976.0,4233.6,122611,2022
Doravirine/Lamivu/Tenofov Diso,Delstrigo,2842,7351764.380000001,798.0,2869.0,85992,2022
Tezepelumab-Ekko,Tezspire,2770,10795435.389999997,782.0,2779.8,78216,2022
Olodaterol Hcl,Striverdi Respimat,2763,804588.2799999999,1050.0,3197.1,95221,2022
Diflunisal,Diflunisal,2762,230410.09999999998,1216.0,3726.2000000000003,97159,2022
Nivolumab,Opdivo,2717,32554677.320000008,626.0,2739.4,67758,2022
Glecaprevir/Pibrentasvir,Mavyret,2667,36837163.48,1132.0,2670.5,74794,2022
Danazol,Danazol,2635,749793.7300000001,852.0,3167.8999999999996,86666,2022
Sumatriptan Succ/Naproxen Sod,Sumatriptan Succ-Naproxen Sod,2631,1965134.3900000004,663.0,2655.3999999999996,72163,2022
Multivit-Mins60/Iron Fum/Folic,Niva-Plus,2618,28085.240000000005,294.0,2763.2,34751,2022
Frovatriptan Succinate,Frovatriptan Succinate,2601,1241346.9100000001,887.0,2710.3999999999996,64651,2022
C1 Esterase Inhibitor,Haegarda,2571,120906001.64000003,765.0,2571.0,69478,2022
Hydrocortisone Sodium Succ/Pf,Solu-Cortef,2568,250223.20999999996,955.0,2701.1,39743,2022
Methenamine Mandelate,Methenamine Mandelate,2559,179706.70000000004,826.0,3118.5,82073,2022
Methscopolamine Bromide,Methscopolamine Bromide,2536,321013.3699999999,896.0,3155.2000000000003,88852,2022
Tasimelteon,Hetlioz,2528,60034797.65999998,1000.0,2538.7,76154,2022
Sunitinib Malate,Sunitinib Malate,2528,20073866.29,830.0,2553.9000000000005,64718,2022
Desvenlafaxine,Desvenlafaxine Er,2513,351885.5300000001,850.0,2650.5,67780,2022
Selegiline,Emsam,2489,5095435.76,945.0,2558.0,75999,2022
Estradiol Valerate,Estradiol Valerate,2486,380165.42,782.0,4165.9,121049,2022
Protriptyline Hcl,Protriptyline Hcl,2479,622660.9799999999,785.0,2885.9999999999995,83646,2022
Tesamorelin Acetate,Egrifta Sv,2466,17233366.03,672.0,2507.0,75166,2022
Hpv Vaccine 9-Valent/Pf,Gardasil 9,2456,710705.1600000001,1729.0,2460.3,2878,2022
Anakinra,Kineret,2450,13930670.790000001,835.0,2460.7,67906,2022
Pentazocine Hcl/Naloxone Hcl,Pentazocine-Naloxone Hcl,2440,443219.9900000001,866.0,2446.4,63066,2022
Crisaborole,Eucrisa,2424,1957061.3500000003,899.0,2496.9,71764,2022
Zoledronic Acid,Zoledronic Acid,2418,511213.17000000004,636.0,3411.2999999999993,98315,2022
Acalabrutinib Maleate,Calquence,2364,32842261.789999995,841.0,2384.7,71377,2022
Dextrose 5 % And 0.9 % Nacl,Dextrose 5%-0.9% Nacl,2315,79659.04000000002,808.0,2315.0,11589,2022
Cefaclor,Cefaclor,2310,156582.7,1239.0,2817.7,60600,2022
Amifampridine Phosphate,Firdapse,2290,95403981.0,685.0,2328.0,69643,2022
Ozanimod Hydrochloride,Zeposia,2253,19317286.580000002,665.0,2407.3000000000006,71503,2022
Sacrosidase,Sucraid,2220,25368731.41999999,652.0,2234.6,62543,2022
Methylprednisolone Sod Succ/Pf,Solu-Medrol,2215,57106.14000000001,1039.0,2241.0,22307,2022
Belatacept,Nulojix,2186,4734919.260000003,486.0,2200.3,61336,2022
Azacitidine,Onureg,2173,27995994.819999993,567.0,2176.5,51468,2022
Estradiol/Levonorgestrel,Climara Pro,2159,625327.04,801.0,2489.1000000000004,70939,2022
Meropenem-0.9% Sodium Chloride,Meropenem-0.9% Nacl,2158,445612.27999999997,651.0,2158.0,6788,2022
Caspofungin Acetate,Caspofungin Acetate,2156,1122898.7499999998,646.0,2156.0,48019,2022
Telmisartan/Amlodipine,Telmisartan-Amlodipine,2150,347210.81999999995,691.0,4079.9,121792,2022
Salsalate,Salsalate,2149,233502.22999999998,731.0,2926.3,80671,2022
Tiopronin,Thiola Ec,2146,17273020.500000004,780.0,2158.0,64334,2022
Ponatinib Hcl,Iclusig,2106,44534334.400000006,710.0,2109.7,62813,2022
Apomorphine Hcl,Apokyn,2088,31966619.349999998,637.0,2119.3,53311,2022
Bupropion Hbr,Aplenzin,2076,8154138.72,670.0,2189.0,63933,2022
Oxandrolone,Oxandrolone,2062,1301959.9799999997,516.0,2184.1,64531,2022
Pegloticase,Krystexxa,2032,81312341.99999999,493.0,2041.1000000000001,42645,2022
Sotorasib,Lumakras,2028,35817260.559999995,695.0,2030.8000000000002,60750,2022
Dexamethasone Sodium Phosp/Pf,Dexamethasone Sodium Phosphate,2019,27571.31,988.0,2041.8,28298,2022
Insulin Glulisine,Apidra Solostar,1970,1304585.7399999998,705.0,2242.4,55082,2022
Treprostinil,Tyvaso Dpi,1968,45109515.23,595.0,1974.2000000000003,55307,2022
"Igg/Hyaluronidase,recombinant",Hyqvia,1966,12289280.11,460.0,1966.0,52781,2022
Isradipine,Isradipine,1949,285848.77000000014,588.0,3061.9,85619,2022
"Glyburide,micronized",Glyburide Micronized,1894,33227.19999999999,572.0,3249.2,95799,2022
"Insulin Pump Cart,auto,bt/Cntr",Omnipod 5 G6 Intro Kit (Gen 5),1892,1096618.6700000002,1792.0,2522.2,84456,2022
Asfotase Alfa,Strensiq,1842,183776050.57000005,430.0,1860.1999999999998,50734,2022
Fosnetupitant/Palonosetron,Akynzeo,1829,2155683.4900000007,479.0,1831.8000000000002,42788,2022
Sapropterin Dihydrochloride,Kuvan,1829,20226094.349999998,400.0,1839.0,54964,2022
Cyclophosphamide,Cyclophosphamide,1822,1000755.4499999997,593.0,1902.0999999999997,48368,2022
Imipramine Pamoate,Imipramine Pamoate,1815,607515.53,690.0,1872.5,52656,2022
Thalidomide,Thalomid,1813,13336801.73,608.0,1817.7,50899,2022
Zidovudine,Zidovudine,1777,91758.42000000001,580.0,1978.6,56504,2022
Ranibizumab,Lucentis,1765,4216140.079999999,447.0,1912.6000000000001,54467,2022
Ceftriaxone In Is-Osm Dextrose,Ceftriaxone,1760,190419.91,609.0,1760.0,6888,2022
Agalsidase Beta,Fabrazyme,1720,35137214.05,320.0,1734.4,43344,2022
Norelgestromin/Ethin.Estradiol,Xulane,1718,198625.7400000001,670.0,1793.9999999999998,44469,2022
Daratumumab-Hyaluronidase-Fihj,Darzalex Faspro,1713,24331535.15,419.0,1714.0,42675,2022
Baloxavir Marboxil,Xofluza,1712,292671.47000000003,1620.0,1714.3,14404,2022
Mefloquine Hcl,Mefloquine Hcl,1709,123275.51999999999,1295.0,3625.8000000000006,107069,2022
Bortezomib,Velcade,1688,6535810.960000001,445.0,1696.2,41798,2022
Carbinoxamine Maleate,Carbinoxamine Maleate,1688,1316798.6699999997,553.0,2099.6,57507,2022
Meprobamate,Meprobamate,1674,584975.25,635.0,1683.4,46637,2022
Prochlorperazine,Compro,1669,184800.83000000005,1130.0,1669.0,13464,2022
Oxaliplatin,Oxaliplatin,1656,658310.5599999999,398.0,1657.8,39273,2022
Fosinopril/Hydrochlorothiazide,Fosinopril-Hydrochlorothiazide,1627,72177.31999999998,553.0,2467.7000000000003,72016,2022
Crofelemer,Mytesi,1616,4453160.430000001,425.0,1848.0,55368,2022
Omadacycline Tosylate,Nuzyra,1613,14491239.75,630.0,1644.2,30319,2022
Avatrombopag Maleate,Doptelet,1610,20912324.240000006,530.0,1630.8,47239,2022
Bevacizumab,Avastin,1609,9387403.410000002,380.0,1609.9,35304,2022
Tazarotene,Tazarotene,1590,652228.84,708.0,1663.6,47061,2022
Adefovir Dipivoxil,Adefovir Dipivoxil,1580,1285336.85,550.0,1757.5,48004,2022
Crizotinib,Xalkori,1574,28876950.56000001,580.0,1574.0,46740,2022
Potassium Bicarbonate/Cit Ac,Effer-K,1574,44965.31,537.0,1699.9,37575,2022
Pegvisomant,Somavert,1569,21860434.82,495.0,1584.0,46505,2022
Alogliptin Benz/Metformin Hcl,Alogliptin-Metformin,1540,277032.8,446.0,1738.8000000000002,50545,2022
Fosaprepitant Dimeglumine,Fosaprepitant Dimeglumine,1534,326306.20000000007,395.0,1534.4,32886,2022
Afatinib Dimaleate,Gilotrif,1533,16508410.17,550.0,1543.0,46078,2022
Adapalene,Adapalene,1522,2811238.0200000005,605.0,1598.8,43953,2022
Lorlatinib,Lorbrena,1520,27623818.590000004,530.0,1520.7,45463,2022
Tucatinib,Tukysa,1513,26579874.319999993,530.0,1516.3,44486,2022
Milrinone Lactate,Milrinone Lactate,1508,880661.63,255.0,1508.0,9599,2022
Icatibant Acetate,Firazyr,1487,55401288.92999998,323.0,1487.0,11265,2022
Colistin (Colistimethate Na),Colistimethate,1483,1232387.9000000004,409.0,1639.0999999999997,38171,2022
Atezolizumab,Tecentriq,1482,15715281.189999998,363.0,1483.8,31574,2022
Filgrastim,Neupogen,1480,3738107.4200000004,449.0,1495.5,29832,2022
Omeprazole Magnesium,Prilosec,1478,1205140.1999999997,465.0,1479.5,30718,2022
Ivosidenib,Tibsovo,1472,41888593.45000001,520.0,1478.1,43720,2022
Alpelisib,Piqray,1466,28889605.58,525.0,1480.9,41481,2022
Infliximab-Dyyb,Inflectra,1464,8168469.809999999,426.0,1786.6,51633,2022
Granisetron,Sancuso,1425,2529799.89,432.0,1453.6,31507,2022
Almotriptan Malate,Almotriptan Malate,1422,441453.6000000001,485.0,1484.9,31399,2022
Rucaparib Camsylate,Rubraca,1421,18823251.04,465.0,1421.0,42243,2022
Rituximab,Rituxan,1394,15547171.11,446.0,1925.4000000000005,51264,2022
Gemcitabine Hcl,Gemcitabine Hcl,1385,275049.42000000004,361.0,1438.5,33342,2022
Desog-E.Estradiol/E.Estradiol,Kariva,1381,39269.10999999999,530.0,1424.1999999999998,38859,2022
Regorafenib,Stivarga,1380,22545169.179999996,470.0,1395.7,37714,2022
Asenapine,Secuado,1372,1723859.56,410.0,1387.0,38078,2022
Ethynodiol D-Ethinyl Estradiol,Kelnor 1-35,1360,30390.469999999994,510.0,1434.1999999999998,38869,2022
Aztreonam Lysine,Cayston,1351,15188854.28,387.0,1962.2,57790,2022
Vancomycin/0.9 % Sod Chloride,Vancomycin Hcl-0.9% Nacl,1351,175168.00000000003,393.0,1351.0,4809,2022
Apraclonidine Hcl,Apraclonidine Hcl,1331,125620.01000000001,468.0,2042.0,56479,2022
Triamterene,Triamterene,1305,382577.44,470.0,1353.3000000000002,34775,2022
"Syringe,needle,insuln,safe,1ml",Safetyglide Insulin Syringe,1305,41598.659999999996,351.0,1327.2,31972,2022
Capmatinib Hydrochloride,Tabrecta,1299,22882258.979999993,475.0,1315.5,36328,2022
Halcinonide,Halcinonide,1298,1558165.71,424.0,1310.0,39225,2022
Brodalumab,Siliq,1291,6046418.06,391.0,1307.6,36572,2022
Ceftaroline Fosamil Acetate,Teflaro,1288,2835590.73,350.0,1288.0,5892,2022
Selpercatinib,Retevmo,1278,20462391.79,435.0,1289.0,38033,2022
Amitriptyline/Chlordiazepoxide,Chlordiazepoxide-Amitriptyline,1249,84778.93999999999,490.0,1296.0,38278,2022
Fosamprenavir Calcium,Fosamprenavir Calcium,1248,1508438.3800000006,455.0,1258.0,37665,2022
Erythromycin/Benzoyl Peroxide,Erythromycin-Benzoyl Peroxide,1247,191857.41999999993,486.0,1270.7,34344,2022
Vigabatrin,Sabril,1211,24305812.269999992,425.0,1219.2,36570,2022
Burosumab-Twza,Crysvita,1204,25104868.94999999,285.0,1211.2,34056,2022
Nafcillin Sodium,Nafcillin Sodium,1202,931338.2600000001,360.0,1202.0,7188,2022
"Estrogens,esterified",Menest,1192,104242.05999999997,455.0,1358.1000000000001,38141,2022
Terbutaline Sulfate,Terbutaline Sulfate,1184,294085.88999999996,433.0,1384.9,34799,2022
Yellow Fever Vaccine Live/Pf,Yf-Vax,1183,243668.47,1180.0,1185.0,1561,2022
Nicardipine Hcl,Nicardipine Hcl,1173,711108.8300000002,387.0,1642.7,46130,2022
"Mening Vac A,c,y,w135,c-Tet/Pf",Menquadfi,1172,198124.12,1127.0,1172.0,1462,2022
Degarelix Acetate,Firmagon,1145,678157.1999999998,302.0,1146.8,31706,2022
Fedratinib Dihydrochloride,Inrebic,1139,22005646.259999998,337.0,1142.0,34092,2022
Paclitaxel,Paclitaxel,1138,123291.78,304.0,1144.1999999999998,23036,2022
Tenapanor Hcl,Ibsrela,1133,2046631.1900000002,385.0,1253.0,37540,2022
Neomycin Sulf/Polymyxin B Sulf,Neomycin-Polymyxin B,1132,54633.67,209.0,1145.5,10864,2022
Oxacillin Sodium,Oxacillin Sodium,1126,772736.61,330.0,1126.0,6532,2022
Streptomycin Sulfate,Streptomycin Sulfate,1126,2814258.079999999,632.0,1126.0,33106,2022
Isotretinoin,Zenatane,1123,197632.51000000007,415.0,1124.0,33501,2022
Flucytosine,Flucytosine,1122,4367258.710000001,520.0,1155.0,33744,2022
Testosterone Undecanoate,Jatenzo,1102,1080559.7799999998,345.0,1320.1000000000001,39226,2022
Promethazine Hcl/Codeine,Promethazine-Codeine,1075,8707.579999999998,683.0,1076.4,9171,2022
Chloroquine Phosphate,Chloroquine Phosphate,1065,183448.98,278.0,1603.0,47290,2022
Daratumumab,Darzalex,1061,10159062.1,230.0,1062.1,26786,2022
Docetaxel,Docetaxel,1049,987252.6399999999,254.0,1093.5,23516,2022
Ceftazidime/Avibactam,Avycaz,1048,2998854.21,290.0,1048.0,3032,2022
Becaplermin,Regranex,1046,1780386.0800000003,455.0,1124.5000000000002,30041,2022
Gilteritinib Fumarate,Xospata,1044,24666232.279999994,332.0,1051.0,31292,2022
Perphenazine/Amitriptyline Hcl,Perphenazine-Amitriptyline,1042,91458.89999999997,416.0,1136.5,33006,2022
Estradiol Acetate,Femring,1039,699873.4500000001,327.0,2934.1000000000004,87963,2022
"Abiraterone Acet,submicronized",Yonsa,1035,10053869.429999998,249.0,1037.0,31059,2022
Ibalizumab-Uiyk,Trogarzo,1019,9167981.58,285.0,1019.0,21682,2022
Methsuximide,Celontin,1011,355524.52,340.0,1058.1000000000004,28974,2022
"Immune Globulin,gamma(Igg)klhw",Xembify,1011,8593943.719999999,240.0,1030.3,27730,2022
Faricimab-Svoa,Vabysmo,1010,2828663.88,272.0,1042.8000000000002,29403,2022
Telotristat Etiprate,Xermelo,1009,8131275.0,321.0,1010.8,28101,2022
Enasidenib Mesylate,Idhifa,998,30409078.669999998,335.0,1001.3,30020,2022
Luspatercept-Aamt,Reblozyl,990,13047868.15,232.0,992.0,21121,2022
Bevacizumab-Awwb,Mvasi,987,6264753.5,240.0,987.0,22648,2022
Tigecycline,Tigecycline,986,979031.2799999999,273.0,986.0,4950,2022
Hepatitis B Virus Vaccine/Pf,Engerix-B Adult,968,82592.65000000001,640.0,970.0,1697,2022
"Syrge-Ndl,ins 0.5 Ml Half Mark",Droplet Insulin Syringe,966,56049.83999999998,353.0,2407.5000000000005,71846,2022
Romiplostim,Nplate,954,7589837.209999999,200.0,958.0,15785,2022
Irinotecan Hcl,Irinotecan Hcl,953,822864.25,223.0,954.6,22818,2022
Cefepime In Iso-Osm Dextrose,Cefepime,950,265616.77999999997,319.0,950.0,3451,2022
Fostamatinib Disodium,Tavalisse,945,11811487.499999998,365.0,946.0,28378,2022
Glutamine,Endari,945,3092569.8200000003,299.0,955.3,28306,2022
Deferiprone,Ferriprox (2 Times A Day),944,17423725.389999997,285.0,953.0,28152,2022
"Potassium Phosphate,monobasic",K-Phos Original,924,27234.69,260.0,932.2,17107,2022
Eliglustat Tartrate,Cerdelga,923,27769798.28,229.0,934.6,26226,2022
Vardenafil Hcl,Vardenafil Hcl,918,149188.27999999997,355.0,939.5,21715,2022
Elagolix Sodium,Orilissa,913,1016399.5200000003,350.0,922.0,25092,2022
Ceftolozane/Tazobactam,Zerbaxa,907,1955559.3,255.0,907.0,4270,2022
Pemetrexed Disodium,Alimta,907,4708326.93,250.0,908.8,19220,2022
Tralokinumab-Ldrm,Adbry,900,3152463.8299999996,305.0,903.5999999999999,23102,2022
Deflazacort,Emflaza,895,9062228.049999999,225.0,895.0,26453,2022
Acetaminophen/Caff/Dihydrocod,Acetamin-Caff-Dihydrocodeine,891,192522.76999999996,279.0,891.5,21086,2022
Varicella Vaccine Live/Pf,Varivax Vaccine,888,157637.66999999998,733.0,888.0,915,2022
Nefazodone Hcl,Nefazodone Hcl,887,132045.37999999998,320.0,1073.8000000000002,31605,2022
Dalbavancin Hcl,Dalvance,885,3987827.15,293.0,886.5999999999999,6316,2022
Glucagon Hcl,Glucagon Emergency Kit,885,275114.04000000004,293.0,885.0,11016,2022
Dapagliflozin/Saxagliptin Hcl,Qtern,880,508778.00999999995,262.0,1110.8,33254,2022
Potassium Chloride In 0.9%nacl,Potassium Chloride-0.9% Nacl,877,55195.24,130.0,877.2,6505,2022
Granisetron Hcl/Pf,Granisetron Hcl,875,48454.64,192.0,876.6999999999999,17814,2022
Tivozanib Hcl,Fotivda,871,22778172.839999996,285.0,871.2,24203,2022
Selinexor,Xpovio,871,20238059.810000002,265.0,876.6999999999999,24400,2022
"Bolus Insulin Pump, 200 Unit",Cequr Simplicity,870,502648.8299999999,275.0,1235.8999999999999,37028,2022
Chlorambucil,Leukeran,869,1427358.6099999999,255.0,900.1999999999999,21171,2022
"Syringe,insul U-500,ndl,0.5ml",Insulin Syringe U-500,869,36435.23,277.0,1181.8,34643,2022
Paroxetine Mesylate,Paroxetine Mesylate,868,333485.99000000005,305.0,945.0,25804,2022
Bevacizumab-Bvzr,Zirabev,858,4513206.74,219.0,858.0,17721,2022
Sorafenib Tosylate,Nexavar,856,10139992.969999997,310.0,857.0,24931,2022
Pertuzumab,Perjeta,855,5625866.0100000035,240.0,855.0,18041,2022
Levofloxacin In Dextrose 5 %,Levofloxacin-D5w,851,31930.839999999997,335.0,851.0,4125,2022
Aztreonam,Aztreonam,848,686548.9699999999,250.0,870.9,6136,2022
Amoxapine,Amoxapine,848,54919.39000000001,275.0,876.6,24172,2022
Carfilzomib,Kyprolis,838,6802117.430000001,145.0,838.0,14943,2022
Ropeginterferon Alfa-2b-Njft,Besremi,828,11827422.910000002,210.0,830.1999999999999,22586,2022
Aliskiren/Hydrochlorothiazide,Tekturna Hct,825,294668.52999999997,305.0,869.0,25639,2022
Sonidegib Phosphate,Odomzo,821,9957300.41,240.0,821.3000000000001,23852,2022
Ziprasidone Mesylate,Ziprasidone Mesylate,818,147935.64,274.0,818.0,2824,2022
Berotralstat Hydrochloride,Orladeyo,809,31354033.83,255.0,809.0,22652,2022
Hydromorphone Hcl/Pf,Hydromorphone Hcl,804,187904.03999999998,169.0,805.1,6430,2022
Pitavastatin Magnesium,Zypitamag,797,227713.06000000003,290.0,1015.1,29035,2022
Penicillin G Benzathine,Bicillin L-A,796,385318.05,320.0,840.2,20422,2022
Quinine Sulfate,Quinine Sulfate,776,65516.880000000005,260.0,831.7,24794,2022
Pioglitazone Hcl/Glimepiride,Pioglitazone-Glimepiride,774,386116.7499999999,237.0,1576.1,47047,2022
Tinidazole,Tinidazole,774,63097.090000000004,358.0,821.4000000000001,11841,2022
Trifluridine,Trifluridine,769,129685.13,339.0,970.5000000000001,24432,2022
Ocrelizumab,Ocrevus,761,27885854.95,407.0,3105.999999999999,92215,2022
Dextrose 5%-Lactated Ringers,Dextrose In Lactated Ringers,742,29979.570000000003,289.0,742.0,5294,2022
Penicillin G Potassium,Pfizerpen,740,212631.63,240.0,740.0,3744,2022
Griseofulvin Ultramicrosize,Griseofulvin Ultramicrosize,740,184033.51,333.0,802.8,21250,2022
Lapatinib Ditosylate,Tykerb,738,4026092.0900000003,300.0,738.0,21330,2022
Diazoxide,Diazoxide,736,612912.18,231.0,758.4,14298,2022
Betaine,Cystadane,733,2923375.97,220.0,742.3,19766,2022
Flurandrenolide,Cordran,724,670823.4800000001,326.0,753.8,20539,2022
Abobotulinumtoxina,Dysport,719,1187184.5,245.0,1929.4,56123,2022
Trandolapril/Verapamil Hcl,Trandolapril-Verapamil Er,711,101136.04999999997,280.0,831.1,24769,2022
Cefoxitin Sodium,Cefoxitin,707,200251.85,185.0,707.0,4339,2022
Pramlintide Acetate,Symlinpen 120,702,1214286.7,245.0,721.6,18714,2022
Mechlorethamine Hcl,Valchlor,702,5229812.3100000005,202.0,702.0,21035,2022
Pegfilgrastim-Bmez,Ziextenzo,699,3278928.3400000003,206.0,701.1,15309,2022
Nitrofurantoin,Nitrofurantoin,694,1587592.3900000004,235.0,699.8000000000001,15320,2022
Migalastat Hcl,Galafold,692,19451396.19,185.0,692.0,19376,2022
Brigatinib,Alunbrig,689,11644161.330000004,225.0,689.0,20580,2022
Satralizumab-Mwge,Enspryng,685,11744688.81,215.0,699.8,19681,2022
Neomycin/Bacitracin/Polymyxinb,Neomycin-Bacitracin-Polymyxin,683,24673.74,415.0,689.8,9276,2022
"Griseofulvin, Microsize",Griseofulvin,682,144437.6,326.0,715.9999999999999,17496,2022
Fentanyl Citrate,Fentanyl Citrate,681,4929030.9,215.0,681.0,18285,2022
Teprotumumab-Trbw,Tepezza,675,35983512.2,195.0,675.0,13136,2022
Vemurafenib,Zelboraf,668,4907448.7700000005,245.0,692.4,19346,2022
Trastuzumab,Herceptin,666,3774930.44,175.0,667.1,13930,2022
Paclitaxel Protein-Bound,Abraxane,666,4328985.31,180.0,666.0,13543,2022
Nalbuphine Hcl,Nalbuphine Hcl,656,180059.07000000007,155.0,661.5,10723,2022
Flurazepam Hcl,Flurazepam Hcl,652,13262.81,206.0,677.3,19269,2022
Durvalumab,Imfinzi,648,6059591.06,155.0,648.0,13901,2022
Meperidine Hcl,Meperidine Hcl,643,552915.05,245.0,644.8,16201,2022
Efgartigimod Alfa-Fcab,Vyvgart,633,24405872.629999995,196.0,655.7,11498,2022
Amlodipine/Valsartan/Hcthiazid,Exforge Hct,629,212215.21999999997,235.0,693.0,20477,2022
Hydrocortisone/Pramoxine,Proctofoam-Hc,619,120660.52,231.0,633.1,11557,2022
Orphenadrine/Aspirin/Caffeine,Norgesic Forte,619,1898068.05,380.0,665.0,19617,2022
Incobotulinumtoxina,Xeomin,616,744640.7399999999,244.0,1682.6000000000001,50263,2022
Ivacaftor,Kalydeco,601,15679907.640000004,190.0,605.3,16970,2022
Milrinone Lactate/D5w,Milrinone In 5% Dextrose,596,58594.200000000004,95.0,596.0,2051,2022
Nimodipine,Nimodipine,593,305937.16000000003,192.0,726.7,20971,2022
Potassium Chloride/D5-0.45nacl,Dextrose 5%-1/2ns-Kcl,590,23110.92,95.0,590.0,4033,2022
Omeprazole/Amoxicill/Rifabutin,Talicia,585,429297.99999999994,553.0,585.4,8252,2022
Rimantadine Hcl,Rimantadine Hcl,584,95134.90999999999,211.0,898.2,24768,2022
Canakinumab/Pf,Ilaris,580,15922040.969999999,225.0,597.6999999999999,16565,2022
Doxercalciferol,Doxercalciferol,577,306715.69,174.0,906.0999999999999,25953,2022
Drospirenone,Slynd,576,138045.85000000003,220.0,661.5000000000001,18757,2022
Rituximab-Abbs,Truxima,574,4526257.51,169.0,686.2999999999998,17692,2022
Asciminib Hydrochloride,Scemblix,572,11804753.39,200.0,585.0,17193,2022
Vorapaxar Sulfate,Zontivity,570,302433.5800000001,179.0,738.5,21657,2022
Alglucosidase Alfa,Lumizyme,566,23710211.759999998,130.0,566.0,7776,2022
Toremifene Citrate,Toremifene Citrate,564,559313.68,190.0,593.0,16965,2022
Trastuzumab-Anns,Kanjinti,559,2640249.4000000004,115.0,559.0,11313,2022
Albendazole,Albendazole,557,3363728.93,232.0,570.0,10762,2022
Treprostinil Sodium,Remodulin,551,7278117.549999999,160.0,554.6,10726,2022
Sodium Phenylbutyrate,Sodium Phenylbutyrate,550,6327631.59,175.0,581.7,14997,2022
"Mite,d.Farinae-D.Pteronyssinus",Odactra,550,208840.91000000003,195.0,580.0,17380,2022
Efavirenz/Lamivu/Tenofov Disop,Efavirenz-Lamivu-Tenofov Disop,549,1038379.2900000002,190.0,851.0,25484,2022
Revefenacin,Yupelri,546,495231.24999999994,175.0,548.5,12677,2022
Oxybutynin,Oxytrol,544,405789.1700000001,200.0,551.0,14974,2022
Etonogestrel/Ethinyl Estradiol,Eluryng,543,70790.12999999998,215.0,586.1999999999999,16157,2022
"Meningococcal B Vaccine,4-Comp",Bexsero,534,119637.41000000002,393.0,544.0,1153,2022
Cefixime,Cefixime,532,122174.03,341.0,539.4,5595,2022
Osilodrostat Phosphate,Isturisa,532,8355446.539999998,170.0,549.7,15738,2022
Olsalazine Sodium,Dipentum,531,786222.7599999999,200.0,531.7,13876,2022
Alogliptin Benz/Pioglitazone,Alogliptin-Pioglitazone,530,135538.2,190.0,604.0,17761,2022
Tedizolid Phosphate,Sivextro,529,4460115.21,167.0,542.2,10458,2022
Glycerol Phenylbutyrate,Ravicti,529,46492609.74,140.0,537.4,15467,2022
Pemigatinib,Pemazyre,528,9531453.28,190.0,529.5,11319,2022
Auranofin,Ridaura,525,569300.1699999999,165.0,569.7,15646,2022
"Syringe,needle,insuln,sf 0.5ml",Safetyglide Insulin Syringe,525,19252.63,156.0,567.0999999999999,14760,2022
Pegvaliase-Pqpz,Palynziq,525,13119864.080000002,155.0,525.0,15328,2022
Immun Glob G/Gly/Gluc/Iga 0-50,Gammagard S-D,519,6015082.45,160.0,521.4,13590,2022
Nelfinavir Mesylate,Viracept,516,611419.8900000001,200.0,518.0,14811,2022
Crotamiton,Crotan,511,838133.7699999999,267.0,537.0999999999999,16087,2022
Clomiphene Citrate,Clomiphene Citrate,511,27118.68,165.0,776.9,22902,2022
Miglitol,Miglitol,505,139656.78999999998,151.0,757.5000000000001,22303,2022
Alendronate Sodium/Vitamin D3,Fosamax Plus D,486,93012.93999999999,190.0,498.8,13665,2022
Immun Glob G/Sorb/Gly/Iga 0-50,Gammaplex,481,4438569.550000001,140.0,481.0,12008,2022
Neratinib Maleate,Nerlynx,479,8174703.990000001,175.0,480.2,14061,2022
Vancomycin Hcl In 5 % Dextrose,Vancomycin Hcl,479,46291.49000000002,145.0,479.0,1316,2022
Ertugliflozin/Metformin,Segluromet,476,180765.66,156.0,580.7,16918,2022
"Fluconazole In Nacl,iso-Osm",Fluconazole-Nacl,470,29638.98,105.0,470.0,3365,2022
Trientine Hcl,Trientine Hcl,469,3706551.5500000003,180.0,471.4,13169,2022
Methylphenidate,Daytrana,461,263623.86,180.0,461.0,13830,2022
Amphetamine,Adzenys Xr-Odt,458,247515.69999999998,170.0,478.0,14284,2022
Ertugliflozin/Sitagliptin Phos,Steglujan,456,310433.25999999995,169.0,551.4,16454,2022
"Piperacillin-Tazo-Dextrose,iso",Zosyn,451,115443.13999999997,152.0,451.0,1409,2022
Tipranavir,Aptivus,446,884776.0199999999,170.0,448.0,13203,2022
Quinidine Sulfate,Quinidine Sulfate,445,83633.48,150.0,572.9,14779,2022
Duvelisib,Copiktra,442,8119747.8999999985,160.0,442.0,12352,2022
Gauze Bandage,Curity,439,2591.64,335.0,450.3,8175,2022
Daridorexant Hcl,Quviviq,438,212732.75999999998,158.0,453.0,13102,2022
Citric Acid/Sodium Citrate,Oracit,435,20494.059999999994,155.0,446.09999999999997,9393,2022
Idelalisib,Zydelig,434,5683221.68,160.0,457.1,13714,2022
Cladribine,Mavenclad,433,30475284.200000003,180.0,660.8000000000001,17103,2022
Magnesium Sulfate In Water,Magnesium Sulfate,432,17224.46,109.0,432.0,3136,2022
Oxymetazoline Hcl,Rhofade,430,257841.00999999998,175.0,439.0,12348,2022
Penicillamine,Penicillamine,423,3466549.9699999993,150.0,447.8,11573,2022
Rituximab-Pvvr,Ruxience,419,2588256.56,125.0,519.9000000000001,13013,2022
Pegfilgrastim-Jmdb,Fulphila,415,1674706.9999999998,125.0,415.0,7857,2022
Neomycin/Bacit/P-Myx/Hydrocort,Neomycin-Bacitracin-Poly-Hc,415,18720.559999999998,282.0,416.3,5215,2022
"Patisiran Sodium,lipid Complex",Onpattro,415,11757344.749999998,125.0,415.4,8736,2022
Gefitinib,Iressa,414,3241648.6100000003,140.0,414.0,12339,2022
Imiglucerase,Cerezyme,413,12525562.27,130.0,413.0,9259,2022
Amlodipine Benzoate,Katerzia,412,270582.6400000001,150.0,424.6,11295,2022
Ribociclib Succinate/Letrozole,Kisqali Femara Co-Pack,412,5735180.870000001,155.0,414.1,11618,2022
Cobimetinib Fumarate,Cotellic,408,2125993.5999999996,140.0,424.29999999999995,11484,2022
Prochlorperazine Edisylate,Prochlorperazine Edisylate,407,80265.97,70.0,407.0,3048,2022
Immun Glob G(Igg)-Hipp/Maltose,Cutaquig,403,2771984.38,110.0,403.9,10452,2022
Potassium Citrate/Citric Acid,Potassium Citrate-Citric Acid,402,23174.21,140.0,410.0,10106,2022
Calcium Gluconate,Calcium Gluconate,399,64861.26,75.0,399.0,2718,2022
Inclisiran Sodium,Leqvio,398,1382122.5599999998,218.0,1439.3,43057,2022
Metronidazole/Sodium Chloride,Metronidazole,396,8816.61,130.0,396.0,1735,2022
Belzutifan,Welireg,395,10269631.62,115.0,395.0,11850,2022
Midostaurin,Rydapt,392,7400925.39,135.0,392.2,10584,2022
"Gentamicin In Nacl, Iso-Osm",Gentamicin Sulfate In Ns,391,11065.850000000002,114.0,395.7,4581,2022
Trastuzumab-Qyyp,Trazimera,390,1559518.17,110.0,390.0,7940,2022
Eteplirsen,Exondys-51,383,24089447.28,65.0,383.0,8664,2022
Tbo-Filgrastim,Granix,376,797167.0699999998,112.0,377.1,7609,2022
Parenteral Amino Acid 10% No.6,Travasol,376,75359.79999999999,80.0,376.0,2346,2022
Penciclovir,Denavir,372,334817.50999999995,140.0,374.0,8265,2022
Dichlorphenamide,Keveyis,370,8869128.239999998,155.0,370.0,11100,2022
Anifrolumab-Fnia,Saphnelo,370,1756839.86,115.0,370.0,10366,2022
Linezolid In Dextrose 5%,Linezolid-D5w,369,169125.38999999998,115.0,369.0,1485,2022
Pamidronate Disodium,Pamidronate Disodium,364,20340.339999999997,93.0,512.4,14440,2022
Crizanlizumab-Tmca,Adakveo,363,4170038.34,90.0,363.4,10021,2022
"Pen Needle, Diabetic,disp Unit",Ultiguard Safepack-Pen Needle,363,15924.26,110.0,656.4,18701,2022
Ciprofloxacin In 5 % Dextrose,Ciprofloxacin-D5w,362,9300.619999999999,100.0,362.0,2147,2022
Cysteamine Bitartrate,Procysbi,358,19986378.930000003,110.0,358.0,10736,2022
Methamphetamine Hcl,Methamphetamine Hcl,357,589342.42,145.0,361.5,9819,2022
Aminocaproic Acid,Aminocaproic Acid,356,539763.5499999999,120.0,359.6,7081,2022
Fat Emul/Soy/Mct/Oliv/Fish Oil,Smoflipid,354,53446.32,60.0,354.0,2157,2022
Selumetinib/Vitamin E Tpgs,Koselugo,354,5077111.9,105.0,354.0,10596,2022
Gentamicin Sulfate/Pf,Gentamicin Sulfate,353,8101.45,55.0,353.0,1905,2022
Cetuximab,Erbitux,348,2521718.6300000004,75.0,348.0,6173,2022
Mavacamten,Camzyos,347,2681414.22,100.0,354.3,10549,2022
Parenteral Amino Acid 15% No.6,Plenamine,345,44797.689999999995,70.0,345.0,2349,2022
Ecallantide,Kalbitor,341,20470906.99,55.0,341.0,1337,2022
Ledipasvir/Sofosbuvir,Harvoni,337,10959390.32,122.0,337.0,9436,2022
Abacavir/Lamivudine/Zidovudine,Trizivir,337,555987.3,130.0,350.0,10157,2022
Netupitant/Palonosetron Hcl,Akynzeo,337,294117.23,70.0,337.0,6293,2022
Infliximab-Abda,Renflexis,335,1673881.14,120.0,430.3,12519,2022
Fenoprofen Calcium,Fenoprofen Calcium,333,92456.84000000001,123.0,380.0,11321,2022
"Syringe,needle,insuln,sf,0.3ml",Safetyglide Insulin Syringe,331,11592.12,118.0,379.70000000000005,9754,2022
Mitotane,Lysodren,331,757760.3099999999,135.0,341.1,9952,2022
Pacritinib Citrate,Vonjo,326,6585582.590000001,90.0,326.0,9765,2022
"Prenatal Vit27,calcium/Iron/Fa",Trinatal Rx 1,326,3159.11,110.0,378.29999999999995,10597,2022
Hydrocortisone Sod Succinate,Solu-Cortef,326,40790.719999999994,80.0,338.4,5110,2022
Brolucizumab-Dbll,Beovu,325,749148.6900000001,94.0,465.00000000000006,13719,2022
Avapritinib,Ayvakit,325,11445854.49,120.0,325.0,9676,2022
Immune Globul G (Igg)/Glycine,Gamastan,323,149638.59999999998,79.0,398.9,11099,2022
Cobicistat,Tybost,322,93358.01000000001,125.0,330.0,9324,2022
Rimabotulinumtoxinb,Myobloc,320,246199.15,117.0,880.5,26346,2022
"Interferon Gamma-1b,recomb.",Actimmune,319,19254142.509999994,85.0,319.0,8631,2022
Sargramostim,Leukine,318,1857688.2200000002,76.0,320.2,8107,2022
Bcg Live,Bcg (Tice Strain),314,198537.18000000002,164.0,349.6,8359,2022
Eptinezumab-Jjmr,Vyepti,310,1040565.2299999997,120.0,827.8,24640,2022
Alcaftadine,Lastacaft,310,88749.29000000001,84.0,338.5,10032,2022
Nilutamide,Nilandron,309,1414808.5099999998,95.0,311.0,8904,2022
Amphotericin B Liposome,Ambisome,308,741486.9300000002,85.0,308.0,3569,2022
Voclosporin,Lupkynis,307,3459098.35,130.0,307.0,9150,2022
Estradiol Cypionate,Depo-Estradiol,307,48079.51999999999,153.0,749.2,22153,2022
Sod Phenylbutyrat/Taurursodiol,Relyvrio,303,3161906.0499999993,136.0,303.0,8442,2022
Pyrazinamide,Pyrazinamide,302,71746.29000000001,85.0,308.6,7289,2022
Trimipramine Maleate,Trimipramine Maleate,302,67566.32,110.0,320.0,9285,2022
Cefepime Hcl In Dextrose 5 %,Cefepime-Dextrose,300,56275.93,106.0,300.0,1147,2022
Rolapitant Hcl,Varubi,298,313736.18000000005,105.0,301.29999999999995,6907,2022
Tirbanibulin,Klisyri,297,319826.08,152.0,297.0,7535,2022
Dextrose 10 % In Water,Dextrose In Water,294,17451.67,55.0,294.0,2175,2022
Haemoph B Poly Conj-Tet Tox/Pf,Hiberix,292,8241.439999999999,226.0,292.0,408,2022
Sodium Acetate,Sodium Acetate,292,17622.989999999998,60.0,292.0,1588,2022
Pegcetacoplan,Empaveli,290,10878451.540000001,95.0,290.0,8118,2022
Tezacaftor/Ivacaftor,Symdeko,289,7387248.229999998,115.0,294.2,8260,2022
Estradiol/Progesterone,Bijuva,284,75061.17,110.0,302.0,9060,2022
Quinidine Gluconate,Quinidine Gluconate,284,176249.78999999998,110.0,361.0,10782,2022
Ado-Trastuzumab Emtansine,Kadcyla,283,2565325.7800000003,85.0,283.0,5952,2022
Eravacycline Di-Hydrochloride,Xerava,283,200857.68000000002,82.0,283.0,1248,2022
Tretinoin Microspheres,Retin-A Micro,280,154333.86999999994,105.0,284.9,8296,2022
Chenodiol,Chenodal,280,13142511.610000001,105.0,280.0,8400,2022
Cefiderocol Sulfate Tosylate,Fetroja,275,399546.14999999997,50.0,275.0,376,2022
Ripretinib,Qinlock,271,10894963.480000002,90.0,271.0,8130,2022
Isatuximab-Irfc,Sarclisa,271,2551224.4899999998,32.0,271.0,7351,2022
"Cefazolin Sodium/Dextrose,iso",Cefazolin Sodium-Dextrose,263,21186.98,85.0,263.0,755,2022
"C1 Esterase Inhibitor, Recomb",Ruconest,262,22926799.870000005,70.0,262.0,3927,2022
Avacopan,Tavneos,261,3823389.8400000003,95.0,261.0,7804,2022
Larotrectinib Sulfate,Vitrakvi,255,8556654.469999999,100.0,257.0,7710,2022
Inotersen Sodium,Tegsedi,252,9747637.21,65.0,252.0,7056,2022
Fidaxomicin,Dificid,252,1249457.38,119.0,257.7,3729,2022
B Complex W-C No.20/Folic Acid,Virt-Caps,250,5632.53,90.0,388.4,11568,2022
Cisplatin,Cisplatin,249,14398.200000000003,81.0,249.0,5000,2022
Sodium Chloride,Sodium Chloride,248,11043.61,55.0,248.0,1668,2022
Difenoxin Hcl/Atropine Sulfate,Motofen,248,278961.57,85.0,256.3,6268,2022
Pegfilgrastim-Cbqv,Udenyca,246,1163395.1500000001,80.0,246.0,4909,2022
Ipilimumab,Yervoy,246,4874296.93,77.0,261.2,6238,2022
Fenfluramine Hcl,Fintepla,245,3484878.46,80.0,245.0,7350,2022
Methenam/Sod Phos/Mblue/Hyoscy,Me-Naphos-Mb-Hyo 1,245,56725.28,90.0,257.0,5330,2022
Phentermine Hcl,Phentermine Hcl,245,2793.9300000000003,85.0,265.5,7911,2022
Goserelin Acetate,Zoladex,243,255007.55000000002,85.0,318.0,9218,2022
Prenatal Vit103/Iron Fum/Folic,Tricare,239,9086.14,74.0,289.2,8675,2022
Glycopyrronium Tosylate,Qbrexza,239,162658.49,106.0,245.0,7283,2022
Mitomycin,Mitomycin,238,372483.48,79.0,241.4,5806,2022
"Chorionic Gonadotropin, Human",Pregnyl,236,91051.73999999999,90.0,263.0,6970,2022
Deferoxamine Mesylate,Deferoxamine Mesylate,234,76921.54999999999,50.0,234.0,1994,2022
Cimetidine Hcl,Cimetidine,224,20429.93,90.0,230.8,6175,2022
Miglustat,Zavesca,223,6888915.789999999,85.0,223.0,6602,2022
Elotuzumab,Empliciti,222,2274149.6,57.0,223.7,6020,2022
Acetohydroxamic Acid,Lithostat,220,210457.13999999998,72.0,275.3,8122,2022
Amphetamine Sulfate,Amphetamine Sulfate,220,55038.689999999995,85.0,221.5,6388,2022
"Dalteparin Sodium,porcine",Fragmin,218,688380.01,80.0,218.0,5914,2022
Capsaicin/Skin Cleanser,Qutenza,216,765623.55,138.0,561.8,16740,2022
Pralsetinib,Gavreto,212,3433872.84,85.0,212.8,6334,2022
Rifapentine,Priftin,210,18986.05,81.0,210.9,4380,2022
Pyrimethamine,Pyrimethamine,208,4358034.89,75.0,209.0,6120,2022
Ezetimibe/Rosuvastatin Calcium,Rosuvastatin-Ezetimibe,203,11604.0,87.0,287.0,8326,2022
Diclofenac Submicronized,Zorvolex,203,105149.32999999999,47.0,205.0,5256,2022
Rilonacept,Arcalyst,200,4240381.050000001,50.0,200.0,5537,2022
Polymyxin B Sulfate,Polymyxin B Sulfate,199,18762.909999999996,65.0,199.0,1432,2022
"Dipht,pert(A),tet-Polio/Hib/Pf",Pentacel,198,21784.86,131.0,198.0,228,2022
Podofilox,Podofilox,198,12197.67,95.0,198.7,4425,2022
Tazemetostat Hydrobromide,Tazverik,198,3604671.59,70.0,198.0,5940,2022
Tobramycin In 0.225% Sod Chlor,Tobramycin,196,360699.53,60.0,221.4,4072,2022
Tapinarof,Vtama,192,276658.69,92.0,198.0,5801,2022
Viloxazine Hcl,Qelbree,189,107824.20000000001,70.0,190.1,5430,2022
Potassium Chloride-0.45% Nacl,Potassium Chloride-0.45% Nacl,181,9881.32,35.0,181.0,1122,2022
Tramadol Hcl/Celecoxib,Seglentis,181,54475.3,102.0,181.0,3884,2022
Panitumumab,Vectibix,181,1317335.5300000003,40.0,181.0,3554,2022
Tildrakizumab-Asmn,Ilumya,177,2869952.11,61.0,414.7,12327,2022
Nitazoxanide,Nitazoxanide,176,686764.4899999999,80.0,178.2,3745,2022
Neomycin/Polymyxn B/Gramicidin,Neomycin-Polymyxin-Gramicidin,174,8100.79,135.0,209.4,4752,2022
Noreth-Ethinyl Estradiol/Iron,Layolis Fe,174,12045.28,70.0,177.60000000000002,4890,2022
Levetiracetam In Nacl (Iso-Os),Levetiracetam-Nacl,172,40287.439999999995,40.0,172.0,940,2022
Monomethyl Fumarate,Bafiertam,172,1196706.27,60.0,192.6,5778,2022
Amphotericin B Lipid Complex,Abelcet,171,165686.4,42.0,175.8,4200,2022
Multivit41/Iron/Folate8/Ps-Dha,Enbrace Hr,171,29154.899999999998,55.0,178.2,5230,2022
Fam-Trastuzumab Deruxtecn-Nxki,Enhertu,170,1528419.43,50.0,170.0,3698,2022
Miconazole Nitrate/Zinc Ox/Pet,Vusion,170,109842.51999999999,84.0,170.0,3996,2022
Vit B Comp No.3/Folic/C/Biotin,Rena-Vite Rx,169,3258.24,38.0,267.3,8020,2022
Tolcapone,Tolcapone,168,526354.74,50.0,180.0,4160,2022
Lofexidine Hcl,Lucemyra,168,614433.99,138.0,169.1,2302,2022
Velaglucerase Alfa,Vpriv,166,5449534.079999999,50.0,166.0,4433,2022
Ribavirin,Ribavirin,165,16728.2,68.0,166.0,3731,2022
"Sod Phosphate,monobasic-Dibas",Sodium Phosphate,162,39484.33,35.0,162.0,1046,2022
Doxorubicin Hcl,Doxorubicin Hcl,162,10135.83,55.0,163.6,3605,2022
Sodium Chloride For Inhalation,Sodium Chloride,162,4903.35,45.0,162.0,2003,2022
Ceritinib,Zykadia,161,1844532.72,65.0,161.8,4676,2022
Cysteamine Hcl,Cystadrops,161,1316071.12,55.0,161.0,4487,2022
Bedaquiline Fumarate,Sirturo,160,644132.9400000001,60.0,160.0,4480,2022
Ponesimod,Ponvory,158,1456837.0399999998,55.0,163.0,4826,2022
Treprostinil/Neb Accessories,Tyvaso Refill Kit,157,3195687.9699999997,60.0,157.0,4396,2022
Clindamycin Palmitate Hcl,Clindamycin (Pediatric),156,24997.36,40.0,156.0,1517,2022
Epoprostenol Sodium,Veletri,153,419991.1,35.0,153.0,2141,2022
Ramucirumab,Cyramza,153,1281787.5799999998,45.0,153.0,3416,2022
Cabazitaxel,Jevtana,152,2025942.3,50.0,152.0,3163,2022
Cemiplimab-Rwlc,Libtayo,152,1506123.27,50.0,152.0,3192,2022
Casimersen,Amondys-45,150,9166781.45,25.0,150.0,2002,2022
Sulfadiazine,Sulfadiazine,149,162894.45,55.0,150.3,3610,2022
Laronidase,Aldurazyme,148,6151606.73,30.0,148.0,2331,2022
Avalglucosidase Alfa-Ngpt,Nexviazyme,148,9726706.15,55.0,148.0,3836,2022
Adapalene/Benzoyl Peroxide,Adapalene-Benzoyl Peroxide,147,26479.059999999998,76.0,150.0,4400,2022
Dornase Alfa,Pulmozyme,146,863776.11,45.0,146.0,3837,2022
Methoxsalen,Methoxsalen,146,177283.03,45.0,149.3,2698,2022
Phenoxybenzamine Hcl,Phenoxybenzamine Hcl,146,1151253.85,55.0,148.0,4357,2022
Potassium Chloride/D5-0.9%nacl,Dextrose 5%-Ns-Kcl,142,7284.369999999999,25.0,142.0,1101,2022
Talazoparib Tosylate,Talzenna,142,2031769.63,60.0,142.0,4236,2022
Pasireotide Pamoate,Signifor Lar,140,2179057.83,50.0,145.8,4234,2022
Mesalamine W/Cleansing Wipes,Mesalamine,139,64955.94000000001,55.0,151.5,3761,2022
Enfuvirtide,Fuzeon,138,524997.51,55.0,138.0,4130,2022
Dextrose 5 %-0.2 % Sod Chlorid,Dextrose 5%-0.2% Nacl,138,2442.3599999999997,30.0,138.0,1180,2022
Omacetaxine Mepesuccinate,Synribo,137,700627.11,30.0,137.0,810,2022
Trastuzumab-Dkst,Ogivri,136,608592.99,40.0,136.0,2884,2022
Entrectinib,Rozlytrek,136,2003428.26,55.0,138.0,4140,2022
Trastuzumab-Dttb,Ontruzant,135,603467.7200000001,45.0,135.0,2835,2022
"Diph,pertuss(Acell),tet Ped/Pf",Infanrix Dtap,134,5582.239999999999,99.0,134.0,134,2022
Anidulafungin,Eraxis (Water Diluent),134,64504.91999999999,20.0,134.0,311,2022
"Grass Pollen-Timothy, Standard",Grastek,133,48738.869999999995,50.0,141.0,4143,2022
Minocycline Hcl Microspheres,Arestin,133,1206925.63,113.0,133.0,3990,2022
Levoleucovorin Calcium,Levoleucovorin Calcium,133,92798.17000000001,25.0,133.0,2303,2022
Clocortolone Pivalate,Clocortolone Pivalate,131,44398.4,82.0,141.2,4091,2022
Esomeprazole Sodium,Esomeprazole Sodium,131,52353.240000000005,20.0,131.0,1196,2022
Tepotinib Hcl,Tepmetko,130,2783027.4499999997,50.0,130.0,3900,2022
Obinutuzumab,Gazyva,129,1277735.6199999996,45.0,136.8,3688,2022
Pnv No.118/Iron Fumarate/Fa,Se-Natal 19,128,2893.73,50.0,142.0,3764,2022
Dextrose 70 % In Water,Dextrose In Water,125,2014.67,30.0,125.0,777,2022
Japanese Encephalitis Vacc/Pf,Ixiaro,125,43052.11,78.0,125.0,125,2022
Balanced Salt Irrig Soln No.2,Bss,124,2214.54,40.0,124.0,2601,2022
Stiripentol,Diacomit,123,439745.8,35.0,139.7,3658,2022
Dobutamine Hcl In Dextrose 5 %,Dobutamine Hcl-D5w,123,15012.64,25.0,123.0,735,2022
Chlorothiazide,Diuril,122,5845.740000000001,50.0,181.4,5284,2022
Sertaconazole Nitrate,Ertaczo,119,132401.23,56.0,129.3,3580,2022
Givosiran Sodium,Givlaari,116,5162526.32,45.0,116.0,3424,2022
Phenylephrine Hcl/Prometh Hcl,Promethazine Vc,116,5621.96,76.0,116.0,1090,2022
Bendamustine Hcl,Treanda,116,1006823.9099999999,40.0,116.0,2689,2022
Metyrosine,Metyrosine,115,3657639.8500000006,45.0,115.0,3036,2022
Ciprofloxacin/Hydrocortisone,Cipro Hc,113,38951.479999999996,50.0,115.89999999999999,2545,2022
Neomycin Sulfate/Fluocinolone,Neo-Synalar,110,95161.25,75.0,110.0,3263,2022
Elosulfase Alfa,Vimizim,110,11202206.06,40.0,110.0,3120,2022
Amphotericin B,Amphotericin B,110,3297.1699999999996,30.0,110.0,983,2022
Drospirenone/Estradiol,Angeliq,110,27980.980000000003,45.0,137.8,3948,2022
Vorinostat,Zolinza,109,1301736.5,45.0,109.0,3138,2022
Fat Emulsions,Intralipid,108,19181.64,40.0,108.0,535,2022
Isocarboxazid,Marplan,108,72548.38,35.0,119.5,2960,2022
Capecitabine,Capecitabine,106,16629.95,40.0,106.0,2604,2022
Halobetasol Propion/Tazarotene,Duobrii,105,103886.34,44.0,108.0,3189,2022
Bismuth/Metronid/Tetracycline,Pylera,104,100885.3,96.0,104.0,1190,2022
Mesna,Mesnex,103,98453.59,35.0,104.8,1991,2022
Ravulizumab-Cwvz,Ultomiris,101,6510097.24,35.0,136.6,3338,2022
Etoposide,Etoposide,101,4721.66,35.0,101.0,2110,2022
Molindone Hcl,Molindone Hcl,100,95806.15,20.0,100.9,2764,2022
Meropenem/Vaborbactam,Vabomere,100,174149.38,35.0,100.0,168,2022
Elagolix/Estradiol/Norethindrn,Oriahnn,99,102766.87000000001,40.0,99.0,2772,2022
Decitabine,Decitabine,98,247518.80000000002,35.0,98.0,2253,2022
"Interferon Alfa-2b,recomb.",Intron A,98,29686.02,35.0,98.0,1514,2022
Prenatal 147/Iron/Folic Acid,Azesco,97,450607.86,30.0,165.0,4872,2022
Lomitapide Mesylate,Juxtapid,97,5852883.26,40.0,97.0,2888,2022
Natamycin,Natacyn,96,49086.38,35.0,117.10000000000001,2666,2022
Glycopyrrol/Nebulizer/Accessor,Lonhala Magnair Starter,94,125853.97,35.0,94.0,2820,2022
"Prenatal Vit,calc76/Iron/Folic",Pnv 29-1,94,1405.65,20.0,94.0,2442,2022
Artemether/Lumefantrine,Coartem,94,28633.239999999998,30.0,98.39999999999999,2068,2022
Amino Ac 8 %/D14w/Electrolytes,Clinimix E,91,51988.24,10.0,91.0,577,2022
Dimethyl Sulfoxide,Rimso-50,91,101564.23,35.0,91.8,1987,2022
Haemph B Polysac Conj-Menin/Pf,Pedvaxhib,91,4344.110000000001,51.0,91.0,91,2022
Echothiophate Iodide,Phospholine Iodide,91,150821.76,30.0,95.2,2613,2022
Thiamine Hcl,Vitamin B-1,91,544.0,20.0,91.0,2647,2022
Reslizumab,Cinqair,91,383189.28,35.0,91.0,2548,2022
Erdafitinib,Balversa,90,1565087.8699999999,25.0,90.0,2381,2022
Luliconazole,Luliconazole,89,16861.61,37.0,93.7,2720,2022
Pnv 119/Iron Fum/Folic Acid,Se-Natal-19,89,2214.2200000000003,35.0,111.0,2940,2022
Imipenem/Cilastatin/Relebactam,Recarbrio,89,434436.41,25.0,89.0,444,2022
Bupivacaine Hcl/Pf,Bupivacaine Hcl,89,2134.23,42.0,89.0,922,2022
Spinosad,Spinosad,89,27482.25,54.0,89.0,1556,2022
Aminolevulinic Acid Hcl,Levulan,88,45398.25,62.0,88.9,2254,2022
"Betamethasone Acetate,sod Phos",Betamethasone Sod Phos-Acetate,85,3607.9799999999996,66.0,89.0,1493,2022
Desloratadine/Pseudoephedrine,Clarinex-D 12 Hour,85,22500.2,35.0,93.0,2667,2022
Praziquantel,Praziquantel,85,122334.74000000002,30.0,86.8,1040,2022
"Heparin Sodium,porcine/Pf",Heparin Sodium,83,1825.26,15.0,83.0,430,2022
Clindamycin Phosphate/D5w,Clindamycin Phosphate-D5w,82,7668.740000000001,25.0,82.0,241,2022
Oritavancin Diphosphate,Orbactiv,81,232586.75,25.0,81.0,343,2022
"Aripiprazole Lauroxil,submicr.",Aristada Initio,81,188451.22,74.0,81.0,813,2022
Metreleptin,Myalept,79,12481199.47,30.0,80.4,2413,2022
Sofosbuvir/Velpatas/Voxilaprev,Vosevi,78,2057406.92,25.0,78.0,2184,2022
Ganciclovir Sodium,Ganciclovir Sodium,77,74301.18,20.0,77.0,665,2022
Avelumab,Bavencio,76,1020400.29,25.0,76.0,1946,2022
Mobocertinib Succinate,Exkivity,76,1591813.08,30.0,76.9,2289,2022
Zoledronic Ac/Mannitol/0.9nacl,Zoledronic Acid,76,11576.86,30.0,105.0,3032,2022
Zanamivir,Relenza,75,5426.48,25.0,77.0,1113,2022
Fosphenytoin Sodium,Cerebyx,74,65985.0,10.0,74.0,647,2022
"Rituximab/Hyaluronidase,human",Rituxan Hycela,73,508419.64999999997,20.0,116.9,3381,2022
Pertuzumab-Trastuzumab-Hy-Zzxf,Phesgo,67,611634.55,25.0,67.0,1463,2022
Dobutamine Hcl,Dobutamine Hcl,67,6536.1,15.0,67.0,474,2022
Bacitracin,Bacitracin,66,6838.92,26.0,66.3,1610,2022
Elapegademase-Lvlr,Revcovi,66,22066176.25,25.0,66.0,1848,2022
Nitisinone,Orfadin,66,969075.2,20.0,66.0,1980,2022
Taliglucerase Alfa,Elelyso,65,2998748.18,25.0,65.0,1820,2022
Hydrocortisone Butyrate/Emoll,Hydrocortisone Butyrate,65,90051.76,39.0,95.0,2834,2022
"Iron,fm,ps/Folic/B,c18/L.Casei",Fusion Plus,65,2693.79,25.0,93.0,2765,2022
Orlistat,Xenical,65,47006.50000000001,20.0,65.2,1891,2022
Vincristine Sulfate,Vincristine Sulfate,63,544.15,25.0,63.0,1323,2022
Potassium Chloride In Lr-D5,Potassium Chloride In D5lr,61,7620.67,15.0,61.0,541,2022
Plerixafor,Mozobil,61,1577537.7200000002,53.0,61.0,162,2022
Benzoyl Peroxide,Epsolay,59,31148.67,22.0,62.0,1860,2022
Dacomitinib,Vizimpro,59,942976.11,10.0,59.0,1770,2022
Cabotegravir,Apretude,58,232338.78999999998,20.0,78.30000000000001,2334,2022
Mefenamic Acid,Mefenamic Acid,58,7298.0599999999995,20.0,58.0,910,2022
Galsulfase,Naglazyme,58,5468736.86,20.0,58.0,1624,2022
Tropicamide,Tropicamide,57,872.54,47.0,72.4,1918,2022
Maribavir,Livtencity,57,1486810.65,20.0,58.8,1652,2022
Relugolix/Estradiol/Norethindr,Myfembree,56,62237.46,20.0,56.0,1578,2022
Pegfilgrastim-Apgf,Nyvepria,54,220654.40000000002,20.0,54.0,982,2022
Estramustine Phosphate Sodium,Emcyt,54,56185.47,15.0,60.0,1778,2022
Temozolomide,Temozolomide,53,24676.21,15.0,53.0,932,2022
Infliximab-Axxq,Avsola,51,147457.31,20.0,58.400000000000006,1678,2022
Magnesium Chloride,Magnesium Chloride,51,6594.33,10.0,51.0,221,2022
Dextromethorphan Hbr/Bupropion,Auvelity,51,49300.84,27.0,52.1,1511,2022
Idursulfase,Elaprase,50,3487760.63,20.0,50.0,1365,2022
Aa 5 %/Calcium/Lytes/Dext 20 %,Clinimix E,50,15566.34,15.0,50.0,193,2022
Eribulin Mesylate,Halaven,49,357949.38,15.0,49.0,1029,2022
Ceftazidime In Dextrose5%water,Ceftazidime,48,10968.79,5.0,48.0,154,2022
Triheptanoin,Dojolvi,48,976175.3400000001,15.0,48.0,1410,2022
Thioguanine,Tabloid,47,181222.43,10.0,62.2,1481,2022
Lamivudine/Tenofovir Disop Fum,Cimduo,47,65635.87,15.0,62.0,1860,2022
Sarecycline Hcl,Seysara,47,47301.4,20.0,47.0,1410,2022
Temsirolimus,Temsirolimus,47,130531.14,5.0,47.0,1316,2022
Ketorolac Tromethamine/Pf,Acuvail,46,24819.16,16.0,54.0,1515,2022
Mvn-Min75/Iron/Iron Ps/Om3/Dha,Virt-C Dha,46,1982.0900000000001,20.0,64.0,1853,2022
Malathion,Malathion,46,9360.23,20.0,46.0,777,2022
Phenytoin Sodium,Phenytoin Sodium,46,4981.8099999999995,10.0,46.0,776,2022
Methylergonovine Maleate,Methylergonovine Maleate,44,56739.68,15.0,44.0,815,2022
Progesterone,Progesterone,44,2308.33,18.0,47.5,1066,2022
Clascoterone,Winlevi,44,25754.36,16.0,44.0,1320,2022
"Insulin Pen,reusable,bt Lispro",Inpen (For Humalog),43,49269.85,43.0,76.0,2256,2022
Remdesivir,Veklury,43,71694.17,34.0,43.0,100,2022
Morphine Sulfate/Pf,Mitigo,43,10194.04,19.0,43.0,368,2022
"N.Meningitidis B,lipid Fhbp Rc",Trumenba,43,8552.73,31.0,43.0,45,2022
Sulfacetamide Sodium/Sulfur,Sodium Sulfacetamide-Sulfur,41,12269.55,15.0,43.0,1290,2022
Doxorubicin Hcl Peg-Liposomal,Doxorubicin Hcl Liposome,40,78269.56,15.0,40.0,1099,2022
Miconazole Nitrate,Miconazole 3,40,1295.3899999999999,10.0,40.0,123,2022
Gr Pol-Orc/Sw Ver/Rye/Kent/Tim,Oralair,39,31365.049999999996,15.0,71.0,2130,2022
Prenatal Vit 87/Iron/Folic/Dha,Prenate Mini,38,8090.02,10.0,38.0,724,2022
Levonorgest/Eth.Estradiol/Iron,Balcoltra,38,9974.869999999999,15.0,38.0,980,2022
Serdexmethylphen/Dexmethylphen,Azstarys,37,12173.12,15.0,37.0,895,2022
Bupivacaine Hcl,Bupivacaine Hcl,37,393.22,15.0,39.5,753,2022
Carglumic Acid,Carbaglu,37,3935725.0100000002,15.0,37.0,1110,2022
Alitretinoin,Panretin,37,355257.67000000004,15.0,41.0,1200,2022
Sodium Chloride 3 %,Sodium Chloride,37,1161.11,10.0,37.0,560,2022
Hydrocortisone Acetate,Cortifoam,36,48609.15,15.0,44.0,1193,2022
Evinacumab-Dgnb,Evkeeza,36,1024806.98,10.0,36.0,1008,2022
Cholic Acid,Cholbam,36,3232430.9,15.0,36.0,1080,2022
Delafloxacin Meglumine,Baxdela,35,74097.76000000001,21.0,35.0,440,2022
Pen G Benz/Pen G Procaine,Bicillin C-R,34,5752.65,10.0,36.0,976,2022
Primaquine Phosphate,Primaquine,34,592.96,5.0,34.0,238,2022
Telavancin Hcl,Vibativ,32,138812.38,10.0,32.0,199,2022
Amino Acid 8 % In D14w,Clinimix,32,19080.28,10.0,32.0,123,2022
"Syringe,insulin,needless 1 Ml",Insulin Syringe,32,203.92,10.0,32.0,938,2022
Doxycycline Calcium,Vibramycin,32,1473.98,10.0,40.1,759,2022
"Potassium Phos,m-Basic-D-Basic",Potassium Phosphate,32,2058.23,10.0,32.0,500,2022
Trastuzumab-Hyaluronidase-Oysk,Herceptin Hylecta,32,158664.88,10.0,32.0,672,2022
Mafenide Acetate,Sulfamylon,31,6123.62,10.0,31.3,722,2022
Lidocaine/Tetracaine,Pliaglis,30,23446.850000000002,10.0,30.0,480,2022
Nivolumab-Relatlimab-Rmbw,Opdualag,30,889425.8,10.0,30.0,840,2022
Erythromycin Lactobionate,Erythrocin Lactobionate,29,7610.44,5.0,29.0,181,2022
Cytomegalovirus Immune Globuln,Cytogam,29,176585.98,5.0,29.0,816,2022
Dextrose 50 % In Water,Dextrose In Water,29,117.29,5.0,29.0,223,2022
"Insulin Pen,reusable,bt,aspart",Inpen (For Novolog Or Fiasp),29,26466.03,23.0,52.0,1391,2022
Magnesium Sulfate/D5w,Magnesium Sulfate-D5w,28,736.6899999999999,10.0,28.0,286,2022
Pentamidine Isethionate,Pentamidine Isethionate,28,3634.13,10.0,28.0,683,2022
Dexchlorpheniramine Maleate,Ryclora,27,11121.53,10.0,33.7,869,2022
Loncastuximab Tesirine-Lpyl,Zynlonta,27,725964.38,10.0,27.0,567,2022
Sacituzumab Govitecan-Hziy,Trodelvy,27,584109.84,10.0,27.0,532,2022
Hep B Vaccine/Dp(A)t-Polio/Pf,Pediarix,27,2768.5,10.0,27.0,27,2022
Estradiol Valerate/Dienogest,Natazia,26,6520.41,10.0,26.0,714,2022
Urea,Urea,26,2935.45,10.0,26.0,441,2022
Ciprofloxacin,Cipro,26,9134.71,10.0,27.2,428,2022
Vandetanib,Caprelsa,26,381884.03,10.0,26.0,778,2022
"Sod,pot Chlor/Mag/Sod,pot Phos",Tis-U-Sol Pentalyte,26,183.95,5.0,26.0,220,2022
Abrocitinib,Cibinqo,25,131469.94,10.0,25.0,750,2022
Cycloserine,Cycloserine,25,91400.98,10.0,25.0,627,2022
Estradiol/Norgestimate,Prefest,25,4699.469999999999,10.0,25.0,750,2022
Mogamulizumab-Kpkc,Poteligeo,25,742944.65,10.0,25.0,504,2022
Lumacaftor/Ivacaftor,Orkambi,25,592816.6900000001,10.0,25.0,700,2022
Mitoxantrone Hcl,Mitoxantrone Hcl,25,8157.68,5.0,25.0,525,2022
Pasireotide Diaspartate,Signifor,24,394207.76,10.0,24.0,720,2022
Trimethobenzamide Hcl,Tigan,24,15298.86,5.0,24.0,277,2022
Pexidartinib Hydrochloride,Turalio,24,465333.11,10.0,24.0,720,2022
"Diabetic Supplies,miscell",Cequr Simplicity Inserter,24,394.55,24.0,118.0,3580,2022
Secnidazole,Solosec,24,7019.16,10.0,24.0,24,2022
Non-Adherent Bandage,Excilon,24,235.8,10.0,24.0,690,2022
Drospir/Eth Estra/Levomefol Ca,Drospirenone-Eth Estra-Levomef,24,4268.4800000000005,10.0,24.0,694,2022
Multivit 47/Iron/Folate 1/Dha,Pnv-Dha,23,1303.96,10.0,23.0,690,2022
Mannitol,Bronchitol,23,85613.42,5.0,23.0,644,2022
Dasiglucagon Hcl,Zegalogue Autoinjector,23,14576.7,10.0,25.0,440,2022
Meclofenamate Sodium,Meclofenamate Sodium,23,10199.22,10.0,23.0,690,2022
Prenatal Vit 85/Iron/Fa 1/Dha,Prenate Pixie,23,4093.56,5.0,23.0,364,2022
Calcium Chloride,Calcium Chloride,22,2497.13,5.0,22.0,158,2022
Acyclovir Sodium,Acyclovir Sodium,22,3449.17,10.0,22.0,56,2022
Sinecatechins,Veregen,22,32840.17,5.0,22.0,110,2022
Fatty Acid6/Fish Oil/Gly/P-Lip,Omegaven,21,83795.97,5.0,21.0,141,2022
Tafenoquine Succinate,Krintafel,21,3152.36,5.0,24.6,702,2022
Lansoprazole/Amoxiciln/Clarith,Lansoprazol-Amoxicil-Clarithro,20,13074.83,20.0,20.0,280,2022
Electrolyte-A Solution,Plasma-Lyte A Ph 7.4,20,1777.9,5.0,20.0,240,2022
Folic Acid/B Cplx/C/Selen/Zinc,Dialyvite 3000,20,185.59,5.0,20.0,600,2022
Tetracaine Hcl/Pf,Tetracaine Hcl,20,205.62,11.0,20.0,290,2022
Dextrose 10 % And 0.45 % Nacl,Dextrose 10%-0.45% Nacl,19,967.67,5.0,19.0,133,2022
Trifarotene,Aklief,19,12935.53,5.0,19.0,570,2022
Acetaminophen,Acetaminophen,19,8810.05,5.0,19.0,133,2022
Povidone-Iodine,Betadine,18,290.24,11.0,18.0,279,2022
Blinatumomab,Blincyto,18,360241.91,5.0,18.0,100,2022
Imm Glob G (Igg)/Sorb/Iga 0-50,Flebogamma Dif,17,249087.87,5.0,17.0,357,2022
Lurbinectedin,Zepzelca,17,260459.93,5.0,17.0,357,2022
Dostarlimab-Gxly,Jemperli,16,185846.6,5.0,16.0,336,2022
Prenatal Vit No.170/Iron/Folic,Dermacinrx Prenatryl,16,31668.35,15.0,16.0,480,2022
Irinotecan Liposomal,Onivyde,16,122752.16,5.0,16.0,212,2022
Proparacaine Hcl,Proparacaine Hcl,16,494.03,16.0,66.3,1990,2022
Neomyc/Colist/Hydrocort/Thonzn,Cortisporin-Tc,15,3971.94,11.0,17.2,330,2022
Ethacrynate Sodium,Ethacrynate Sodium,15,200628.18,5.0,15.0,364,2022
Prednicarbate,Prednicarbate,15,339.01,5.0,15.0,161,2022
Ciprofloxacin Hcl/Fluocinolone,Otovel,15,3931.05,5.0,15.0,75,2022
"Estrogens,conj/Bazedoxifene",Duavee,14,2610.3,5.0,14.0,420,2022
Mecamylamine Hcl,Vecamyl,14,102611.52,5.0,14.0,410,2022
Mebendazole,Emverm,14,47218.51,12.0,14.0,67,2022
Levoketoconazole,Recorlev,13,226299.51,5.0,13.0,390,2022
Brentuximab Vedotin,Adcetris,13,387036.0,5.0,13.0,273,2022
"Immune Globulin,gamma(Igg)slra",Asceniv,13,1062544.95,5.0,13.0,364,2022
Odevixibat,Bylvay,13,1258157.84,5.0,13.0,390,2022
Ergotamine Tartrate,Ergomar,13,9148.66,5.0,14.0,319,2022
Naltrexone Hcl/Bupropion Hcl,Contrave,13,12198.8,5.0,21.0,628,2022
Pnv No.163/Iron/Folate No.10,Pnv Tabs 20-1,13,16446.74,5.0,15.0,450,2022
Topotecan Hcl,Topotecan Hcl,12,8594.87,5.0,12.0,140,2022
Belantamab Mafodotin-Blmf,Blenrep,12,347406.59,5.0,12.0,252,2022
Caplacizumab-Yhdp,Cablivi,12,2646571.22,5.0,12.0,350,2022
Aa 4.25%/Calcium/Lytes/Dex 10%,Clinimix E,12,3636.26,5.0,12.0,42,2022
Opium/Belladonna Alkaloids,Belladonna-Opium,12,7217.76,5.0,12.0,144,2022
"Rabies Vacc, Human Diploid/Pf",Imovax Rabies Vaccine,12,3936.0,5.0,12.0,12,2022
L-Norgest/E.Estradiol-E.Estrad,Daysee,12,88.0,5.0,12.0,360,2022
Drospirenone/Estetrol,Nextstellis,12,2420.52,5.0,12.0,336,2022
Cytarabine/Pf,Cytarabine,12,417.88,5.0,12.0,203,2022
Methotrexate,Xatmep,12,7599.53,5.0,15.6,448,2022
Epoprostenol Sodium (Glycine),Flolan,12,60500.5,5.0,12.0,360,2022
Rituximab-Arrx,Riabni,12,38287.92,5.0,22.4,672,2022
Lixisenatide,Adlyxin,12,8715.96,5.0,12.0,360,2022
Amcinonide,Amcinonide,12,3791.22,5.0,12.0,360,2022
Gemcitabine Hcl In 0.9 % Nacl,Infugem,12,16209.18,5.0,12.0,266,2022
Golodirsen,Vyondys-53,12,1286129.28,5.0,12.0,336,2022
Insulin Regular In 0.9 % Nacl,Myxredlin,12,1502.16,5.0,12.0,12,2022
Levomefolate Calcium,L-Methylfolate Calcium,12,841.01,5.0,12.2,365,2022
Zinc/Copper/Manganese/Selenium,Tralement,12,7902.21,5.0,12.0,80,2022
Mv-Mins 71/Iron/Folic No.1/Dha,Pnv-Omega,12,546.41,5.0,12.0,360,2022
Prenatal 48/Iron/Folic Acid/B6,Citranatal B-Calm,12,1414.08,5.0,12.0,360,2022
Brompheniramine/Pseudoephed/Dm,Brompheniramine-Pseudoephed-Dm,11,268.84,11.0,11.0,51,2022
Prenatal 118/Iron/Folate 6/Dha,Primacare,11,3787.28,5.0,11.0,330,2022
Infigratinib Phosphate,Truseltiq,11,248904.97,5.0,11.0,308,2022
Tetracaine Hcl,Tetracaine Hcl,11,27.75,5.0,11.0,330,2022
Methyltestosterone,Methyltestosterone,11,51054.34,5.0,12.7,380,2022
Palivizumab,Synagis,11,68563.97,5.0,11.0,308,2022
Hydrocodone Bit/Homatrop Me-Br,Hycodan,11,132.03,5.0,11.0,52,2022
Hydroxypropyl Cellulose,Lacrisert,11,8095.71,5.0,13.0,390,2022
Enfortumab Vedotin-Ejfv,Padcev,11,455534.13,5.0,11.0,308,2022
Vinorelbine Tartrate,Vinorelbine Tartrate,11,2681.08,5.0,11.0,280,2022
Albumin Human,Flexbumin,11,21332.52,5.0,11.0,155,2022
Potassium Iodide,Sski,11,4233.24,5.0,11.0,311,2022
Mecobal/Levomefolat Ca/B6 Phos,L-Methyl-B6-B12,11,111.65,5.0,11.0,77,2022
Weed Pollen-Short Ragweed,Ragwitek,11,3706.67,5.0,11.0,330,2022
Linezolid In 0.9% Sodium Chlor,Linezolid-0.9% Nacl,11,4172.09,5.0,11.0,31,2022
Butenafine Hcl,Mentax,11,2212.69,5.0,11.0,330,2022
Mitapivat Sulfate,Pyrukynd,11,294149.68,5.0,11.0,308,2022
Prenatal Vit 10/Iron/Folic/Dha,Vitafol-Ob+dha,11,1571.45,5.0,11.0,330,2022
Romidepsin,Istodax,11,321275.18,5.0,11.0,287,2022
Cidofovir,Cidofovir,11,7463.39,5.0,11.0,320,2022
"Prenatal Vit,calc78/Iron/Folic",Pretab,11,153.2,5.0,11.0,330,2022
Meth/Meblue/Sod Phos/Psal/Hyos,Uro-Mp,11,611.38,5.0,11.0,308,2022
Saquinavir Mesylate,Invirase,11,3071.3,5.0,11.0,143,2022
Doxylamine Succinate/Vit B6,Doxylamine Succ-Pyridoxine Hcl,11,1958.19,5.0,11.0,220,2022
Pediatric Multivitamin No.17,Children's Multivitamin,11,76.42,5.0,15.7,431,2022
Lodoxamide Tromethamine,Alomide,11,2027.71,5.0,11.0,198,2022
Pnv Cmb 52/Iron/Fa/Omega-3/Dha,Complete Natal Dha,11,392.04,5.0,11.0,330,2022
Metyrapone,Metopirone,11,173897.41,5.0,11.0,331,2022
Sod/Pot/K Cit/Sod Cit/Cit Acid,Tricitrates,11,3977.49,5.0,11.3,338,2022
